item_sku,rec_sku
TMMS7,TMMS5
TMMS7,TMMS6
TMMS7,TMMS5.5
TMMS7,TMMS11
TMMS7,TMMS14
TMMS7,TMMS15
TMMS7,TMMS12
TMMS7,TMMS8
TMMS7,TMMS4.5
TMMS7,110TMSY
FTX40E,TTX8E
FTX40E,FTX50E
FTX40E,TTX10E
FTX40E,TTX15E
FTX40E,TTX25E
FTX40E,TTX20E
FTX40E,FTX60E
FTX40E,AW1020DK
FTX40E,AWM140DK
FTX40E,FAM8E
HBBD16,222SFFSFR
HBBD16,224SFFSMFR
HBBD16,TFM7530B
HBBD16,HBBD8
HBBD16,HBPT24
HBBD16,AD10C
HBBD16,PTIM5
HBBD16,VO806B
HBBD16,HBFE16
HBBD16,SOEXM8
STMM5.5,STMM6
STMM5.5,STMM11
STMM5.5,STMM12
STMM5.5,STMM5
STMM5.5,STMM13
STMM5.5,STMM7
STMM5.5,STMM8
STMM5.5,STMM15
STMM5.5,TMM4
STMM5.5,TMM11
AWTEFTP11K,SPBS704AR
AWTEFTP11K,BLPTHC87
AWTEFTP11K,TMXK2
AWTEFTP11K,T72
AWTEFTP11K,SIMM170
AWTEFTP11K,F80
AWTEFTP11K,SHD1R
AWTEFTP11K,TMXK4
AWTEFTP11K,SGDX80BR
AWTEFTP11K,SGD6BR
TPMB25,FB303B
TPMB25,ACT83A
TPMB25,ACT73A
TPMB25,ECFB200BL
TPMB25,RULER601
TPMB25,AT4101
TPMB25,ECHDD012AR
TPMB25,EEPV509
TPMB25,EEBC30A12V
TPMB25,YAKS42
TMR4R,208CCP
TMR4R,BTC3A
TMR4R,PK53A
TMR4R,TMS4E
TMR4R,HCP48BCF
TMR4R,F4LBK
TMR4R,TK72
TMR4R,FADH12C
TMR4R,TL72
TMR4R,TTX20E
TMXM114,TMC109A
TMXM114,TMBS8A
TMXM114,PBMS5R
TMXM114,IPLM24C
TMXM114,SDDDM1AR
TMXM114,TMUS141A
TMXM114,LN47ACF
TMXM114,808CF
TMXM114,CSA8CR
TMXM114,TMU8B
IPDLM17A,IPSM21
IPDLM17A,IPSM18
IPDLM17A,IPSM15
IPDLM17A,IPL24C
IPDLM17A,IPL30C
IPDLM17A,IPLM14C
IPDLM17A,TMUSM11A
IPDLM17A,IPLM21C
IPDLM17A,FHBF80A
IPDLM17A,312IMMS
R404,AWMG9-7
R404,SEPPT850KA
R404,2005BSKA
R404,AWEFBH11K
R404,B260A
R404,AF102
R404,BT518
R404,TBS200A
R404,TMC109A
R404,AD8C
SR80A,BOERM22
SR80A,TMM16
SR80A,BOERM21
SR80A,131TMPB
SR80A,FR80
SR80A,PPCL60BK
SR80A,TRF72
SR80A,TR72
SR80A,SFSM21
SR80A,310TWMYA
SFSM11,SFSM16
SFSM11,SFSM18
SFSM11,SFSM19
SFSM11,SFSM17
SFSM11,SFSM15
SFSM11,SFSM14
SFSM11,SFSM12
SFSM11,SFSM13
SFSM11,SFSM8
SFSM11,SFSM10
SGA173BR,SGA1711BR
SGA173BR,SGA1712BR
SGA173BR,SGA174BR
SGA173BR,317AMMPC
SGA173BR,206EAU
SGA173BR,117TMM
SGA173BR,SOEX707
SGA173BR,UIM225
SGA173BR,S9704KA
SGA173BR,207EFAMY
313TWYA,BHS7A
313TWYA,TWM31
313TWYA,TWM29
313TWYA,313TSYA
313TWYA,313TSMYA
313TWYA,313TWMYA
313TWYA,TWM26
313TWYA,TW381
313TWYA,TWM28
313TWYA,TW481
FHR80G,THR72
FHR80G,SH80A
FHR80G,THRLX72
FHR80G,THLL72
FHR80G,SHL80A
FHR80G,120STTM
FHR80G,SHLL80A
FHR80G,211FSSY
FHR80G,FSS161
FHR80G,THNF72
F80,206EAU
F80,FA12LE
F80,PRH57A
F80,F10LD
F80,FXWP3
F80,117TMM
F80,LP10WR
F80,107ATMPB
F80,2004BSKA
F80,AC5C
SIMM170,SIMM150A
SIMM170,SIMM100A
SIMM170,SIMM120A
SIMM170,SIMM180
SIMM170,SIMM230
SIMM170,SIMM240
SIMM170,SIMM190
SIMM170,SIM160A
SIMM170,SIM240
SIMM170,SIM280
SHD4O,SHDP31IRR
SHD4O,SHDP42IRR
SHD4O,SHDP63IRR
SHD4O,BF620C
SHD4O,SHD1R
SHD4O,TWM25
SHD4O,8HR
SHD4O,GA98A
SHD4O,S6106KA
SHD4O,313SYA
SGD6BG,SGD2BR
SGD6BG,SGDP31IRBR
SGD6BG,SGDP63IRBR
SGD6BG,SGD4BR
SGD6BG,SHD1R
SGD6BG,OFW3
SGD6BG,TMM4
SGD6BG,AWS13
SGD6BG,SN25A
SGD6BG,PT28E
FM10,FM11
FM10,FM16
FM10,FM18
FM10,FM15
FM10,FM17
FM10,FM13
FM10,340SSDP
FM10,218AFSP
FM10,AWMEF8K
FM10,212SFMY
AWBMXL9,AWBXL13
AWBMXL9,AWBPH13
AWBMXL9,205IPF
AWBMXL9,THRLX72
AWBMXL9,SW141A
AWBMXL9,SW161A
AWBMXL9,SW281
AWBMXL9,SW361
AWBMXL9,SW321
AWBMXL9,BHM9A
CGRS865K2,CTB8174
CGRS865K2,CTR867AK2
CGRS865K2,MG725A
CGRS865K2,PT850
CGRS865K2,CTNN13KF
CGRS865K2,CTR861AK2
CGRS865K2,PDR3000A
CGRS865K2,PH3050BR
CGRS865K2,CTB8187
CGRS865K2,PT338
KAC1224TCA,FA12LE
KAC1224TCA,FRX181
KAC1224TCA,GF22
KAC1224TCA,TW481
KAC1224TCA,YA2850A
KAC1224TCA,SA16E
KAC1224TCA,9100GSM
KAC1224TCA,IMM360
KAC1224TCA,206EFABL
KAC1224TCA,SAM19E
FTA35,STA35
FTA35,TTA35
FTA35,SRES28
FTA35,208FRDH
FTA35,TKF72
FTA35,ATECH1FS300
FTA35,CSA8CR
FTA35,61CF
FTA35,HBFE24
FTA35,SGA173BR
GLASS50R,AT4124
GLASS50R,AT4135
GLASS50R,ACT1290A
GLASS50R,EC-USB-C-3A
GLASS50R,GLOVE300BL
GLASS50R,GLOVEORIGPLUSL
GLASS50R,GLOVE1100L
GLASS50R,GLOVE900LR
GLASS50R,RULER602
GLASS50R,EARPLUGBAND
SHDX80G,AWM110DHK
SHDX80G,AC5C
SHDX80G,2004BSKA
SHDX80G,PK53A
SHDX80G,AW1015DHK
SHDX80G,311IMFSY
SHDX80G,SHDX60R
SHDX80G,LDH362
SHDX80G,LDH342
SHDX80G,LDH402
VO806B,SWM291
VO806B,107ATMPB
VO806B,SWM281
VO806B,ST50A
VO806B,2420A
VO806B,SWM261
VO806B,TM10G
VO806B,SWM271
VO806B,AWM140DK
VO806B,TM05
PTGR110,PTGR100
PTGR110,PTC250
PTGR110,PDR3000A
PTGR110,VWB8B
PTGR110,PSO4625
PTGR110,PTR2505
PTGR110,MG325
PTGR110,PT338
PTGR110,MG1250
PTGR110,DB129C
TW181A,TW121A
TW181A,TW241
TW181A,TW141A
TW181A,TW281
TW181A,TW261
TW181A,TW321
TW181A,TW361
TW181A,TW301
TW181A,TW341
TW181A,313TSYA
TA27,TPGDL2000
TA27,GLASS50R
TA27,ECPNG032
TA27,ECPNI032R
TA27,RULER600
TA27,TDG1
TA27,BB9008
TA27,AT4101
TA27,EEDM525F
TA27,EECT400
F80MP,TRSLF72
F80MP,FZ80
F80MP,SLL80A
F80MP,SX80B
F80MP,TNF72
F80MP,112RTSMA
F80MP,PHP2A
F80MP,112RTMA
F80MP,TRX72
F80MP,210RAFSMA
KRA2422PWZ,KRWT2411
KRA2422PWZ,KWSN2455AST
KRA2422PWZ,KWSP2455ABL
KRA2422PWZ,KWSP2455AST
KRA2422PWZ,KWSN2455ABL
KRA2422PWZ,KCP1422PBO
KRA2422PWZ,KRA2411PBO
KRA2422PWZ,KRSC2460PWZ7
KRA2422PWZ,KRSC326FPBO
KRA2422PWZ,KCP2422PBO
FM18,FM16
FM18,FM11
FM18,FM15
FM18,FM13
FM18,FM14
FM18,FM12
FM18,AWEF6K
FM18,340SSDP
FM18,SWM251
FM18,212SFMY
CSSD1G,CSSD50R
CSSD1G,PKWSS53A
CSSD1G,CSA14CR
CSSD1G,PKNC300
CSSD1G,SGAS102BG
CSSD1G,CSA12CR
CSSD1G,PHP2A
CSSD1G,AWPBX10
CSSD1G,EXD35A
CSSD1G,BT518
AWCGT7,SGD6BR
AWCGT7,SIMM240
AWCGT7,SIMM150A
AWCGT7,F80
AWCGT7,PPC4A
AWCGT7,FU8A
AWCGT7,SIMM160A
AWCGT7,SPBS24AR
AWCGT7,T72
AWCGT7,SPBS18AR
BRHC2PK,S6111
BRHC2PK,BCS70A
BRHC2PK,BTCP400
BRHC2PK,S6112
BRHC2PK,BTCP600
BRHC2PK,SGA1714B
BRHC2PK,BTG9
BRHC2PK,ASGP102BR
BRHC2PK,ASGP1BR
BRHC2PK,210FCOMA
FMAS,PPC105LA
FMAS,SRPCR4700
FMAS,F80
FMAS,ATECH3FR300B
FMAS,SPBS18AR
FMAS,SIMM160A
FMAS,SGD2BR
FMAS,SGDP31IRBR
FMAS,SPBS704AR
FMAS,SHD1R
TMA4E,TW221
TMA4E,SW221
TMA4E,SW181A
TMA4E,SW141A
TMA4E,SW241
TMA4E,TW161A
TMA4E,SW201
TMA4E,TW281
TMA4E,SW161A
TMA4E,TW261
BB9008KIT,JCK7DBL
BB9008KIT,FB336
BB9008KIT,ECARL032R
BB9008KIT,YAKS42
BB9008KIT,MTTL800
BB9008KIT,TPGDL2000
BB9008KIT,JCK8
BB9008KIT,ECPRA072
BB9008KIT,MAGMAT
BB9008KIT,EEDM596FK
A3042,A3046
A3042,B1458C
A3042,B1467A
A3042,GMB3042
A3042,LSRM2000
A3042,B1461
A3042,BTCP500
A3042,TQSG3F250
A3042,PPC208A
A3042,IPF800B
CTR817GK2,CTDFL861
CTR817GK2,DBTB121
CTR817GK2,CTS561BITSET
CTR817GK2,PT338
CTR817GK2,PTGR110
CTR817GK2,AT118
CTR817GK2,SAG03S20
CTR817GK2,AT2050
CTR817GK2,MG725A
CTR817GK2,CTC772A
F081,F101
F081,XS1820A
F081,XS1416A
F081,F141
F081,XS2226A
F081,XS1618A
F081,TM84
F081,VO2628B
F081,VO1012B
F081,VO1820B
210FRXM,BTCP2SA
210FRXM,PBMP703A
210FRXM,VS814A
210FRXM,210FRHMA
210FRXM,LDTJT538
210FRXM,LDTJT512
210FRXM,TMM16
210FRXM,BOERM22
210FRXM,BOERM21
210FRXM,131TMPB
QD1R200A,R1618SC
QD1R200A,BPPC1878
QD1R200A,QD2R1000A
QD1R200A,RC980
QD1R200A,TW461
QD1R200A,S9711KA
QD1R200A,TWM26
QD1R200A,BTC7B
QD1R200A,FZ7A
QD1R200A,TW441
TNF72,TZERO
TNF72,TN72
TNF72,TMR4
TNF72,TX72
TNF72,S80AFOD
TNF72,OEXS709B
TNF72,TRF72
TNF72,XO605
TNF72,TLLF72
TNF72,OXI707BK
QD2RN100A,QD1RN25B
QD2RN100A,QD3RN350A
QD2RN100A,208EFTAMXSY
QD2RN100A,213AFLEY
QD2RN100A,BLPTORX1410
QD2RN100A,FLE140A
QD2RN100A,SL80A
QD2RN100A,207EFAMY
QD2RN100A,UTV617A
QD2RN100A,UTV616A
PL5ESWIRESTRIP,SGTT110B
PL5ESWIRESTRIP,SGTT8B
PL5ESWIRESTRIP,SGTT7B
PL5ESWIRESTRIP,SGTT3B
PL5ESWIRESTRIP,SGTT2B
PL5ESWIRESTRIP,SGTT1B
PL5ESWIRESTRIP,SGTT5B
PL5ESWIRESTRIP,PWZ4
PL5ESWIRESTRIP,PWC48
PL5ESWIRESTRIP,PL803A
TW361,TW201
TW361,TW121A
TW361,TW241
TW361,TW141A
TW361,TW281
TW361,TW161A
TW361,TW341
TW361,TW301
TW361,BHS7A
TW361,313TSYA
KRSC4130PBO,KWSP2455AST
KRSC4130PBO,KWSN2455ABL
KRSC4130PBO,KRA2422PBO
KRSC4130PBO,TB40C
KRSC4130PBO,KACKMCFIBER1
KRSC4130PBO,KRSC430APBO7
KRSC4130PBO,KRA4810FPBO
KRSC4130PBO,KRSC326FPBO
KRSC4130PBO,PLRK30
KRSC4130PBO,KRA2411PBO
314SCOA,IPL38C
314SCOA,312IPL
314SCOA,IPL26C
314SCOA,IPL32C
314SCOA,IPL16C
314SCOA,210FCOMA
314SCOA,IPL34C
314SCOA,VO1820B
314SCOA,VO1416B
314SCOA,VO2628B
VWB4B,AT425R
VWB4B,DB121C
VWB4B,AT2050
VWB4B,PSO4625
VWB4B,MG1250
VWB4B,CTR867AK2
VWB4B,PTR2500
VWB4B,CTB8174
VWB4B,AT700F
VWB4B,PTR2505
SGDX40BR,RBM1011SC
SGDX40BR,TW461
SGDX40BR,RC980
SGDX40BR,CSA12CR
SGDX40BR,BTC7B
SGDX40BR,SGDP162BR
SGDX40BR,111TMMDY
SGDX40BR,TMMD12
SGDX40BR,TMMD6
SGDX40BR,TW421
FHLL80,THLL72
FHLL80,SHLL80A
FHLL80,SHL80A
FHLL80,FHBF80A
FHLL80,SHN36
FHLL80,SH80A
FHLL80,SLL80A
FHLL80,PWZ4
FHLL80,OEXLM710B
FHLL80,FHOF80A
TMMS8,TMMS5
TMMS8,TMMS6
TMMS8,TMMS5.5
TMMS8,TMMS9
TMMS8,TMMS12
TMMS8,TMMS11
TMMS8,TMMS13
TMMS8,TMMS14
TMMS8,TMMS15
TMMS8,TMMS10
SRPCR107,PPC715BK
SRPCR107,PWZ4
SRPCR107,BDGPL300HG
SRPCR107,SRP400B
SRPCR107,PBS704
SRPCR107,PPC210BK
SRPCR107,PWZ3A
SRPCR107,CJ2001P
SRPCR107,650
SRPCR107,SGHBF500A
FHNF100,SIMM220
FHNF100,FXK3
FHNF100,TMXK60
FHNF100,PPC106LA
FHNF100,SPBS24AR
FHNF100,SIMM210
FHNF100,FU8A
FHNF100,TMU8B
FHNF100,TMXK2
FHNF100,SPBS8AR
14V12,BF775C-A
14V12,SGHBF500A
14V12,SGHF616BR
14V12,8R
14V12,10MA
14V12,14V
14V12,VGP12808
14V12,VGP12418
14V12,YA109C
14V12,GA243
EEJP1224,EEDM503D
EEJP1224,EEPV509
EEJP1224,EEPV500
EEJP1224,BLP18HVLP
EEJP1224,BLP13HVLP
EEJP1224,BF555
EEJP1224,ECHDD012A
EEJP1224,ECPRA072
EEJP1224,SVTSRAD272U
EEJP1224,TDG1
AWS13-8,ATECH3FR300B
AWS13-8,SIMM180
AWS13-8,SGD4BR
AWS13-8,96ACF
AWS13-8,BLPTHC87
AWS13-8,SGD6BR
AWS13-8,47ACF
AWS13-8,PPC106LA
AWS13-8,TMXK4
AWS13-8,PPC105LA
110TMY,BHS7A
110TMY,110STMY
110TMY,AWMBPH9
110TMY,211SFSY
110TMY,UTV614A
110TMY,317MSPC
110TMY,SOEX707
110TMY,211FSY
110TMY,14V
110TMY,112STMMY
YA4608,FB316B
YA4608,EEDM525F
YA4608,EEDM503D
YA4608,TPMC25
YA4608,MTTL800
YA4608,TDG1
YA4608,JCK7DBL
YA4608,ECHDD012A
YA4608,ECPNI032R
YA4608,JCK8
212IMFYA,210IMFSYA
212IMFYA,212SIMFYA
212IMFYA,214SIMFMYA
212IMFYA,BLPTE3816
212IMFYA,BLPTE3814
212IMFYA,BLPTE3812
212IMFYA,BLPTE3810
212IMFYA,SR40K
212IMFYA,311IMFSY
212IMFYA,FU8A
HBFE48G,PPB826A
HBFE48G,SR40K
HBFE48G,HBFE32
HBFE48G,PK52A
HBFE48G,AWMG9
HBFE48G,GAJ12A
HBFE48G,TMMD5
HBFE48G,111TMMDY
HBFE48G,TMMD11
HBFE48G,TMMD12
SGDEP20ESD,SPBS24AR
SGDEP20ESD,GFAT1E
SGDEP20ESD,SGDP42IRBR
SGDEP20ESD,PPC105LA
SGDEP20ESD,TMXK2
SGDEP20ESD,SPBS12AR
SGDEP20ESD,SIMM150A
SGDEP20ESD,SPBS18AR
SGDEP20ESD,A2A
SGDEP20ESD,SRPCR4700
PBMB5G,PBMS5R
PBMB5G,PBMA5R
PBMB5G,PBMA5G
PBMB5G,PBMB5O
PBMB5G,PBMMS5O
PBMB5G,PBMMS5G
PBMB5G,PBMMA5R
PBMB5G,PTM2
PBMB5G,FKF80A
PBMB5G,HBBD56
KRSC326FPJJ,KRA2007FPBO
KRSC326FPJJ,KRA4107FPBO
KRSC326FPJJ,KWSP2455AST
KRSC326FPJJ,KRSC430APBO7
KRSC326FPJJ,A277
KRSC326FPJJ,KRA2411PBO
KRSC326FPJJ,KRSC46HPBO
KRSC326FPJJ,KRA4114FPBO
KRSC326FPJJ,KWSP2455ABL
KRSC326FPJJ,KCP1422PBO
PCSG816,PCSG820
PCSG816,PPSG106
PCSG816,PPSG205
PCSG816,PPSG203
PCSG816,PPSG4
PCSG816,PCSG812
PCSG816,PPSG105
PCSG816,106BTMX
PCSG816,FXK8
PCSG816,TMXK4
9100GSO,FA12LE
9100GSO,KAC1224TCA
9100GSO,GF22
9100GSO,FRX181
9100GSO,TW481
9100GSO,FAML6E
9100GSO,YA2850A
9100GSO,RC980
9100GSO,IMM360
9100GSO,SAM19E
SGDMRC108A,DPT7A
SGDMRC108A,14V
SGDMRC108A,A179A
SGDMRC108A,BF775C-A
SGDMRC108A,A159
SGDMRC108A,PKRS1
SGDMRC108A,SDMEXT19K
SGDMRC108A,AD6C
SGDMRC108A,WTG8A
SGDMRC108A,TF528D
CSA8CR,FA12LE
CSA8CR,317MSPC
CSA8CR,AC5C
CSA8CR,114ATMP
CSA8CR,FRX181
CSA8CR,TW481
CSA8CR,PKNC150
CSA8CR,KAC1224TCA
CSA8CR,AWM110DK
CSA8CR,HD6529
AWBMCG1602,SGD4BR
AWBMCG1602,TMXK4
AWBMCG1602,SPBS704AR
AWBMCG1602,SIMM210
AWBMCG1602,FU8A
AWBMCG1602,SHD1R
AWBMCG1602,SIMM170
AWBMCG1602,TMU8B
AWBMCG1602,SGASA204CR
AWBMCG1602,SIMM180
XS67A,XS2024A
XS67A,XS1012A
XS67A,XS1820A
XS67A,XS1416A
XS67A,VO2224B
XS67A,VO1012B
XS67A,TMC106E
XS67A,TM410
XS67A,TM5
XS67A,TM62B
EECT400BL,TPM16
EECT400BL,EC-USB-C-3A
EECT400BL,FB360C
EECT400BL,OC5A
EECT400BL,GA460B
EECT400BL,TPMC25
EECT400BL,PGP50
EECT400BL,FB316B
EECT400BL,FB361A
EECT400BL,ECFLD030
EECT400O,TPM16
EECT400O,EC-USB-C-3A
EECT400O,FB360C
EECT400O,OC5A
EECT400O,GA460B
EECT400O,TPMC25
EECT400O,PGP50
EECT400O,FB316B
EECT400O,FB361A
EECT400O,ECFLD030
AWMG9-3,SGD2BR
AWMG9-3,A2A
AWMG9-3,ATECH2FR125B
AWMG9-3,GFAT1E
AWMG9-3,FXK11
AWMG9-3,SGDP31IRBR
AWMG9-3,FX1
AWMG9-3,ATECH3FR300B
AWMG9-3,TMU8B
AWMG9-3,SIMM240
PKN4,PPC4A
PKN4,SIMM170
PKN4,GFAT1E
PKN4,PPC106LA
PKN4,SGD2BR
PKN4,PL400B
PKN4,SIMM190
PKN4,47ACF
PKN4,SGASA204CR
PKN4,SIMM210
KRA4114FPBO,KRA4107FPBO
KRA4114FPBO,KRA4813FPBO
KRA4114FPBO,KRA2422PBO
KRA4114FPBO,KRA2007FPBO
KRA4114FPBO,KAERNADD6RD
KRA4114FPBO,PLRK21
KRA4114FPBO,KRA4059FPBO
KRA4114FPBO,TB40C
KRA4114FPBO,YA389A
KRA4114FPBO,A277
PBN11,PBN10
PBN11,PPC103A
PBN11,SPBS704AR
PBN11,SGDP31IRBR
PBN11,SIMM210
PBN11,96ACF
PBN11,SGD4BR
PBN11,SGD6BR
PBN11,SGDP42IRBR
PBN11,SPBS24AR
PBN12,TWM17
PBN12,TWM18
PBN12,TMMDS10
PBN12,TWM21
PBN12,TWM23
PBN12,TWM24
PBN12,TWM20
PBN12,TWM22
PBN12,310TWMYA
PBN12,TMMDS5
AWCGT40,AWCGT45
AWCGT40,AWCGT30
AWCGT40,AWCGT27
AWCGT40,AWCGT500
AWCGT40,AWCG1600B
AWCGT40,AWMCG1600B
AWCGT40,AWCGT25
AWCGT40,F80
AWCGT40,SIMM150A
AWCGT40,PPC105LA
AWMXL10-2,PL400B
AWMXL10-2,SGD4BR
AWMXL10-2,GFAT1E
AWMXL10-2,47ACF
AWMXL10-2,91ACP
AWMXL10-2,SIMM150A
AWMXL10-2,SGD2BR
AWMXL10-2,F80
AWMXL10-2,SPBS18AR
AWMXL10-2,SGASA204CR
KRA4008FPBO,KRSC430APBO1
KRA4008FPBO,PLRK30
KRA4008FPBO,KA2422SETPJH
KRA4008FPBO,KAERNADD6RD
KRA4008FPBO,TB20AC
KRA4008FPBO,KACKFLTCLNR
KRA4008FPBO,KRA2407PBO
KRA4008FPBO,KRA4813FPBO
KRA4008FPBO,KRSC46HPBO
KRA4008FPBO,MRB12B
KRA4008FPCM,PLRK30
KRA4008FPCM,KWSP2455AST
KRA4008FPCM,A277
KRA4008FPCM,KRA2422PBO
KRA4008FPCM,KRA25D
KRA4008FPCM,YA389A
KRA4008FPCM,TB20AC
KRA4008FPCM,TB40C
KRA4008FPCM,KWSN2455ABL
KRA4008FPCM,KAERNADD6RD
CTGR-CW50,PH3050BR
CTGR-CW50,CTDFL861
CTGR-CW50,CT9080K2
CTGR-CW50,DB129C
CTGR-CW50,MG1250
CTGR-CW50,CTS561CHUCK
CTGR-CW50,AT109
CTGR-CW50,DB121C
CTGR-CW50,CT9010K2
CTGR-CW50,CTC131A
317MPC,R1618SC
317MPC,218AFP
317MPC,SW421
317MPC,SEPPROCORE1A
317MPC,222SFFSFR
317MPC,AWM140DK
317MPC,SRP3A
317MPC,SW381
317MPC,OEX42B
317MPC,SGDP64IRBR
218AFP,R1618SC
218AFP,317MPC
218AFP,SW421
218AFP,AWM140DK
218AFP,SRP3A
218AFP,OEX42B
218AFP,SW401
218AFP,206AFSA
218AFP,PT28E
218AFP,YA337A
BTK5,TF5A
BTK5,2004BSKA
BTK5,AC5C
BTK5,OEXM9B
BTK5,STMM4
BTK5,OEXM8B
BTK5,10R
BTK5,HBPT24
BTK5,2005BSKA
BTK5,SIMM340
SL80A,AWEF6K
SL80A,AWMEF8K
SL80A,PKNC200
SL80A,SWM251
SL80A,SWM271
SL80A,SOEX38
SL80A,AC58E
SL80A,TMMD5
SL80A,TMMD9
SL80A,TMMD7
KRSC2460POT7,KACKMCFIBER1
KRSC2460POT7,KRSC326FPBO
KRSC2460POT7,KWSN2455ABL
KRSC2460POT7,KRSC46HPBO
KRSC2460POT7,PLRK21
KRSC2460POT7,KRA2411PBO
KRSC2460POT7,SNA-TBP14
KRSC2460POT7,KCP2422PBO
KRSC2460POT7,KRA4114FPBO
KRSC2460POT7,KCP1422PBO
TMXK60,XS1416A
TMXK60,XS1012A
TMXK60,TMX1
TMXK60,TMXK110
TMXK60,VO3032B
TMXK60,VO2628B
TMXK60,VO2224B
TMXK60,TM408
TMXK60,XS810A
TMXK60,SGDEL10ESD
206ESSPKPLG2,OFSKIT
206ESSPKPLG2,A129
206ESSPKPLG2,A106
206ESSPKPLG2,A127
206ESSPKPLG2,207EFTXY
206ESSPKPLG2,GAX36
206ESSPKPLG2,OFC14KT
206ESSPKPLG2,BTG9
206ESSPKPLG2,FTXB45E
206ESSPKPLG2,B1461
TMMD11,TMMD6
TMMD11,TMMD7
TMMD11,TMMD5.5
TMMD11,TMMD8
TMMD11,TMMD10
TMMD11,SR40K
TMMD11,BTC7B
TMMD11,AWMG9
TMMD11,2420A
TMMD11,AW1020DK
TMU141A,XS2024A
TMU141A,ATKBFL
TMU141A,SIMM190
TMU141A,SGD6BR
TMU141A,SPBS704AR
TMU141A,SPBS8AR
TMU141A,SHD1R
TMU141A,SPBS24AR
TMU141A,SIMM150A
TMU141A,T72
SLX80A,309SIMYA
SLX80A,SS5A
SLX80A,IM120A
SLX80A,IM180A
SLX80A,IM320
SLX80A,IM200
SLX80A,IM260
SLX80A,313TWYA
SLX80A,S9711KA
SLX80A,BOERM712
SW201,SW141A
SW201,SW221
SW201,SW261
SW201,SW181A
SW201,SW161A
SW201,SW281
SW201,SW361
SW201,SW301
SW201,340SSDP
SW201,313SYA
TL72,BTWSMPK
TL72,214SFY
TL72,PPB30AK
TL72,FL80
TL72,SSFP2
TL72,TM72
TL72,TMR4
TL72,106TMUSA
TL72,B260A
TL72,SGDMRC11A
91ACP,AWM110DHK
91ACP,FA12LE
91ACP,AC5C
91ACP,AWM110DK
91ACP,114ATMP
91ACP,2004BSKA
91ACP,TW481
91ACP,GF22
91ACP,PRH57A
91ACP,HD6529
PALMRAT,GM3046
PALMRAT,FZ80
PALMRAT,STX70E
PALMRAT,AWBSGM800A
PALMRAT,TW481
PALMRAT,FHOF80A
PALMRAT,XLE605
PALMRAT,FAML6E
PALMRAT,206EFABL
PALMRAT,FC72
FHR80,THR72
FHR80,FHOF80A
FHR80,THLL72
FHR80,120STTM
FHR80,FHLX80B
FHR80,211FSSY
FHR80,THLX72
FHR80,FSS181
FHR80,FSS161
FHR80,SHX80B
112TMMDSY,224SFFSMFR
112TMMDSY,BCS70A
112TMMDSY,OEXM707B
112TMMDSY,111STMMDY
112TMMDSY,111TMMDY
112TMMDSY,111TMUSMA
112TMMDSY,TMMD11
112TMMDSY,TMMD12
112TMMDSY,TMMD5
112TMMDSY,TMMD6
SFSM21,SFSM20
SFSM21,TMM16
SFSM21,BOERM22
SFSM21,SFSM6
SFSM21,SFSM7
SFSM21,BOERM21
SFSM21,131TMPB
SFSM21,FSM61
SFSM21,AWMBPH9
SFSM21,OXIM6B
AWTR8-2,SPBS8AR
AWTR8-2,SIMM220
AWTR8-2,SIMM150A
AWTR8-2,SGDP31IRBR
AWTR8-2,FX1
AWTR8-2,PPC4A
AWTR8-2,PPC103A
AWTR8-2,PL400B
AWTR8-2,SRPCR3800
AWTR8-2,GFAT1E
IPL16C,IPL26C
IPL16C,IPL32C
IPL16C,IPL34C
IPL16C,IPL22C
IPL16C,IPL28C
IPL16C,312IPLM
IPL16C,IPLM10C
IPL16C,IPLM14C
IPL16C,IPLM18C
IPL16C,IPLM24C
ACTUVINJKTB,GLASS30R
ACTUVINJKTB,GLASS50R
ACTUVINJKTB,JCK7DBL
ACTUVINJKTB,YAKS42
ACTUVINJKTB,JT13B
ACTUVINJKTB,FB336
ACTUVINJKTB,RULER602
ACTUVINJKTB,TPGDL2000
ACTUVINJKTB,TDG2
ACTUVINJKTB,ECHDD012A
SIM200,SIM220
SIM200,SIM180A
SIM200,SIM240
SIM200,SIM380
SIM200,SIM400
SIM200,IM120A
SIM200,IM140A
SIM200,IM320
SIM200,IM280
SIM200,IM200
SGDMRC4A,SDM400A
SGDMRC4A,SGDMRCE44
SGDMRC4A,SGDMRC11A
SGDMRC4A,110STMDY
SGDMRC4A,STMD16
SGDMRC4A,STMD6
SGDMRC4A,STMD7
SGDMRC4A,STMD11
SGDMRC4A,STMD8
SGDMRC4A,STMD12
SGDEL10ESD,XS2226A
SGDEL10ESD,XS1618A
SGDEL10ESD,XS1214A
SGDEL10ESD,VO1820B
SGDEL10ESD,TM408
SGDEL10ESD,VO3032B
SGDEL10ESD,XS810A
SGDEL10ESD,TM82
SGDEL10ESD,TMC106E
SGDEL10ESD,TMC104E
AWXL13-5/32,PPC105LA
AWXL13-5/32,SIMM180
AWXL13-5/32,ATECH2FR125B
AWXL13-5/32,FXK3
AWXL13-5/32,SGD4BR
AWXL13-5/32,GFAT1E
AWXL13-5/32,47ACF
AWXL13-5/32,TMXK2
AWXL13-5/32,FXK11
AWXL13-5/32,FU8A
OEX11B,AW5D
OEX11B,VO2628B
OEX11B,AW12D
OEX11B,AW4-1/2D
OEX11B,AW4D
OEX11B,AW6D
OEX11B,AW7D
OEX11B,AW8D
OEX11B,VO1012B
OEX11B,VO1416B
PBN5,PBN1
PBN5,BLPHSM145
PBN5,BLPHSM148
PBN5,BLPHL3810
PBN5,BLPHL388
PBN5,IMSLEPL240
PBN5,IMFLE80A
PBN5,207IMFLE
PBN5,IMSLE242A
PBN5,STX60E
PBN15,PBN10
PBN15,PBN500
PBN15,SPBS8AR
PBN15,SPBS18AR
PBN15,SPBS24AR
PBN15,SPBS704AR
PBN15,SPBS12AR
PBN15,SGASA204CR
PBN15,RBM1213C
PBN15,BLPTS1420
95ACF,YA337A
95ACF,BF620C
95ACF,S6106KA
95ACF,OEX709B
95ACF,YA2019
95ACF,PRH57A
95ACF,LP10WR
95ACF,OFW4
95ACF,BCS70A
95ACF,AVSNP01160
MAGDISHGR,MAGTRAY
MAGDISHGR,MAGMICRO
MAGDISHGR,MAGMINI
MAGDISHGR,MAGMAT
MAGDISHGR,MAGSTRIP
MAGDISHGR,MRB5B
MAGDISHGR,ECARL032R
MAGDISHGR,GLOVEORIGPLUSL
MAGDISHGR,YA1175KIT
MAGDISHGR,FB336
MAGDISHHV,MAGTRAY
MAGDISHHV,MAGMINI
MAGDISHHV,MAGMAT
MAGDISHHV,MRB5B
MAGDISHHV,GLOVE300BL
MAGDISHHV,JCW80AR
MAGDISHHV,ECARL032R
MAGDISHHV,YA1175KIT
MAGDISHHV,AT4101
MAGDISHHV,JCK8
111TMMDY,111STMMDY
111TMMDY,SR40K
111TMMDY,BTC7B
111TMMDY,AWMG9
111TMMDY,2420A
111TMMDY,AW1020DK
111TMMDY,212SFMY
111TMMDY,110STMDY
111TMMDY,208CCP
111TMMDY,107ATMPB
HBBD8,AWL1010DK
HBBD8,TMM16
HBBD8,BOERM22
HBBD8,PPSG105
HBBD8,AD6C
HBBD8,PPSG103
HBBD8,BOERM21
HBBD8,131TMPB
HBBD8,PPCL60BK
HBBD8,PPC905B
TMX1,TMXK4
TMX1,TMXK2
TMX1,110ETMAY
TMX1,FXK4
TMX1,FXK8
TMX1,124STTMM
TMX1,TMA7E
TMX1,PTIM5
TMX1,TMA6E
TMX1,TMA2.5E
AWM7D,PL400B
AWM7D,SRPCR3800
AWM7D,FHLF80A
AWM7D,SIMM210
AWM7D,SPBS704AR
AWM7D,SGDP42IRBR
AWM7D,F80
AWM7D,FX1
AWM7D,PPC106LA
AWM7D,SIMM200
1210B,TWM31
1210B,TWM29
1210B,TWM28
1210B,TMC105E
1210B,TMP12E
1210B,TWM25
1210B,1512B
1210B,TWM30
1210B,TWM32
1210B,206AFSA
IPSM18,IPSM15
IPSM18,IPSM21
IPSM18,IPSM22
IPSM18,IPDLM13A
IPSM18,IPLM12C
IPSM18,IPLM16C
IPSM18,IPLM18C
IPSM18,IPLM14C
IPSM18,IPLM21C
IPSM18,SGA175BR
FB307RNB,AT4124
FB307RNB,FB336
FB307RNB,AT4135
FB307RNB,SVTS264
FB307RNB,SVTA9100
FB307RNB,CTLMAG-BOOTM
FB307RNB,GA3634A
FB307RNB,MTEE6
FB307RNB,ACT413A
FB307RNB,FB303B
212FMY,SPBS24A
212FMY,AWEF6K
212FMY,340SSDP
212FMY,218AFSP
212FMY,212SFMY
212FMY,SWM251
212FMY,AWMEF8K
212FMY,111STMMDY
212FMY,111TMMDY
212FMY,313SYA
SRPCR105,SRP3A
SRPCR105,BOERM712
SRPCR105,SGDP64IRBR
SRPCR105,BOER708
SRPCR105,UIM225
SRPCR105,PT28E
SRPCR105,309SIMYA
SRPCR105,317MPC
SRPCR105,206EAU
SRPCR105,UPT35
KRA2422PBO,KRWT2411
KRA2422PBO,KWSN2455AST
KRA2422PBO,KWSP2455ABL
KRA2422PBO,KWSP2455AST
KRA2422PBO,KWSN2455ABL
KRA2422PBO,KCP1422PBO
KRA2422PBO,KRA2411PBO
KRA2422PBO,KRA4107FPBO
KRA2422PBO,YA389A
KRA2422PBO,KRA4114FPBO
PPC110A,PPC210A
PPC110A,SEPHDSETAOBA
PPC110A,PPC104LA
PPC110A,PPC108LA
PPC110A,PPC5A
PPC110A,PPC208A
PPC110A,PPC204A
PPC110A,AWM140DK
PPC110A,PPC3A
PPC110A,FXK6
TWM26,TWM31
TWM26,TWM28
TWM26,TW461
TWM26,TWM30
TWM26,TW441
TWM26,TW421
TWM26,R1618SC
TWM26,TWM27
TWM26,TMC105E
TWM26,311IMFSY
AW8D,AW7D
AW8D,AW4D
AW8D,AW4-1/2D
AW8D,AW6D
AW8D,AW12D
AW8D,AW10D
AW8D,AW5D
AW8D,10SSD
AW8D,TW381
AW8D,BTC3A
AWS13-4,SHDP42IRR
AWS13-4,AWBCG1608
AWS13-4,AWBCG1612
AWS13-4,A2A
AWS13-4,SPBS8AR
AWS13-4,TMXK2
AWS13-4,TMXK60
AWS13-4,SHD1R
AWS13-4,SIMM200
AWS13-4,T72
SPBS704AG,UIM225
SPBS704AG,LP10WR
SPBS704AG,309SIMYA
SPBS704AG,117TMM
SPBS704AG,BOERM712
SPBS704AG,TMM4
SPBS704AG,PRH57A
SPBS704AG,SRPCR105
SPBS704AG,SN18B
SPBS704AG,SGT4BR
BF555,BLP13HVLP
BF555,BLP18HVLP
BF555,BLP14HVLP
BF555,JT13B
BF555,ECARA052A
BF555,EARPLUGBAND
BF555,UTK100
BF555,GA296B
BF555,ECHDD012A
BF555,TDG2
KCP1422POT,KWSP2455AST
KCP1422POT,KWSN2455ABL
KCP1422POT,KWSN2455AST
KCP1422POT,KWSP2455ABL
KCP1422POT,KRWT2411
KCP1422POT,KCP2422PBO
KCP1422POT,A277
KCP1422POT,KACKMCFIBER1
KCP1422POT,KAERNADD6RD
KCP1422POT,PLRK21
OXIM8B,OXIM9B
OXIM8B,OXIM7B
OXIM8B,OXIM6B
OXIM8B,XB605A
OXIM8B,XBM605A
OXIM8B,OXIM710B
OXIM8B,OEXM9B
OXIM8B,OEXM8B
OXIM8B,222AFSP
OXIM8B,OFW3
QDTPMS,BCS70A
QDTPMS,VSC4KT
QDTPMS,RD8
QDTPMS,BTC8A
QDTPMS,BTK5
QDTPMS,A129
QDTPMS,A127
QDTPMS,SDMV208
QDTPMS,TR108
QDTPMS,SSF1
SGD4BG,SGD6BR
SGD4BG,SGD2BR
SGD4BG,SGD8BR
SGD4BG,SGDP31IRBR
SGD4BG,SGDP42IRBR
SGD4BG,SGDP63IRBR
SGD4BG,OEXM6B
SGD4BG,OFW3
SGD4BG,TMM4
SGD4BG,OFW2
KRSC430APBO1,KRSC323PBO
KRSC430APBO1,MRB12B
KRSC430APBO1,TB40C
KRSC430APBO1,KRSC326FPBO
KRSC430APBO1,KRSC46HPBO
KRSC430APBO1,KRA4114FPBO
KRSC430APBO1,KRA4107FPBO
KRSC430APBO1,KRA24
KRSC430APBO1,KCP2422PBO
KRSC430APBO1,TB20AC
IM120A,IM140A
IM120A,IM180A
IM120A,IM320
IM120A,IM200
IM120A,309SIMYA
IM120A,BLPTE3814
IM120A,SR40K
IM120A,SIM160A
IM120A,SIM320
IM120A,SIM240
FS121,FS241
FS121,FS221
FS121,FS141
FS121,FS201
FS121,FS181
FS121,FS161
FS121,BHS7A
FS121,SN25A
FS121,TWM31
FS121,ACT1370
PPC108A,PPC110LA
PPC108A,PPC208A
PPC108A,PPC204A
PPC108A,PPC3A
PPC108A,PPC5A
PPC108A,RXS605B
PPC108A,PPC105LA
PPC108A,AWM140DK
PPC108A,PPC103A
PPC108A,BLPPB704
TRF72,SR80A
TRF72,FR80
TRF72,TR72
TRF72,LDH362
TRF72,LDH342
TRF72,LDH402
TRF72,LDH482
TRF72,112RTMA
TRF72,LDH522
TRF72,L122
VO1012B,VO1820B
VO1012B,XS1820A
VO1012B,XS1416A
VO1012B,XS2226A
VO1012B,TM84
VO1012B,VO3032B
VO1012B,SGDEL10ESD
VO1012B,TM412
VO1012B,TM65
VO1012B,TMC106E
HBFE24G,FA12LE
HBFE24G,GF22
HBFE24G,KAC1224TCA
HBFE24G,YA2850A
HBFE24G,OFW3
HBFE24G,SA16E
HBFE24G,HBFE32
HBFE24G,RC980
HBFE24G,209EFTXBY
HBFE24G,206EFABL
HBFE24O,HD6529
HBFE24O,YA2850A
HBFE24O,HBFE48
HBFE24O,OFW3
HBFE24O,SA16E
HBFE24O,FABLM5E
HBFE24O,SWM111A
HBFE24O,SWM101A
HBFE24O,TW381
HBFE24O,209EFTXBY
SGDTX90BO,SGDP64IRBR
SGDTX90BO,SRP3A
SGDTX90BO,OEXM7B
SGDTX90BO,YA339A
SGDTX90BO,SGDP63IRBG
SGDTX90BO,OEXM6B
SGDTX90BO,A91F
SGDTX90BO,SGDXL80BR
SGDTX90BO,SGDX40BR
SGDTX90BO,UTS105A
TM72,TXM72
TM72,103TMXKLA
TM72,SFSM6
TM72,TK72
TM72,TMR4
TM72,S4
TM72,FSM61
TM72,TX72
TM72,TNF72
TM72,SR80A
SRPCR112,BLPPB704
SRPCR112,307ESAY
SRPCR112,SRP400B
SRPCR112,SRP2A
SRPCR112,PPC715BK
SRPCR112,RXS605B
SRPCR112,HBFE103
SRPCR112,PPC210A
SRPCR112,SRP3B
SRPCR112,PPC5A
EXDL10A,SS5A
EXDL10A,CSA12CR
EXDL10A,FZ7A
EXDL10A,PT28E
EXDL10A,111TMMDY
EXDL10A,TMMD5
EXDL10A,TMMD12
EXDL10A,TMMD5.5
EXDL10A,QD1R200A
EXDL10A,REX25C
IMM130A,IMM110A
IMM130A,IMM160A
IMM130A,IMM230
IMM130A,IMM170A
IMM130A,IMM220
IMM130A,IMM190
IMM130A,IM140A
IMM130A,IM200
IMM130A,IM260
IMM130A,IM300
PPB816A,SN25A
PPB816A,222AFSP
PPB816A,OFW3
PPB816A,B3404B
PPB816A,SR40K
PPB816A,OEXM8B
PPB816A,SIMM340
PPB816A,GAJ12A
PPB816A,SRP3A
PPB816A,SIMM320
ATECH2FR125B,ATECH3FR300B
ATECH2FR125B,TMM4
ATECH2FR125B,117TMM
ATECH2FR125B,208EFTAMXSY
ATECH2FR125B,LSR1450
ATECH2FR125B,UTS105A
ATECH2FR125B,ATECH3FR250B
ATECH2FR125B,SGD155CR
ATECH2FR125B,206AFSP
ATECH2FR125B,206EFABLM
AWBSG10A,SIMM160A
AWBSG10A,TMXK4
AWBSG10A,PL400B
AWBSG10A,SGD2BR
AWBSG10A,SPBS8AR
AWBSG10A,ATECH3FR300B
AWBSG10A,SIMM170
AWBSG10A,A2A
AWBSG10A,F80
AWBSG10A,FXK11
AWBSG12A,F80
AWBSG12A,SIMM180
AWBSG12A,SIMM150A
AWBSG12A,SGD4BR
AWBSG12A,47ACF
AWBSG12A,SGD6BR
AWBSG12A,BLPTHC87
AWBSG12A,TMXK2
AWBSG12A,SIMM190
AWBSG12A,SGDP31IRBR
PKNC075,GAJ12A
PKNC075,SGA173BR
PKNC075,SW321
PKNC075,SW221
PKNC075,SW201
PKNC075,SW141A
PKNC075,SW181A
PKNC075,SW241
PKNC075,SW301
PKNC075,SW281
AWBCG1607,91ACP
AWBCG1607,SGD8BR
AWBCG1607,SGDP31IRBR
AWBCG1607,A2A
AWBCG1607,T72
AWBCG1607,ATECH3FR300B
AWBCG1607,SHD1R
AWBCG1607,96ACF
AWBCG1607,SPBS8AR
AWBCG1607,FX1
86EP,912AEP
86EP,A36A
86EP,YA4250
86EP,EPC160
86EP,BDGPL410HG
86EP,STMM4.5
86EP,RBYA605
86EP,PWC52A
86EP,112RTMA
86EP,SSDMRT8A
TMMS14,TMMS5
TMMS14,TMMS6
TMMS14,TMMS5.5
TMMS14,TMMS11
TMMS14,TMMS13
TMMS14,TMMS7
TMMS14,TMMS8
TMMS14,TMMS4.5
TMMS14,TMMS4
TMMS14,110TMSY
FHBF80AG,FHOF80A
FHBF80AG,TRSLF72
FHBF80AG,PHP2A
FHBF80AG,FHLL80
FHBF80AG,AWSGT800A
FHBF80AG,SGTT3B
FHBF80AG,SGTT5B
FHBF80AG,SHN36
FHBF80AG,SGTT10B
FHBF80AG,SGTT6B
STMD9,XS2024A
STMD9,BLPTHC87
STMD9,SPBS12AR
STMD9,T72
STMD9,TMXK4
STMD9,PPC103A
STMD9,96ACF
STMD9,SGDP42IRBR
STMD9,SGD4BR
STMD9,SGD8BR
HBBD32G,UPTM65K
HBBD32G,SOEX38
HBBD32G,305SIMMY
HBBD32G,414AHD
HBBD32G,YA4275
HBBD32G,SIMM290
HBBD32G,LDH442
HBBD32G,LDH482
HBBD32G,AWP160
HBBD32G,SOEX30
TA54,TA32A
TA54,MAGDISH
TA54,EECT900
TA54,RULER600
TA54,ECHDF042
TA54,ECPNI032R
TA54,YA1050B
TA54,RULER6
TA54,EEPV500
TA54,ECPNH012
S321,S261
S321,XS1416A
S321,XS1820A
S321,XS1012A
S321,XS1214A
S321,VO2628B
S321,VO2224B
S321,VO1416B
S321,VO1820B
S321,TM408
KRSC326FPES,KRA2007FPBO
KRSC326FPES,KCP2422PBO
KRSC326FPES,KRA2411PBO
KRSC326FPES,KWSN2455AST
KRSC326FPES,KRSC343PBO
KRSC326FPES,TB40C
KRSC326FPES,PLRK30
KRSC326FPES,KRSC46HPBO
KRSC326FPES,KRA2055FPBO
KRSC326FPES,KRSC430APBO7
KRSC326FPJK,KRA2007FPBO
KRSC326FPJK,KWSN2455ABL
KRSC326FPJK,KCP1422PBO
KRSC326FPJK,KRA2407PBO
KRSC326FPJK,KAERNADD6RD
KRSC326FPJK,KRA4813FPBO
KRSC326FPJK,PLRK21
KRSC326FPJK,KCP2422PBO
KRSC326FPJK,KRSC2460PWZ7
KRSC326FPJK,KWSN2455AST
PWZ3A,PWZ5
PWZ3A,PWZ0A
PWZ3A,PWZ4
PWZ3A,BLPPB704
PWZ3A,OXIM707SBK
PWZ3A,IPL38C
PWZ3A,YA9350B
PWZ3A,307ESAMY
PWZ3A,PPC20LB
PWZ3A,OEX42B
SGDMRC108AG,S9538A
SGDMRC108AG,DPT7A
SGDMRC108AG,S6103A
SGDMRC108AG,14V
SGDMRC108AG,GA243
SGDMRC108AG,OXIM7B
SGDMRC108AG,PKRS1
SGDMRC108AG,SDMEXT19K
SGDMRC108AG,WTG10A
SGDMRC108AG,BLPBTW4
SDM400A,SGDMRC4-TM4
SDM400A,SGDMRC4A
SDM400A,DPT7A
SDM400A,S6103A
SDM400A,R2426C
SDM400A,R2428C
SDM400A,R2022C
SDM400A,R2830C
SDM400A,R1618C
SDM400A,R1618SC
915CF,415CF
915CF,AWPBX10
915CF,BDGPL412HG
915CF,PTM2
915CF,BDGPL410HG
915CF,LIL59000
915CF,WTG10A
915CF,OEXM320B
915CF,HCP48BCF
915CF,CSSD1R
SIMM180,SIMM150A
SIMM180,SIMM130A
SIMM180,SIMM100A
SIMM180,SIMM230
SIMM180,SIMM200
SIMM180,SIMM220
SIMM180,SIMM210
SIMM180,SIM200
SIMM180,SIM320
SIMM180,SIM340
PL305ACFG,SIMM190
PL305ACFG,SPBS24AR
PL305ACFG,SPBS18AR
PL305ACFG,SGD4BR
PL305ACFG,SIMM210
PL305ACFG,SRPCR4700
PL305ACFG,SGDP42IRBR
PL305ACFG,TMXK60
PL305ACFG,SGDP31IRBR
PL305ACFG,SPBS12AR
RXS605B,RXSM605B
RXS605B,PKWSS53A
RXS605B,BP40B
RXS605B,AW1013DK
RXS605B,SS5A
RXS605B,311IMFSY
RXS605B,RBM1213C
RXS605B,RBM1415C
RXS605B,RBM1618C
RXS605B,RBM1719C
PL330ACF,PL803A
PL330ACF,HBBD56
PL330ACF,84CF
PL330ACF,PBMP703A
PL330ACF,BDGPL300HG
PL330ACF,SGD4120BR
PL330ACF,SGDP162BR
PL330ACF,PWZ0A
PL330ACF,PL344BCF
PL330ACF,912AEP
AWTXL8-T20,SGDP31IRBR
AWTXL8-T20,47ACF
AWTXL8-T20,FX1
AWTXL8-T20,SIMM200
AWTXL8-T20,BLPTHC87
AWTXL8-T20,SPBS12AR
AWTXL8-T20,FXK11
AWTXL8-T20,FXK6
AWTXL8-T20,TMU8B
AWTXL8-T20,FU8A
PKN13,FXK11
PKN13,FHLF80A
PKN13,SIMM190
PKN13,FXK3
PKN13,SGASA204CR
PKN13,SRPCR4700
PKN13,47ACF
PKN13,TMXK60
PKN13,SIMM160A
PKN13,96ACF
SOEXM170,SOEXM120
SOEXM170,SOEXM150
SOEXM170,SOEXM140
SOEXM170,SOEXM130
SOEXM170,SOEXM100
SOEXM170,91ACP
SOEXM170,GSAF1F
SOEXM170,96ACF
SOEXM170,47ACF
SOEXM170,SRPCR4700
AWTXL8-T40,SGDP42IRBR
AWTXL8-T40,SGASA204CR
AWTXL8-T40,47ACF
AWTXL8-T40,T72
AWTXL8-T40,SIMM220
AWTXL8-T40,SIMM150A
AWTXL8-T40,SRPCR3800
AWTXL8-T40,SPBS12AR
AWTXL8-T40,TMXK4
AWTXL8-T40,F80
IPL34C,IPL26C
IPL34C,IPL32C
IPL34C,IPL16C
IPL34C,IPL38C
IPL34C,IPL22C
IPL34C,IPL24C
IPL34C,IPL36C
IPL34C,312IPLM
IPL34C,IPLM11C
IPL34C,IPLM12C
PBN500,AWCGT500
PBN500,QD3RN350A
PBN500,BOERM21
PBN500,TWM27
PBN500,208EFTAMXSY
PBN500,SGDTX50BR
PBN500,OEXM270B
PBN500,GAX36
PBN500,OXIM710B
PBN500,IMM360
AWMCG1605B,TMXK60
AWMCG1605B,SPBS24AR
AWMCG1605B,47ACF
AWMCG1605B,SIMM240
AWMCG1605B,T72
AWMCG1605B,TMXK2
AWMCG1605B,SGDX80BR
AWMCG1605B,ATECH3FR300B
AWMCG1605B,SGDP42IRBR
AWMCG1605B,FXK6
AWMCG1606B,SPBS18AR
AWMCG1606B,T72
AWMCG1606B,PPC106LA
AWMCG1606B,SGDP42IRBR
AWMCG1606B,SPBS8AR
AWMCG1606B,SPBS24AR
AWMCG1606B,96ACF
AWMCG1606B,FU8A
AWMCG1606B,SPBS12AR
AWMCG1606B,F80
AWMEF6K,AWTEF8K
AWMEF6K,SPBS24A
AWMEF6K,AWEF6K
AWMEF6K,AWEF9K
AWMEF6K,PT10C
AWMEF6K,YA9350B
AWMEF6K,SR40K
AWMEF6K,OEX42B
AWMEF6K,LP7WR
AWMEF6K,OEX38B
AWMXL10-6,SPBS704AR
AWMXL10-6,91ACP
AWMXL10-6,A2A
AWMXL10-6,SHD1R
AWMXL10-6,SGD2BR
AWMXL10-6,SGDX80BR
AWMXL10-6,SIMM210
AWMXL10-6,FX1
AWMXL10-6,PPC103A
AWMXL10-6,47ACF
CTR867AK2,CT9010K2
CTR867AK2,CT9080K2
CTR867AK2,CT825DB
CTR867AK2,CTR861AK2
CTR867AK2,CTB8174
CTR867AK2,CTB185
CTR867AK2,CTS561BITSET
CTR867AK2,PTC250
CTR867AK2,CTB8187
CTR867AK2,CTINF9010
GLASS70BYEAR,YA427B
GLASS70BYEAR,ECHDF042
GLASS70BYEAR,ECHDD012A
GLASS70BYEAR,EECT400
GLASS70BYEAR,SOSG01BKCL01
GLASS70BYEAR,GLOVE900LR
GLASS70BYEAR,GLOVE1100L
GLASS70BYEAR,GLOVE300BL
GLASS70BYEAR,GLOVEORIGPLUSL
GLASS70BYEAR,ECPNG032
GLOVE300BL,GLOVEORIGPLUSL
GLOVE300BL,GLOVE309L
GLOVE300BL,JT17A
GLOVE300BL,GLOVE900LR
GLOVE300BL,GLOVE1100L
GLOVE300BL,EEJP201MBKA-NA
GLOVE300BL,LBUK1
GLOVE300BL,ECPNJ032
GLOVE300BL,ECPNH012
GLOVE300BL,GLASS30R
206SFSUM,206FSUMA
206SFSUM,111TMUSMA
206SFSUM,206AFSA
206SFSUM,TMUSM11A
206SFSUM,TWM29
206SFSUM,TWM31
206SFSUM,209FUMY
206SFSUM,TWM28
206SFSUM,TMC105E
206SFSUM,TWM26
218AFSP,PKNC200
218AFSP,AWSGM800A
218AFSP,10R
218AFSP,TW381
218AFSP,CSA12CR
218AFSP,TW401
218AFSP,313SYA
218AFSP,S321
218AFSP,313SWYA
218AFSP,S281
SDMT20D,SDMT25D
SDMT20D,SDMT10D
SDMT20D,TMBS8A
SDMT20D,GMB3042
SDMT20D,SDM251C
SDMT20D,SDM252C
SDMT20D,OXIM9B
SDMT20D,FSS121
SDMT20D,FSS161
SDMT20D,FSS181
LDH442,LDH482
LDH442,LDH462
LDH442,LDH342
LDH442,LDH402
LDH442,LDH602
LDH442,LDH522
LDH442,LDH562
LDH442,L8112A
LDH442,SOEX38
LDH442,SOEX40
SOXRRM710A,AWCGT500
SOXRRM710A,QD3RN350A
SOXRRM710A,SOXRR707A
SOXRRM710A,208EFTAMXSY
SOXRRM710A,UTS105A
SOXRRM710A,FAML6E
SOXRRM710A,FA12LE
SOXRRM710A,HD6529
SOXRRM710A,SA16E
SOXRRM710A,KAC1224TCA
EECT200,EECT424HD
EECT200,ACT1290A
EECT200,EECT900
EECT200,YA1175KIT
EECT200,PGP120
EECT200,RULER602
EECT200,ITHE100
EECT200,ACTUVPROKT
EECT200,ACT51234A
EECT200,RTEMP8
SXK11,SX2
SXK11,SN18B
SXK11,SWM111A
SXK11,SWM251
SXK11,TWM23
SXK11,TWM22
SXK11,TWM24
SXK11,SW141A
SXK11,SW161A
SXK11,SN25A
KRSC2460PC7,PLRK27
KRSC2460PC7,KRA2411PBO
KRSC2460PC7,MRB12B
KRSC2460PC7,YA438B
KRSC2460PC7,KRA4813FPBO
KRSC2460PC7,YA389A
KRSC2460PC7,KRSC430APBO7
KRSC2460PC7,KRA2422PBO
KRSC2460PC7,KAERNADD6RD
KRSC2460PC7,KCP1422PBO
OXIM7B,OXIM9B
OXIM7B,OXIM8B
OXIM7B,BLPT1255
OXIM7B,OXIM6B
OXIM7B,BLPH124
OXIM7B,BLPH386
OXIM7B,DPT7A
OXIM7B,A179A
OXIM7B,A159
OXIM7B,OEXM250B
HBBD16G,PPB826A
HBBD16G,TFM7530B
HBBD16G,HBBD8
HBBD16G,HBPT24
HBBD16G,206AFSP
HBBD16G,SOEXM9
HBBD16G,VO806B
HBBD16G,S9704KR
HBBD16G,2004BSKA
HBBD16G,SOEXM8
STMM10,STMM14
STMM10,STMM6
STMM10,STMM13
STMM10,STMM7
STMM10,STMM8
STMM10,STMM15
STMM10,222AFSP
STMM10,TMM6
STMM10,TMM13
STMM10,TMM12
DS809K,10R
DS809K,BF620C
DS809K,AW1013DK
DS809K,8HR
DS809K,VO806B
DS809K,S6106KA
DS809K,AD6C
DS809K,PT10C
DS809K,ST50A
DS809K,WTG8A
DB121C,VWB5B
DB121C,AT425R
DB121C,AT408
DB121C,PDR3000A
DB121C,PSO4625
DB121C,AT118
DB121C,AT411
DB121C,PTGR110
DB121C,CTC772A
DB121C,CTR861AK2
TMC106E,XS2226A
TMC106E,XS1618A
TMC106E,XS1214A
TMC106E,VO1416B
TMC106E,VO1012B
TMC106E,VO1820B
TMC106E,TM408
TMC106E,SGDEL10ESD
TMC106E,TM412
TMC106E,TM65
FAM8E,FTX60E
FAM8E,212EFTAY
FAM8E,TTX8E
FAM8E,FA8E
FAM8E,TTX10E
FAM8E,TTX15E
FAM8E,TWM32
FAM8E,TWM30
FAM8E,TWM31
FAM8E,FA12E
AWP120,AWM140DK
AWP120,218AFP
AWP120,SRP3A
AWP120,PT28E
AWP120,SGDP64IRBR
AWP120,TWM26
AWP120,CSA12CR
AWP120,RC980
AWP120,PWCS9ACF
AWP120,OEXM6B
388ACF,AWTR8
388ACF,AWMXL10
388ACF,HL138ACP
388ACF,196ACF
388ACF,490CF
388ACF,86EP
388ACF,912AEP
388ACF,AWP120
388ACF,84CF
388ACF,AWP45
KRSC323PC,KRSC430APBO1
KRSC323PC,KRA2407PBO
KRSC323PC,KCP2422PBO
KRSC323PC,KRSC326FPBO
KRSC323PC,KACKFLTCLNR
KRSC323PC,KRSC430APBO7
KRSC323PC,KRA4114FPBO
KRSC323PC,KWSP2455ABL
KRSC323PC,KCP1422PBO
KRSC323PC,KRA2007FPBO
KRSC323PJJ,KRSC430APBO1
KRSC323PJJ,KRA2422PBO
KRSC323PJJ,KWSP2455ABL
KRSC323PJJ,KRSC46HPBO
KRSC323PJJ,A277
KRSC323PJJ,KCP1422PBO
KRSC323PJJ,KWSN2455AST
KRSC323PJJ,KRA4813FPBO
KRSC323PJJ,YA389A
KRSC323PJJ,KRA2055FPBO
AWS13-7,VS807B
AWS13-7,61CF
AWS13-7,SRPCR4700
AWS13-7,SRPCR3800
AWS13-7,SHD1R
AWS13-7,91ACP
AWS13-7,47ACF
AWS13-7,SGASA204CR
AWS13-7,SW141A
AWS13-7,SW181A
91ACPO,AWM110DHK
91ACPO,317MSPC
91ACPO,AC5C
91ACPO,PK53A
91ACPO,114ATMP
91ACPO,2004BSKA
91ACPO,GF22
91ACPO,KAC1224TCA
91ACPO,PRH57A
91ACPO,HD6529
1650,650
1650,2050
1650,1250
1650,AC5C
1650,PK53A
1650,AWEF6K
1650,SRP3A
1650,SWM111A
1650,OEXM6B
1650,OEXM9B
SWM281,SWM291
SWM281,SWM261
SWM281,SWM251
SWM281,SWM271
SWM281,TWM29
SWM281,OFW4
SWM281,AWM140DK
SWM281,SWM111A
SWM281,VO806B
SWM281,SW381
GLOVE309M,GLOVE503CLA
GLOVE309M,GLOVEORIGPLUSL
GLOVE309M,YA427B
GLOVE309M,GLOVE1100L
GLOVE309M,GLOVE300BL
GLOVE309M,SOSG01BKCL01
GLOVE309M,GLOVE900LR
GLOVE309M,MTTL700
GLOVE309M,JCK7DBL
GLOVE309M,ECPNG032
MG1250G,CTR867AK2
MG1250G,PH1050
MG1250G,PTC250
MG1250G,CTS561CHUCK
MG1250G,PSO4625
MG1250G,VWB8B
MG1250G,CTDFL861
MG1250G,CTNN13KF
MG1250G,CTB8187
MG1250G,DB129C
TPM16EM,EC-USB-C-3A
TPM16EM,FB360C
TPM16EM,TPMC25
TPM16EM,FB316B
TPM16EM,FB361A
TPM16EM,TPMB25ORG
TPM16EM,EECT400
TPM16EM,RULER600
TPM16EM,GLOVE1100L
TPM16EM,EECT200
AT411A,CTNN13KF
AT411A,PH1038
AT411A,CT825DB
AT411A,CT9010K2
AT411A,MG725A
AT411A,AT118
AT411A,PTGR110
AT411A,PTGR100
AT411A,DBTB121
AT411A,CT9080K2
BB71171,AT4101
BB71171,TDG2
BB71171,FB316B
BB71171,ECHDD012A
BB71171,ECPNG032
BB71171,EECT424HD
BB71171,ECHDF042
BB71171,TPMC25
BB71171,MTTL800
BB71171,EEPV509
S9724RHS,SWM301
S9724RHS,SWM261
S9724RHS,SWM271
S9724RHS,OEXM320B
S9724RHS,210EFTAMY
S9724RHS,YA2850A
S9724RHS,SGDMRC108A
S9724RHS,OEXM240B
S9724RHS,OEXM80B
S9724RHS,THNF72
808CF,912AEP
808CF,490CF
808CF,411CF
808CF,95ACF
808CF,110STMDY
808CF,612AEP
808CF,AWL1010DK
808CF,86EP
808CF,911ACF
808CF,312CF
EEBC30A12V,EEJP201MBKA-NA
EEBC30A12V,EEBM600
EEBC30A12V,SVTSRAD272U
EEBC30A12V,SVTS264
EEBC30A12V,RADKITULTRA
EEBC30A12V,ECUHD218
EEBC30A12V,YA1175KIT
EEBC30A12V,RTEMP8
EEBC30A12V,SVTA9100
EEBC30A12V,TA32A
AWTR8-5,SIMM160A
AWTR8-5,TMXK60
AWTR8-5,F80
AWTR8-5,SGD4BR
AWTR8-5,SPBS12AR
AWTR8-5,SGD2BR
AWTR8-5,TMU8B
AWTR8-5,SIMM180
AWTR8-5,SPBS18AR
AWTR8-5,91ACP
RULER600,MTTL310
RULER600,MTTL300
RULER600,FB360C
RULER600,PGP50
RULER600,FB305A
RULER600,FB361A
RULER600,ITHE100
RULER600,ACT83A
RULER600,FB316B
RULER600,TPM16
KRA4810FPCM,KRA4107FPBO
KRA4810FPCM,KRA4813FPBO
KRA4810FPCM,KAERNADD6RD
KRA4810FPCM,KRSC430APBO7
KRA4810FPCM,SNA-TBP14
KRA4810FPCM,A277
KRA4810FPCM,KRSC430APBO1
KRA4810FPCM,KRA2422PBO
KRA4810FPCM,KRSC323PBO
KRA4810FPCM,KRSC343PBO
KRA4810FPJK,KRA4107FPBO
KRA4810FPJK,KRA4813FPBO
KRA4810FPJK,KAERNADD6RD
KRA4810FPJK,KRSC46HPBO
KRA4810FPJK,TB50WC
KRA4810FPJK,PLRK27
KRA4810FPJK,PLRK21
KRA4810FPJK,KWSN2455ABL
KRA4810FPJK,KRA2407PBO
KRA4810FPJK,KRA2422PBO
KRA4810FPOT,KRA4107FPBO
KRA4810FPOT,KRA4813FPBO
KRA4810FPOT,KAERNADD6RD
KRA4810FPOT,SNA-TBP14
KRA4810FPOT,KRA4114FPBO
KRA4810FPOT,KACKCAREKIT
KRA4810FPOT,YA389A
KRA4810FPOT,KRA2055FPBO
KRA4810FPOT,KRA2007FPBO
KRA4810FPOT,KCP1422PBO
CDR4P44L3DB,PTB32K
CDR4P44L3DB,CTNN13KF
CDR4P44L3DB,CTB8174
CDR4P44L3DB,PH3050BR
CDR4P44L3DB,PTR72
CDR4P44L3DB,PTGR100
CDR4P44L3DB,CT825DB
CDR4P44L3DB,PT850
CDR4P44L3DB,PTGR110
CDR4P44L3DB,MG1250
AWTPEF10K,FXK4
AWTPEF10K,FXK8
AWTPEF10K,FX1
AWTPEF10K,FXK11
AWTPEF10K,TMXK2
AWTPEF10K,FXK3
AWTPEF10K,FXK6
AWTPEF10K,SHD1R
AWTPEF10K,BLPTHC87
AWTPEF10K,SIMM220
KRA2406BPWZ,KCP1422PBO
KRA2406BPWZ,KRSC46HPBO
KRA2406BPWZ,KACKCAREKIT
KRA2406BPWZ,KAERNADD6RD
KRA2406BPWZ,KRA2422PBO
KRA2406BPWZ,KWSN2455AST
KRA2406BPWZ,KRSC430APBO7
KRA2406BPWZ,KACKMCFIBER1
KRA2406BPWZ,KCP2422PBO
KRA2406BPWZ,KRSC326FPBO
SN25A,ACT1370
SN25A,222AFSP
SN25A,SIMM340
SN25A,OFW2
SN25A,OEXM7B
SN25A,LSR1150
SN25A,LSR2000
SN25A,PK53A
SN25A,AC58E
SN25A,BP32B
AWS13-11,SRPCR3800
AWS13-11,SGD2BR
AWS13-11,SGDP31IRBR
AWS13-11,PPC103A
AWS13-11,PPC106LA
AWS13-11,FXK3
AWS13-11,SIMM210
AWS13-11,47ACF
AWS13-11,91ACP
AWS13-11,SGASA204CR
WELDIGNPHNTM,ECPNI032R
WELDIGNPHNTM,TDG2
WELDIGNPHNTM,EEDM503D
WELDIGNPHNTM,RULER602
WELDIGNPHNTM,YA4000B
WELDIGNPHNTM,FB361A
WELDIGNPHNTM,MAGMAT
WELDIGNPHNTM,ECHDD012A
WELDIGNPHNTM,AT4101
WELDIGNPHNTM,TDG1
PTC250,SAG03S12
PTC250,SDG10S25F
PTC250,PTGR450
PTC250,PSO4525
PTC250,PDR5000A
PTC250,SAG03S20
PTC250,PDR3000A
PTC250,PTGR110
PTC250,PTR72
PTC250,DB129C
IPLM16C,IPL26C
IPLM16C,IPL32C
IPLM16C,312IPL
IPLM16C,IPL34C
IPLM16C,IPL38C
IPLM16C,IPLM15C
IPLM16C,IPLM14C
IPLM16C,IPLM21C
IPLM16C,IPLM19C
IPLM16C,IPL28C
AWT100KA,AW1013DK
AWT100KA,AWM110DK
AWT100KA,S6110A
AWT100KA,B1461
AWT100KA,212SFMY
AWT100KA,313TSYA
AWT100KA,SW221
AWT100KA,SW201
AWT100KA,SW181A
AWT100KA,SW241
TWM32,TWM31
TWM32,TWM28
TWM32,TWM26
TWM32,TW441
TWM32,TFM7530B
TWM32,TWM25
TWM32,TW381
TWM32,SWM301
TWM32,206EFABLM
TWM32,SWM281
OEXM8B,OEXM9B
OEXM8B,AWM12D
OEXM8B,SN25A
OEXM8B,SWM101A
OEXM8B,OFW3
OEXM8B,SIMM320
OEXM8B,14V
OEXM8B,SIMM300
OEXM8B,BP32B
OEXM8B,S6118A
PG160,EFPHANNIBALB
PG160,FB302A
PG160,JT13B
PG160,FB303B
PG160,EARPLUGBAND
PG160,OC5A
PG160,GA296B
PG160,RULER601
PG160,MAGMAT
PG160,MAGDISH
S281,S321
S281,XS2024A
S281,XS1820A
S281,XS1416A
S281,XS2226A
S281,XS1618A
S281,VO2224B
S281,VO3032B
S281,VO1012B
S281,VO1416B
IM180A,IM220
IM180A,IM140A
IM180A,IM200
IM180A,IM280
IM180A,IM300
IM180A,BLPTE3816
IM180A,SIM320
IM180A,SIM300
IM180A,SIM260
IM180A,BLPTE3810
211SFY,AWEF6K
211SFY,107ATMPB
211SFY,SWM261
211SFY,AWMEF8K
211SFY,SWM251
211SFY,F261
211SFY,F281
211SFY,F081
211SFY,OEX11B
211SFY,110STMDY
SHDP42IRO,SHDP31IRR
SHDP42IRO,SHD4R
SHDP42IRO,SHD2R
SHDP42IRO,SHD6R
SHDP42IRO,SHDP63IRR
SHDP42IRO,SHD1R
SHDP42IRO,10R
SHDP42IRO,GA98A
SHDP42IRO,BF620C
SHDP42IRO,TWM25
SF101,SF281
SF101,SF141
SF101,SF241
SF101,AWEF6K
SF101,107ATMPB
SF101,F081
SF101,F281
SF101,F221
SF101,F241
SF101,F141
ECHDF042G,ECPNI032R
ECHDF042G,ECARL032R
ECHDF042G,JCK7DBL
ECHDF042G,ECHDD012A
ECHDF042G,MAGMAT
ECHDF042G,ECHDD012AR
ECHDF042G,MAGDISH
ECHDF042G,GLASS50R
ECHDF042G,AT4101
ECHDF042G,ECSPH271
208EPIT,TW441
208EPIT,TW461
208EPIT,TW421
208EPIT,S9711KA
208EPIT,TWM32
208EPIT,TWM30
208EPIT,FZ7A
208EPIT,TFM7530B
208EPIT,CSA12CR
208EPIT,206EFABLM
KRA2422PDG,KRWT2411
KRA2422PDG,KWSN2455AST
KRA2422PDG,KWSP2455ABL
KRA2422PDG,KWSP2455AST
KRA2422PDG,KWSN2455ABL
KRA2422PDG,KCP1422PBO
KRA2422PDG,KRA2411PBO
KRA2422PDG,KRA4008FPBO
KRA2422PDG,KRSC326FPBO
KRA2422PDG,KAERNADD6RD
SHDX60G,414AHD
SHDX60G,LDH362
SHDX60G,LDH442
SHDX60G,LDH462
SHDX60G,LDH602
SHDX60G,LDH422A
SHDX60G,LDH522
SHDX60G,LDH562
SHDX60G,L122
SHDX60G,L8112A
SPBS704AO,317AMMPC
SPBS704AO,UIM225
SPBS704AO,PK23A
SPBS704AO,UPT35
SPBS704AO,117TMM
SPBS704AO,BOERM712
SPBS704AO,AWMG9
SPBS704AO,SN18B
SPBS704AO,HBBD24
SPBS704AO,SFSM16
CTS861MGDB,CTB185
CTS861MGDB,CTS561CHUCK
CTS861MGDB,PH1050
CTS861MGDB,PTR2500
CTS861MGDB,CTC131A
CTS861MGDB,CTB8174
CTS861MGDB,CTC772A
CTS861MGDB,CT825DB
CTS861MGDB,MG725A
CTS861MGDB,CTR867AK2
210FCOMA,211FCOA
210FCOMA,314SCOA
210FCOMA,BLPTE3816
210FCOMA,FA12LE
210FCOMA,IPL38C
210FCOMA,208FRDH
210FCOMA,208FRDHM
210FCOMA,SEPHDSETAOBA
210FCOMA,BLPTE3814
210FCOMA,BLPTE3812
CTPP861DB,PDR5000A
CTPP861DB,PH3050BR
CTPP861DB,CTCO861K2
CTPP861DB,PTGR110
CTPP861DB,PT850
CTPP861DB,CT9010K2
CTPP861DB,PTR2505
CTPP861DB,PTR2500
CTPP861DB,PH1050
CTPP861DB,MG725A
AWT40A,47ACF
AWT40A,SIMM210
AWT40A,SPBS704AR
AWT40A,PPC106LA
AWT40A,SIMM180
AWT40A,FXK3
AWT40A,SIMM170
AWT40A,SGDX80BR
AWT40A,SIMM200
AWT40A,TMXK60
YA4280,BLP15HVLP
YA4280,EARPLUGBAND
YA4280,JT13B
YA4280,UTK100
YA4280,EECT400
YA4280,ECARL032R
YA4280,TDG2
YA4280,EEDM525F
YA4280,JCK7DBL
YA4280,GA296B
TECH2FR100,TECH3FR250
TECH2FR100,TECH1FR240
TECH2FR100,QD1R50A
TECH2FR100,QD3250A
TECH2FR100,110TMSY
TECH2FR100,AWMCG1600B
TECH2FR100,FSS141
TECH2FR100,FSS121
TECH2FR100,FSS181
TECH2FR100,FSS161
AT351,AT118
AT351,PTC250
AT351,CTB185
AT351,PSO4625
AT351,PT850
AT351,PTGR110
AT351,AT2050
AT351,CTC131A
AT351,MG1250
AT351,PH3050BR
MAGMATG,MAGMINI
MAGMATG,MAGSTRIP
MAGMATG,MAGMICRO
MAGMATG,MAGTRAY
MAGMATG,MAGDISH
MAGMATG,ASTFUN19KIT
MAGMATG,EECS150
MAGMATG,GLOVE300BL
MAGMATG,YA1175KIT
MAGMATG,SOSG01BKCL01
PPB1001A,340SSDP
PPB1001A,DS806AK
PPB1001A,YA2020
PPB1001A,218AFP
PPB1001A,SRP3A
PPB1001A,2420A
PPB1001A,AW1020DK
PPB1001A,SGDP64IRBR
PPB1001A,PPC20LB
PPB1001A,317MPC
SG7ASABR,SG4ASHBR
SG7ASABR,SG4ASABR
SG7ASABR,SG5ASABR
SG7ASABR,PPK15
SG7ASABR,SGDXL80BR
SG7ASABR,SR80A
SG7ASABR,SGHBF500A
SG7ASABR,OEXS709B
SG7ASABR,SGD4120BR
SG7ASABR,TW141A
SGRHT6BR,SHCP1B
SGRHT6BR,PHP2A
SGRHT6BR,SGA1714B
SGRHT6BR,SGA102BR
SGRHT6BR,SGA1713B
SGRHT6BR,HCP48BCF
SGRHT6BR,PHP3A
SGRHT6BR,PHP1A
SGRHT6BR,SGD4120BR
SGRHT6BR,PBMP703A
SF121,SF261
SF121,SF241
SF121,SF221
SF121,SF201
SF121,F261
SF121,SF181
SF121,F281
SF121,SF141
SF121,F221
SF121,SF161
S9711KA,S9714MK
S9711KA,S9724RHS
S9711KA,TWM30
S9711KA,TWM32
S9711KA,TFM7530B
S9711KA,SS5A
S9711KA,AWEFBH9K
S9711KA,TW461
S9711KA,206EFABLM
S9711KA,CSA12CR
TMBS8A,AW028D
TMBS8A,XS810A
TMBS8A,XS1618A
TMBS8A,XS67A
TMBS8A,SDMT20D
TMBS8A,SDMT10D
TMBS8A,SDMT25D
TMBS8A,TMXM114
TMBS8A,TMC109A
TMBS8A,ATKIFL
STMD11,XS2024A
STMD11,FXK6
STMD11,SGDX80BR
STMD11,SHD1R
STMD11,SIMM190
STMD11,47ACF
STMD11,F80
STMD11,SGD2BR
STMD11,FU8A
STMD11,TMXK60
FHLX80BO,THLX72
FHLX80BO,THLLF72
FHLX80BO,SHLX80A
FHLX80BO,SHX80B
FHLX80BO,FHOF80A
FHLX80BO,THLL72
FHLX80BO,FH80MP
FHLX80BO,FHLL80
FHLX80BO,FHBB18A
FHLX80BO,SH80A
SGD4120BR,SGDP162BR
SGD4120BR,PT10C
SGD4120BR,SGDXXL20BR
SGD4120BR,SGDX40BR
SGD4120BR,SGDTX90BR
SGD4120BR,PTM30
SGD4120BR,PPC210BK
SGD4120BR,PWZ4
SGD4120BR,SS5A
SGD4120BR,SGD4BR
PPC103A,PPC105LA
PPC103A,PPC203A
PPC103A,PPC106LA
PPC103A,PPC820B
PPC103A,PPC816B
PPC103A,PPC104LA
PPC103A,PPC4A
PPC103A,PPC208A
PPC103A,PPC3A
PPC103A,PPC210A
SFSM19,SFSM18
SFSM19,SFSM11
SFSM19,SFSM16
SFSM19,SFSM17
SFSM19,SFSM9
SFSM19,SFSM15
SFSM19,SFSM14
SFSM19,SFSM12
SFSM19,SFSM8
SFSM19,SFSM10
110TMSY,211FSSY
110TMSY,FSS181
110TMSY,FSS161
110TMSY,112TMMSY
110TMSY,TMMS5
110TMSY,TMMS9
110TMSY,TMMS5.5
110TMSY,TMMS6
110TMSY,TMMS11
110TMSY,TMMS12
AWSGT30A,SGD4BR
AWSGT30A,FX1
AWSGT30A,SGDP42IRBR
AWSGT30A,PPC106LA
AWSGT30A,TMXK60
AWSGT30A,PL400B
AWSGT30A,96ACF
AWSGT30A,SIMM180
AWSGT30A,SGDX80BR
AWSGT30A,FXK11
AWBCG1612,AWBCG1608
AWBCG1612,AWBCG1610
AWBCG1612,SGDP42IRBR
AWBCG1612,SIMM160A
AWBCG1612,SIMM210
AWBCG1612,SPBS12AR
AWBCG1612,47ACF
AWBCG1612,FXK3
AWBCG1612,ATECH3FR300B
AWBCG1612,SIMM150A
SHLF80AG,FHLF80A
SHLF80AG,THLLF72
SHLF80AG,FHBF80A
SHLF80AG,SHN36
SHLF80AG,312IMMS
SHLF80AG,SH80A
SHLF80AG,FLLF80
SHLF80AG,325SIMM
SHLF80AG,SHL80A
SHLF80AG,FHLL80
S6112,B1467A
S6112,S8184
S6112,B3404B
S6112,BT11
S6112,B1356E
S6112,S6111
S6112,BCT1050
S6112,LDT40
S6112,YA824C
S6112,OFW3
AWL14D,FHLF80A
AWL14D,GFAT1E
AWL14D,SGASA204CR
AWL14D,BLPTHC87
AWL14D,PPC4A
AWL14D,FXK11
AWL14D,SHD1R
AWL14D,FXK6
AWL14D,PPC105LA
AWL14D,SIMM180
CAL6DA,GA1D
CAL6DA,CAL6V
CAL6DA,MTEE6
CAL6DA,CAL6EA
CAL6DA,GA3634A
CAL6DA,FB336
CAL6DA,EEPV503
CAL6DA,AT4101
CAL6DA,EECS150
CAL6DA,EECT200
ATECH3FR250B,PRH57A
ATECH3FR250B,317AMMPC
ATECH3FR250B,FADH12C
ATECH3FR250B,212EFTXY
ATECH3FR250B,UPT35
ATECH3FR250B,BTK5
ATECH3FR250B,112STMMY
ATECH3FR250B,212FSMY
ATECH3FR250B,PPC710BK
ATECH3FR250B,TMM4
OEXLM710B,OEXL707B
OEXLM710B,OEXSM710B
OEXLM710B,SOEXM120
OEXLM710B,SOEXM150
OEXLM710B,SOEXM140
OEXLM710B,TM65
OEXLM710B,OEX080B
OEXLM710B,OEXS709B
OEXLM710B,SOEXM100
OEXLM710B,XB605A
TPMB25EM,EC-USB-C-3A
TPMB25EM,ECF35
TPMB25EM,TPM16
TPMB25EM,ECHDD012AR
TPMB25EM,ECPNI032R
TPMB25EM,ECPNG032
TPMB25EM,EEPV509
TPMB25EM,JCK8
TPMB25EM,EEDM503D
TPMB25EM,RULER601
TF72,SF80A
TF72,FLF80A
TF72,FCF72
TF72,310IMMYA
TF72,TMMS6
TF72,TMMS11
TF72,TMMS7
TF72,TMMS9
TF72,TMMS14
TF72,TMMS15
KRSC326FPBO,KRA2007FPBO
KRSC326FPBO,KWSP2455ABL
KRSC326FPBO,KCP1422PBO
KRSC326FPBO,KRA2422PBO
KRSC326FPBO,KRSC46HPBO
KRSC326FPBO,KRSC323PBO
KRSC326FPBO,PLRK21
KRSC326FPBO,KWSN2455AST
KRSC326FPBO,YA438B
KRSC326FPBO,KACKMCFIBER1
SXK5,SXK3
SXK5,SN18B
SXK5,SWM111A
SXK5,TWM21
SXK5,TWM22
SXK5,SW141A
SXK5,SW241
SXK5,SW281
SXK5,SWM101A
SXK5,SWM251
SGA1711BR,SGA1712BR
SGA1711BR,SGA174BR
SGA1711BR,SGA175BR
SGA1711BR,SGA1710BR
SGA1711BR,SGA1714B
SGA1711BR,SGA1713B
SGA1711BR,BDGPL300HG
SGA1711BR,HCP10
SGA1711BR,HCP48BCF
SGA1711BR,SGD4120BR
THLLF72G,FHLX80B
THLLF72G,THLL72
THLLF72G,SHLX80A
THLLF72G,FHOF80A
THLLF72G,SHN36
THLLF72G,SHLL80A
THLLF72G,THRLX72
THLLF72G,THL72
THLLF72G,111TMUSMA
THLLF72G,FHBF80A
SGTT2B,SGTT9B
SGTT2B,SGTT1B
SGTT2B,SGTT8B
SGTT2B,SGTT10B
SGTT2B,SGTT3B
SGTT2B,SGTT7B
SGTT2B,SGTT6B
SGTT2B,SGTT4B
SGTT2B,PWC48
SGTT2B,PALMRAT
SGTT7B,SGTT9B
SGTT7B,SGTT8B
SGTT7B,SGTT3B
SGTT7B,SGTT1B
SGTT7B,SGTT5B
SGTT7B,SGTT10B
SGTT7B,SGTT6B
SGTT7B,BLPPB704
SGTT7B,SGA102BR
SGTT7B,PWC48
YA4190DIS,IM1PT
YA4190DIS,SVTS272A
YA4190DIS,ECHDD012A
YA4190DIS,BB9008
YA4190DIS,EECT200
YA4190DIS,UTK100
YA4190DIS,TPMC25
YA4190DIS,ECPNI032R
YA4190DIS,GA296B
YA4190DIS,JCK8
EEFI500ACORE,UTK100
EEFI500ACORE,TDG2
EEFI500ACORE,IM1PT
EEFI500ACORE,TPGDL2000
EEFI500ACORE,FB316B
EEFI500ACORE,GA296B
EEFI500ACORE,RULER602
EEFI500ACORE,JCK8
EEFI500ACORE,EECT400
EEFI500ACORE,GLASS50R
IPL40C,IPL42C
IPL40C,IPL34C
IPL40C,312IPL
IPL40C,IPL26C
IPL40C,IPL32C
IPL40C,IPL16C
IPL40C,IPL28C
IPL40C,IPL36C
IPL40C,IPL20C
IPL40C,IPLM17C
AW2D,SIMM180
AW2D,SGD4BR
AW2D,PPC103A
AW2D,96ACF
AW2D,SGD8BR
AW2D,BLPTHC87
AW2D,TMXK2
AW2D,PL400B
AW2D,PPC106LA
AW2D,91ACP
AW3-1/2D,47ACF
AW3-1/2D,A2A
AW3-1/2D,FXK3
AW3-1/2D,SIMM240
AW3-1/2D,F80
AW3-1/2D,PPC103A
AW3-1/2D,SIMM180
AW3-1/2D,FXK11
AW3-1/2D,PPC4A
AW3-1/2D,SRPCR3800
AWMEF10K,AWEF11K
AWMEF10K,SSDMR4BR
AWMEF10K,F4LB
AWMEF10K,SGDMRC44B
AWMEF10K,LN46ACF
AWMEF10K,FXK8
AWMEF10K,LN47ACF
AWMEF10K,FXK3
AWMEF10K,FXK6
AWMEF10K,SHD1R
AWM110DK,GF22
AWM110DK,TW481
AWM110DK,KAC1224TCA
AWM110DK,AW1015DK
AWM110DK,HD6529
AWM110DK,STX70E
AWM110DK,YA2850A
AWM110DK,PKNC125C2
AWM110DK,SA16E
AWM110DK,114ATMP
AWMCG1604B,SPBS704AR
AWMCG1604B,FHLF80A
AWMCG1604B,SHD1R
AWMCG1604B,BLPTHC87
AWMCG1604B,SGDP31IRBR
AWMCG1604B,F80
AWMCG1604B,PPC4A
AWMCG1604B,FXK11
AWMCG1604B,SPBS18AR
AWMCG1604B,TMXK60
AWMXL10-4,SIMM220
AWMXL10-4,TMXK2
AWMXL10-4,SPBS24AR
AWMXL10-4,TMXK4
AWMXL10-4,T72
AWMXL10-4,FXK6
AWMXL10-4,ATECH3FR300B
AWMXL10-4,SPBS12AR
AWMXL10-4,BLPTHC87
AWMXL10-4,47ACF
BLP14HVLP,BLP13HVLP
BLP14HVLP,BLP18HVLP
BLP14HVLP,BF555
BLP14HVLP,ECHDD012A
BLP14HVLP,BLP15HVLP
BLP14HVLP,PGP120
BLP14HVLP,GA296B
BLP14HVLP,JT13B
BLP14HVLP,UTK100
BLP14HVLP,IM1PT
CT9038DB,DBTB121
CT9038DB,PTGR110
CT9038DB,DB129C
CT9038DB,PH3050BR
CT9038DB,PTC250
CT9038DB,PSO4625
CT9038DB,AT109
CT9038DB,CTS561BITSET
CT9038DB,CTB8174
CT9038DB,PSO4525
CTINF9010,CTB185
CTINF9010,CTSG861DB
CTINF9010,CTC131A
CTINF9010,CTDFL861
CTINF9010,CTB8187
CTINF9010,CT9080K2
CTINF9010,PTC250
CTINF9010,CT9010K2
CTINF9010,CTB8174
CTINF9010,CTCO861K2
AWL3D,SPBS12AR
AWL3D,TMXK60
AWL3D,SGD6BR
AWL3D,SIMM180
AWL3D,SIMM170
AWL3D,SGD2BR
AWL3D,FXK6
AWL3D,SGD4BR
AWL3D,TMXK2
AWL3D,SIMM200
TMA4.5E,TMA7E
TMA4.5E,PPC4A
TMA4.5E,ATECH3FR300B
TMA4.5E,TMXK60
TMA4.5E,SIMM180
TMA4.5E,SIMM200
TMA4.5E,SGD2BR
TMA4.5E,TMU8B
TMA4.5E,SIMM240
TMA4.5E,PL400B
CSSD50G,CSSD1R
CSSD50G,CSA14CR
CSSD50G,AWPBX10
CSSD50G,SGAS102BG
CSSD50G,PKN500
CSSD50G,SGAS102BR
CSSD50G,CSA12CR
CSSD50G,208FRDHM
CSSD50G,PPB30AK
CSSD50G,86EP
CTR869GDB,CTCO861K2
CTR869GDB,AT5500
CTR869GDB,CT825DB
CTR869GDB,CTDFL861
CTR869GDB,CT9080K2
CTR869GDB,CTR861AK2
CTR869GDB,CT9010K2
CTR869GDB,PH1050
CTR869GDB,PTR72
CTR869GDB,PTR2500
CTS561BITSET,CT861K2
CTS561BITSET,PTB32K
CTS561BITSET,PSO4525
CTS561BITSET,CTS561CHUCK
CTS561BITSET,PDR3000A
CTS561BITSET,AT5500
CTS561BITSET,VWB8B
CTS561BITSET,AT2050
CTS561BITSET,AT118
CTS561BITSET,PSO4625
SPBS8AR,PKNC150
SPBS8AR,SR40K
SPBS8AR,BOERM712
SPBS8AR,SN18B
SPBS8AR,SFSM16
SPBS8AR,SOEX707
SPBS8AR,AWP160
SPBS8AR,SFSM8
SPBS8AR,SRPCR105
SPBS8AR,SFSM11
THLX72,FHLX80B
THLX72,SHX80B
THLX72,THLL72
THLX72,FHOF80A
THLX72,SHLX80A
THLX72,SH80A
THLX72,THLLF72
THLX72,SHLL80A
THLX72,PWZ3A
THLX72,124STTMM
THNF72,340SSDP
THNF72,10SSD
THNF72,FH80MP
THNF72,TZERO
THNF72,103TMXKLA
THNF72,FHBB12A
THNF72,BLPHEXS1418
THNF72,FHBB18A
THNF72,SH80A
THNF72,THRLX72
S3624,A129
S3624,A127
S3624,GAX36
S3624,TWM27
S3624,LSR1580
S3624,OFCA2
S3624,BCS70A
S3624,LSR1000EXT
S3624,S9714MK
S3624,PK23A
SGDMRC103A,TZERO
SGDMRC103A,SGDMRC11A
SGDMRC103A,BTWSMPK
SGDMRC103A,WTG10A
SGDMRC103A,BLPBTWSET
SGDMRC103A,TMR4
SGDMRC103A,WTG8A
SGDMRC103A,SDMT25D
SGDMRC103A,SDMT10D
SGDMRC103A,SDMT20D
SOEX26,SOEX28
SOEX26,SOEX30
SOEX26,SOEX704
SOEX26,SOEX36
SOEX26,SOEX32
SOEX26,SOEX40
SOEX26,AWEF6K
SOEX26,305SIMMY
SOEX26,SOEXM8
SOEX26,AWP160
TMM10,TMM12
TMM10,TMM7
TMM10,TMM15
TMM10,FA12LE
TMM10,STMM11
TMM10,STMM12
TMM10,STMM6
TMM10,STMM5.5
TMM10,FRX181
TMM10,GF22
SHDP63IRR,SHD2R
SHDP63IRR,SHDP42IRR
SHDP63IRR,LDH362
SHDP63IRR,LDH402
SHDP63IRR,LDH482
SHDP63IRR,LDH422A
SHDP63IRR,LDH602
SHDP63IRR,LDH522
SHDP63IRR,414AHD
SHDP63IRR,OXIM6B
FADH8C,FADH6C
FADH8C,FADH10C
FADH8C,FADH12C
FADH8C,PKNC300
FADH8C,AWSG800A
FADH8C,307IPLY
FADH8C,PBMMB5R
FADH8C,XLE605
FADH8C,PTM2
FADH8C,210FCOMA
TWM28,BLPHS1414
TWM28,TWM29
TWM28,TWM31
TWM28,TW461
TWM28,TWM30
TWM28,TW441
TWM28,TWM32
TWM28,TW421
TWM28,TW381
TWM28,TMP12E
CTC772A,CTB8174
CTC772A,CTSG861DB
CTC772A,CTDFL861
CTC772A,CT825DB
CTC772A,CTB8187
CTC772A,CTC131A
CTC772A,CTB185
CTC772A,DBBPT13
CTC772A,CTS561BITSET
CTC772A,PTB32K
IMM210,IMM200
IMM210,IMM230
IMM210,IMM220
IMM210,IMM100A
IMM210,IMM130A
IMM210,IMM180
IMM210,IMM140A
IMM210,IM140A
IMM210,IM160A
IMM210,IM200
TWM19,TWM17
TWM19,TWM18
TWM19,TWM23
TWM19,TWM21
TWM19,TWM20
TWM19,TWM22
TWM19,TWM24
TWM19,TWM29
TWM19,TWM31
TWM19,313TSMYA
TWM24,TWM23
TWM24,TWM22
TWM24,TWM20
TWM24,TWM21
TWM24,TWM18
TWM24,TWM17
TWM24,TWM31
TWM24,TWM25
TWM24,TWM28
TWM24,313TSMYA
MS6A,SGDP42IRBR
MS6A,SIMM190
MS6A,SIMM170
MS6A,FX1
MS6A,SGDP31IRBR
MS6A,FXK3
MS6A,SIMM240
MS6A,FXK6
MS6A,TMU8B
MS6A,SGD4BR
EFPBLACKICE,YA4000B
EFPBLACKICE,BB9008
EFPBLACKICE,UTK100
EFPBLACKICE,TPGDL2000
EFPBLACKICE,RULER600
EFPBLACKICE,JCK7DBL
EFPBLACKICE,SVTSRAD272U
EFPBLACKICE,MAGMAT
EFPBLACKICE,EECT400
EFPBLACKICE,EEDM504F
PWCS7ACFG,AWM110DHK
PWCS7ACFG,PK52A
PWCS7ACFG,AC5C
PWCS7ACFG,786CF
PWCS7ACFG,2004BSKA
PWCS7ACFG,AWCGT500
PWCS7ACFG,PRH57A
PWCS7ACFG,PK53A
PWCS7ACFG,411CF
PWCS7ACFG,PWCSS7ACF
SIM360,SIM400
SIM360,SIM340
SIM360,SIM380
SIM360,SIM180A
SIM360,SIM220
SIM360,SIM320
SIM360,SIM200
SIM360,SIM260
SIM360,IM180A
SIM360,IM240
SWM121A,SWM161
SWM121A,SWM151A
SWM121A,SWM141A
SWM121A,SWM171
SWM121A,SWM221
SWM121A,SWM211
SWM121A,SWM101A
SWM121A,SWM251
SWM121A,SN25A
SWM121A,10SSD
TMM6,TMM9
TMM6,TMM5
TMM6,TMM5.5
TMM6,TMM14
TMM6,TMM10
TMM6,STMM6
TMM6,STMM12
TMM6,STMM5.5
TMM6,STMM8
TMM6,FRX181
PBMP16A,PBMP8A
PBMP16A,PBMP12A
PBMP16A,CSSD1R
PBMP16A,PHP1A
PBMP16A,HBBT16
PBMP16A,PBS704
PBMP16A,1250
PBMP16A,786CF
PBMP16A,SGA175BR
PBMP16A,SIM380
PBMS5O,PBMA5
PBMS5O,PBMA5G
PBMS5O,PBMB5O
PBMS5O,PBMA5O
PBMS5O,PBMA5R
PBMS5O,PBMB5R
PBMS5O,PBMMA5
PBMS5O,PBMMA5R
PBMS5O,PBMMB5G
PBMS5O,SGDP64IRBR
FM12,FM18
FM12,FM11
FM12,FM14
FM12,FM13
FM12,FM10
FM12,340SSDP
FM12,218AFSP
FM12,SWM251
FM12,AWMEF8K
FM12,212SFMY
EEDM503D,MTTL700
EEDM503D,EFPHANNIBALB
EEDM503D,PGP50
EEDM503D,TPM16
EEDM503D,FB360C
EEDM503D,EC-USB-C-3A
EEDM503D,TPMB25EM
EEDM503D,ECFB200BL
EEDM503D,EECR1C
EEDM503D,OC5A
AD8C,AD6C
AD8C,AD12C
AD8C,1512B
AD8C,AC5C
AD8C,PPC20LB
AD8C,BTC7B
AD8C,PT28E
AD8C,BHS13A
AD8C,AC58E
AD8C,HL138ACP
SF201,SF261
SF201,SF241
SF201,SF281
SF201,SF221
SF201,F261
SF201,SF181
SF201,F281
SF201,SF121
SF201,SF141
SF201,F221
214SFY,AWL1010DK
214SFY,30SSD
214SFY,BTWSMPK
214SFY,110ETMAY
214SFY,XO605
214SFY,AD6C
214SFY,PPB30AK
214SFY,AW1013DK
214SFY,SSFP1
214SFY,GA98A
TMMS5,TMMS5.5
TMMS5,TMMS9
TMMS5,TMMS6
TMMS5,TMMS11
TMMS5,TMMS15
TMMS5,TMMS13
TMMS5,TMMS8
TMMS5,TMMS10
TMMS5,TMMS4
TMMS5,110TMSY
AWCG1624B,AWCG1620B
AWCG1624B,AWCG1600B
AWCG1624B,AWCGT40
AWCG1624B,AWCGT30
AWCG1624B,AWCGT27
AWCG1624B,AWCGT500
AWCG1624B,AWMCG1600B
AWCG1624B,AWCGT45
AWCG1624B,SRPCR4700
AWCG1624B,PPC105LA
KRSC430APCM7,KAERNADD6RD
KRSC430APCM7,KRSC326FPBO
KRSC430APCM7,KRA2407PBO
KRSC430APCM7,KRSC430APBO1
KRSC430APCM7,KRA4813FPBO
KRSC430APCM7,KCP2422PBO
KRSC430APCM7,KRA4107FPBO
KRSC430APCM7,PLRK21
KRSC430APCM7,KCP1422PBO
KRSC430APCM7,KRA4008FPBO
KRSC430APWZ7,KAERNADD6RD
KRSC430APWZ7,KRSC326FPBO
KRSC430APWZ7,KRA2407PBO
KRSC430APWZ7,KRSC430APBO1
KRSC430APWZ7,KRA4813FPBO
KRSC430APWZ7,KCP2422PBO
KRSC430APWZ7,MRB12B
KRSC430APWZ7,KRA4107FPBO
KRSC430APWZ7,KRA2422PBO
KRSC430APWZ7,KRA2411PBO
SPBS18AG,SPBS8AR
SPBS18AG,SPBS12AR
SPBS18AG,SOEX38
SPBS18AG,BTC7B
SPBS18AG,317AMMPC
SPBS18AG,TMM4
SPBS18AG,SFSM18
SPBS18AG,SFSM8
SPBS18AG,SR40K
SPBS18AG,PPC205A
KRSC343PC,KWSN2455ABL
KRSC343PC,YA438B
KRSC343PC,KRSC46HPBO
KRSC343PC,KACKMCFIBER1
KRSC343PC,YA389A
KRSC343PC,KRA4810FPBO
KRSC343PC,KRSC430APBO7
KRSC343PC,KRA4008FPBO
KRSC343PC,KRA5311FPBO
KRSC343PC,KRA4107FPBO
JCW80ABL,JCW62R
JCW80ABL,VAC201
JCW80ABL,ASTFUN19KIT
JCW80ABL,YA427B
JCW80ABL,ECHDG052
JCW80ABL,MAGTRAY
JCW80ABL,MRB10B
JCW80ABL,ACT73A
JCW80ABL,ACT413A
JCW80ABL,FB303B
KRA2007FPC,PLRK21
KRA2007FPC,KA2422SETPJH
KRA2007FPC,KCP2422PBO
KRA2007FPC,KRSC46HPBO
KRA2007FPC,KRA4107FPBO
KRA2007FPC,KAERNADD6RD
KRA2007FPC,KCP1422PBO
KRA2007FPC,MRB12B
KRA2007FPC,KACKMCFIBER1
KRA2007FPC,SNA-TBP14
KRA2055FPCM,KA2422SETPJH
KRA2055FPCM,PLRK30
KRA2055FPCM,KRSC326FPBO
KRA2055FPCM,YA389A
KRA2055FPCM,KCP2422PBO
KRA2055FPCM,KAERNADD6RD
KRA2055FPCM,KRSC343PBO
KRA2055FPCM,KASS13
KRA2055FPCM,KRA4107FPBO
KRA2055FPCM,KRSC46HPBO
BTC8A,BL1B
BTC8A,SBT26
BTC8A,AF102
BTC8A,AVSNP01160
BTC8A,QDTPMS
BTC8A,HBPT24
BTC8A,207EFTXY
BTC8A,AC58E
BTC8A,CSA12CR
BTC8A,SR40K
110STMDY,211SFY
110STMDY,SF261
110STMDY,SF281
110STMDY,SF101
110STMDY,SF181
110STMDY,SF121
110STMDY,SF221
110STMDY,SF201
110STMDY,TMD6
110STMDY,214SFY
8HR,XS2024A
8HR,XS1820A
8HR,XS1618A
8HR,TM84
8HR,VO1012B
8HR,XS67A
8HR,TM412
8HR,TM65
8HR,TM82
8HR,GA98A
CDR4P44K3DB,CTS561CHUCK
CDR4P44K3DB,CTB8174
CDR4P44K3DB,CT825DB
CDR4P44K3DB,PTGR100
CDR4P44K3DB,CTR862DB
CDR4P44K3DB,PT338
CDR4P44K3DB,CT9010K2
CDR4P44K3DB,PSO4625
CDR4P44K3DB,CTR867AK2
CDR4P44K3DB,MG1250
CDR4P63L3K2,CTR867AK2
CDR4P63L3K2,PT338
CDR4P63L3K2,CTR861AK2
CDR4P63L3K2,CTB8174
CDR4P63L3K2,MG325
CDR4P63L3K2,AT2050
CDR4P63L3K2,CT9010K2
CDR4P63L3K2,MG725A
CDR4P63L3K2,CTB185
CDR4P63L3K2,DB121C
SFSM20,SFSM21
SFSM20,SFSM6
SFSM20,TMM16
SFSM20,FSM61
SFSM20,FSM71
SFSM20,BOERM22
SFSM20,STMM4.5
SFSM20,TMM4.5
SFSM20,131TMPB
SFSM20,STMM4
SHD2G,SHDP42IRR
SHD2G,SHDP31IRR
SHD2G,SHD4R
SHD2G,SHDP63IRR
SHD2G,SHD1R
SHD2G,TWM25
SHD2G,TWM26
SHD2G,313SYA
SHD2G,BP8B
SHD2G,TW401
L8112A,LDH402
L8112A,LDH442
L8112A,LDH482
L8112A,LDH602
L8112A,LDH522
L8112A,LDH562
L8112A,L872RJ
L8112A,PKNC150
L8112A,SOEX707
L8112A,SOEX38
CTSG861DB,CTCO861K2
CTSG861DB,CTINF9010
CTSG861DB,CTB185
CTSG861DB,CTC131A
CTSG861DB,CTC772A
CTSG861DB,CTR862DB
CTSG861DB,CTB8174
CTSG861DB,PTGR100
CTSG861DB,CGG861DB
CTSG861DB,CTRS761ADB
SW261,SW221
SW261,SW161A
SW261,SW201
SW261,SW361
SW261,SW321
SW261,SW301
SW261,AWEF6K
SW261,SW341
SW261,SW421
SW261,R1618SC
209TFSMYA,S6103A
209TFSMYA,DPT7A
209TFSMYA,SEPIMMSIMMA
209TFSMYA,A179A
209TFSMYA,A159
209TFSMYA,REX25C
209TFSMYA,LDT8
209TFSMYA,305SIMMY
209TFSMYA,208EFTAMXSY
209TFSMYA,LSR1500
FLLF80,TLLF72
FLLF80,SF80A
FLLF80,SLX80A
FLLF80,SX80B
FLLF80,F80MP
FLLF80,SN36
FLLF80,TF72
FLLF80,TM72
FLLF80,FL80
FLLF80,IPLM10C
THLF72G,FHLF80A
THLF72G,THLLF72
THLF72G,SH80A
THLF72G,FHLLF80
THLF72G,FHOF80A
THLF72G,THL72
THLF72G,SHL80A
THLF72G,112TMMY
THLF72G,106BTMX
THLF72G,TMX1
SAM19E,FRX181
SAM19E,GF22
SAM19E,HD6529
SAM19E,TW481
SAM19E,SA16E
SAM19E,KAC1224TCA
SAM19E,STX70E
SAM19E,FAML6E
SAM19E,YA2850A
SAM19E,307ESAY
F181,F281
F181,F241
F181,F201
F181,F221
F181,F141
F181,F121
F181,F101
F181,F081
F181,XS2024A
F181,XS1416A
TM83A,XS2024A
TM83A,XS1416A
TM83A,XS1012A
TM83A,XS1618A
TM83A,VO2224B
TM83A,VO1820B
TM83A,XS67A
TM83A,TM408
TM83A,XS810A
TM83A,TM82
TMM4.5,STMM4.5
TMM4.5,TMMS4.5
TMM4.5,STMM4
TMM4.5,TMM16
TMM4.5,SFSM6
TMM4.5,SFSM7
TMM4.5,SFSM20
TMM4.5,FSM61
TMM4.5,TWM26
TMM4.5,TMM4
KHP415PWZ,KRA4813FPBO
KHP415PWZ,SNA-TBP14
KHP415PWZ,KRSC430APBO7
KHP415PWZ,KRSC46HPBO
KHP415PWZ,KRA2055FPBO
KHP415PWZ,PLRK30
KHP415PWZ,A277
KHP415PWZ,KCP1422PBO
KHP415PWZ,KWSN2455AST
KHP415PWZ,KCP2422PBO
EEDM504F,FB360C
EEDM504F,GA296B
EEDM504F,MTTL300
EEDM504F,PGP120
EEDM504F,TPM16
EEDM504F,EC-USB-C-3A
EEDM504F,PGP50
EEDM504F,RULER600
EEDM504F,UTK100
EEDM504F,FB305A
GLOVE1100M,GLOVE505RL
GLOVE1100M,GLOVE309L
GLOVE1100M,SOSG01BKCL01
GLOVE1100M,GLOVE300BL
GLOVE1100M,GLOVEORIGPLUSL
GLOVE1100M,GLASS50R
GLOVE1100M,YA427B
GLOVE1100M,JCW62R
GLOVE1100M,ACT51234A
GLOVE1100M,FB316B
GLOVE900XLB,GLOVE300BL
GLOVE900XLB,YA427B
GLOVE900XLB,GLOVE309L
GLOVE900XLB,GLOVE1100L
GLOVE900XLB,GLASS50R
GLOVE900XLB,SOSG01BKCL01
GLOVE900XLB,GLOVEORIGPLUSL
GLOVE900XLB,ACT51234A
GLOVE900XLB,JCK7DBL
GLOVE900XLB,ECPNG032
JCW62R,ACT73A
JCW62R,ACT413A
JCW62R,JCW80AR
JCW62R,FB303B
JCW62R,YA427B
JCW62R,VAC201
JCW62R,ASTFUN19KIT
JCW62R,ECHDG052
JCW62R,MAGTRAY
JCW62R,MRB10B
KRA2407PDG,KRA2411PBO
KRA2407PDG,KRA2406BPBO
KRA2407PDG,KASS13
KRA2407PDG,KRA4813FPBO
KRA2407PDG,KCP1422PBO
KRA2407PDG,KRSC323PBO
KRA2407PDG,KRSC430APBO1
KRA2407PDG,KRSC46HPBO
KRA2407PDG,KWSP2455ABL
KRA2407PDG,KRSC326FPBO
312CF,911ACF
312CF,PL803A
312CF,86EP
312CF,490CF
312CF,84CF
312CF,HBBD56
312CF,612AEP
312CF,411CF
312CF,SGD4120BR
312CF,SGDP162BR
GLOVE307M,ECSPH271
GLOVE307M,EEDM596FK
GLOVE307M,EECT200
GLOVE307M,ECHDD012A
GLOVE307M,FB336
GLOVE307M,ECPRA072
GLOVE307M,ECPNI032R
GLOVE307M,ECHDD012AR
GLOVE307M,JCK7DBL
GLOVE307M,EECT900
GLOVE307XX,JT13B
GLOVE307XX,EEDM596FK
GLOVE307XX,UTK150
GLOVE307XX,MTTL800
GLOVE307XX,YAKS42
GLOVE307XX,ECSPH271
GLOVE307XX,MAGMAT
GLOVE307XX,YA1050B
GLOVE307XX,ECHDD012A
GLOVE307XX,EEPV500
SIMM220,SIMM230
SIMM220,SIMM240
SIMM220,SIMM150A
SIMM220,SIMM180
SIMM220,SIMM140A
SIMM220,SIM160A
SIMM220,SIM200
SIMM220,SIM300
SIMM220,SIM360
SIMM220,SIM380
PPK300,PSN500
PPK300,PKN500
PPK300,AWTR8
PPK300,PKN90
PPK300,PPC1A
PPK300,PKNC150
PPK300,AWMXL10
PPK300,PPK15
PPK300,MS3000
PPK300,UIM2RSLT
SWM241,SWM191
SWM241,SWM181
SWM241,SWM171
SWM241,SWM141A
SWM241,SWM251
SWM241,SWM261
SWM241,340SSDP
SWM241,SN25A
SWM241,222AFSP
SWM241,10SSD
ECFD0102,ECPRA072
ECFD0102,ECHDD012AR
ECFD0102,EEDM503D
ECFD0102,ECARL032R
ECFD0102,MAGDISH
ECFD0102,JCK8
ECFD0102,SOSG01BKCL01
ECFD0102,GLOVE900LR
ECFD0102,GLOVE1100L
ECFD0102,GLOVE300BL
PKNC301,USS103
PKNC301,PKNC300
PKNC301,HBPT24
PKNC301,PPB816A
PKNC301,PPC208A
PKNC301,PPC204A
PKNC301,PPC108LA
PKNC301,PPC1A
PKNC301,SPBS8AR
PKNC301,SPBS12AR
AWEF6M6K,AWEF9K
AWEF6M6K,BHM9A
AWEF6M6K,112TMMY
AWEF6M6K,96ACF
AWEF6M6K,FXK3
AWEF6M6K,SGD2BR
AWEF6M6K,SGDP31IRBR
AWEF6M6K,SPBS24AR
AWEF6M6K,SPBS8AR
AWEF6M6K,SPBS18AR
YA4616,ECPNI032R
YA4616,FB361A
YA4616,YA4000B
YA4616,UTK150
YA4616,RULER6
YA4616,ECHDF042
YA4616,JCK8
YA4616,ECHDD012A
YA4616,TDG1
YA4616,JCK7DBL
SF221,SF261
SF221,SF241
SF221,SF281
SF221,SF201
SF221,F261
SF221,SF181
SF221,F281
SF221,SF121
SF221,SF141
SF221,F221
KRA2411PC,KRA6210FPBO
KRA2411PC,KRWT2411
KRA2411PC,KWSN2455AST
KRA2411PC,KWSP2455ABL
KRA2411PC,KRA2422PBO
KRA2411PC,KCP1422PBO
KRA2411PC,YA389A
KRA2411PC,KRA4114FPBO
KRA2411PC,KRSC430APBO7
KRA2411PC,KRSC430APBO1
KRA2411PDC,KRA6210FPBO
KRA2411PDC,KRWT2411
KRA2411PDC,KWSN2455AST
KRA2411PDC,KWSP2455ABL
KRA2411PDC,KRA2422PBO
KRA2411PDC,KCP1422PBO
KRA2411PDC,PLRK27
KRA2411PDC,A277
KRA2411PDC,SNA-TBP14
KRA2411PDC,KRSC323PBO
AWT8A,SGD8BR
AWT8A,SPBS12AR
AWT8A,FXK3
AWT8A,SRPCR4700
AWT8A,SGDP42IRBR
AWT8A,T72
AWT8A,SHD1R
AWT8A,SIMM240
AWT8A,FXK11
AWT8A,SGASA204CR
AWMEF8K,AWEF6K
AWMEF8K,SWM251
AWMEF8K,SWM271
AWMEF8K,AWEF9K
AWMEF8K,VGP12509
AWMEF8K,VGP12808
AWMEF8K,SWM111A
AWMEF8K,SW381
AWMEF8K,SW221
AWMEF8K,SW161A
SGD155CR,SGD153BR
SGD155CR,FZ7A
SGD155CR,USS103
SGD155CR,PTIM5
SGD155CR,120STTM
SGD155CR,PPCD70BK
SGD155CR,SOEXM9
SGD155CR,SW341
SGD155CR,211EFAMY
SGD155CR,206ESSPKPLG2
SIMM360,SIMM350
SIMM360,SIMM290
SIMM360,SIMM320
SIMM360,SN25A
SIMM360,222AFSP
SIMM360,OFW2
SIMM360,OEXM8B
SIMM360,OFW1
SIMM360,310TWMYA
SIMM360,SOEX38
ACT925,ACTUVPROKT
ACT925,ACT51234A
ACT925,ACTR4151A
ACT925,MTTL700
ACT925,SVTS264
ACT925,ACT1290A
ACT925,EECS150
ACT925,CAL6EA
ACT925,EEPV500
ACT925,JCK8
GA296B,PGP120
GA296B,MTTL300
GA296B,PGP50
GA296B,GA460B
GA296B,YA427B
GA296B,ACT83A
GA296B,OC5A
GA296B,RTEMPB7
GA296B,BLP18HVLP
GA296B,FB361A
QD3R150A,BTK5
QD3R150A,QD1R50A
QD3R150A,S6110A
QD3R150A,131A
QD3R150A,QD1R200A
QD3R150A,LSR2000
QD3R150A,QD2FR75B
QD3R150A,LSR1250
QD3R150A,OEXM710B
QD3R150A,S9704KR
FRX181,FA12LE
FRX181,HD6529
FRX181,KAC1224TCA
FRX181,STX70E
FRX181,FAML6E
FRX181,SA16E
FRX181,IMM360
FRX181,RC980
FRX181,SAM19E
FRX181,206EFABL
AW6D,AW4-1/2D
AW6D,AW7D
AW6D,AW4D
AW6D,AW8D
AW6D,AW12D
AW6D,AW10D
AW6D,AW5D
AW6D,AC5C
AW6D,BTC3A
AW6D,SX80B
SDMT10D,SDMT20D
SDMT10D,SDMT25D
SDMT10D,TMBS8A
SDMT10D,GMB3042
SDMT10D,SDM251C
SDMT10D,OXIM9B
SDMT10D,SDM252C
SDMT10D,FSS121
SDMT10D,FSS161
SDMT10D,FSS181
SA16E,FA12LE
SA16E,FRX181
SA16E,BLPHS1414
SA16E,HD6529
SA16E,KAC1224TCA
SA16E,STX70E
SA16E,FAML6E
SA16E,SAM19E
SA16E,YA2850A
SA16E,IMM360
KRSC430APQD7,KAERNADD6RD
KRSC430APQD7,KRSC326FPBO
KRSC430APQD7,KRA2407PBO
KRSC430APQD7,KRSC430APBO1
KRSC430APQD7,KRA4813FPBO
KRSC430APQD7,KCP2422PBO
KRSC430APQD7,KRSC46HPBO
KRSC430APQD7,KRA2422PBO
KRSC430APQD7,YA389A
KRSC430APQD7,TB20AC
PWCS9ACFG,218AFP
PWCS9ACFG,TWM31
PWCS9ACFG,TWM29
PWCS9ACFG,AWL1010DK
PWCS9ACFG,SRP3A
PWCS9ACFG,PWCSS7ACF
PWCS9ACFG,SGDP64IRBR
PWCS9ACFG,317MPC
PWCS9ACFG,SW421
PWCS9ACFG,YA2019
SPBS18A,SPBS24AR
SPBS18A,SPBS8AR
SPBS18A,SOEX38
SPBS18A,UPTM65K
SPBS18A,AWP160
SPBS18A,TMM4
SPBS18A,SFSM16
SPBS18A,SFSM12
SPBS18A,SFSM8
SPBS18A,PPC205A
PH3050BRCH4,PTC250
PH3050BRCH4,PTGR100
PH3050BRCH4,MG1250
PH3050BRCH4,VWB8B
PH3050BRCH4,PTGR110
PH3050BRCH4,PTR72
PH3050BRCH4,MG325
PH3050BRCH4,AT2050
PH3050BRCH4,PH1050
PH3050BRCH4,PH1038
BLP13HVLP,BLP14HVLP
BLP13HVLP,BF555
BLP13HVLP,BLP18HVLP
BLP13HVLP,BLP15HVLP
BLP13HVLP,JT13B
BLP13HVLP,ECARA052A
BLP13HVLP,PGP120
BLP13HVLP,GA296B
BLP13HVLP,UTK100
BLP13HVLP,IM1PT
GLOVE502BLB,EEPV503
GLOVE502BLB,TDG1
GLOVE502BLB,ECSPH271
GLOVE502BLB,FB361A
GLOVE502BLB,TPGDL2000
GLOVE502BLB,EEDM525F
GLOVE502BLB,IM1PT
GLOVE502BLB,EEDM503D
GLOVE502BLB,TPMC25
GLOVE502BLB,YA4000B
A127,A129
A127,A106
A127,S3624
A127,206ESSPKPLG2
A127,S9714MK
A127,BTCP2SA
A127,BTCW800
A127,LSR1500
A127,YA4250
A127,QDTPMS
GF22,FA12LE
GF22,FRX181
GF22,TW481
GF22,HD6529
GF22,FAML6E
GF22,STX70E
GF22,RC980
GF22,TW381
GF22,IMM360
GF22,SAM19E
AWCG1610B,SRPCR3800
AWCG1610B,SPBS24AR
AWCG1610B,47ACF
AWCG1610B,SIMM200
AWCG1610B,TMXK2
AWCG1610B,ATECH2FR125B
AWCG1610B,91ACP
AWCG1610B,SGASA204CR
AWCG1610B,SGDX80BR
AWCG1610B,A2A
BOERM24,BOERM22
BOERM24,BOERM21
BOERM24,IMX32B
BOERM24,SOXRRM710A
BOERM24,214SIMFMYA
BOERM24,SHD2R
BOERM24,SHD6R
BOERM24,SHD4R
BOERM24,PPC4A
BOERM24,TMXK60
BTCP500,SEPIMMSIMMA
BTCP500,TWM27
BTCP500,LSR1450
BTCP500,QD3RN350A
BTCP500,GAX36
BTCP500,TMM4
BTCP500,LSR1000EXT
BTCP500,BTCW800
BTCP500,SOEXM705
BTCP500,UTS105A
CT9100K2,PT850
CT9100K2,CT9080K2
CT9100K2,CTR867AK2
CT9100K2,PTR72
CT9100K2,PTB32K
CT9100K2,CTB8187
CT9100K2,CTR862DB
CT9100K2,AT109
CT9100K2,MG1250
CT9100K2,PH3050BR
XS1012A,XS1416A
XS1012A,XS1214A
XS1012A,XS67A
XS1012A,VO2224B
XS1012A,VO1012B
XS1012A,VO1416B
XS1012A,VO1820B
XS1012A,TM412
XS1012A,TMC106E
XS1012A,TM62B
XS1214A,XS1416A
XS1214A,XS2226A
XS1214A,XS67A
XS1214A,TM84
XS1214A,VO2628B
XS1214A,VO1416B
XS1214A,TM408
XS1214A,TMC104E
XS1214A,TM410
XS1214A,TM62B
KRSC46HPBO,KRSC430APBO7
KRSC46HPBO,KRSC326FPBO
KRSC46HPBO,KRA2407PBO
KRSC46HPBO,KRSC430APBO1
KRSC46HPBO,KRA4813FPBO
KRSC46HPBO,KCP2422PBO
KRSC46HPBO,PLRK27
KRSC46HPBO,KACKMCFIBER1
KRSC46HPBO,KWSN2455AST
KRSC46HPBO,KRA25D
KRSC46HPJJ,KRSC430APBO7
KRSC46HPJJ,KRSC326FPBO
KRSC46HPJJ,KRA2407PBO
KRSC46HPJJ,KRSC430APBO1
KRSC46HPJJ,KRA4813FPBO
KRSC46HPJJ,KCP2422PBO
KRSC46HPJJ,A277
KRSC46HPJJ,KCP1422PBO
KRSC46HPJJ,PLRK21
KRSC46HPJJ,SNA-TBP14
86ACF,XS1012A
86ACF,VO2628B
86ACF,VO1820B
86ACF,VO1012B
86ACF,VO3032B
86ACF,SGDEL10ESD
86ACF,TM65
86ACF,TM82
86ACF,PPC905B
86ACF,TM410
SGDX80BR,XS2024A
SGDX80BR,XS1820A
SGDX80BR,XS1618A
SGDX80BR,XS1012A
SGDX80BR,TM84
SGDX80BR,XS67A
SGDX80BR,VO3032B
SGDX80BR,XS810A
SGDX80BR,TM408
SGDX80BR,TM65
CSA14CR,AW1020DK
CSA14CR,AWM140DK
CSA14CR,207EFTXY
CSA14CR,SOEX38
CSA14CR,FSM61
CSA14CR,BTC7B
CSA14CR,TMMD9
CSA14CR,TMMD6
CSA14CR,TMMD5.5
CSA14CR,TMMD10
CSSD50R,CSSD1R
CSSD50R,PKNC300
CSSD50R,AWPBX10
CSSD50R,SGAS102BG
CSSD50R,PKN500
CSSD50R,SGAS102BR
CSSD50R,CSA12CR
CSSD50R,QDTPMS
CSSD50R,PPB30AK
CSSD50R,86EP
210AFLEY,US712
210AFLEY,AW1020DK
210AFLEY,FTX60E
210AFLEY,AWMEF7K
210AFLEY,PKNG90
210AFLEY,PKRS1
210AFLEY,SWM291
210AFLEY,SWM281
210AFLEY,SWM301
210AFLEY,OFW3
SW341,SW261
SW341,SW221
SW341,SW161A
SW341,SW201
SW341,XS1416A
SW341,XS2226A
SW341,XS1214A
SW341,VO2628B
SW341,TM84
SW341,VO1820B
SVSM807A,OEXSM710B
SVSM807A,SRPCR112
SVSM807A,FADH6C
SVSM807A,PL1000START
SVSM807A,208EPIT
SVSM807A,OEXS709B
SVSM807A,TFM7530B
SVSM807A,PBMP8A
SVSM807A,TWM30
SVSM807A,TWM32
112RTSMA,XDLRM11A
112RTSMA,210RAFSMA
112RTSMA,112RTMA
112RTSMA,IMFLE120A
112RTSMA,207IMFLE
112RTSMA,305SIMMY
112RTSMA,SIMM350
112RTSMA,SIMM290
112RTSMA,RAF80A
112RTSMA,SIMM340
THNF72O,340SSDP
THNF72O,10SSD
THNF72O,AWM110DHK
THNF72O,FH80MP
THNF72O,103TMXKLA
THNF72O,313SWYA
THNF72O,TMS70A
THNF72O,TFTFM932A
THNF72O,TKF72
THNF72O,SHX80B
PT850G,PTGR450
PT850G,PT338
PT850G,PTR72
PT850G,MG325
PT850G,PTR2505
PT850G,PTR2500
PT850G,PTGR100
PT850G,PTC250
PT850G,CTQ838DB
PT850G,VWB8B
KHP415PBO,PLRK27
KHP415PBO,TB50WC
KHP415PBO,KRA4813FPBO
KHP415PBO,KRA2411PBO
KHP415PBO,KRA5311FPBO
KHP415PBO,KRSC430APBO1
KHP415PBO,KRSC430APBO7
KHP415PBO,KCP2422PBO
KHP415PBO,SNA-TBP14
KHP415PBO,KRSC326FPBO
GLOVE900LB,GLOVE505RL
GLOVE900LB,YA427B
GLOVE900LB,GLOVE309L
GLOVE900LB,GLOVE1100L
GLOVE900LB,GLASS50R
GLOVE900LB,SOSG01BKCL01
GLOVE900LB,GLOVEORIGPLUSL
GLOVE900LB,JCW62R
GLOVE900LB,ACT51234A
GLOVE900LB,ECPNG032
PT338,PTR2505
PT338,PTR2500
PT338,PT850
PT338,PTC250
PT338,CTQ838DB
PT338,VWB8B
PT338,PTGR100
PT338,PTR72
PT338,MG1250
PT338,PDR3000A
TMMD9,TMMD12
TMMD9,TMMD5
TMMD9,TMMD7
TMMD9,TMMD6
TMMD9,TMMD5.5
TMMD9,111STMMDY
TMMD9,SR40K
TMMD9,BTC7B
TMMD9,2420A
TMMD9,AW1020DK
TMMDS5.5,TMMDS7
TMMDS5.5,TMMDS6
TMMDS5.5,TMMDS9
TMMDS5.5,TMMDS12
TMMDS5.5,TMMDS15
TMMDS5.5,TMMDS13
TMMDS5.5,TMMDS14
TMMDS5.5,TMMDS8
TMMDS5.5,TMMDS10
TMMDS5.5,111STMMDY
TA18B,TA32A
TA18B,TDG2
TA18B,FB361A
TA18B,BB9008
TA18B,SVTS272A
TA18B,EEBC30A12V
TA18B,RULER600
TA18B,ECHDD012A
TA18B,UTK150
TA18B,EECT424HD
PPC820B,PPC1A
PPC820B,XS1820A
PPC820B,XS1416A
PPC820B,XS2226A
PPC820B,XS1012A
PPC820B,VO2628B
PPC820B,XS1214A
PPC820B,VO1820B
PPC820B,VO1416B
PPC820B,PPC106LA
SX24,SX20
SX24,303SXWKL
SX24,IPL38C
SX24,208AFX
SX24,103TMXKLA
SX24,GAX36
SX24,312IPL
SX24,IPL26C
SX24,IPL32C
SX24,IPL16C
TTX30E,TTX40E
TTX30E,TTX27E
TTX30E,HSPD16
TTX30E,TW381
TTX30E,TW401
TTX30E,210EFTAMY
TTX30E,QD1R50A
TTX30E,TTX25E
TTX30E,144TMPB
TTX30E,SIMM300
SF261,SF181
SF261,SF121
SF261,SF221
SF261,AWL1010DK
SF261,107ATMPB
SF261,211FY
SF261,F081
SF261,F201
SF261,F241
SF261,F121
YA4615,YA1050B
YA4615,RULER6
YA4615,EECT200
YA4615,IM1PT
YA4615,YAKS42
YA4615,GLASS30R
YA4615,MAGMAT
YA4615,EEDM504F
YA4615,SVTS272A
YA4615,BB9008
ECPRD068B,FB316B
ECPRD068B,GLASS30R
ECPRD068B,MTTL800
ECPRD068B,FB361A
ECPRD068B,YAKS42
ECPRD068B,SVTS272A
ECPRD068B,JCK8
ECPRD068B,ECHDF042
ECPRD068B,EEDM525F
ECPRD068B,RULER6
AWMEFBH10K,AWTEFBH11K
AWMEFBH10K,AWEFBH11K
AWMEFBH10K,R404
AWMEFBH10K,RBYA605
AWMEFBH10K,BHM9A
AWMEFBH10K,AWP120
AWMEFBH10K,PWCS9ACF
AWMEFBH10K,SGASA204CR
AWMEFBH10K,47ACF
AWMEFBH10K,BLPTHC87
AWMG9-2,PPC103A
AWMG9-2,TMXK4
AWMG9-2,GFAT1E
AWMG9-2,SIMM170
AWMG9-2,SRPCR3800
AWMG9-2,SGD6BR
AWMG9-2,SPBS12AR
AWMG9-2,PPC106LA
AWMG9-2,SGD2BR
AWMG9-2,FXK6
FL80,SR40K
FL80,TMMD11
FL80,TMMD12
FL80,TMMD6
FL80,TMMD8
FL80,TMMD7
FL80,131A
FL80,B1356E
FL80,AWMG9
FL80,SLL80A
KRA4107FPJK,KRA4114FPBO
KRA4107FPJK,KRA4810FPBO
KRA4107FPJK,YA389A
KRA4107FPJK,KCP1422PBO
KRA4107FPJK,PLRK21
KRA4107FPJK,TB20AC
KRA4107FPJK,KRSC430APBO7
KRA4107FPJK,KRA2055FPBO
KRA4107FPJK,KRSC46HPBO
KRA4107FPJK,KRA2407PBO
208AFX,305ASX
208AFX,SX20
208AFX,206SFSUM
208AFX,SX2
208AFX,AWM140DK
208AFX,SX24
208AFX,SXK3
208AFX,106BTMX
208AFX,TMX1
208AFX,208EFTABMY
KCP2422PC,KWSN2455ABL
KCP2422PC,KRWT2411
KCP2422PC,KWSP2455ABL
KCP2422PC,KWSP2455AST
KCP2422PC,KWSN2455AST
KCP2422PC,KRA2422PBO
KCP2422PC,KCP1422PBO
KCP2422PC,KRA2411PBO
KCP2422PC,KRSC343PBO
KCP2422PC,KRSC326FPBO
KCP2422PDG,KWSN2455ABL
KCP2422PDG,KRWT2411
KCP2422PDG,KWSP2455ABL
KCP2422PDG,KWSP2455AST
KCP2422PDG,KWSN2455AST
KCP2422PDG,KRA2422PBO
KCP2422PDG,KCP1422PBO
KCP2422PDG,KRA2411PBO
KCP2422PDG,KRSC46HPBO
KCP2422PDG,A277
FS241,FS221
FS241,FS121
FS241,FS141
FS241,FS181
FS241,FS201
FS241,FS161
FS241,BHS7A
FS241,SN25A
FS241,TWM31
FS241,ACT1370
AW5D,AW4D
AW5D,AW4-1/2D
AW5D,AW6D
AW5D,AW8D
AW5D,AW7D
AW5D,AW12D
AW5D,AW10D
AW5D,10SSD
AW5D,YA2020
AW5D,TW401
AWBSGM3A,SGD2BR
AWBSGM3A,SGD4BR
AWBSGM3A,SGASA204CR
AWBSGM3A,SGDP31IRBR
AWBSGM3A,TMXK4
AWBSGM3A,96ACF
AWBSGM3A,FU8A
AWBSGM3A,TMU8B
AWBSGM3A,PL400B
AWBSGM3A,SGDX80BR
KRSC430APBO7,KAERNADD6RD
KRSC430APBO7,KRSC326FPBO
KRSC430APBO7,KRA2407PBO
KRSC430APBO7,KRSC430APBO1
KRSC430APBO7,KRA4813FPBO
KRSC430APBO7,KCP2422PBO
KRSC430APBO7,KCP1422PBO
KRSC430APBO7,KWSP2455ABL
KRSC430APBO7,KRA4810FPBO
KRSC430APBO7,PLRK21
KRSC343PJJ,KRA4107FPBO
KRSC343PJJ,KRSC46HPBO
KRSC343PJJ,TB20AC
KRSC343PJJ,A277
KRSC343PJJ,KRSC430APBO1
KRSC343PJJ,KACKMCFIBER1
KRSC343PJJ,KRSC326FPBO
KRSC343PJJ,KCP1422PBO
KRSC343PJJ,KRA4810FPBO
KRSC343PJJ,PLRK21
F4LBK,XS2024A
F4LBK,XS1214A
F4LBK,VO2224B
F4LBK,VO1012B
F4LBK,VO1820B
F4LBK,TM408
F4LBK,VO3032B
F4LBK,TM65
F4LBK,SGDEL10ESD
F4LBK,TM412
JCW80AG,JCW62R
JCW80AG,VAC201
JCW80AG,ASTFUN19KIT
JCW80AG,YA427B
JCW80AG,ECHDG052
JCW80AG,MAGTRAY
JCW80AG,MRB10B
JCW80AG,ACT73A
JCW80AG,ACT413A
JCW80AG,FB303B
GLOVE502BXXB,EEPV503
GLOVE502BXXB,TDG1
GLOVE502BXXB,ECPNH012
GLOVE502BXXB,MAGDISH
GLOVE502BXXB,EEPV509
GLOVE502BXXB,EEDM525F
GLOVE502BXXB,YAKS42
GLOVE502BXXB,BB9008
GLOVE502BXXB,YA1050B
GLOVE502BXXB,TDG2
612AEP,912AEP
612AEP,86EP
612AEP,490CF
612AEP,PPN4050
612AEP,PWC52A
612AEP,TMR4
612AEP,WTG10A
612AEP,BLPBTW4
612AEP,EPC160
612AEP,BLPBTWSET
10R,GA98A
10R,AW1013DK
10R,BF620C
10R,AVSNP01160
10R,STMM4
10R,DS809K
10R,YA337A
10R,BTK5
10R,AC5C
10R,OEX709B
BOERM19,BOERM14
BOERM19,BOERM18
BOERM19,BOERM10
BOERM19,BOERM8
BOERM19,BOERM17
BOERM19,BOERM12
BOERM19,SIM220
BOERM19,SIM300
BOERM19,SIM180A
BOERM19,SIM320
BP32B,BHS7A
BP32B,OEXM8B
BP32B,ACT1370
BP32B,OFW3
BP32B,OFW1
BP32B,VGP104
BP32B,OFW2
BP32B,OEXM7B
BP32B,BT11
BP32B,S6118A
BTC3A,SPBS24A
BTC3A,208CCP
BTC3A,BLPH389
BTC3A,1512B
BTC3A,OEXM9B
BTC3A,OEXM8B
BTC3A,TF5A
BTC3A,STMM4
BTC3A,PW18C
BTC3A,AC5C
ECSPL052,EEDM504F
ECSPL052,FB361A
ECSPL052,RULER601
ECSPL052,ECHDD012A
ECSPL052,EECT400
ECSPL052,BB9008
ECSPL052,FB316B
ECSPL052,EECT900
ECSPL052,ECARL032R
ECSPL052,AT4101
ACT1370,SN25A
ACT1370,SWM101A
ACT1370,OEXM9B
ACT1370,PK53A
ACT1370,LSR2000
ACT1370,LSR1150
ACT1370,B3404B
ACT1370,AC58E
ACT1370,BP32B
ACT1370,SRP3B
ATI590SMKSP1,STMD9
ATI590SMKSP1,STMD6
ATI590SMKSP1,STMD11
ATI590SMKSP1,STMD7
ATI590SMKSP1,STMD14
ATI590SMKSP1,STMD18
ATI590SMKSP1,STMD16
ATI590SMKSP1,STMD10
ATI590SMKSP1,STMD8
ATI590SMKSP1,STMD12
BLPSM1413,BLPSM149
BLPSM1413,BLPSM1411
BLPSM1413,BLPSM147
BLPSM1413,BLPSM145
BLPSM1413,BLPSM144
BLPSM1413,BLPSM1412
BLPSM1413,BLPSM148
BLPSM1413,BLPSM1410
BLPSM1413,BLPTXK4
BLPSM1413,TMMS15
BLPT1427,BLPT1415
BLPT1427,BLPT149
BLPT1427,BLPT147
BLPT1427,BLPH14316
BLPT1427,BLPH1418
BLPT1427,BLPT1410
BLPT1427,BLPH14532
BLPT1427,BLPT1260
BLPT1427,BLPTE1220
BLPT1427,BLPT3840
BLPT1430,BLPT1427
BLPT1430,BLPT1425
BLPT1430,BLPH14964
BLPT1430,BLPT1420
BLPT1430,BLPH14732
BLPT1430,BLPH126
BLPT1430,BLPH1414
BLPT1430,BLPH1418
BLPT1430,BLPT1415
BLPT1430,BLPT1255
BLPT146,BLPT147
BLPT146,BLPT149
BLPT146,BLPT148
BLPT146,BLPT1427
BLPT146,BLPT1425
BLPT146,BLPT1420
BLPT146,BLPT3845
BLPT146,BLPT3850
BLPT146,BLPT3840
BLPT146,BLPT1430
BLPT3850,BLPT1255
BLPT3850,BLPH1418
BLPT3850,BLPT148
BLPT3850,BLPT1427
BLPT3850,BLPH14732
BLPT3850,BLPH3838
BLPT3850,BLPT146
BLPT3850,BLPH387
BLPT3850,BLPT1260
BLPT3850,BLPTE1218
BLPTE1218,BLPTE1220
BLPTE1218,BLPTE1222
BLPTE1218,BLPTE146
BLPTE1218,BLPTE144
BLPTE1218,BLPTE147
BLPTE1218,BLPTE148
BLPTE1218,BLPT148
BLPTE1218,BLPT1255
BLPTE1218,BLPT1427
BLPTE1218,BLPT1420
BLPTE1222,BLPTE1224
BLPTE1222,BLPTE1220
BLPTE1222,BLPTE1218
BLPTE1222,BLPTE144
BLPTE1222,BLPTE146
BLPTE1222,BLPTE147
BLPTE1222,BLPTE3816
BLPTE1222,BLPTE3810
BLPTE1222,BLPTE3812
BLPTE1222,LP404
BLPTE147,BLPTE145
BLPTE147,BLPTE144
BLPTE147,BLPTE146
BLPTE147,BLPTE148
BLPTE147,BLPTE1222
BLPTE147,BLPTE1218
BLPTE147,BLPTE1220
BLPTE147,BLPTE3814
BLPTE147,BLPTE3812
BLPTE147,BLPTE3810
BLPTE3814,BLPTE3816
BLPTE3814,BLPTE3812
BLPTE3814,BLPTE144
BLPTE3814,BLPTE147
BLPTE3814,BLPTE1222
BLPTE3814,BLPTE1218
BLPTE3814,BLPTE146
BLPTE3814,310IMMYA
BLPTE3814,BHM9A
BLPTE3814,211FCOA
BLPTE3816,BLPTE3814
BLPTE3816,BLPTE3810
BLPTE3816,OXIM6B
BLPTE3816,BLPTE1218
BLPTE3816,BLPTE1222
BLPTE3816,BLPTE1224
BLPTE3816,BLPTE147
BLPTE3816,BLPT1410
BLPTE3816,BLPT1420
BLPTE3816,211FCOA
BLPTL1427,BLPTL147
BLPTL1427,BLPTL148
BLPTL1427,BLPTL146
BLPTL1427,BLPTL1260
BLPTL1427,BLPTL3850
BLPTL1427,BLPTL1425
BLPTL1427,BLPTL3845
BLPTL1427,BLPTL1420
BLPTL1427,BLPTL3840
BLPTL1427,BLPT1415
BLPTS1425,BLPTS1420
BLPTS1425,BLPTS1430
BLPTS1425,BLPTS1415
BLPTS1425,BLPTS1410
BLPTS1425,BLPHSM1410
BLPTS1425,BLPHSM146
BLPTS1425,BLPHSM145
BLPTS1425,BLPHSM148
BLPTS1425,RTD48
BLPTS1425,PWCS7ACF
BDGPL410HG,BDGPL412HG
BDGPL410HG,BDGPL411HG
BDGPL410HG,XFR704
BDGPL410HG,PL803A
BDGPL410HG,RBYA605
BDGPL410HG,YA900
BDGPL410HG,UIM2LT
BDGPL410HG,HBBT16
BDGPL410HG,PPK300
BDGPL410HG,915CF
BDGPL412HG,BDGPL410HG
BDGPL412HG,BDGPL411HG
BDGPL412HG,LIL59000
BDGPL412HG,XDHF605
BDGPL412HG,915CF
BDGPL412HG,AWP45
BDGPL412HG,TFTFM932A
BDGPL412HG,UTS105A
BDGPL412HG,912AEP
BDGPL412HG,490CF
BFCR708A,BFCRM712A
BFCR708A,XFRR704
BFCR708A,XLE605
BFCR708A,208FRDH
BFCR708A,FRW10
BFCR708A,210FCOMA
BFCR708A,XDSGM607K1O
BFCR708A,XDSGM607K1G
BFCR708A,XFRM705
BFCR708A,XFRRM705
BLPH12916,91ACP
BLPH12916,PPC103A
BLPH12916,F80
BLPH12916,SIMM220
BLPH12916,96ACF
BLPH12916,SRPCR3800
BLPH12916,SPBS24AR
BLPH12916,BLPTHC87
BLPH12916,FU8A
BLPH12916,SIMM170
BLPHL38732,SGD8BR
BLPHL38732,PL400B
BLPHL38732,SGASA204CR
BLPHL38732,PPC105LA
BLPHL38732,96ACF
BLPHL38732,SPBS704AR
BLPHL38732,47ACF
BLPHL38732,SPBS8AR
BLPHL38732,SRPCR3800
BLPHL38732,FXK3
BLPHL388,BLPHL387
BLPHL388,BLPHL3810
BLPHL388,SPBS12AR
BLPHL388,BLPHL145
BLPHL388,BLPHL144
BLPHL388,BLPHL146
BLPHL388,BLPH387
BLPHL388,BLPH388
BLPHL388,BLPH386
BLPHL388,BLPH38732
AOGMHC,SW321
AOGMHC,SW221
AOGMHC,SW301
AOGMHC,SW281
AOGMHC,SW141A
AOGMHC,SW181A
AOGMHC,SW241
AOGMHC,SW161A
AOGMHC,TM84
AOGMHC,SEPSTARTERA
ATKBFL,VO1820B
ATKBFL,VO2628B
ATKBFL,VO1012B
ATKBFL,VO1416B
ATKBFL,VO3032B
ATKBFL,VO2224B
ATKBFL,TM65
ATKBFL,107ATMPB
ATKBFL,AW1013DK
ATKBFL,YA337A
BLPHSM148,BLPHSM1410
BLPHSM148,BLPHSM145
BLPHSM148,BLPHSM146
BLPHSM148,BLPTS1420
BLPHSM148,BLPTS1415
BLPHSM148,BLPTS1425
BLPHSM148,BLPTS1430
BLPHSM148,BLPTS1410
BLPHSM148,SPBS24AR
BLPHSM148,PL400B
BLPPB704,A36A
BLPPB704,PWZ0A
BLPPB704,PBMP703A
BLPPB704,ATECH4RS600
BLPPB704,PPC210BK
BLPPB704,HSPD16
BLPPB704,IPL38C
BLPPB704,SR40K
BLPPB704,BP40B
BLPPB704,PPC210A
BLPT1255,BLPT1260
BLPT1255,BLPH14316
BLPT1255,BLPT1427
BLPT1255,BLPT148
BLPT1255,BLPTE1218
BLPT1255,OXIM7B
BLPT1255,BLPTE146
BLPT1255,BLPH387
BLPT1255,BLPT1420
BLPT1255,BLPT1430
BLPTE1220,BLPTE1218
BLPTE1220,BLPTE1222
BLPTE1220,BLPTE1224
BLPTE1220,BLPTE144
BLPTE1220,BLPTE146
BLPTE1220,BLPTE147
BLPTE1220,BLPTE148
BLPTE1220,BLPT1427
BLPTE1220,BLPT1420
BLPTE1220,BLPTE3816
BLPTE3810,BLPTE3814
BLPTE3810,BLPTE3812
BLPTE3810,OXIM6B
BLPTE3810,BLPTE1222
BLPTE3810,BLPTE146
BLPTE3810,BLPTE144
BLPTE3810,BLPTE148
BLPTE3810,BLPTE1224
BLPTE3810,BLPTE147
BLPTE3810,BLPT1415
BLPTL1255,BLPTL3850
BLPTL1255,BLPTL3840
BLPTL1255,BLPTL3845
BLPTL1255,BLPTL1415
BLPTL1255,BLPTL1425
BLPTL1255,BLPTL1430
BLPTL1255,BLPTL147
BLPTL1255,BLPTL146
BLPTL1255,BLPTL148
BLPTL1255,BLPTL149
BLPXZNM389,BLPBSS40
BLPXZNM389,AWCGT500
BLPXZNM389,BLPTORX1410
BLPXZNM389,QD3RN350A
BLPXZNM389,208EFTAMXSY
BLPXZNM389,UTV617A
BLPXZNM389,OEXM270B
BLPXZNM389,210EFTAMY
BLPXZNM389,HCP10
BLPXZNM389,BTWOS
BLPBSS40,BLPXZNM389
BLPBSS40,XLE605
BLPBSS40,SHCP1B
BLPBSS40,GA265A
BLPBSS40,305SXWP
BLPBSS40,BP24B
BLPBSS40,HCP10
BLPBSS40,111TMUSMA
BLPBSS40,106ATMXW
BLPBSS40,206AFXW
BLPH1212,SRPCR4700
BLPH1212,F80
BLPH1212,TMXK60
BLPH1212,SPBS704AR
BLPH1212,TMXK4
BLPH1212,SIMM160A
BLPH1212,FXK3
BLPH1212,PPC105LA
BLPH1212,SIMM200
BLPH1212,SRPCR3800
BLPH124,BLPH14316
BLPH124,BLPH1418
BLPH124,BLPH123
BLPH124,BLPH3838
BLPH124,BLPH386
BLPH124,BLPT1427
BLPH124,BLPH388
BLPH124,BLPH3810
BLPH124,BLPT1425
BLPH124,BLPT1430
BLPH1425,SIMM240
BLPH1425,96ACF
BLPH1425,SGDP42IRBR
BLPH1425,SPBS8AR
BLPH1425,TMXK60
BLPH1425,ATECH3FR300B
BLPH1425,FXK3
BLPH1425,PPC105LA
BLPH1425,91ACP
BLPH1425,SRPCR3800
BLPH3810,BLPH388
BLPH3810,BLPH389
BLPH3810,BLPH387
BLPH3810,BLPH38516
BLPH3810,BLPH38732
BLPH3810,BLPH386
BLPH3810,BLPH3814
BLPH3810,BLPH3838
BLPH3810,BLPT3840
BLPH3810,BLPT1430
BLPHS1438,SHD1R
BLPHS1438,SGD2BR
BLPHS1438,TMXK4
BLPHS1438,SIMM170
BLPHS1438,PPC4A
BLPHS1438,TMXK2
BLPHS1438,F80
BLPHS1438,SIMM190
BLPHS1438,ATECH2FR125B
BLPHS1438,FXK3
CTTOTEAC,KRA2407PBO
CTTOTEAC,KWSN2455ABL
CTTOTEAC,KRA4008FPBO
CTTOTEAC,PLRK27
CTTOTEAC,KACKMCFIBER1
CTTOTEAC,SNA-TBP14
CTTOTEAC,KRSC46HPBO
CTTOTEAC,KCP1422PBO
CTTOTEAC,KRSC430APBO1
CTTOTEAC,KRSC430APBO7
BLPPKS5-1/4,T72
BLPPKS5-1/4,SPBS18AR
BLPPKS5-1/4,FXK11
BLPPKS5-1/4,ATECH3FR300B
BLPPKS5-1/4,SPBS704AR
BLPPKS5-1/4,SRPCR4700
BLPPKS5-1/4,SGDP31IRBR
BLPPKS5-1/4,SPBS8AR
BLPPKS5-1/4,PPC103A
BLPPKS5-1/4,SIMM210
BLPSM144,BLPSM145
BLPSM144,BLPSM146
BLPSM144,BLPSM149
BLPSM144,BLPSM1411
BLPSM144,BLPSM147
BLPSM144,BLPSM1413
BLPSM144,BLPSM1412
BLPSM144,BLPSM148
BLPSM144,BLPSM1410
BLPSM144,BLPTXK4
BLPT1410,BLPT149
BLPT1410,BLPT146
BLPT1410,BLPT147
BLPT1410,BLPT148
BLPT1410,BLPT1415
BLPT1410,BLPT1427
BLPT1410,BLPT3845
BLPT1410,BLPT1260
BLPT1410,BLPTE1220
BLPT1410,BLPT3850
BLPT3845,BLPH3814
BLPT3845,BLPH38516
BLPT3845,BLPT3840
BLPT3845,BLPT3850
BLPT3845,BLPT147
BLPT3845,BLPT148
BLPT3845,BLPT1255
BLPT3845,BLPT1410
BLPT3845,BLPT1425
BLPT3845,BLPTE146
BLPTL3840,BLPTL3850
BLPTL3840,BLPTL1255
BLPTL3840,BLPTL146
BLPTL3840,BLPTL147
BLPTL3840,BLPTL1415
BLPTL3840,BLPTL1427
BLPTL3840,BLPTL1410
BLPTL3840,BLPTL1430
BLPTL3840,BLPTL1420
BLPTL3840,BLPT3840
BLPTS1410,BLPTS1420
BLPTS1410,BLPTS1415
BLPTS1410,BLPTS1425
BLPTS1410,BLPTS1430
BLPTS1410,BLPHSM146
BLPTS1410,BLPHSM1410
BLPTS1410,BLPHSM148
BLPTS1410,BLPHSM145
BLPTS1410,BLPHM1212
BLPTS1410,BLPH1217
BLPH1217,BLPH1214
BLPH1217,BLPH1219
BLPH1217,207EFAMY
BLPH1217,FAM8E
BLPH1217,GSAF1F
BLPH1217,GFAT1E
BLPH1217,BLPHL144
BLPH1217,BLPHL146
BLPH1217,BLPHM1212
BLPH1217,BLPTE146
LBUK1,PG160
LBUK1,ECFB200BL
LBUK1,SOSG01BKCL01
LBUK1,RULER6
LBUK1,MRB10B
LBUK1,GLOVE300BL
LBUK1,MTIND683A
LBUK1,GLASS90BYEAR
LBUK1,GLOVE505RL
LBUK1,WELDIGNGRANITE
GA53A,XS2024A
GA53A,XS1820A
GA53A,XS1012A
GA53A,XS2226A
GA53A,TM84
GA53A,VO2628B
GA53A,VO1416B
GA53A,VO1820B
GA53A,VO3032B
GA53A,TM408
GLOVEORIGPLUSXXL,EEDM503D
GLOVEORIGPLUSXXL,RULER600
GLOVEORIGPLUSXXL,RULER601
GLOVEORIGPLUSXXL,YA4000B
GLOVEORIGPLUSXXL,EECT400
GLOVEORIGPLUSXXL,TPGDL2000
GLOVEORIGPLUSXXL,MAGDISH
GLOVEORIGPLUSXXL,EEBC30A12V
GLOVEORIGPLUSXXL,EEDM504F
GLOVEORIGPLUSXXL,JCK8
HD6529,FA12LE
HD6529,KAC1224TCA
HD6529,STX70E
HD6529,FAML6E
HD6529,YA2850A
HD6529,SA16E
HD6529,IMM360
HD6529,SAM19E
HD6529,TW381
HD6529,206EFABL
SOXRRM704ISS,SOXRR707A
SOXRRM704ISS,106ATMXW
SOXRRM704ISS,SOXRRM710A
SOXRRM704ISS,SHLX80A
SOXRRM704ISS,TMMDS10
SOXRRM704ISS,TMMDS5
SOXRRM704ISS,TMMDS5.5
SOXRRM704ISS,TMMDS13
SOXRRM704ISS,TMMDS6
SOXRRM704ISS,TMMDS7
SOXRRM710,AWCGT500
SOXRRM710,QD3RN350A
SOXRRM710,SOXRR707A
SOXRRM710,208EFTAMXSY
SOXRRM710,UTS105A
SOXRRM710,FAML6E
SOXRRM710,FA12LE
SOXRRM710,HD6529
SOXRRM710,SA16E
SOXRRM710,KAC1224TCA
GA98A,XS2226A
GA98A,XS1214A
GA98A,VO2628B
GA98A,VO1820B
GA98A,AWL1010DK
GA98A,TM408
GA98A,TM412
GA98A,TM65
GA98A,TM82
GA98A,TMC104E
SBT26,YA9350B
SBT26,LIL59000
SBT26,LDT8
SBT26,CJ2001P
SBT26,SHP2KT
SBT26,YA824C
SBT26,PWZ4
SBT26,SR40K
SBT26,UIM2FL
SBT26,PWZ0A
JT17A,GLASS30R
JT17A,PGP50
JT17A,GA296B
JT17A,UTK100
JT17A,GLOVE300BL
JT17A,JT13B
JT17A,ECARA052A
JT17A,BLP15HVLP
JT17A,BLP18HVLP
JT17A,EARPLUGBAND
LDT8,S6103A
LDT8,DPT7A
LDT8,S9538A
LDT8,YA9350B
LDT8,GCP10
LDT8,A179A
LDT8,SIMM340
LDT8,B1461
LDT8,209TFSMYA
LDT8,CJ2001P
LDTM3812,VO1416B
LDTM3812,VO1012B
LDTM3812,VO1820B
LDTM3812,VO2224B
LDTM3812,VO3032B
LDTM3812,TM84
LDTM3812,TM65
LDTM3812,TMC104E
LDTM3812,TM83A
LDTM3812,TM5
LIL59000,SBT26
LIL59000,RXS605B
LIL59000,LP5WR
LIL59000,110RTSMA
LIL59000,LDT40
LIL59000,TF528D
LIL59000,BDGPL410HG
LIL59000,OFC14KT
LIL59000,208CCP
LIL59000,110TMSY
SEPABODYADD,UTS105A
SEPABODYADD,VGP12418
SEPABODYADD,VGP12808
SEPABODYADD,VGP12406
SEPABODYADD,VGP12412
SEPABODYADD,PKRS1
SEPABODYADD,AC5C
SEPABODYADD,A177A
SEPABODYADD,PK23A
SEPABODYADD,SOEXM9
SEPAMTSETA,VO1820B
SEPAMTSETA,VO2628B
SEPAMTSETA,VO1012B
SEPAMTSETA,VO1416B
SEPAMTSETA,VO3032B
SEPAMTSETA,VO2224B
SEPAMTSETA,S321
SEPAMTSETA,TM65
SEPAMTSETA,ATKIFL
SEPAMTSETA,XS2024A
SEPAUTOADDA,91ACP
SEPAUTOADDA,PL400B
SEPAUTOADDA,SPBS24AR
SEPAUTOADDA,FHLF80A
SEPAUTOADDA,ATECH2FR125B
SEPAUTOADDA,PPC105LA
SEPAUTOADDA,A2A
SEPAUTOADDA,SRPCR3800
SEPAUTOADDA,F80
SEPAUTOADDA,SGD2BR
SEPPROK1POTA,FX1
SEPPROK1POTA,96ACF
SEPPROK1POTA,FHLF80A
SEPPROK1POTA,SGDX80BR
SEPPROK1POTA,TMU8B
SEPPROK1POTA,47ACF
SEPPROK1POTA,TMXK2
SEPPROK1POTA,FU8A
SEPPROK1POTA,SPBS12AR
SEPPROK1POTA,ATECH2FR125B
SEPU12TWA,QD1R200A
SEPU12TWA,QD2R100A
SEPU12TWA,F80
SEPU12TWA,S8184
SEPU12TWA,S6112
SEPU12TWA,B1458C
SEPU12TWA,B1467A
SEPU12TWA,S6110A
SEPU12TWA,S6111
SEPU12TWA,BCT1050
SRES28,SRES22
SRES28,SRES18
SRES28,SRES26
SRES28,SRES20
SRES28,SRES24
SRES28,FTA35
SRES28,208FRDHM
SRES28,L872RM
SRES28,SHN36
SRES28,490CF
SSR7,SSM5A
SSR7,BLPBTW6
SSR7,REX13C
SSR7,HBBD8
SSR7,SSFP2
SSR7,SGDMRC11A
SSR7,PWZ1A
SSR7,F4LBK
SSR7,211FCOA
SSR7,SGDP162BR
TBS200A,TF275A
TBS200A,TC15A
TBS200A,TF528D
TBS200A,TF5A
TBS200A,AVSNP01160
TBS200A,PPC208A
TBS200A,PPC104LA
TBS200A,SRPCR107
TBS200A,LP404
TBS200A,312CF
LSR1000EXT,LSR1150
LSR1000EXT,LSR1580
LSR1000EXT,LSR1450
LSR1000EXT,LSR1250
LSR1000EXT,222AFSP
LSR1000EXT,SWM111A
LSR1000EXT,OFW3
LSR1000EXT,SWM101A
LSR1000EXT,PKNC125C2
LSR1000EXT,OEXM7B
OFC7374-14,106TMUSMA
OFC7374-14,SGD153BR
OFC7374-14,FZ7A
OFC7374-14,TMUSM11A
OFC7374-14,BHS13A
OFC7374-14,208EFAY
OFC7374-14,TMUS181A
OFC7374-14,106TMUSA
OFC7374-14,OFW4KT
OFC7374-14,S9706KRA
PBMA5,PBMMA5
PBMA5,PBMA5G
PBMA5,PBMA5R
PBMA5,PBMS5R
PBMA5,PBMMS5
PBMA5,PBMMB5G
PBMA5,BJP1
PBMA5,PBMMB5R
PBMA5,PBMB5R
PBMA5,PBMP703A
PBMMB5,PBMMS5
PBMMB5,PBMMA5
PBMMB5,PBMMA5O
PBMMB5,PBMMB5O
PBMMB5,PBMMS5O
PBMMB5,PBMA5
PBMMB5,PBMMB5R
PBMMB5,PBMMA5R
PBMMB5,SDDDM1AR
PBMMB5,F80MP
PK23A,SPBS24A
PK23A,207EFAMY
PK23A,AD12C
PK23A,S9704KA
PK23A,UIM225
PK23A,317AMMPC
PK23A,LP10WR
PK23A,SOEX707
PK23A,206EAU
PK23A,SGDMRC44B
PK70,BTCP400
PK70,SRP400B
PK70,PK53A
PK70,YA339A
PK70,SRP3B
PK70,312IMMS
PK70,305ASX
PK70,SX2
PK70,F4LB
PK70,SRPCR105
PPK20,TMXK60
PPK20,SGASA204CR
PPK20,FXK6
PPK20,SGD4BR
PPK20,SIMM170
PPK20,TMU8B
PPK20,BLPTHC87
PPK20,SIMM220
PPK20,SIMM180
PPK20,SGDP31IRBR
R3032C,SGD2BR
R3032C,SPBS18AR
R3032C,SGD4BR
R3032C,SIMM190
R3032C,A2A
R3032C,TMXK2
R3032C,TMXK60
R3032C,SRPCR3800
R3032C,SHD1R
R3032C,SIMM180
SAG10S18,PH3050BR
SAG10S18,PTR2505
SAG10S18,PTC250
SAG10S18,PTGR450
SAG10S18,PTGR100
SAG10S18,PSO4625
SAG10S18,MG1250
SAG10S18,PTGR110
SAG10S18,CTB8174
SAG10S18,CTR861AK2
KWSN2455ABL,KCP1422PBO
KWSN2455ABL,KCP2422PBO
KWSN2455ABL,KRA2422PBO
KWSN2455ABL,KRA2411PBO
KWSN2455ABL,YA438B
KWSN2455ABL,KRA4810FPBO
KWSN2455ABL,A277
KWSN2455ABL,KRSC430APBO7
KWSN2455ABL,KRSC46HPBO
KWSN2455ABL,PLRK21
SOXRR702,FA12LE
SOXRR702,FRX181
SOXRR702,KAC1224TCA
SOXRR702,HD6529
SOXRR702,STX70E
SOXRR702,SA16E
SOXRR702,YA2850A
SOXRR702,9100GSM
SOXRR702,TW381
SOXRR702,209EFTXBY
SRPCR3800,SRPCR4700
SRPCR3800,SN25A
SRPCR3800,SW421
SRPCR3800,786CF
SRPCR3800,TFM7530B
SRPCR3800,SRP3A
SRPCR3800,222AFSP
SRPCR3800,OEXM9B
SRPCR3800,TWM32
SRPCR3800,SWM111A
SSF1,PPN4050
SSF1,SSFP1
SSF1,SSFP2
SSF1,SEPAMTSETA
SSF1,OXIM707SBK
SSF1,TMR4
SSF1,OEX080B
SSF1,OEXS709B
SSF1,OXI707BK
SSF1,YA2019
SRES18,SRES22
SRES18,SRES28
SRES18,SRES26
SRES18,SRES20
SRES18,SRES24
SRES18,208FRDHM
SRES18,208FRDH
SRES18,L872RM
SRES18,SHN36
SRES18,211FCOA
TB40C,KRSC343PBO
TB40C,YA389A
TB40C,KRA2007FPBO
TB40C,KCP1422PBO
TB40C,KWSN2455AST
TB40C,KCP2422PBO
TB40C,KRA2422PBO
TB40C,PLRK21
TB40C,KRSC46HPBO
TB40C,KRA2407PBO
TES8B,R2022C
TES8B,R2830C
TES8B,R2426C
TES8B,R2428C
TES8B,R1214C
TES8B,R1011C
TES8B,R810C
TES8B,R1012C
TES8B,TM10G
TES8B,F80FOD
LSR1250,222AFSP
LSR1250,ACT1370
LSR1250,SWM101A
LSR1250,OEXM9B
LSR1250,LSR1000EXT
LSR1250,SIMM320
LSR1250,OEXM7B
LSR1250,BP32B
LSR1250,SIMM360
LSR1250,AC58E
MS800,SW421
MS800,PPB826A
MS800,MS400A
MS800,PPC5A
MS800,PKRS1
MS800,GAJ12A
MS800,TMA3.5E
MS800,TMA3E
MS800,AWMG9
MS800,SWM221
PKWLR53A,SOEXM9
PKWLR53A,SGDX40BR
PKWLR53A,SOEXM8
PKWLR53A,F12LB
PKWLR53A,211FSY
PKWLR53A,FS221
PKWLR53A,FS121
PKWLR53A,FS141
PKWLR53A,FS201
PKWLR53A,PRH57A
PBMMS5R,PBMMB5R
PBMMS5R,PBMMS5O
PBMMS5R,PBMMS5G
PBMMS5R,PBMA5R
PBMMS5R,PBMMB5O
PBMMS5R,PBMMB5G
PBMMS5R,PBMMA5O
PBMMS5R,PBFT60R
PBMMS5R,PBFT50R
PBMMS5R,PBMB5R
PK53A,340SSDP
PK53A,10SSD
PK53A,SN25A
PK53A,OEXM9B
PK53A,2004BSKA
PK53A,SWM111A
PK53A,OFW3
PK53A,OEXM7B
PK53A,AWM140DK
PK53A,TF5A
PWZ5,PWZ4
PWZ5,BLPPB704
PWZ5,PWZ3A
PWZ5,PWZ1A
PWZ5,OFWHD3KT
PWZ5,CJ2001P
PWZ5,SHP2KT
PWZ5,CSSD1R
PWZ5,PBS704
PWZ5,2050
R1214C,R2428C
R1214C,R2022C
R1214C,R2830C
R1214C,R1618C
R1214C,R2426C
R1214C,R810C
R1214C,R1011C
R1214C,R810SC
R1214C,UIM325
R1214C,106TMUSA
R3840A,SRPCR3800
R3840A,SGD4BR
R3840A,SGD2BR
R3840A,96ACF
R3840A,T72
R3840A,47ACF
R3840A,ATECH3FR300B
R3840A,91ACP
R3840A,SIMM210
R3840A,SPBS704AR
CTR881DB,AT2050
CTR881DB,CTC772A
CTR881DB,PTGR100
CTR881DB,VWB8B
CTR881DB,CTR867AK2
CTR881DB,PTB32K
CTR881DB,CTB8174
CTR881DB,SAG03S20
CTR881DB,AT109
CTR881DB,PTGR110
FSLF80,PKNG90
FSLF80,AWMEF7K
FSLF80,FTX60E
FSLF80,FZ80
FSLF80,BF620C
FSLF80,S4
FSLF80,210AFLEY
FSLF80,FC72
FSLF80,B1356E
FSLF80,FCF72
SHP253438,ECPRA072
SHP253438,EECT900
SHP253438,MAGDISH
SHP253438,AT4101
SHP253438,FB361A
SHP253438,TDG1
SHP253438,EECT400
SHP253438,EEPV509
SHP253438,FB336
SHP253438,SVTS272A
TDM99117C,TD9902C
TDM99117C,429IM
TDM99117C,IPL36C
TDM99117C,IPL38C
TDM99117C,IPL24C
TDM99117C,IPL30C
TDM99117C,IPL42C
TDM99117C,IPL40C
TDM99117C,IPL28C
TDM99117C,210FCOMA
MS1300,TR108
MS1300,LP404
MS1300,SHLF80A
MS1300,SPBS18AR
MS1300,PL400B
MS1300,47ACF
MS1300,SPBS24AR
MS1300,SPBS704AR
MS1300,SPBS8AR
MS1300,SPBS12AR
OFWHD1,OFWHD2
OFWHD1,OFW3
OFWHD1,OFW4KT
OFWHD1,PWC48
OFWHD1,LP7R
OFWHD1,S6106KA
OFWHD1,YA337A
OFWHD1,OEX709B
OFWHD1,OEX10B
OFWHD1,OEX11B
PHP3A,PHP2A
PHP3A,PHP1A
PHP3A,S9724RHS
PHP3A,SWM301
PHP3A,SWM271
PHP3A,GCP10
PHP3A,TW421
PHP3A,YA2850A
PHP3A,SBT26
PHP3A,BTC8A
PBFT60R,PBFT50R
PBFT60R,PBMMS5R
PBFT60R,PBMB5R
PBFT60R,PWCS7ACF
PBFT60R,SPBS24AR
PBFT60R,SPBS704AR
PBFT60R,SPBS8AR
PBFT60R,SPBS18AR
PBFT60R,47ACF
PBFT60R,SGASA204CR
PBMMS5O,PBMMA5O
PBMMS5O,PBMA5O
PBMMS5O,PBMMS5R
PBMMS5O,PBMMB5G
PBMMS5O,PBMMB5
PBMMS5O,PBMMB5R
PBMMS5O,PBMS5R
PBMMS5O,PBMB5R
PBMMS5O,TR108
PBMMS5O,THLF72
PKN90,AWTR8
PKN90,AWMXL10
PKN90,PKNC150
PKN90,PKN500
PKN90,388ACF
PKN90,UIM225
PKN90,UPT35
PKN90,PPC203A
PKN90,PPC4A
PKN90,PPC816B
RBM1213C,RBM1415C
RBM1213C,RBM1011C
RBM1213C,RBM1618C
RBM1213C,RBM1719C
RBM1213C,RBM78SC
RBM1213C,RBM910C
RBM1213C,SG4ASHBR
RBM1213C,RBM810C
RBM1213C,OXIM707SBK
RBM1213C,RBM78C
R3640SA,FXK11
R3640SA,47ACF
R3640SA,SGD6BR
R3640SA,SIMM180
R3640SA,SGDP42IRBR
R3640SA,FHLF80A
R3640SA,SGASA204CR
R3640SA,96ACF
R3640SA,SGD2BR
R3640SA,ATECH2FR125B
YA4618,ECHDD012A
YA4618,ECPNG032
YA4618,UTK100
YA4618,ECHDF042
YA4618,ECPNH012
YA4618,GA296B
YA4618,RULER602
YA4618,EEPV509
YA4618,TDG2
YA4618,YA4000B
SDG10S25F,PDR3000A
SDG10S25F,PTC250
SDG10S25F,VWB8B
SDG10S25F,PSO4625
SDG10S25F,PTGR110
SDG10S25F,PH3050BR
SDG10S25F,AT425R
SDG10S25F,PTR2505
SDG10S25F,AT118
SDG10S25F,PTR2500
TTA35,STA35
TTA35,FTA35
TTA35,ADCF8
TTA35,PWC52A
TTA35,XO605
TTA35,FXWP3
TTA35,SSF1
TTA35,PWC48
TTA35,LP6LN
TTA35,211FCOA
VGP12418,VGP12509
VGP12418,VGP12406
VGP12418,VGP12412
VGP12418,VGP12808
VGP12418,VGP22412
VGP12418,PKRS1
VGP12418,A159
VGP12418,AC5C
VGP12418,UTS105A
VGP12418,PK23A
SDG03S25,MG725A
SDG03S25,PH3050BR
SDG03S25,AT408
SDG03S25,PTC250
SDG03S25,PTGR100
SDG03S25,PSO4625
SDG03S25,PT850
SDG03S25,CTS561CHUCK
SDG03S25,PH1038
SDG03S25,MG1250
UPTM65K,305SIMMY
UPTM65K,SIMM290
UPTM65K,LDH362
UPTM65K,LDH402
UPTM65K,LDH342
UPTM65K,LDH422A
UPTM65K,L122
UPTM65K,OFW2
UPTM65K,AWP160
UPTM65K,310TWMYA
VSC4KT-4,PL400B
VSC4KT-4,ATECH3FR300B
VSC4KT-4,FU8A
VSC4KT-4,TMU8B
VSC4KT-4,SGDP42IRBR
VSC4KT-4,47ACF
VSC4KT-4,FXK3
VSC4KT-4,SGDP31IRBR
VSC4KT-4,SPBS8AR
VSC4KT-4,F80
XDLR705A,XDLRM705K2A
XDLR705A,XDLRM705K1A
XDLR705A,XDLRM11A
XDLR705A,208FRDH
XDLR705A,SOXRR707A
XDLR705A,ATKIFL
XDLR705A,AOGMHC
XDLR705A,BLPTHC87
XDLR705A,FHLF80A
XDLR705A,FXK6
XDLRM705K1A,XDLRM705K2A
XDLRM705K1A,XDLR705A
XDLRM705K1A,207IPFM
XDLRM705K1A,206SPKPLGMAG
XDLRM705K1A,208FRDH
XDLRM705K1A,214SIMFMYA
XDLRM705K1A,214IMFMYA
XDLRM705K1A,1250
XDLRM705K1A,S9704KR
XDLRM705K1A,SOXRR707A
XDSGM607K1,XDSGM607K1O
XDSGM607K1,XDSGM607K1G
XDSGM607K1,PL5ESWIRESTRIP
XDSGM607K1,CSSD1R
XDSGM607K1,PWCSS7ACF
XDSGM607K1,PWCS9ACF
XDSGM607K1,PWCS7ACF
XDSGM607K1,TMU8B
XDSGM607K1,PL400B
XDSGM607K1,FXK3
UTS105A,QD3RN350A
UTS105A,AWCGT500
UTS105A,BOERM18
UTS105A,VGP12418
UTS105A,VGP12412
UTS105A,208EFTAMXSY
UTS105A,14V
UTS105A,VGP12808
UTS105A,TWM27
UTS105A,SGDTX50BR
VGP22412,VGP22418
VGP22412,VGP12418
VGP22412,VGP12406
VGP22412,VGP12412
VGP22412,VGP12808
VGP22412,BHM9A
VGP22412,95ACF
VGP22412,PPC104LA
VGP22412,8R
VGP22412,86ACF
VGP22418,GA243
VGP22418,YA109C
VGP22418,PK50A
VGP22418,VGP22412
VGP22418,A159
VGP22418,A161B
VGP22418,AC58E
VGP22418,SPBS24AR
VGP22418,SPBS704AR
VGP22418,SPBS18AR
SHLL80AO,FHLL80
SHLL80AO,THLL72
SHLL80AO,SH80A
SHLL80AO,FHL80
SHLL80AO,SHL80A
SHLL80AO,THL72
SHLL80AO,208AFX
SHLL80AO,FHBF80A
SHLL80AO,112SIMTMM
SHLL80AO,103TMXKLA
SRP3B,ACT1370
SRP3B,222AFSP
SRP3B,OEXM9B
SRP3B,SIMM300
SRP3B,SIMM360
SRP3B,S6118A
SRP3B,PK53A
SRP3B,AC58E
SRP3B,BP32B
SRP3B,B3404B
TMM12,TMM14
TMM12,TMM5
TMM12,TMM15
TMM12,TMM10
TMM12,STMM6
TMM12,STMM13
TMM12,STMM5.5
TMM12,STMM7
TMM12,STMM8
TMM12,STMM5
TPM16GRN,TDG1
TPM16GRN,GA296B
TPM16GRN,TPGDL2000
TPM16GRN,GLASS30R
TPM16GRN,AT4101
TPM16GRN,EEDM596FK
TPM16GRN,EEDM504F
TPM16GRN,YAKS42
TPM16GRN,GLASS50R
TPM16GRN,MTTL800
ECPNH012UV,ACTUVLITE4
ECPNH012UV,ECPNJ032
ECPNH012UV,ECPNH012
ECPNH012UV,EECR5A
ECPNH012UV,GLOVE300BL
ECPNH012UV,ECARL032R
ECPNH012UV,GLASS50R
ECPNH012UV,JCK7DBL
ECPNH012UV,ECHDF042
ECPNH012UV,ECHDD012A
206AFSA,TWM31
206AFSA,TWM29
206AFSA,R1618SC
206AFSA,TWM26
206AFSA,AWM140DK
206AFSA,206FSUMA
206AFSA,TWM25
206AFSA,218AFP
206AFSA,TWM28
206AFSA,311IMFSY
207IPSFM,IPSM18
207IPSFM,IPSM21
207IPSFM,IPSM15
207IPSFM,206SFSUM
207IPSFM,106IPTMMA
207IPSFM,207IPFM
207IPSFM,307IPLMY
207IPSFM,112SIMTMM
207IPSFM,205IPF
207IPSFM,IPSM22
IPDLM16A,IPSM21
IPDLM16A,IPSM18
IPDLM16A,IPSM15
IPDLM16A,IPLM22C
IPDLM16A,IPL24C
IPDLM16A,106IPTMMA
IPDLM16A,IPL30C
IPDLM16A,IPLM14C
IPDLM16A,IPLM19C
IPDLM16A,TMUSM11A
AWBSG20A,SIMM240
AWBSG20A,SPBS18AR
AWBSG20A,SGDP42IRBR
AWBSG20A,SGD2BR
AWBSG20A,TMXK4
AWBSG20A,T72
AWBSG20A,96ACF
AWBSG20A,SIMM200
AWBSG20A,A2A
AWBSG20A,FXK6
OEXM300B,OEXM290B
OEXM300B,OEXM320B
OEXM300B,OEXM260B
OEXM300B,OEXM270B
OEXM300B,OEX44B
OEXM300B,OEX42B
OEXM300B,OEXM240B
OEXM300B,SWM301
OEXM300B,206EFAML
OEXM300B,TWM31
EETL500,EEPV500
EETL500,EEPV509
EETL500,EEPV503
EETL500,EECT424HD
EETL500,YA4000B
EETL500,EECT200
EETL500,EEBC30A12V
EETL500,MAGMAT
EETL500,TPGDL2000
EETL500,FB361A
XDLRM11A,XDLRM705K2A
XDLRM11A,XDLR705A
XDLRM11A,112RTSMA
XDLRM11A,SPBS18AR
XDLRM11A,T72
XDLRM11A,SGDX80BR
XDLRM11A,SGD6BR
XDLRM11A,SPBS24AR
XDLRM11A,SIMM240
XDLRM11A,TMXK4
206ESSPKPLG,BTCP2SA
206ESSPKPLG,XFRRM705
206ESSPKPLG,211EFAMY
206ESSPKPLG,IPF800B
206ESSPKPLG,124STTMM
206ESSPKPLG,208EPIT
206ESSPKPLG,ATECHFSET02R
206ESSPKPLG,786CF
206ESSPKPLG,SEPPROCORE1A
206ESSPKPLG,222SFFSFR
120STTM,222SFFSFR
120STTM,224SFFSMFR
120STTM,PTIM5
120STTM,PK52A
120STTM,124STTMM
120STTM,SGD155CR
120STTM,SOEXM9
120STTM,PPB826A
120STTM,SOEXM8
120STTM,SGDMRC4-TM4
AWL4-1/2D,SGD8BR
AWL4-1/2D,SGD4BR
AWL4-1/2D,91ACP
AWL4-1/2D,SGASA204CR
AWL4-1/2D,ATECH2FR125B
AWL4-1/2D,SPBS704AR
AWL4-1/2D,SPBS18AR
AWL4-1/2D,96ACF
AWL4-1/2D,FXK11
AWL4-1/2D,SIMM170
KRBC100ABFI,KRA2411PBO
KRBC100ABFI,KRA2406BPBO
KRBC100ABFI,KRA24
KRBC100ABFI,KRA25D
KRBC100ABFI,TB50WC
KRBC100ABFI,KRSC326FPBO
KRBC100ABFI,KACKMCFIBER1
KRBC100ABFI,A277
KRBC100ABFI,KRA4107FPBO
KRBC100ABFI,KRA5311FPBO
EEPV509,EEPV500
EEPV509,EEPV503
EEPV509,RTEMPB7
EEPV509,YA4000B
EEPV509,EETL500
EEPV509,RTEMP8
EEPV509,EEDMDVA
EEPV509,VAC201
EEPV509,SVTS272A
EEPV509,CAL6EA
SPBS24AO,SPBS8AR
SPBS24AO,SPBS12AR
SPBS24AO,SPBS18AR
SPBS24AO,309SIMYA
SPBS24AO,TMM4
SPBS24AO,SN18B
SPBS24AO,UIM225
SPBS24AO,STMM15
SPBS24AO,SFSM18
SPBS24AO,IM140A
AD12C,AD8C
AD12C,AD6C
AD12C,AD10C
AD12C,YA2019
AD12C,1512B
AD12C,PK23A
AD12C,317MPC
AD12C,206AFSA
AD12C,PT28E
AD12C,207EFAMY
OXIM9B,OXIM8B
OXIM9B,OXIM7B
OXIM9B,OXIM6B
OXIM9B,XB605A
OXIM9B,XBM605A
OXIM9B,OXIM710B
OXIM9B,OEXM9B
OXIM9B,OEXM8B
OXIM9B,222AFSP
OXIM9B,OFW3
RD8,RTD48
RD8,QDTPMS
RD8,RBYAM605
RD8,E1020
RD8,UIM2RSLT
RD8,CJ2001P
RD8,206FSUMA
RD8,BLPBTWSET
RD8,SHN36
RD8,PHP3A
FB302A,TPMC25GRN
FB302A,ITHE100
FB302A,ACT83A
FB302A,SVTS272A
FB302A,ECHDD012AR
FB302A,ECPRA072
FB302A,FB316B
FB302A,RULER6
FB302A,FB361A
FB302A,ECHDF042
SHD4G,SHDP31IRR
SHD4G,SHD2R
SHD4G,SHD6R
SHD4G,10R
SHD4G,BF620C
SHD4G,SHD1R
SHD4G,TWM25
SHD4G,8HR
SHD4G,GA98A
SHD4G,313SYA
ITHE100,OC5A
ITHE100,YA832A
ITHE100,FB360C
ITHE100,MTTL300
ITHE100,GA460B
ITHE100,PGP50
ITHE100,FB305A
ITHE100,FB361A
ITHE100,FB316B
ITHE100,ACT83A
GLOVE600M,GLOVE505RL
GLOVE600M,GLOVE309L
GLOVE600M,GLOVE300BL
GLOVE600M,GLASS90BYEAR
GLOVE600M,GLOVE1100L
GLOVE600M,GLASS50R
GLOVE600M,SOSG01BKCL01
GLOVE600M,GLOVE900LR
GLOVE600M,EECR5A
GLOVE600M,EARPLUGBAND
GLOVE600XL,GLOVE505RL
GLOVE600XL,GLOVE309L
GLOVE600XL,GLASS90BYEAR
GLOVE600XL,GLOVE1100L
GLOVE600XL,GLASS50R
GLOVE600XL,SOSG01BKCL01
GLOVE600XL,CLRPW75
GLOVE600XL,ECFLD030
GLOVE600XL,EECR5A
GLOVE600XL,EARPLUGBAND
AWXL13-3/16,TMXK2
AWXL13-3/16,FHLF80A
AWXL13-3/16,SIMM170
AWXL13-3/16,96ACF
AWXL13-3/16,SPBS18AR
AWXL13-3/16,SGDP31IRBR
AWXL13-3/16,SGDX80BR
AWXL13-3/16,F80
AWXL13-3/16,SIMM220
AWXL13-3/16,SGASA204CR
SGT4BR,S6110A
SGT4BR,S6118A
SGT4BR,AWM110DHK
SGT4BR,117TMM
SGT4BR,B1461
SGT4BR,S9704KA
SGT4BR,SN25A
SGT4BR,PRH57A
SGT4BR,222AFSP
SGT4BR,OEXM9B
SHDX80R,AWM110DHK
SHDX80R,AC5C
SHDX80R,2004BSKA
SHDX80R,PK53A
SHDX80R,AW1015DHK
SHDX80R,311IMFSY
SHDX80R,SHDX60R
SHDX80R,LDH362
SHDX80R,LDH342
SHDX80R,LDH402
AWM2-1/2D,FU8A
AWM2-1/2D,FX1
AWM2-1/2D,PPC105LA
AWM2-1/2D,TMXK4
AWM2-1/2D,PPC106LA
AWM2-1/2D,SGDX80BR
AWM2-1/2D,SIMM210
AWM2-1/2D,SIMM200
AWM2-1/2D,SHD1R
AWM2-1/2D,96ACF
IPLM24C,IPLM12C
IPLM24C,IPLM15C
IPLM24C,IPLM16C
IPLM24C,IPLM14C
IPLM24C,IPLM17C
IPLM24C,312IPL
IPLM24C,IPL34C
IPLM24C,IPL16C
IPLM24C,IPL36C
IPLM24C,IPL30C
AWSGM800A,218AFSP
AWSGM800A,AWSG800A
AWSGM800A,PKNC200
AWSGM800A,AWSGT800A
AWSGM800A,10R
AWSGM800A,TW381
AWSGM800A,CSA12CR
AWSGM800A,TW401
AWSGM800A,S321
AWSGM800A,SWM231
FADH704CO,AD8C
FADH704CO,AD12C
FADH704CO,XDSGM607K1G
FADH704CO,AD6C
FADH704CO,AD10C
FADH704CO,XDSGM607K1
FADH704CO,S9724RHS
FADH704CO,PPC905B
FADH704CO,PK23A
FADH704CO,106ATMXW
TMMD10,TMMD11
TMMD10,TMMD12
TMMD10,TMMD9
TMMD10,TMMD5
TMMD10,TMMD6
TMMD10,TMMD5.5
TMMD10,TMMD8
TMMD10,111STMMDY
TMMD10,SR40K
TMMD10,AWMG9
OEX10B,OEXM80B
OEX10B,OEXM707B
OEX10B,206AFSP
OEX10B,OEX080B
OEX10B,218AFSP
OEX10B,BHS7A
OEX10B,AWMEF7K
OEX10B,PKNC200
OEX10B,PKNG90
OEX10B,FTX60E
MAGDISH10,MAGMICRO
MAGDISH10,MAGMINI
MAGDISH10,MAGMAT
MAGDISH10,MAGSTRIP
MAGDISH10,CLRPW75
MAGDISH10,GLOVE300BL
MAGDISH10,JCW80AR
MAGDISH10,ECPNI032R
MAGDISH10,FB336
MAGDISH10,TPMB25EM
TM61A,XS2024A
TM61A,XS2226A
TM61A,XS1012A
TM61A,XS1618A
TM61A,VO2224B
TM61A,TM84
TM61A,VO1012B
TM61A,VO1416B
TM61A,VO1820B
TM61A,TM65
213AFLEY,UTV617A
213AFLEY,UTV616A
213AFLEY,131TMPB
213AFLEY,QD1RN25B
213AFLEY,SEPPREMETA
213AFLEY,207EFAMY
213AFLEY,212EFTAY
213AFLEY,307ESAY
213AFLEY,BLPBSS40
213AFLEY,STX55E
RULER601,EFPHANNIBALB
RULER601,ECPNG032
RULER601,OC5A
RULER601,RTEMPB7
RULER601,PG160
RULER601,ECF35
RULER601,UTK100
RULER601,FB303B
RULER601,ACT83A
RULER601,TPMC25
TMP22E,XS2024A
TMP22E,XS1012A
TMP22E,XS2226A
TMP22E,TMC106E
TMP22E,XS1618A
TMP22E,TM82
TMP22E,VO1820B
TMP22E,VO3032B
TMP22E,SGDEL10ESD
TMP22E,TM412
A159,S9614A
A159,S9538A
A159,YA109C
A159,GA243
A159,BF775C-A
A159,VGP22418
A159,PK50A
A159,VGP12509
A159,AWM12D
A159,224SFFSMFR
S9714MKDEU,S9711KA
S9714MKDEU,S9704KA
S9714MKDEU,110RTSMA
S9714MKDEU,A127
S9714MKDEU,OFSKIT
S9714MKDEU,A129
S9714MKDEU,A106
S9714MKDEU,BTCP2SA
S9714MKDEU,S3624
S9714MKDEU,SGDP42IRBR
EECT424HD,MRB10B
EECT424HD,MRB15B
EECT424HD,MRB5B
EECT424HD,JCW80AR
EECT424HD,AT4101
EECT424HD,PGP120
EECT424HD,RULER6
EECT424HD,YA4000B
EECT424HD,MAGMAT
EECT424HD,MAGDISH
F161,FA12LE
F161,FAML6E
F161,FRX181
F161,SA16E
F161,HD6529
F161,TW481
F161,KAC1224TCA
F161,TMUS161A
F161,GF22
F161,TMUS181A
AWL6D,SGD2BR
AWL6D,SGD8BR
AWL6D,ATECH3FR300B
AWL6D,PPC105LA
AWL6D,SIMM190
AWL6D,SPBS24AR
AWL6D,SIMM150A
AWL6D,SPBS18AR
AWL6D,FHLF80A
AWL6D,SGDP31IRBR
ECHDF042,ECPNJ032
ECHDF042,ECPNI032R
ECHDF042,ECPNH012
ECHDF042,JCK7DBL
ECHDF042,ECHDD012A
ECHDF042,MAGMAT
ECHDF042,ECHDD012AR
ECHDF042,MAGDISH
ECHDF042,GLASS50R
ECHDF042,ECSPH271
ECHDF042B,ECPNJ032
ECHDF042B,GLOVE300BL
ECHDF042B,ECPNI032R
ECHDF042B,ECPNH012
ECHDF042B,ECHDD012A
ECHDF042B,TDG2
ECHDF042B,MAGMAT
ECHDF042B,MAGDISH
ECHDF042B,AT4101
ECHDF042B,JCK8
PPC106A,PPC105LA
PPC106A,PPC108LA
PPC106A,PPC110LA
PPC106A,PPC104LA
PPC106A,PPC1A
PPC106A,PPC203A
PPC106A,PPC206A
PPC106A,PPC820B
PPC106A,PPC103A
PPC106A,PPC4A
F101,F221
F101,F121
F101,F241
F101,F141
F101,F161
F101,107ATMPB
F101,211SFY
F101,SF281
F101,SF181
F101,AWL1010DK
ECUHD218,SVTSRAD272U
ECUHD218,ECPNG032
ECUHD218,YA4000B
ECUHD218,EEBC30A12V
ECUHD218,EECT900
ECUHD218,MTTL800
ECUHD218,JCK7DBL
ECUHD218,SVTS272A
ECUHD218,ECHDD012AR
ECUHD218,IM1PT
OEXM9B,AWM12D
OEXM9B,ACT1370
OEXM9B,SWM101A
OEXM9B,OFW3
OEXM9B,OEXM6B
OEXM9B,SIMM340
OEXM9B,SIMM320
OEXM9B,PK53A
OEXM9B,AC58E
OEXM9B,SIMM360
AWT50A,FXK11
AWT50A,ATECH2FR125B
AWT50A,SIMM190
AWT50A,SPBS18AR
AWT50A,TMXK2
AWT50A,GFAT1E
AWT50A,SGD4BR
AWT50A,SGDX80BR
AWT50A,TMXK4
AWT50A,SIMM220
GAW1924,47ACF
GAW1924,F80
GAW1924,SGD2BR
GAW1924,SIMM170
GAW1924,SPBS8AR
GAW1924,TMXK60
GAW1924,SIMM190
GAW1924,91ACP
GAW1924,PPC103A
GAW1924,SGASA204CR
KCP1422BCD,KWSP2455AST
KCP1422BCD,KWSN2455ABL
KCP1422BCD,KWSN2455AST
KCP1422BCD,KWSP2455ABL
KCP1422BCD,KRWT2411
KCP1422BCD,KCP2422PBO
KCP1422BCD,KRA2055FPBO
KCP1422BCD,SNA-TBP14
KCP1422BCD,KRA2411PBO
KCP1422BCD,KRSC46HPBO
UTK100,ECF35
UTK100,ECARA052A
UTK100,TPMC25
UTK100,OC5A
UTK100,UTK150
UTK100,MTTL300
UTK100,LBUK1
UTK100,FB303B
UTK100,TPGIF1600A
UTK100,MTTL310
MS24A,PL400B
MS24A,SIMM190
MS24A,91ACP
MS24A,F80
MS24A,FU8A
MS24A,T72
MS24A,47ACF
MS24A,PPC105LA
MS24A,SGD4BR
MS24A,PPC4A
SGD4BO,SGD6BR
SGD4BO,SGDP31IRBR
SGD4BO,SGDP42IRBR
SGD4BO,SGDP64IRBR
SGD4BO,SHD1R
SGD4BO,OEXM6B
SGD4BO,OFW3
SGD4BO,TMM4
SGD4BO,222AFSP
SGD4BO,OFW2
AWSGT27A,BLPTL1427
AWSGT27A,TMMS11
AWSGT27A,TMMS9
AWSGT27A,TMMS6
AWSGT27A,TMMS5.5
AWSGT27A,TMMS13
AWSGT27A,TMMS15
AWSGT27A,TMMS7
AWSGT27A,TMMS14
AWSGT27A,TMMS12
TA50,TA32A
TA50,RULER600
TA50,JCK7DBL
TA50,MAGMAT
TA50,TPMC25
TA50,ECPNI032R
TA50,FB316B
TA50,EEDM596FK
TA50,IM1PT
TA50,JCK8
VAC201,ASTFUN19KIT
VAC201,YA832A
VAC201,YA427B
VAC201,ITHE100
VAC201,JCW80AR
VAC201,TPM16EM
VAC201,SVTS272A
VAC201,MAGMAT
VAC201,EECT400
VAC201,JCK8
DBHS13,DBHM9
DBHS13,AWTPH8
DBHS13,AWTR8
DBHS13,AWXL13
DBHS13,UIM2RSLT
DBHS13,SDMT25D
DBHS13,SDMT10D
DBHS13,908CF
DBHS13,TMBS8A
DBHS13,208AFX
SIM280,SIM320
SIM280,SIM340
SIM280,IM140A
SIM280,IM280
SIM280,IM320
SIM280,IM160A
SIM280,IM200
SIM280,IM240
SIM280,IM300
SIM280,311IMYA
TR117O,WHM1
TR117O,SDMV208
TR117O,GA358B
TR117O,PTM2
TR117O,SFSM21
TR117O,A177A
TR117O,305TSKTA
TR117O,207IMFLE
TR117O,IMFLE120A
TR117O,SDDDM1AR
TLLF72,SLL80A
TLLF72,SLX80A
TLLF72,BLPBSS40
TLLF72,BLPTORX1410
TLLF72,208EFTAMXSY
TLLF72,TRSLF72
TLLF72,FCF72
TLLF72,QD3RN350A
TLLF72,UTV617A
TLLF72,TX72
PPC204A,PPC208A
PPC204A,AWEF6K
PPC204A,PPC108LA
PPC204A,PPC104LA
PPC204A,BHS7A
PPC204A,PPC3A
PPC204A,SWM251
PPC204A,PPC110LA
PPC204A,SWM271
PPC204A,PPC203A
SFSM16,SFSM18
SFSM16,SFSM9
SFSM16,SFSM12
SFSM16,SFSM8
SFSM16,SFSM11
SFSM16,SFSM17
SFSM16,SFSM19
SFSM16,SFSM14
SFSM16,SFSM13
SFSM16,SFSM10
THRLX72,FHOF80A
THRLX72,THR72
THRLX72,FHLX80B
THRLX72,SHX80B
THRLX72,FHR80
THRLX72,FH80MP
THRLX72,THLL72
THRLX72,FHBF80A
THRLX72,111STMMDY
THRLX72,BLPEXTF146
SRPCR4700,SRPCR3800
SRPCR4700,SN25A
SRPCR4700,SW421
SRPCR4700,SRP3A
SRPCR4700,222AFSP
SRPCR4700,OEXM9B
SRPCR4700,PPB826A
SRPCR4700,SWM111A
SRPCR4700,OEXM8B
SRPCR4700,SWM101A
FHLX80BG,THLX72
FHLX80BG,THLLF72
FHLX80BG,THLF72
FHLX80BG,305SXWP
FHLX80BG,FKF80A
FHLX80BG,SHL80A
FHLX80BG,FHBB18A
FHLX80BG,SH80A
FHLX80BG,THR72
FHLX80BG,TKF72
OEXM6B,OEXM7B
OEXM6B,OEXM9B
OEXM6B,AWM12D
OEXM6B,OEXM8B
OEXM6B,SN25A
OEXM6B,222AFSP
OEXM6B,2420A
OEXM6B,SWM111A
OEXM6B,SWM101A
OEXM6B,111TMMDY
SGTT4B,SGTT9B
SGTT4B,SGTT2B
SGTT4B,SGTT10B
SGTT4B,SGTT8B
SGTT4B,SGTT3B
SGTT4B,SGTT5B
SGTT4B,SGTT6B
SGTT4B,SGA102BR
SGTT4B,PHP2A
SGTT4B,PL5ESWIRESTRIP
14V,AWM12D
14V,UTV614A
14V,GA243
14V,UTV615A
14V,S9614A
14V,S6103A
14V,A179A
14V,PKRS1
14V,AD6C
14V,AD10C
PKNC300,PKNC301
PKNC300,PKB500A
PKNC300,PTM30
PKNC300,PPC210BK
PKNC300,AWPBX10
PKNC300,HBBT16
PKNC300,SGA1713B
PKNC300,OFCA2
PKNC300,PPC110LA
PKNC300,FADH8C
HBBD24O,PK23A
HBBD24O,317AMMPC
HBBD24O,117TMM
HBBD24O,LP10WR
HBBD24O,PRH57A
HBBD24O,TMM4
HBBD24O,AWCGT500
HBBD24O,S9704KA
HBBD24O,SGDMRC44B
HBBD24O,BTWSMPK
TW421,TW461
TW421,TW481
TW421,TWM30
TW421,TWM31
TW421,OEX38B
TW421,FA12LE
TW421,FRX181
TW421,GF22
TW421,OEXM230B
TW421,HD6529
TMA3E,SW221
TMA3E,SW201
TMA3E,SW181A
TMA3E,SW241
TMA3E,SW161A
TMA3E,SW361
TMA3E,SW281
TMA3E,SW301
TMA3E,SW321
TMA3E,TMA3.5E
EFP2WFLAME,SVTSRAD272U
EFP2WFLAME,FB361A
EFP2WFLAME,ECPRA072
EFP2WFLAME,GA296B
EFP2WFLAME,ECHDD012AR
EFP2WFLAME,RULER602
EFP2WFLAME,EECT424HD
EFP2WFLAME,ECSPH271
EFP2WFLAME,FB316B
EFP2WFLAME,EECT400
TDG1,AT4124
TDG1,AT4135
TDG1,PGP50
TDG1,ACT73A
TDG1,ACT1290A
TDG1,ACT83A
TDG1,TDG2
TDG1,CAL6EBR
TDG1,YA4000B
TDG1,FB303B
KRSC326FPCM,KRA2007FPBO
KRSC326FPCM,KWSN2455AST
KRSC326FPCM,A277
KRSC326FPCM,KCP1422PBO
KRSC326FPCM,KRSC343PBO
KRSC326FPCM,KRA4813FPBO
KRSC326FPCM,KWSP2455ABL
KRSC326FPCM,KA2422SETPJH
KRSC326FPCM,KRSC46HPBO
KRSC326FPCM,KRA4107FPBO
212FSMSY,211FSSY
212FSMSY,FSS141
212FSMSY,FSS181
212FSMSY,FSS121
212FSMSY,FSS161
212FSMSY,112TMMSY
212FSMSY,TMMS9
212FSMSY,TMMS5.5
212FSMSY,TMMS6
212FSMSY,TMMS11
SWM211,SWM161
SWM211,SWM191
SWM211,SWM151A
SWM211,SWM181
SWM211,SWM171
SWM211,SWM121A
SWM211,SWM261
SWM211,340SSDP
SWM211,218AFSP
SWM211,SWM281
SGTT6B,SGTT9B
SGTT6B,SGTT7B
SGTT6B,SGTT2B
SGTT6B,SGTT1B
SGTT6B,SGTT8B
SGTT6B,SGTT10B
SGTT6B,SGTT3B
SGTT6B,SGA1713B
SGTT6B,PL5ESWIRESTRIP
SGTT6B,PHP3A
EECT400,TPM16
EECT400,EC-USB-C-3A
EECT400,FB360C
EECT400,OC5A
EECT400,GA460B
EECT400,TPMC25
EECT400,PGP50
EECT400,FB316B
EECT400,FB361A
EECT400,ECFLD030
TW241,TW201
TW241,TW221
TW241,TW161A
TW241,TW141A
TW241,TW181A
TW241,TW281
TW241,TW361
TW241,TW341
TW241,BHS7A
TW241,313TSYA
IPL42C,IPL40C
IPL42C,IPL38C
IPL42C,IPL34C
IPL42C,IPL36C
IPL42C,IPL22C
IPL42C,IPL20C
IPL42C,IPL18C
IPL42C,IPLM14C
IPL42C,IPLM24C
IPL42C,IPLM19C
AWMCG1610B,SGD2BR
AWMCG1610B,SIMM200
AWMCG1610B,PL400B
AWMCG1610B,SGD4BR
AWMCG1610B,A2A
AWMCG1610B,FXK3
AWMCG1610B,TMXK2
AWMCG1610B,BLPTHC87
AWMCG1610B,SIMM150A
AWMCG1610B,PPC4A
CTR814DB,PTC250
CTR814DB,PSO4625
CTR814DB,AT109
CTR814DB,PH3050BR
CTR814DB,VWB8B
CTR814DB,DBTB121
CTR814DB,AT118
CTR814DB,MG1250
CTR814DB,CTR867AK2
CTR814DB,CT9010K2
CTR862DB,CTSG861DB
CTR862DB,CT9010K2
CTR862DB,CT9080K2
CTR862DB,CT825DB
CTR862DB,AT109
CTR862DB,CTB8174
CTR862DB,PH3050BR
CTR862DB,CTB185
CTR862DB,PT338
CTR862DB,DB121C
CTR867AGK2,CT9010K2
CTR867AGK2,CT9080K2
CTR867AGK2,CT825DB
CTR867AGK2,CTR861AK2
CTR867AGK2,CTB8174
CTR867AGK2,CTB185
CTR867AGK2,CTS561BITSET
CTR867AGK2,PTC250
CTR867AGK2,CTB8187
CTR867AGK2,CTINF9010
AW14D,FHLF80A
AW14D,SGD8BR
AW14D,SIMM170
AW14D,91ACP
AW14D,FXK3
AW14D,FX1
AW14D,T72
AW14D,PPC105LA
AW14D,SGD6BR
AW14D,SPBS24AR
317AMMPC,AWM110DHK
317AMMPC,206EAU
317AMMPC,AC5C
317AMMPC,117TMM
317AMMPC,LP10WR
317AMMPC,2004BSKA
317AMMPC,UIM225
317AMMPC,PK23A
317AMMPC,309SIMYA
317AMMPC,US712
CT9050DB,MG725A
CT9050DB,PTB32K
CT9050DB,AT109
CT9050DB,PTR2500
CT9050DB,CT9010K2
CT9050DB,AT118
CT9050DB,PDR5000A
CT9050DB,CT9080K2
CT9050DB,VWB8B
CT9050DB,CTB8174
CTNN13KF,DBH7B
CTNN13KF,CTB8174
CTNN13KF,CTB185
CTNN13KF,PH1050
CTNN13KF,VWB8B
CTNN13KF,MG325
CTNN13KF,AT5500
CTNN13KF,PTR2500
CTNN13KF,CT9080K2
CTNN13KF,CTR867AK2
2005BSKA,PKNC125C2
2005BSKA,R404
2005BSKA,AF102
2005BSKA,BTK5
2005BSKA,131A
2005BSKA,RXS605B
2005BSKA,S6110A
2005BSKA,S6118A
2005BSKA,AWM110DHK
2005BSKA,AWM110DK
CDR4P44K3K2,VWB8B
CDR4P44K3K2,CTR867AK2
CDR4P44K3K2,MG325
CDR4P44K3K2,CTR862DB
CDR4P44K3K2,PTR72
CDR4P44K3K2,CT9080K2
CDR4P44K3K2,MG725A
CDR4P44K3K2,AT5500
CDR4P44K3K2,CTQ838DB
CDR4P44K3K2,PH3050BR
AT2050,VWB5B
AT2050,AT425R
AT2050,AT700F
AT2050,AT118
AT2050,AT109
AT2050,DB121C
AT2050,VWB8B
AT2050,DBBPT13
AT2050,DB129C
AT2050,DBTB121
SHD2O,SHDP42IRR
SHD2O,SHDP31IRR
SHD2O,SHD4R
SHD2O,SHDP63IRR
SHD2O,SHD1R
SHD2O,TWM25
SHD2O,TWM26
SHD2O,313SYA
SHD2O,BP8B
SHD2O,TW401
47ACF,96ACF
47ACF,PTIM5
47ACF,OFW2
47ACF,AC58E
47ACF,SN18B
47ACF,GAJ12A
47ACF,AWMG9
47ACF,786CF
47ACF,OEXM9B
47ACF,UPTM65K
STMM15,STMM6
STMM15,STMM13
STMM15,STMM12
STMM15,STMM7
STMM15,STMM10
STMM15,GMB3041
STMM15,TMM15
STMM15,TMM5
STMM15,QD3RN350A
STMM15,TMM14
HBBD56O,PBMP703A
HBBD56O,PL330ACF
HBBD56O,PTM2
HBBD56O,HBBD16
HBBD56O,915CF
HBBD56O,HBFE103
HBBD56O,PPC210BK
HBBD56O,PPC208A
HBBD56O,HBBT16
HBBD56O,HBFE48
THLX72G,SHX80B
THLX72G,FHOF80A
THLX72G,SHLX80A
THLX72G,112SIMTMM
THLX72G,THLLF72
THLX72G,FHR80
THLX72G,FHBF80A
THLX72G,PWZ3A
THLX72G,124STTMM
THLX72G,FH80MP
TMD7,XS2024A
TMD7,TMU8B
TMD7,ATECH2FR125B
TMD7,SIMM190
TMD7,GFAT1E
TMD7,SGDP42IRBR
TMD7,SIMM170
TMD7,SIMM220
TMD7,SIMM200
TMD7,FU8A
TMM15,TMM5
TMM15,TMM4
TMM15,TMM6
TMM15,FA12LE
TMM15,TMM10
TMM15,GF22
TMM15,KAC1224TCA
TMM15,QD3RN350A
TMM15,STX70E
TMM15,IMM360
IPSM21,IPSM18
IPSM21,IPSM22
IPSM21,IPSM15
IPSM21,IPDLM13A
IPSM21,IPLM22C
IPSM21,207IPSFM
IPSM21,IPLM21C
IPSM21,IPLM15C
IPSM21,SGRHT6BR
IPSM21,SGA1711BR
IPSM22,IPSM21
IPSM22,IPSM18
IPSM22,IPSM15
IPSM22,IPLM22C
IPSM22,IPLM24C
IPSM22,IPLM19C
IPSM22,IPLM21C
IPSM22,IPLM12C
IPSM22,IPLM13C
IPSM22,TMUSM11A
GLOVE900XLR,GLOVE505RL
GLOVE900XLR,GLOVE300BL
GLOVE900XLR,YA427B
GLOVE900XLR,GLOVE309L
GLOVE900XLR,GLOVE1100L
GLOVE900XLR,GLASS50R
GLOVE900XLR,SOSG01BKCL01
GLOVE900XLR,JCW62R
GLOVE900XLR,ACT51234A
GLOVE900XLR,GLASS30R
PWCS7ACF,AWM110DHK
PWCS7ACF,PK52A
PWCS7ACF,AC5C
PWCS7ACF,786CF
PWCS7ACF,2004BSKA
PWCS7ACF,AWCGT500
PWCS7ACF,PPB826A
PWCS7ACF,FADH12C
PWCS7ACF,411CF
PWCS7ACF,PWCSS7ACF
BCT1050,BST103R
BCT1050,BTK7A
BCT1050,S6112
BCT1050,B3404B
BCT1050,PPC210A
BCT1050,QD1R200A
BCT1050,BTCP600
BCT1050,388ACF
BCT1050,PPC108LA
BCT1050,ATECH1FS300
TMMD12,TMMD11
TMMD12,TMMD9
TMMD12,TMMD6
TMMD12,TMMD5.5
TMMD12,TMMD8
TMMD12,TMMD10
TMMD12,111STMMDY
TMMD12,SR40K
TMMD12,BTC7B
TMMD12,2420A
PBMS5G,PBMA5
PBMS5G,PBMA5G
PBMS5G,PBMB5O
PBMS5G,PBMA5O
PBMS5G,PBMB5R
PBMS5G,PBMMA5R
PBMS5G,PBMMB5O
PBMS5G,PBMMS5O
PBMS5G,PBMMB5G
PBMS5G,PBMMS5R
XFRM705,XFR704
XFRM705,OXKRM705
XFRM705,XFRR704
XFRM705,XLE605
XFRM705,OEXL707B
XFRM705,XB605A
XFRM705,TFY72
XFRM705,XOM605
XFRM705,OXIM9B
XFRM705,BFCR708A
206AFX,222SFFSFR
206AFX,224SFFSMFR
206AFX,106BTMX
206AFX,120STTM
206AFX,PTIM5
206AFX,TMXK110
206AFX,PK52A
206AFX,212EFTAY
206AFX,305ASX
206AFX,103UFTS
SF241,SF261
SF241,SF221
SF241,SF281
SF241,SF201
SF241,F261
SF241,SF181
SF241,F281
SF241,SF121
SF241,SF141
SF241,F221
AWCGT8,SIMM170
AWCGT8,91ACP
AWCGT8,FHLF80A
AWCGT8,SIMM200
AWCGT8,SGDP42IRBR
AWCGT8,FX1
AWCGT8,SPBS8AR
AWCGT8,SIMM220
AWCGT8,BLPTHC87
AWCGT8,FXK6
AWSGTRP20A,SPBS24AR
AWSGTRP20A,SGD6BR
AWSGTRP20A,ATECH3FR300B
AWSGTRP20A,T72
AWSGTRP20A,ATECH2FR125B
AWSGTRP20A,SRPCR4700
AWSGTRP20A,47ACF
AWSGTRP20A,TMXK60
AWSGTRP20A,SIMM210
AWSGTRP20A,SGD2BR
ECPRD068O,EEDM504F
ECPRD068O,ECSPH271
ECPRD068O,GLASS30R
ECPRD068O,EEPV509
ECPRD068O,EECT400
ECPRD068O,EEDM503D
ECPRD068O,TDG1
ECPRD068O,ECPNI032R
ECPRD068O,FB361A
ECPRD068O,EECT900
AWSG24A,AWSG20A
AWSG24A,AWSG800A
AWSG24A,SWM221
AWSG24A,SWM201
AWSG24A,SWM231
AWSG24A,SWM241
AWSG24A,SWM211
AWSG24A,SWM181
AWSG24A,SWM171
AWSG24A,SWM141A
AWS13,224SFFSMFR
AWS13,PK52A
AWS13,PPB826A
AWS13,BTC7B
AWS13,TWM29
AWS13,1210B
AWS13,TMMD11
AWS13,TMMD5
AWS13,TMMD12
AWS13,TMMD9
AW4-1/2D,AW4D
AW4-1/2D,AW6D
AW4-1/2D,AW7D
AW4-1/2D,AW8D
AW4-1/2D,AW12D
AW4-1/2D,AW5D
AW4-1/2D,AW10D
AW4-1/2D,10SSD
AW4-1/2D,FSM61
AW4-1/2D,BTC3A
LP10R,US712
LP10R,LP7R
LP10R,AW1020DK
LP10R,LP5WR
LP10R,210EFTXRY
LP10R,SGD153BR
LP10R,VGP12406
LP10R,FADH10C
LP10R,PPCD70BK
LP10R,222AFSMP
112TMMSY,TMMS4
112TMMSY,TMMS4.5
112TMMSY,110TMSY
112TMMSY,212FSMSY
112TMMSY,211FSSY
112TMMSY,STMM4.5
112TMMSY,TMM4.5
112TMMSY,STMM4
112TMMSY,TMM4
112TMMSY,FSS141
KRA4107FPOT,KRA4114FPBO
KRA4107FPOT,KRA4810FPBO
KRA4107FPOT,KRA2422PBO
KRA4107FPOT,KRA2055FPBO
KRA4107FPOT,PLRK21
KRA4107FPOT,PLRK27
KRA4107FPOT,KRA5311FPBO
KRA4107FPOT,KRA2411PBO
KRA4107FPOT,PLRK30
KRA4107FPOT,KRSC46HPBO
KRA4107FPWZ,KRA4114FPBO
KRA4107FPWZ,KRA4810FPBO
KRA4107FPWZ,SNA-TBP14
KRA4107FPWZ,KWSP2455AST
KRA4107FPWZ,KRA2411PBO
KRA4107FPWZ,PLRK30
KRA4107FPWZ,KRSC46HPBO
KRA4107FPWZ,KRSC430APBO1
KRA4107FPWZ,KRA2007FPBO
KRA4107FPWZ,KRSC326FPBO
208EFAY,FA12LE
208EFAY,FRX181
208EFAY,GF22
208EFAY,HD6529
208EFAY,TW481
208EFAY,KAC1224TCA
208EFAY,STX70E
208EFAY,FAML6E
208EFAY,SA16E
208EFAY,YA2850A
KCP2422PCM,KWSN2455ABL
KCP2422PCM,KRWT2411
KCP2422PCM,KWSP2455ABL
KCP2422PCM,KWSP2455AST
KCP2422PCM,KWSN2455AST
KCP2422PCM,KRA2422PBO
KCP2422PCM,KCP1422PBO
KCP2422PCM,KRA2411PBO
KCP2422PCM,KRSC430APBO1
KCP2422PCM,KAERNADD6RD
BK3000-55A,EEDM504F
BK3000-55A,TDG1
BK3000-55A,EECT400
BK3000-55A,EEDM503D
BK3000-55A,TDG2
BK3000-55A,BB9008
BK3000-55A,RULER6
BK3000-55A,FB336
BK3000-55A,TPGDL2000
BK3000-55A,ECPNG032
CTRS761AK2,CT9080K2
CTRS761AK2,PDR5000A
CTRS761AK2,PSO4625
CTRS761AK2,MG725A
CTRS761AK2,PTR72
CTRS761AK2,CTB8174
CTRS761AK2,PTR2505
CTRS761AK2,CTC772A
CTRS761AK2,AT2050
CTRS761AK2,PH3050BR
PGP120,GA296B
PGP120,PGP50
PGP120,MTTL300
PGP120,RULER6
PGP120,EEDM504F
PGP120,GA460B
PGP120,UTK100
PGP120,BLP18HVLP
PGP120,OC5A
PGP120,EFPHANNIBALB
AWCG1607B,SIMM200
AWCG1607B,TMXK2
AWCG1607B,SGDP42IRBR
AWCG1607B,SIMM170
AWCG1607B,ATECH2FR125B
AWCG1607B,TMU8B
AWCG1607B,SIMM190
AWCG1607B,TMXK60
AWCG1607B,T72
AWCG1607B,SPBS18AR
AWCG1614B,PL400B
AWCG1614B,GFAT1E
AWCG1614B,SPBS18AR
AWCG1614B,91ACP
AWCG1614B,PPC106LA
AWCG1614B,SGD4BR
AWCG1614B,F80
AWCG1614B,FXK3
AWCG1614B,FHLF80A
AWCG1614B,A2A
KRSC430APJK7,KAERNADD6RD
KRSC430APJK7,KRSC326FPBO
KRSC430APJK7,KRA2407PBO
KRSC430APJK7,KRSC430APBO1
KRSC430APJK7,KRA4813FPBO
KRSC430APJK7,KCP2422PBO
KRSC430APJK7,KCP1422PBO
KRSC430APJK7,KRA25D
KRSC430APJK7,KACKFLTCLNR
KRSC430APJK7,KWSP2455ABL
KRA4059FPBO,KRSC430APBO7
KRA4059FPBO,KRA2422PBO
KRA4059FPBO,KRA2411PBO
KRA4059FPBO,KCP2422PBO
KRA4059FPBO,PLRK27
KRA4059FPBO,KWSN2455AST
KRA4059FPBO,KRA6200FPBO
KRA4059FPBO,PLRK21
KRA4059FPBO,TB40C
KRA4059FPBO,KCP1422PBO
KRSC343PES,KCP1422PBO
KRSC343PES,A277
KRSC343PES,KWSP2455AST
KRSC343PES,KRA2422PBO
KRSC343PES,KWSP2455ABL
KRSC343PES,KACKMCFIBER1
KRSC343PES,KCP2422PBO
KRSC343PES,TB20AC
KRSC343PES,KRA2411PBO
KRSC343PES,KRSC323PBO
FB336ORG,FB307RNB
FB336ORG,GA3634A
FB336ORG,MTEE6
FB336ORG,SVTA9100
FB336ORG,CAL6EBR
FB336ORG,CAL6EA
FB336ORG,AT4124
FB336ORG,AT4135
FB336ORG,SVTS264
FB336ORG,PGP50
212EFTAY,222SFFSFR
212EFTAY,BLPHS1414
212EFTAY,SEPPROCORE2A
212EFTAY,224SFFSMFR
212EFTAY,210EFTAMY
212EFTAY,PK52A
212EFTAY,BLPH1219
212EFTAY,PPB826A
212EFTAY,307ESAMY
212EFTAY,210AFLEY
BP12B,XS2024A
BP12B,XS1416A
BP12B,XS1012A
BP12B,XS1618A
BP12B,VO2224B
BP12B,VO2628B
BP12B,VO1820B
BP12B,VO1416B
BP12B,VO3032B
BP12B,20SSD
BTG9,PKRS1
BTG9,FTX60E
BTG9,BF620C
BTG9,210AFLEY
BTG9,STARTERSET5
BTG9,FXWP3
BTG9,HBBD8
BTG9,S6112
BTG9,S8184
BTG9,S6110A
E1025,AD10C
E1025,111TMUSMA
E1025,206EFABL
E1025,PPK15
E1025,325SIMM
E1025,312IPLM
E1025,IPLM10C
E1025,SN36
E1025,IPLM13C
E1025,TMUSM11A
ECHDG052,ECPNJ032
ECHDG052,EECR5A
ECHDG052,GLOVE1100L
ECHDG052,JCW80AR
ECHDG052,TPMB25EM
ECHDG052,ECPNH012
ECHDG052,EECT200
ECHDG052,TPGDL2000
ECHDG052,ACTUVPROKT
ECHDG052,ACT51234A
ECSPM052,MAGMAT
ECSPM052,ECHDF042
ECSPM052,FB361A
ECSPM052,MTTL800
ECSPM052,ECPRA072
ECSPM052,ECHDD012A
ECSPM052,RULER601
ECSPM052,EECT424HD
ECSPM052,FB336
ECSPM052,JT13B
BLPHSM143,BLPTHC87
BLPHSM143,GFAT1E
BLPHSM143,PPC106LA
BLPHSM143,SGD8BR
BLPHSM143,SIMM180
BLPHSM143,FX1
BLPHSM143,SIMM240
BLPHSM143,FHLF80A
BLPHSM143,TMXK60
BLPHSM143,PPC4A
BLPHSM146,BLPHSM145
BLPHSM146,BLPHL145
BLPHSM146,BLPHL144
BLPHSM146,BLPHSM148
BLPHSM146,BLPHL146
BLPHSM146,BLPHL3810
BLPHSM146,BLPHL388
BLPHSM146,BLPTL1430
BLPHSM146,SPBS18AR
BLPHSM146,SGD2BR
BLPPKS5-3/8,SRPCR4700
BLPPKS5-3/8,FU8A
BLPPKS5-3/8,A2A
BLPPKS5-3/8,TMXK4
BLPPKS5-3/8,FHLF80A
BLPPKS5-3/8,SGD2BR
BLPPKS5-3/8,ATECH3FR300B
BLPPKS5-3/8,SIMM210
BLPPKS5-3/8,SPBS704AR
BLPPKS5-3/8,SGD6BR
BLPPKTX5-T50,F80
BLPPKTX5-T50,A2A
BLPPKTX5-T50,PPC103A
BLPPKTX5-T50,SIMM150A
BLPPKTX5-T50,SIMM190
BLPPKTX5-T50,SPBS8AR
BLPPKTX5-T50,SGD2BR
BLPPKTX5-T50,SGD4BR
BLPPKTX5-T50,TMXK60
BLPPKTX5-T50,47ACF
BLPTE145,BLPTE144
BLPTE145,BLPTE147
BLPTE145,BLPTE146
BLPTE145,BLPTE1222
BLPTE145,BLPTE1218
BLPTE145,BLPTE1224
BLPTE145,BLPTE1220
BLPTE145,BLPTE3816
BLPTE145,BLPTE3812
BLPTE145,BLPTE3810
BLPTL3845,BLPTL1260
BLPTL3845,BLPTL3840
BLPTL3845,BLPTL3850
BLPTL3845,BLPTL1255
BLPTL3845,BLPTL1415
BLPTL3845,BLPTL1410
BLPTL3845,BLPTL1427
BLPTL3845,BLPTL1420
BLPTL3845,BLPTL1430
BLPTL3845,BLPT3840
BLPTS1415,BLPTS1420
BLPTS1415,BLPTS1410
BLPTS1415,BLPTS1425
BLPTS1415,BLPTS1430
BLPTS1415,BLPHSM1410
BLPTS1415,BLPHSM145
BLPTS1415,RTD48
BLPTS1415,PWCS7ACF
BLPTS1415,SGASA204CR
BLPTS1415,TMU8B
BLPH38516,BLPH3814
BLPH38516,BLPH38732
BLPH38516,BLPH389
BLPH38516,BLPH387
BLPH38516,BLPH388
BLPH38516,BLPH386
BLPH38516,BLPT3845
BLPH38516,BLPT1427
BLPH38516,BLPT3850
BLPH38516,BLPT3840
BLPH38732,BLPH3814
BLPH38732,BLPH38516
BLPH38732,BLPH3838
BLPH38732,BLPH387
BLPH38732,BLPH389
BLPH38732,BLPH388
BLPH38732,BLPH386
BLPH38732,BLPH3810
BLPH38732,BLPT3850
BLPH38732,BLPT3840
BLPHL389,SIMM200
BLPHL389,SGD6BR
BLPHL389,SGASA204CR
BLPHL389,FU8A
BLPHL389,SIMM220
BLPHL389,TMXK2
BLPHL389,SIMM150A
BLPHL389,SIMM170
BLPHL389,SPBS12AR
BLPHL389,PPC105LA
FZ7A,OFC7374-14
FZ7A,SGD153BR
FZ7A,FZ4B
FZ7A,SGD155CR
FZ7A,SW341
FZ7A,S9704KR
FZ7A,PPCD70BK
FZ7A,TW461
FZ7A,RC980
FZ7A,S9711KA
GA294,SPBS24A
GA294,RBM1011SC
GA294,AWTEF8K
GA294,BOERM18
GA294,AWMEF6K
GA294,RXS605B
GA294,BOERM21
GA294,B260A
GA294,AD10C
GA294,AW1015DK
SEPCOREA,SPBS12AR
SEPCOREA,PPC103A
SEPCOREA,FXK11
SEPCOREA,SIMM150A
SEPCOREA,SGDX80BR
SEPCOREA,SIMM200
SEPCOREA,SIMM160A
SEPCOREA,A2A
SEPCOREA,SIMM210
SEPCOREA,FHLF80A
SEPIMMSIMMA,SEPIMFMSIMFMA
SEPIMMSIMMA,QD3RN350A
SEPIMMSIMMA,TWM27
SEPIMMSIMMA,208EFTAMXSY
SEPIMMSIMMA,209TFSMYA
SEPIMMSIMMA,AWCGT500
SEPIMMSIMMA,UTS105A
SEPIMMSIMMA,FRW10
SEPIMMSIMMA,LSR1450
SEPIMMSIMMA,LSR1580
SEPPMACC,BLPTHC87
SEPPMACC,SGD2BR
SEPPMACC,SPBS704AR
SEPPMACC,PPC4A
SEPPMACC,SIMM210
SEPPMACC,TMU8B
SEPPMACC,FU8A
SEPPMACC,SRPCR4700
SEPPMACC,F80
SEPPMACC,FX1
SEPPT850KA,2005BSKA
SEPPT850KA,R404
SEPPT850KA,AWM110DHK
SEPPT850KA,B260A
SEPPT850KA,206AFSP
SEPPT850KA,AW1015DHK
SEPPT850KA,144TMPB
SEPPT850KA,BTC7B
SEPPT850KA,YA4274A
SEPPT850KA,313TSYA
SOSGFLXCLR,ECFLK078
SOSGFLXCLR,ECPNH012
SOSGFLXCLR,FB336
SOSGFLXCLR,BLP14HVLP
SOSGFLXCLR,BLP13HVLP
SOSGFLXCLR,BLP15HVLP
SOSGFLXCLR,BF555
SOSGFLXCLR,SOSG01BKCL01
SOSGFLXCLR,GLOVE900LR
SOSGFLXCLR,GLOVE1100L
SRES20,SRES22
SRES20,SRES18
SRES20,SRES28
SRES20,SRES26
SRES20,SRES24
SRES20,208FRDHM
SRES20,208FRDH
SRES20,L872RM
SRES20,210FRHMA
SRES20,315SIMMYA
SSM5A,SSR7
SSM5A,AWCG1600B
SSM5A,SS5A
SSM5A,TWM30
SSM5A,XO605
SSM5A,OEXS709B
SSM5A,AWP45
SSM5A,GA265A
SSM5A,TWM27
SSM5A,OEXM7B
TD2425A,TF528D
TD2425A,XO605
TD2425A,305SXWP
TD2425A,VO2628B
TD2425A,VO1416B
TD2425A,VO1012B
TD2425A,TM84
TD2425A,TMC104E
TD2425A,VO1820B
TD2425A,TM82
TFY72,BLPBTW8
TFY72,FCF72
TFY72,LDH342
TFY72,LDH442
TFY72,LDH462
TFY72,LDH602
TFY72,LDH422A
TFY72,LDH522
TFY72,XO605
TFY72,414AHD
T72FOD,XS2024A
T72FOD,XS1820A
T72FOD,XS2226A
T72FOD,XS1618A
T72FOD,XS1214A
T72FOD,VO2224B
T72FOD,XS67A
T72FOD,VO2628B
T72FOD,TM84
T72FOD,VO1012B
LSR1150,OFW3
LSR1150,LSR1000EXT
LSR1150,OEXM8B
LSR1150,OEXM7B
LSR1150,S6118A
LSR1150,OFW2
LSR1150,OEXM230B
LSR1150,PK53A
LSR1150,SIMM360
LSR1150,144TMPB
MS400A,MS800
MS400A,UKBU10
MS400A,PKNC300
MS400A,PBMMS5R
MS400A,AC58E
MS400A,PHP3A
MS400A,SGA1714B
MS400A,YA900
MS400A,PHG1055BK
MS400A,PPC715BK
OFC65-14,SPBS18AR
OFC65-14,FM12
OFC65-14,FM17
OFC65-14,FM16
OFC65-14,FM14
OFC65-14,FM15
OFC65-14,FM18
OFC65-14,FM19
OFC65-14,FM11
OFC65-14,FM13
OFC6567-14,TMU8B
OFC6567-14,F80
OFC6567-14,SGDP42IRBR
OFC6567-14,SIMM150A
OFC6567-14,SPBS12AR
OFC6567-14,TMXK60
OFC6567-14,SGD2BR
OFC6567-14,FXK3
OFC6567-14,SPBS24AR
OFC6567-14,SGD8BR
OFCADPTR,OFCA2
OFCADPTR,SHBB24
OFCADPTR,PL344BCF
OFCADPTR,GSAF1F
OFCADPTR,SGHF616BR
OFCADPTR,FHL80
OFCADPTR,SGHBF500A
OFCADPTR,106ATMXW
OFCADPTR,OFW4KT
OFCADPTR,10MA
PKWHD53A,RXFS2836B
PKWHD53A,PWZ4
PKWHD53A,HBPT24
PKWHD53A,HBBD8
PKWHD53A,PPC20LB
PKWHD53A,PPB1002A
PKWHD53A,210FRHMA
PKWHD53A,PPC5A
PKWHD53A,FKF80A
PKWHD53A,SHN36
PH1050,PH1038
PH1050,VWB8B
PH1050,PH3050BR
PH1050,PTR2505
PH1050,PTC250
PH1050,PTGR450
PH1050,PTGR100
PH1050,PSO4625
PH1050,MG1250
PH1050,PTGR110
PKB500A,USS103
PKB500A,PKNC300
PKB500A,SGDMRC11A
PKB500A,SGHF616BR
PKB500A,SGDX80BR
PKB500A,PPC820B
PKB500A,PPC103A
PKB500A,SGDP42IRBR
PKB500A,SPBS12AR
PKB500A,SPBS18AR
PWC52A,BTWSMPK
PWC52A,TMMDS10
PWC52A,TMR4
PWC52A,TMMDS9
PWC52A,TMMDS13
PWC52A,112TMMDSY
PWC52A,REX13C
PWC52A,TMMDS8
PWC52A,WTG10A
PWC52A,EPC160
PWZ4,PWZ5
PWZ4,PWZ3A
PWZ4,A36A
PWZ4,PKWHD53A
PWZ4,BLPPB704
PWZ4,PWZ1A
PWZ4,PWZ2A
PWZ4,OXKRM705
PWZ4,PBMP703A
PWZ4,SBT26
RBM910C,RBM78C
RBM910C,RBM78SC
RBM910C,RBM1415C
RBM910C,RBM1213C
RBM910C,RBM1618C
RBM910C,RBM1719C
RBM910C,RBM1011C
RBM910C,SIM400
RBM910C,SG4ASABR
RBM910C,SIM240
R1012C,R1011C
R1012C,R1618C
R1012C,R1214C
R1012C,TK72
R1012C,STMD11
R1012C,STMD14
R1012C,STMD12
R1012C,TMD9
R1012C,TMD11
R1012C,TMD7
R810C,R2428C
R810C,R2022C
R810C,R1214C
R810C,R2426C
R810C,R2830C
R810C,R1618C
R810C,R1011C
R810C,SDMT25D
R810C,TMBS8A
R810C,GMB3042
KACKCAREKIT,KRSC46HPBO
KACKCAREKIT,KRSC326FPBO
KACKCAREKIT,KASS13
KACKCAREKIT,PLRK30
KACKCAREKIT,KRSC323PBO
KACKCAREKIT,KA2422SETPJJ
KACKCAREKIT,KRSC430APBO1
KACKCAREKIT,MRB12B
KACKCAREKIT,KAERNADD6RD
KACKCAREKIT,KCP1422PBO
YA4619,ECHDF042
YA4619,FB316B
YA4619,EEBC30A12V
YA4619,EECT424HD
YA4619,GLASS30R
YA4619,ECPNH012
YA4619,JCK7DBL
YA4619,MAGMAT
YA4619,JT13B
YA4619,TPMC25
KRA1421PCM,KACKFLTCLNR
KRA1421PCM,TB20AC
KRA1421PCM,A277
KRA1421PCM,KRSC326FPBO
KRA1421PCM,KWSP2455ABL
KRA1421PCM,KRA2411PBO
KRA1421PCM,KRA4114FPBO
KRA1421PCM,KRA2422PBO
KRA1421PCM,YA389A
KRA1421PCM,YA450B
UIM2LT,UPTLP2
UIM2LT,SDM252C
UIM2LT,UIM2RSLT
UIM2LT,AWCG1600B
UIM2LT,GA265A
UIM2LT,PHT5
UIM2LT,PTM2
UIM2LT,HBPT24
UIM2LT,HSPD16
UIM2LT,BDGPL411HG
US711,SPBS18AR
US711,T72
US711,91ACP
US711,FXK3
US711,SRPCR3800
US711,FU8A
US711,SIMM240
US711,SIMM190
US711,SHD1R
US711,PPC4A
YA4274A,ACT1370
YA4274A,SIMM340
YA4274A,OFW2
YA4274A,OEXM7B
YA4274A,SIMM320
YA4274A,144TMPB
YA4274A,LSR2000
YA4274A,SIMM300
YA4274A,S6118A
YA4274A,BP32B
XDSG606K1O,FHLF80A
XDSG606K1O,BLPTHC87
XDSG606K1O,SPBS18AR
XDSG606K1O,SGASA204CR
XDSG606K1O,GFAT1E
XDSG606K1O,SPBS704AR
XDSG606K1O,F80
XDSG606K1O,TMU8B
XDSG606K1O,FU8A
XDSG606K1O,SPBS24AR
YA105013,YA1050B
YA105013,AT4101
YA105013,AT4124
YA105013,RTEMPB7
YA105013,JT13B
YA105013,AT4135
YA105013,GA460B
YA105013,ACT1290A
YA105013,EC-USB-C-3A
YA105013,OC5A
YA339A,AWL1010DK
YA339A,R1618SC
YA339A,AW1013DK
YA339A,OEX080B
YA339A,SRP3A
YA339A,SGDP64IRBR
YA339A,GA98A
YA339A,AWEF9K
YA339A,PT28E
YA339A,S6106KA
IPF800B,10SSD
IPF800B,SR40K
IPF800B,FTX60E
IPF800B,GAJ12A
IPF800B,PPB826A
IPF800B,BTC7B
IPF800B,111TMMDY
IPF800B,TMMD5
IPF800B,TMMD12
IPF800B,TMMD7
LDH522,LDH602
LDH522,LDH442
LDH522,LDH462
LDH522,LDH482
LDH522,LDH402
LDH522,LDH422A
LDH522,L122
LDH522,L62
LDH522,L8112A
LDH522,SOEX36
GA3200B,EECT424HD
GA3200B,ACT1290A
GA3200B,EECT900
GA3200B,YA1175KIT
GA3200B,PGP120
GA3200B,RULER602
GA3200B,ITHE100
GA3200B,ACTUVPROKT
GA3200B,ACT51234A
GA3200B,RTEMP8
KRSC2460PWZ7,KRSC430APBO7
KRSC2460PWZ7,KRSC430APBO1
KRSC2460PWZ7,KCP1422PBO
KRSC2460PWZ7,KRA4813FPBO
KRSC2460PWZ7,KAERNADD6RD
KRSC2460PWZ7,KRA4059FPBO
KRSC2460PWZ7,PLRK21
KRSC2460PWZ7,KRA6200FPBO
KRSC2460PWZ7,KRSC46HPBO
KRSC2460PWZ7,YA389A
PL1000START,SVSM807A
PL1000START,ATECHFSET01R
PL1000START,LSRM2000
PL1000START,LSR1580
PL1000START,LSR1450
PL1000START,LSR1000EXT
PL1000START,SOXRR707A
PL1000START,SIMM230
PL1000START,SIMM200
PL1000START,SIMM240
STMM13,STMM14
STMM13,STMM6
STMM13,STMM11
STMM13,STMM12
STMM13,STMM5.5
STMM13,STMM5
STMM13,STMM10
STMM13,222AFSP
STMM13,TMM9
STMM13,TMM13
STMM6,STMM14
STMM6,STMM5
STMM6,STMM7
STMM6,STMM5.5
STMM6,STMM15
STMM6,STMM10
STMM6,222AFSP
STMM6,TMM9
STMM6,TMM6
STMM6,TMM11
117TMM,AWM110DHK
117TMM,AC5C
117TMM,2004BSKA
117TMM,QD3RN350A
117TMM,S9704KA
117TMM,TFM7530B
117TMM,PK23A
117TMM,AWCGT500
117TMM,UIM225
117TMM,FADH12C
KRSC2460BCD7,KAERNADD6RD
KRSC2460BCD7,KRA2422PBO
KRSC2460BCD7,KRSC326FPBO
KRSC2460BCD7,KRSC430APBO7
KRSC2460BCD7,YA438B
KRSC2460BCD7,KCP2422PBO
KRSC2460BCD7,KRSC343PBO
KRSC2460BCD7,KRA2411PBO
KRSC2460BCD7,KRA25D
KRSC2460BCD7,YA389A
SF80A,TF5A
SF80A,FF80A
SF80A,TF72
SF80A,TWM26
SF80A,BTK5
SF80A,SGDTX50BR
SF80A,SR40K
SF80A,PT28E
SF80A,SOEX38
SF80A,S6110A
S9706KRA,FA12LE
S9706KRA,S9704KA
S9706KRA,GF22
S9706KRA,TW481
S9706KRA,224SFFSMFR
S9706KRA,PRH57A
S9706KRA,AWM110DHK
S9706KRA,IMM360
S9706KRA,STX70E
S9706KRA,YA2850A
OXIM707SBK,RBM78SC
OXIM707SBK,RBM1618C
OXIM707SBK,RBM1719C
OXIM707SBK,OXIM710B
OXIM707SBK,OXI707BK
OXIM707SBK,OEXM260B
OXIM707SBK,RBM1213C
OXIM707SBK,RBM1415C
OXIM707SBK,RBM910C
OXIM707SBK,RBM1011C
ADCF8,FTA35
ADCF8,SRES24
ADCF8,STA35
ADCF8,TTA35
ADCF8,SRES26
ADCF8,BFCRM712A
ADCF8,XFRR704
ADCF8,208FRDH
ADCF8,210FCOMA
ADCF8,SRES22
KRA5311FPBO,KAERNADD6RD
KRA5311FPBO,YA389A
KRA5311FPBO,KRSC326FPBO
KRA5311FPBO,KACKFLTCLNR
KRA5311FPBO,TB40C
KRA5311FPBO,KWSN2455ABL
KRA5311FPBO,KWSP2455AST
KRA5311FPBO,KRA4107FPBO
KRA5311FPBO,KRA6200FPBO
KRA5311FPBO,TB20AC
KRA5311FPOT,KAERNADD6RD
KRA5311FPOT,KWSP2455AST
KRA5311FPOT,KRA2411PBO
KRA5311FPOT,YA450B
KRA5311FPOT,KRA6200FPBO
KRA5311FPOT,KWSN2455ABL
KRA5311FPOT,KRSC326FPBO
KRA5311FPOT,KRA2407PBO
KRA5311FPOT,A277
KRA5311FPOT,KRSC46HPBO
208EFTAMXSY,QD3RN350A
208EFTAMXSY,BOERM18
208EFTAMXSY,AWCGT500
208EFTAMXSY,UTV617A
208EFTAMXSY,BOERM21
208EFTAMXSY,TMM16
208EFTAMXSY,LSR1000EXT
208EFTAMXSY,UTS105A
208EFTAMXSY,BLPHEXS1418
208EFTAMXSY,QD2RN100A
HPR400,ECPNI032R
HPR400,EEDM596FK
HPR400,EECT900
HPR400,MAGDISH
HPR400,EECT400
HPR400,ECPNH012
HPR400,YA1050B
HPR400,EEDM503D
HPR400,BB9008
HPR400,ECHDF042
YA389ABL,PLRK21
YA389ABL,KACKMCFIBER1
YA389ABL,PLRK30
YA389ABL,KAERNADD6RD
YA389ABL,PLRK27
YA389ABL,MRB12B
YA389ABL,SNA-TBP14
YA389ABL,KRA2007FPBO
YA389ABL,YA450B
YA389ABL,KCP1422PBO
233FSMBFR,GA243
233FSMBFR,VGP12418
233FSMBFR,VGP12406
233FSMBFR,SEPABODYADD
233FSMBFR,SEPUAUTOBODYA
233FSMBFR,VGP22418
233FSMBFR,PK50A
233FSMBFR,A159
233FSMBFR,A179A
233FSMBFR,A161B
OEX38B,OEX42B
OEX38B,OEX44B
OEX38B,TW441
OEX38B,TWM26
OEX38B,OEXM250B
OEX38B,218AFP
OEX38B,TW381
OEX38B,SR40K
OEX38B,1210B
OEX38B,BTC7B
STX70E,FRX181
STX70E,GF22
STX70E,HD6529
STX70E,KAC1224TCA
STX70E,FAML6E
STX70E,YA2850A
STX70E,SA16E
STX70E,IMM360
STX70E,SAM19E
STX70E,RC980
AWL16D,FHLF80A
AWL16D,91ACP
AWL16D,SPBS24AR
AWL16D,BLPTHC87
AWL16D,ATECH2FR125B
AWL16D,SIMM150A
AWL16D,SGDP42IRBR
AWL16D,ATECH3FR300B
AWL16D,SGD2BR
AWL16D,A2A
CTDFL861,CTINF9010
CTDFL861,CTC772A
CTDFL861,PSO4625
CTDFL861,CTB8174
CTDFL861,PTGR110
CTDFL861,AT408
CTDFL861,DB121C
CTDFL861,AT109
CTDFL861,CTR861AK2
CTDFL861,VWB8B
110RTSMA,S9714MK
110RTSMA,LIL59000
110RTSMA,HD6529
110RTSMA,RC980
110RTSMA,TMMS5
110RTSMA,TMMS6
110RTSMA,TMMS11
110RTSMA,TMMS12
110RTSMA,TMMS15
110RTSMA,TMMS13
210AFSP,PPK15
210AFSP,114ATMP
210AFSP,SHDX60R
210AFSP,PT5C
210AFSP,SHDP63IRR
210AFSP,SOXRR707A
210AFSP,110TMY
210AFSP,PL307ACF
210AFSP,TW321
210AFSP,TW361
FADH704C,110ETMAY
FADH704C,210FCOMA
FADH704C,PBMP703A
FADH704C,BJP1
FADH704C,TM412
FADH704C,TM408
FADH704C,TM410
FADH704C,TM5
FADH704C,ATKIFL
FADH704C,XS2024A
PIT120,FA12LE
PIT120,FRX181
PIT120,GF22
PIT120,TW481
PIT120,HD6529
PIT120,STX70E
PIT120,YA2850A
PIT120,FABLM5E
PIT120,TW381
PIT120,SAM19E
315IMMYA,IM220
315IMMYA,IM120A
315IMMYA,IM140A
315IMMYA,IM280
315IMMYA,IM200
315IMMYA,IM260
315IMMYA,311IMYA
315IMMYA,IM240
315IMMYA,IM300
315IMMYA,311IMFSY
AWMCG16025B,96ACF
AWMCG16025B,SGASA204CR
AWMCG16025B,SGDP42IRBR
AWMCG16025B,SGD4BR
AWMCG16025B,SPBS18AR
AWMCG16025B,SGDX80BR
AWMCG16025B,SGD6BR
AWMCG16025B,FU8A
AWMCG16025B,SIMM170
AWMCG16025B,PPC106LA
TW221,TW121A
TW221,TW201
TW221,TW241
TW221,TW181A
TW221,TW281
TW221,TW321
TW221,TW361
TW221,TW301
TW221,TW341
TW221,BHS7A
IM260,IM220
IM260,IM120A
IM260,IM320
IM260,IM140A
IM260,IM240
IM260,SR40K
IM260,SIM180A
IM260,SIM200
IM260,SIM240
IM260,SIM260
SIMM300,SIMM290
SIMM300,SIMM340
SIMM300,SIMM360
SIMM300,222AFSP
SIMM300,ACT1370
SIMM300,OFW3
SIMM300,OFW1
SIMM300,PKNC150
SIMM300,310TWMYA
SIMM300,BP32B
CTPSK185,CTB8174
CTPSK185,PTC250
CTPSK185,CTC772A
CTPSK185,PTR72
CTPSK185,MG1250
CTPSK185,CT9080K2
CTPSK185,CTB8187
CTPSK185,CTR861AK2
CTPSK185,CTCO861K2
CTPSK185,MG325
AWM9D,SGD2BR
AWM9D,PPC105LA
AWM9D,SPBS24AR
AWM9D,SPBS18AR
AWM9D,SGDP31IRBR
AWM9D,SRPCR3800
AWM9D,SIMM150A
AWM9D,BLPTHC87
AWM9D,SPBS12AR
AWM9D,TMXK2
PCSG812,PPSG206
PCSG812,PPSG205
PCSG812,PPSG203
PCSG812,PCSG816
PCSG812,PCSG820
PCSG812,PPSG105
PCSG812,PPSG103
PCSG812,PPSG4
PCSG812,SOEX26
PCSG812,UIM225
AW2-1/2D,47ACF
AW2-1/2D,T72
AW2-1/2D,SIMM220
AW2-1/2D,FXK3
AW2-1/2D,SGASA204CR
AW2-1/2D,PL400B
AW2-1/2D,SIMM210
AW2-1/2D,SPBS8AR
AW2-1/2D,TMXK60
AW2-1/2D,PPC106LA
TM05,XS1416A
TM05,XS1820A
TM05,XS1618A
TM05,XS1214A
TM05,VO1820B
TM05,VO3032B
TM05,TM04
TM05,TMC106E
TM05,TM82
TM05,TM410
KRA4810FPWZ,KRA4107FPBO
KRA4810FPWZ,KRA4813FPBO
KRA4810FPWZ,KAERNADD6RD
KRA4810FPWZ,KRA2411PBO
KRA4810FPWZ,YA438B
KRA4810FPWZ,KRSC430APBO7
KRA4810FPWZ,KCP1422PBO
KRA4810FPWZ,KWSP2455AST
KRA4810FPWZ,KRSC430APBO1
KRA4810FPWZ,KACKMCFIBER1
BT518,BT1360
BT518,SEPPT850KA
BT518,BTGHD9
BT518,R404
BT518,2005BSKA
BT518,AF102
BT518,AW1015DHK
BT518,131A
BT518,BLPPB704
BT518,SPRG625R
SGT4BG,S6110A
SGT4BG,S6118A
SGT4BG,117TMM
SGT4BG,317AMMPC
SGT4BG,PK23A
SGT4BG,B1461
SGT4BG,LP10WR
SGT4BG,SN25A
SGT4BG,PRH57A
SGT4BG,222AFSP
CDR861GDB,CT825DB
CDR861GDB,CTB8174
CDR861GDB,CTB185
CDR861GDB,CTR867AK2
CDR861GDB,VWB8B
CDR861GDB,MG1250
CDR861GDB,CT9010K2
CDR861GDB,CTS561BITSET
CDR861GDB,AT5500
CDR861GDB,PH3050BR
312IPL,IPL40C
312IPL,312IPLM
312IPL,IPLM10C
312IPL,IPLM12C
312IPL,IPLM13C
312IPL,IPLM16C
312IPL,IPLM15C
312IPL,IPLM18C
312IPL,IPLM24C
312IPL,IPLM21C
AWS13-12,SGDP42IRBR
AWS13-12,SIMM180
AWS13-12,SPBS8AR
AWS13-12,F80
AWS13-12,A2A
AWS13-12,SIMM210
AWS13-12,SIMM160A
AWS13-12,GFAT1E
AWS13-12,TMXK4
AWS13-12,SGD6BR
SWM291,SWM281
SWM291,SWM251
SWM291,TWM31
SWM291,OFW4
SWM291,SWM111A
SWM291,SWM101A
SWM291,1512B
SWM291,TWM28
SWM291,SWM201
SWM291,SWM211
HBPT24,TMM16
HBPT24,TF5A
HBPT24,BOERM22
HBPT24,131TMPB
HBPT24,USS103
HBPT24,PKNC301
HBPT24,BOERM21
HBPT24,BTK5
HBPT24,PK500A
HBPT24,AWEF11K
PH3045A,DBTB121
PH3045A,CTS561CHUCK
PH3045A,CTR867AK2
PH3045A,CTR862DB
PH3045A,PTR2500
PH3045A,CT9080K2
PH3045A,PH3050BR
PH3045A,MG1250
PH3045A,CTC772A
PH3045A,PTGR100
313TSYA,TTX40E
313TSYA,313TWYA
313TSYA,313TSMYA
313TSYA,313TWMYA
313TSYA,TWM26
313TSYA,TWM29
313TSYA,TWM28
313TSYA,TWM31
313TSYA,TWM27
313TSYA,TWM30
TPMBM5,TPM16ORG
TPMBM5,TPM16
TPMBM5,RULER602
TPMBM5,ECPNG032
TPMBM5,JT13B
TPMBM5,UTK100
TPMBM5,EEPV509
TPMBM5,EECT400
TPMBM5,ECHDD012AR
TPMBM5,EECT900
AWS13-10,SIMM240
AWS13-10,SHD1R
AWS13-10,PPC103A
AWS13-10,ATECH2FR125B
AWS13-10,SRPCR4700
AWS13-10,91ACP
AWS13-10,ATECH3FR300B
AWS13-10,TMU8B
AWS13-10,PPC105LA
AWS13-10,SIMM160A
SHLL80AG,FHLL80
SHLL80AG,THLL72
SHLL80AG,SH80A
SHLL80AG,FHL80
SHLL80AG,SHL80A
SHLL80AG,THL72
SHLL80AG,FHR80
SHLL80AG,FHBF80A
SHLL80AG,FHLLF80
SHLL80AG,112SIMTMM
YA427BBLK,WELDIGNGRANITE
YA427BBLK,GLASS70BYEAR
YA427BBLK,EFPHANNIBALB
YA427BBLK,VAC201
YA427BBLK,SOSG01BKCL01
YA427BBLK,MTTL300
YA427BBLK,EARPLUGBAND
YA427BBLK,JCW80AR
YA427BBLK,GA296B
YA427BBLK,JCK8
IPL28C,IPL22C
IPL28C,IPL26C
IPL28C,IPL20C
IPL28C,IPL18C
IPL28C,IPL16C
IPL28C,IPL38C
IPL28C,IPL42C
IPL28C,312IPLM
IPL28C,IPLM10C
IPL28C,IPLM14C
222AFSMP,US712
222AFSMP,AW1020DK
222AFSMP,AWM140DK
222AFSMP,222AFSP
222AFSMP,144TMPB
222AFSMP,FSS141
222AFSMP,FSS121
222AFSMP,FSS181
222AFSMP,BHS7A
222AFSMP,SWM111A
FF80A,TMM16
FF80A,BOERM22
FF80A,131TMPB
FF80A,BOERM21
FF80A,TRF72
FF80A,FSM61
FF80A,TF72
FF80A,SF80A
FF80A,SFSM6
FF80A,SFSM21
OEXM290B,OEXM260B
OEXM290B,OEXM250B
OEXM290B,OEXM270B
OEXM290B,OEX44B
OEXM290B,OEXM230B
OEXM290B,TWM29
OEXM290B,TWM28
OEXM290B,210EFTAMY
OEXM290B,OEX080B
OEXM290B,111STMMDY
BEXD10A,REX25C
BEXD10A,312IPL
BEXD10A,IPL26C
BEXD10A,IPL32C
BEXD10A,IPL16C
BEXD10A,IPL34C
BEXD10A,IPL38C
BEXD10A,EXD35A
BEXD10A,210FCOMA
BEXD10A,PPSG206
AWMXL10-5,SGDP31IRBR
AWMXL10-5,A2A
AWMXL10-5,91ACP
AWMXL10-5,SGDX80BR
AWMXL10-5,GFAT1E
AWMXL10-5,SPBS12AR
AWMXL10-5,TMU8B
AWMXL10-5,SHD1R
AWMXL10-5,ATECH2FR125B
AWMXL10-5,SIMM240
KRA2422PJK,KRWT2411
KRA2422PJK,KWSN2455AST
KRA2422PJK,KWSP2455ABL
KRA2422PJK,KWSP2455AST
KRA2422PJK,KWSN2455ABL
KRA2422PJK,KCP1422PBO
KRA2422PJK,KRA2411PBO
KRA2422PJK,KRA4059FPBO
KRA2422PJK,KACKFLTCLNR
KRA2422PJK,KRSC46HPBO
SLL80A,SN36
SLL80A,SL80A
SLL80A,OEX44B
SLL80A,L122
SLL80A,OXIM707SBK
SLL80A,L62
SLL80A,TM72
SLL80A,TLLF72
SLL80A,OEXM250B
SLL80A,TRF72
PL1000STARTO,SVSM807A
PL1000STARTO,ATECHFSET01R
PL1000STARTO,LSRM2000
PL1000STARTO,LSR1580
PL1000STARTO,LSR1450
PL1000STARTO,LSR1000EXT
PL1000STARTO,SOXRR707A
PL1000STARTO,SIMM230
PL1000STARTO,SIMM200
PL1000STARTO,SIMM240
FZ80,PALMRAT
FZ80,FSLF80
FZ80,FHOF80A
FZ80,FKF80A
FZ80,F80MP
FZ80,IMFLE120A
FZ80,TK72
FZ80,FH80MP
FZ80,FRW10
FZ80,SGTT2B
SGDP162BR,SGD4120BR
SGDP162BR,SS5A
SGDP162BR,RC980
SGDP162BR,S9711KA
SGDP162BR,CSA12CR
SGDP162BR,SGDX40BR
SGDP162BR,TW441
SGDP162BR,SGDXXL20BR
SGDP162BR,111TMMDY
SGDP162BR,TMMD11
RTD48,FA12LE
RTD48,FRX181
RTD48,HD6529
RTD48,KAC1224TCA
RTD48,TW481
RTD48,RC980
RTD48,RD8
RTD48,206EFABL
RTD48,SR40K
RTD48,209EFTXBY
TWM31,TWM29
TWM31,TWM32
TWM31,TWM30
TWM31,SWM281
TWM31,TMP12E
TWM31,FTX60E
TWM31,TW461
TWM31,SWM301
TWM31,TWM27
TWM31,206AFSA
AWT27A,TMXK2
AWT27A,SIMM160A
AWT27A,A2A
AWT27A,ATECH3FR300B
AWT27A,SGASA204CR
AWT27A,SPBS8AR
AWT27A,SRPCR4700
AWT27A,SGDX80BR
AWT27A,SPBS704AR
AWT27A,SIMM220
OXIM6B,OXIM7B
OXIM6B,BLPTE3816
OXIM6B,BLPTE3814
OXIM6B,BLPT1255
OXIM6B,BLPH389
OXIM6B,AWMBPH9
OXIM6B,S6103A
OXIM6B,DPT7A
OXIM6B,SFSM21
OXIM6B,HSPD16
103UFTS,222SFFSFR
103UFTS,PK52A
103UFTS,212EFTAY
103UFTS,120STTM
103UFTS,PTIM5
103UFTS,211EFAMY
103UFTS,208AFX
103UFTS,206AFX
103UFTS,305ASX
103UFTS,SX2
GLASS30R,JT17A
GLASS30R,EARPLUGBAND
GLASS30R,RULER602
GLASS30R,EFPHANNIBALB
GLASS30R,JT13B
GLASS30R,GLOVEORIGPLUSL
GLASS30R,GLOVE300BL
GLASS30R,YA427B
GLASS30R,PGP120
GLASS30R,GA296B
SWM251,SWM291
SWM251,SWM271
SWM251,SWM281
SWM251,SWM301
SWM251,AWMEF8K
SWM251,SWM101A
SWM251,PK52A
SWM251,SWM231
SWM251,AWM140DK
SWM251,2420A
ECUHD218HV,SVTSRAD272U
ECUHD218HV,ECPNG032
ECUHD218HV,YA4000B
ECUHD218HV,EEBC30A12V
ECUHD218HV,EECT900
ECUHD218HV,MTTL800
ECUHD218HV,JCK7DBL
ECUHD218HV,SVTS272A
ECUHD218HV,ECHDD012AR
ECUHD218HV,UTK100
PTGR100G,SAG03S12
PTGR100G,PTGR450
PTGR100G,PTC250
PTGR100G,VWB4B
PTGR100G,VWB8B
PTGR100G,PTR2500
PTGR100G,PTR2505
PTGR100G,MG1250
PTGR100G,PSO4625
PTGR100G,PT338
SHD6R,SHDP31IRR
SHD6R,SHD4R
SHD6R,SHDP42IRR
SHD6R,SHDP63IRR
SHD6R,SHD1R
SHD6R,TWM25
SHD6R,313SYA
SHD6R,BP8B
SHD6R,TW401
SHD6R,AW1015DHK
ECPRA072O,ECFD0102
ECPRA072O,ECARL032R
ECPRA072O,YA105013
ECPRA072O,GLOVE1100L
ECPRA072O,ECSPH271
ECPRA072O,ECSPH271O-L
ECPRA072O,ECPNI032R
ECPRA072O,ECPRL092
ECPRA072O,ECPNG032
ECPRA072O,MAGMINI
KRSC323PCM,KRSC430APBO1
KRSC323PCM,A277
KRSC323PCM,KWSP2455ABL
KRSC323PCM,KWSN2455AST
KRSC323PCM,KRA2007FPBO
KRSC323PCM,PLRK30
KRSC323PCM,PLRK21
KRSC323PCM,KCP2422PBO
KRSC323PCM,KRA4008FPBO
KRSC323PCM,KRA2407PBO
HBFE16,30SSD
HBFE16,224SFFSMFR
HBFE16,BF775C-A
HBFE16,OEXM707B
HBFE16,HBBD16
HBFE16,B1458C
HBFE16,B1467A
HBFE16,PPCD70BK
HBFE16,PPC110LA
HBFE16,PPC108LA
IPLM13C,IPLM11C
IPLM13C,IPLM10C
IPLM13C,IPL26C
IPLM13C,IPL32C
IPLM13C,IPL16C
IPLM13C,IPLM14C
IPLM13C,IPLM17C
IPLM13C,IPLM19C
IPLM13C,IPL22C
IPLM13C,IPL30C
STMM5,STMM14
STMM5,STMM6
STMM5,STMM8
STMM5,STMM10
STMM5,TMM5
STMM5,OFW3
STMM5,117TMM
STMM5,ACT1370
STMM5,QD3RN350A
STMM5,AWCGT500
KCP1422PCM,KWSP2455AST
KCP1422PCM,KWSN2455ABL
KCP1422PCM,KWSN2455AST
KCP1422PCM,KWSP2455ABL
KCP1422PCM,KRWT2411
KCP1422PCM,KCP2422PBO
KCP1422PCM,KAERNADD6RD
KCP1422PCM,TB50WC
KCP1422PCM,KRSC430APBO7
KCP1422PCM,YA389A
PTM2,PBMMA5R
PTM2,PBMMB5R
PTM2,AWSG800A
PTM2,AWSGM800A
PTM2,AWPBX10
PTM2,TR117O
PTM2,UIM2LT
PTM2,BLPEXTF388
PTM2,HBBD8
PTM2,915CF
PPSG106,PPSG105
PPSG106,PPSG103
PPSG106,PPSG205
PPSG106,PCSG820
PPSG106,PPSG203
PPSG106,AVSNP01160
PPSG106,HBBD8
PPSG106,OEX711B
PPSG106,SGDMRC4A
PPSG106,OEX8B
A50A,A36A
A50A,1412A
A50A,MSKM10
A50A,STMM4
A50A,212SFMY
A50A,AWM110DK
A50A,IPLM11C
A50A,IPLM12C
A50A,PHP1A
A50A,210FRHMA
QE2R100,SPBS24AR
QE2R100,96ACF
QE2R100,SGD8BR
QE2R100,SIMM160A
QE2R100,A2A
QE2R100,PPC4A
QE2R100,SGD6BR
QE2R100,FX1
QE2R100,SPBS12AR
QE2R100,ATECH2FR125B
LDH562,LDH362
LDH562,LDH482
LDH562,LDH462
LDH562,LDH402
LDH562,LDH522
LDH562,L122
LDH562,L62
LDH562,L8112A
LDH562,PKNC150
LDH562,SOEX40
TW481,FA12LE
TW481,GF22
TW481,FRX181
TW481,YA2850A
TW481,SA16E
TW481,TW381
TW481,RC980
TW481,IMM360
TW481,TW401
TW481,TW461
SGD6BO,SGD2BR
SGD6BO,SGDP31IRBR
SGD6BO,SGDP42IRBR
SGD6BO,SGD8BR
SGD6BO,SGD4BR
SGD6BO,SHD1R
SGD6BO,TMM4
SGD6BO,AWMG9
SGD6BO,PT28E
SGD6BO,STMM5
SGD6BR,SGDP42IRBR
SGD6BR,SGD4BR
SGD6BR,OEXM6B
SGD6BR,TMM4
SGD6BR,222AFSP
SGD6BR,OFW2
SGD6BR,AWMG9
SGD6BR,206EAU
SGD6BR,218AFP
SGD6BR,STMM5
BLP10MHVLP,BLP14HVLP
BLP10MHVLP,BLP18HVLP
BLP10MHVLP,BLP13HVLP
BLP10MHVLP,BLP15HVLP
BLP10MHVLP,BF555
BLP10MHVLP,JT13B
BLP10MHVLP,ECARA052A
BLP10MHVLP,PGP120
BLP10MHVLP,GA296B
BLP10MHVLP,UTK100
AW3D,PPC106LA
AW3D,PPC4A
AW3D,SIMM190
AW3D,SGD8BR
AW3D,SGDP31IRBR
AW3D,96ACF
AW3D,SGD2BR
AW3D,ATECH2FR125B
AW3D,FU8A
AW3D,PL400B
PPSG103,PPSG105
PPSG103,PPSG206
PPSG103,PPSG106
PPSG103,PPSG205
PPSG103,PCSG820
PPSG103,PPSG203
PPSG103,PCSG816
PPSG103,AVSNP01160
PPSG103,HBBD8
PPSG103,PPB30AK
AW12D,AW8D
AW12D,AW7D
AW12D,AW4D
AW12D,AW6D
AW12D,AW4-1/2D
AW12D,AW10D
AW12D,AW5D
AW12D,FSM61
AW12D,TW381
AW12D,AWM110DK
TMM7,TMM13
TMM7,TMM5.5
TMM7,TMM15
TMM7,TMM10
TMM7,TMM4
TMM7,STMM6
TMM7,STMM14
TMM7,STMM11
TMM7,STMM7
TMM7,STMM5
KRA4810FPJJ,KRA4107FPBO
KRA4810FPJJ,KRA4813FPBO
KRA4810FPJJ,KAERNADD6RD
KRA4810FPJJ,KCP1422PBO
KRA4810FPJJ,KRSC46HPBO
KRA4810FPJJ,KRA2422PBO
KRA4810FPJJ,KRSC430APBO7
KRA4810FPJJ,KCP2422PBO
KRA4810FPJJ,MRB12B
KRA4810FPJJ,KACKMCFIBER1
210EFTAMY,BLPHS1414
210EFTAMY,S9724RHS
210EFTAMY,BLPH1219
210EFTAMY,212EFTAY
210EFTAMY,SWM301
210EFTAMY,TMA2.5E
210EFTAMY,TMA3E
210EFTAMY,210AFLEY
210EFTAMY,SWM261
210EFTAMY,210EFTXRY
SGT4BO,S6118A
SGT4BO,AWM110DHK
SGT4BO,117TMM
SGT4BO,PK23A
SGT4BO,B1461
SGT4BO,LP10WR
SGT4BO,S9704KA
SGT4BO,PK53A
SGT4BO,ACT1370
SGT4BO,OEXM9B
OFSKIT,OFCA2
OFSKIT,BTCW800
OFSKIT,BTCP2SA
OFSKIT,LSR1500
OFSKIT,S9714MK
OFSKIT,QDTPMS
OFSKIT,YA4250
OFSKIT,BTK5
OFSKIT,YA4050B
OFSKIT,S6110A
KRSC430APJK1,KRSC323PBO
KRSC430APJK1,MRB12B
KRSC430APJK1,KRA2411PBO
KRSC430APJK1,KRSC326FPBO
KRSC430APJK1,KRA2055FPBO
KRSC430APJK1,KRA5311FPBO
KRSC430APJK1,KRA2407PBO
KRSC430APJK1,KRSC46HPBO
KRSC430APJK1,KRA2422PBO
KRSC430APJK1,SNA-TBP14
IMFLE80A,IMSLE242A
IMFLE80A,IMFLE120A
IMFLE80A,IMSLEPL240
IMFLE80A,XLE605
IMFLE80A,WHM1
IMFLE80A,STX60E
IMFLE80A,OXKRM705
IMFLE80A,210EFTXRY
IMFLE80A,PPC105LA
IMFLE80A,SGD2BR
SWR102,HCP10
SWR102,S9704KR
SWR102,SOEXM705
SWR102,IMM160A
SWR102,IMM150A
SWR102,FAM8E
SWR102,IMM170A
SWR102,IMM180
SWR102,IMM190
SWR102,214SIMFMYA
SGDMRC44B,PT5C
SGDMRC44B,SGDMRC4-TM4
SGDMRC44B,SGDMRC4A
SGDMRC44B,F4LBK
SGDMRC44B,SGDMRC103A
SGDMRC44B,OEX11B
SGDMRC44B,SGDMRCE44
SGDMRC44B,BTWSMPK
SGDMRC44B,BTWS
SGDMRC44B,SSDMRT8A
BT1360,BT15
BT1360,BT518
BT1360,131A
BT1360,HBBT16
BT1360,SDDDM1AR
BT1360,SPBS12AR
BT1360,47ACF
BT1360,SPBS24AR
BT1360,SPBS704AR
BT1360,SPBS8AR
WELDIGNREDROCK,EEPV500
WELDIGNREDROCK,EEDM525F
WELDIGNREDROCK,TDG2
WELDIGNREDROCK,BB9008
WELDIGNREDROCK,ECHDD012AR
WELDIGNREDROCK,RULER602
WELDIGNREDROCK,EECT200
WELDIGNREDROCK,ECPRA072
WELDIGNREDROCK,MTTL800
WELDIGNREDROCK,GA296B
MAGDISH,MAGTRAY
MAGDISH,MAGMICRO
MAGDISH,MAGMAT
MAGDISH,MAGSTRIP
MAGDISH,CLRPW75
MAGDISH,GLOVE300BL
MAGDISH,ECPNI032R
MAGDISH,ECSPH271
MAGDISH,FB336
MAGDISH,TPMB25EM
HBFE24,GF22
HBFE24,KAC1224TCA
HBFE24,TW481
HBFE24,HD6529
HBFE24,YA2850A
HBFE24,FAML6E
HBFE24,HBFE48
HBFE24,STX70E
HBFE24,SWM101A
HBFE24,RC980
SN24C,BHS7A
SN24C,10SSD
SN24C,QD3RN350A
SN24C,TWM29
SN24C,AWCGT500
SN24C,SIMM350
SN24C,SIMM290
SN24C,UPTM65K
SN24C,PKNC125C2
SN24C,PKNC150
SRPCR107O,PPC715BK
SRPCR107O,PWZ4
SRPCR107O,BDGPL300HG
SRPCR107O,SRP400B
SRPCR107O,PBS704
SRPCR107O,PWZ3A
SRPCR107O,CJ2001P
SRPCR107O,PPC208A
SRPCR107O,650
SRPCR107O,SGHBF500A
IPL32C,IPL16C
IPL32C,IPL34C
IPL32C,IPL38C
IPL32C,IPL22C
IPL32C,IPL20C
IPL32C,IPL18C
IPL32C,IPL36C
IPL32C,IPLM11C
IPL32C,IPLM12C
IPL32C,IPLM19C
IM200,IM120A
IM200,IM320
IM200,IM280
IM200,IM240
IM200,309SIMYA
IM200,SIM220
IM200,SIM240
IM200,SIM260
IM200,SIM280
IM200,BLPTE3812
SGDP42IRBR,SGDP31IRBR
SGDP42IRBR,SGDP63IRBR
SGDP42IRBR,SHD1R
SGDP42IRBR,OFW3
SGDP42IRBR,TMM4
SGDP42IRBR,AWMG9
SGDP42IRBR,206EAU
SGDP42IRBR,UIM225
SGDP42IRBR,218AFP
SGDP42IRBR,PT28E
TMR4O,S4
TMR4O,303SXWKL
TMR4O,OXIM707SBK
TMR4O,FZ80
TMR4O,TNF72
TMR4O,TZERO
TMR4O,ST50A
TMR4O,OXI707BK
TMR4O,PWC52A
TMR4O,TMS4E
206EFABLM,TFM7530B
206EFABLM,TWM30
206EFABLM,TWM32
206EFABLM,206EFABL
206EFABLM,208EFTABMY
206EFABLM,S9711KA
206EFABLM,STX70E
206EFABLM,SA16E
206EFABLM,HD6529
206EFABLM,FA12LE
206FSUMA,TWM31
206FSUMA,206SFSUM
206FSUMA,TWM29
206FSUMA,206AFSA
206FSUMA,1210B
206FSUMA,TWM28
206FSUMA,TMC105E
206FSUMA,311IMFSY
206FSUMA,111TMUSMA
206FSUMA,TWM26
GA358B,HR-26PKC
GA358B,PTM2
GA358B,TR117O
GA358B,LP10R
GA358B,TR108
GA358B,110TMSY
GA358B,ASGP102BR
GA358B,BLPHEXS1418
GA358B,PPSG205
GA358B,PPSG206
AWM19D,A2A
AWM19D,SGD6BR
AWM19D,PL400B
AWM19D,SIMM220
AWM19D,SPBS12AR
AWM19D,SRPCR4700
AWM19D,91ACP
AWM19D,SHD1R
AWM19D,FX1
AWM19D,SIMM240
TDG2,TPGDL2000
TDG2,ACT73A
TDG2,EECS150
TDG2,TDG1
TDG2,ASTFUN19KIT
TDG2,CAL6EBR
TDG2,ACT83A
TDG2,MTTL300
TDG2,ITHE100
TDG2,RULER6
TMC109A,TMXM114
TMC109A,TMBS8A
TMC109A,R404
TMC109A,SDMT20D
TMC109A,SDMT10D
TMC109A,BLPTORX1410
TMC109A,ATECH1FS300
TMC109A,207IPFM
TMC109A,IMX32B
TMC109A,112TMMY
CSSD1R,CSSD50R
CSSD1R,PKWSS53A
CSSD1R,CSA14CR
CSSD1R,PKNC300
CSSD1R,SGAS102BG
CSSD1R,CSA12CR
CSSD1R,PHP2A
CSSD1R,AWPBX10
CSSD1R,EXD35A
CSSD1R,BT518
SW321,SW281
SW321,SW301
SW321,SW361
SW321,XS2024A
SW321,XS1416A
SW321,XS1214A
SW321,VO2224B
SW321,VO1416B
SW321,VO1012B
SW321,VO1820B
PKN500,PSN500
PKN500,PKN90
PKN500,PPK300
PKN500,PKNC300
PKN500,AWMXL10
PKN500,BLPEXTF146
PKN500,CSSD50R
PKN500,915CF
PKN500,PPB30AK
PKN500,208CCP
AWL10D,91ACP
AWL10D,SGASA204CR
AWL10D,FX1
AWL10D,TMXK4
AWL10D,SPBS24AR
AWL10D,SIMM180
AWL10D,SGD4BR
AWL10D,SIMM170
AWL10D,SGD2BR
AWL10D,47ACF
AWL12D,PPC4A
AWL12D,SIMM150A
AWL12D,SPBS8AR
AWL12D,SGDP42IRBR
AWL12D,SPBS18AR
AWL12D,ATECH2FR125B
AWL12D,91ACP
AWL12D,A2A
AWL12D,SIMM190
AWL12D,SPBS12AR
GLASS60BK,EECT424HD
GLASS60BK,TPMC25
GLASS60BK,SVTSRAD272U
GLASS60BK,GLASS50R
GLASS60BK,EEDM504F
GLASS60BK,EEPV509
GLASS60BK,MAGDISH
GLASS60BK,JCK8
GLASS60BK,ECHDF042
GLASS60BK,EEDM525F
KRA4813FPCM,KRA4114FPBO
KRA4813FPCM,KRA4810FPBO
KRA4813FPCM,KRA2411PBO
KRA4813FPCM,KAERNADD6RD
KRA4813FPCM,KRSC430APBO7
KRA4813FPCM,KWSN2455ABL
KRA4813FPCM,KWSN2455AST
KRA4813FPCM,KRSC323PBO
KRA4813FPCM,KRSC430APBO1
KRA4813FPCM,KRA4107FPBO
A91F,TWM31
A91F,1210B
A91F,AW1020DK
A91F,2420A
A91F,TWM28
A91F,SW421
A91F,TMC105E
A91F,AWM140DK
A91F,TWM26
A91F,TMP12E
ECPNI032R,ECPRM052
ECPNI032R,ECPNJ032
ECPNI032R,ECPRL092
ECPNI032R,ECARL032R
ECPNI032R,ECFLD030
ECPNI032R,ECPNH012
ECPNI032R,JCW62R
ECPNI032R,LBUK1
ECPNI032R,GLOVE300BL
ECPNI032R,MAGDISH
S4,303SXWKL
S4,TMS4E
S4,FSLF80
S4,TMR4
S4,F4LB
S4,PTM30
S4,SX24
S4,OEXS709B
S4,BTWSMPK
S4,313SYA
ASGP102BO,A177A
ASGP102BO,A179A
ASGP102BO,SGA102BR
ASGP102BO,SGA1713B
ASGP102BO,SPRG625R
ASGP102BO,SGTT8B
ASGP102BO,SGTT3B
ASGP102BO,SGTT7B
ASGP102BO,SGTT2B
ASGP102BO,PPCSG710
ECARC041G,ECHDF042
ECARC041G,MAGMAT
ECARC041G,FB316B
ECARC041G,MTTL800
ECARC041G,GLASS30R
ECARC041G,EECT200
ECARC041G,TPGDL2000
ECARC041G,ECARL032R
ECARC041G,ECPNH012
ECARC041G,YA1050B
STMD16,XS2024A
STMD16,A2A
STMD16,SRPCR4700
STMD16,91ACP
STMD16,SGD2BR
STMD16,PPC106LA
STMD16,SIMM180
STMD16,TMU8B
STMD16,SGDP31IRBR
STMD16,GFAT1E
SIMM120A,SIMM130A
SIMM120A,SIMM110A
SIMM120A,SIMM140A
SIMM120A,SIMM160A
SIMM120A,SIMM150A
SIMM120A,SIMM170
SIMM120A,309SIMYA
SIMM120A,222AFSP
SIMM120A,SIM180A
SIMM120A,IMM110A
SHDX60R,LDH342
SHDX60R,LDH462
SHDX60R,LDH442
SHDX60R,LDH422A
SHDX60R,LDH482
SHDX60R,L122
SHDX60R,L62
SHDX60R,SOEX38
SHDX60R,L8112A
SHDX60R,YA4275
SGDXXL20BR,SGAS102BR
SGDXXL20BR,PTM30
SGDXXL20BR,103TMXKLA
SGDXXL20BR,BTWSMPK
SGDXXL20BR,SGDXL80BR
SGDXXL20BR,PHT5
SGDXXL20BR,BLPBTWSET
SGDXXL20BR,SGA1714B
SGDXXL20BR,TR72
SGDXXL20BR,PL5ESWIRESTRIP
305ASX,SX20
305ASX,208AFX
305ASX,SX24
305ASX,313SWYA
305ASX,313TSYA
305ASX,313TSMYA
305ASX,106BTMX
305ASX,103TMXKLA
305ASX,103UFTS
305ASX,STX60E
AWBMCG1603,AWBMCG1604
AWBMCG1603,SPBS24AR
AWBMCG1603,SGDX80BR
AWBMCG1603,SIMM190
AWBMCG1603,SIMM180
AWBMCG1603,SRPCR4700
AWBMCG1603,SGD4BR
AWBMCG1603,SIMM210
AWBMCG1603,SPBS8AR
AWBMCG1603,SGASA204CR
SGA175BR,SGA1711BR
SGA175BR,SGA1712BR
SGA175BR,SGA174BR
SGA175BR,SGA1710BR
SGA175BR,SGA173BR
SGA175BR,SHCP1B
SGA175BR,HCP48BCF
SGA175BR,BDGPL300HG
SGA175BR,HCP10
SGA175BR,SGD4120BR
STA35,FTA35
STA35,TTA35
STA35,SRES26
STA35,208FRDH
STA35,FRW10
STA35,CSA8CR
STA35,ATECH3FR300B
STA35,SRPCR4700
STA35,SRPCR3800
STA35,SRES24
TTX10E,TTX15E
TTX10E,TTX20E
TTX10E,TTX25E
TTX10E,FTX50E
TTX10E,FTX45E
TTX10E,FTX40E
TTX10E,FTX60E
TTX10E,FAM8E
TTX10E,211EFAMY
TTX10E,TWM29
TWM27,BLPHS1414
TWM27,TWM29
TWM27,TWM31
TWM27,TWM26
TWM27,AWCGT500
TWM27,TWM32
TWM27,R1618SC
TWM27,1210B
TWM27,SGDTX50BR
TWM27,TW401
SPBS704A,317AMMPC
SPBS704A,UIM225
SPBS704A,PK23A
SPBS704A,BTC7B
SPBS704A,LP10WR
SPBS704A,309SIMYA
SPBS704A,TMM4
SPBS704A,212SFSMY
SPBS704A,HBBD24
SPBS704A,SFSM16
ECUHD218G,SVTSRAD272U
ECUHD218G,ECPNG032
ECUHD218G,YA4000B
ECUHD218G,EEBC30A12V
ECUHD218G,EECT900
ECUHD218G,MTTL800
ECUHD218G,JCK7DBL
ECUHD218G,SVTS272A
ECUHD218G,ECHDD012AR
ECUHD218G,EECT200
OEX080B,AW1013DK
OEX080B,AVSNP01160
OEX080B,TM10G
OEX080B,S6106KA
OEX080B,YA339A
OEX080B,YA337A
OEX080B,VS807B
OEX080B,BP12B
OEX080B,196ACF
OEX080B,OEX44B
9100AGMO,9100GSM
9100AGMO,FA12LE
9100AGMO,FRX181
9100AGMO,GF22
9100AGMO,KAC1224TCA
9100AGMO,HD6529
9100AGMO,TW481
9100AGMO,STX70E
9100AGMO,YA2850A
9100AGMO,FAML6E
THLLF72,FHLLF80
THLLF72,SHLX80A
THLLF72,FHOF80A
THLLF72,BLPHEXS1418
THLLF72,FHLL80
THLLF72,TKF72
THLLF72,FH80MP
THLLF72,THLF72
THLLF72,THLX72
THLLF72,111TMUSMA
B1356E,US712
B1356E,B1458C
B1356E,S6112
B1356E,BT11
B1356E,VGP104
B1356E,AWM140DK
B1356E,SR40K
B1356E,B1461
B1356E,BTC7B
B1356E,TMMD7
LDH362,LDH442
LDH362,LDH402
LDH362,LDH342
LDH362,LDH462
LDH362,LDH482
LDH362,LDH602
LDH362,L122
LDH362,L62
LDH362,UPTM65K
LDH362,AWP160
TMD14,XS2024A
TMD14,PPC106LA
TMD14,T72
TMD14,SRPCR3800
TMD14,SHD1R
TMD14,SGDP42IRBR
TMD14,47ACF
TMD14,FHLF80A
TMD14,SIMM240
TMD14,SIMM190
ECPRA072,ECFD0102
ECPRA072,ECARL032R
ECPRA072,YA105013
ECPRA072,GLOVE1100L
ECPRA072,ECSPH271
ECPRA072,ECSPH271O-L
ECPRA072,ECPNI032R
ECPRA072,ECPRL092
ECPRA072,ECPNG032
ECPRA072,MAGMINI
CTB8174,CTC772A
CTB8174,CTC131A
CTB8174,CTB8187
CTB8174,CTB185
CTB8174,CTQ838DB
CTB8174,CTR867AK2
CTB8174,CTR861AK2
CTB8174,CTR862DB
CTB8174,CTS561BITSET
CTB8174,CT9010K2
UTK150,ECFLD030
UTK150,TIF160
UTK150,RULER600
UTK150,CAL6DA
UTK150,GLOVE1100L
UTK150,YA1050B
UTK150,GLASS50R
UTK150,GLASS30R
UTK150,UTK100
UTK150,LBUK1
TMMDS13,TMMDS11
TMMDS13,TMMDS12
TMMDS13,TMMDS5.5
TMMDS13,TMMDS5
TMMDS13,TMMDS6
TMMDS13,TMMDS15
TMMDS13,TMMDS7
TMMDS13,TMMDS14
TMMDS13,TMMDS10
TMMDS13,111STMMDY
JCK8,FB303B
JCK8,ACT83A
JCK8,PGP50
JCK8,GA296B
JCK8,OC5A
JCK8,ITHE100
JCK8,ACT73A
JCK8,GA460B
JCK8,PGP120
JCK8,ECPNG032
SSDMR4BO,AC5C
SSDMR4BO,2004BSKA
SSDMR4BO,PK53A
SSDMR4BO,PKNC125C2
SSDMR4BO,OEXM707B
SSDMR4BO,A159
SSDMR4BO,FADH12C
SSDMR4BO,206AFSP
SSDMR4BO,117TMM
SSDMR4BO,S9704KA
KRSC430APC1,KRSC323PBO
KRSC430APC1,MRB12B
KRSC430APC1,KCP1422PBO
KRSC430APC1,KAERNADD6RD
KRSC430APC1,KWSP2455AST
KRSC430APC1,KWSN2455ABL
KRSC430APC1,KRSC46HPBO
KRSC430APC1,A277
KRSC430APC1,KCP2422PBO
KRSC430APC1,KRA4114FPBO
SOEXM9,340SSDP
SOEXM9,SOEXM8
SOEXM9,224SFFSMFR
SOEXM9,SEPPREATV
SOEXM9,10SSD
SOEXM9,AW1020DK
SOEXM9,PTIM5
SOEXM9,SOEX704
SOEXM9,BCS70A
SOEXM9,GA243
TW281,TW241
TW281,TW221
TW281,TW161A
TW281,TW141A
TW281,TW361
TW281,TW321
TW281,TW301
TW281,BHS7A
TW281,TWM31
TW281,313TSYA
KRSC4130PWZ,KCP1422PBO
KRSC4130PWZ,KRSC2460PWZ7
KRSC4130PWZ,KACKFLTCLNR
KRSC4130PWZ,TB50WC
KRSC4130PWZ,KCP2422PBO
KRSC4130PWZ,KRSC46HPBO
KRSC4130PWZ,KRA4107FPBO
KRSC4130PWZ,KRSC430APBO7
KRSC4130PWZ,KRSC326FPBO
KRSC4130PWZ,SNA-TBP14
TMD6,XS2024A
TMD6,FXK11
TMD6,SGDP31IRBR
TMD6,TMXK4
TMD6,PL400B
TMD6,SPBS24AR
TMD6,FXK6
TMD6,PPC105LA
TMD6,FXK3
TMD6,SIMM170
SGDTX50BR,AWCGT500
SGDTX50BR,BOERM18
SGDTX50BR,QD3RN350A
SGDTX50BR,OFW1
SGDTX50BR,UTS105A
SGDTX50BR,208EFTAMXSY
SGDTX50BR,TWM27
SGDTX50BR,BOERM21
SGDTX50BR,OEXM270B
SGDTX50BR,IMM360
FHLX80B,THRLX72
FHLX80B,SHX80B
FHLX80B,FHOF80A
FHLX80B,305SXWP
FHLX80B,FHBB18A
FHLX80B,THR72
FHLX80B,SHLL80A
FHLX80B,FHLLF80
FHLX80B,HBBD56
FHLX80B,SHBB24
SRPCR107G,PPC715BK
SRPCR107G,PWZ4
SRPCR107G,BDGPL300HG
SRPCR107G,SRP400B
SRPCR107G,PPC210BK
SRPCR107G,PWZ3A
SRPCR107G,CJ2001P
SRPCR107G,PPC208A
SRPCR107G,650
SRPCR107G,SGHBF500A
GFAT1E,TA3
GFAT1E,GLAS1F
GFAT1E,A3042
GFAT1E,GM3046
GFAT1E,GSAF1F
GFAT1E,SDMT25D
GFAT1E,SDMT10D
GFAT1E,SDMT20D
GFAT1E,TMBS8A
GFAT1E,SDM400A
TMMS12,TMMS5
TMMS12,TMMS14
TMMS12,TMMS9
TMMS12,TMMS11
TMMS12,TMMS6
TMMS12,TMMS13
TMMS12,TMMS7
TMMS12,TMMS10
TMMS12,TMMS4
TMMS12,110TMSY
AWML10D,SRPCR3800
AWML10D,SRPCR4700
AWML10D,PPC4A
AWML10D,PL400B
AWML10D,ATECH2FR125B
AWML10D,FXK11
AWML10D,SIMM240
AWML10D,91ACP
AWML10D,SIMM220
AWML10D,BLPTHC87
AWTXL8-T25,SIMM160A
AWTXL8-T25,TMXK4
AWTXL8-T25,F80
AWTXL8-T25,91ACP
AWTXL8-T25,FXK6
AWTXL8-T25,PPC105LA
AWTXL8-T25,SIMM150A
AWTXL8-T25,SRPCR3800
AWTXL8-T25,FU8A
AWTXL8-T25,SGD4BR
KRA4114FPC,KRA4107FPBO
KRA4114FPC,KRA4813FPBO
KRA4114FPC,PLRK27
KRA4114FPC,TB40C
KRA4114FPC,KRSC323PBO
KRA4114FPC,KRSC326FPBO
KRA4114FPC,KRSC430APBO7
KRA4114FPC,KRA2007FPBO
KRA4114FPC,PLRK21
KRA4114FPC,KACKMCFIBER1
KRA4114FPCM,KRA4107FPBO
KRA4114FPCM,KRA4813FPBO
KRA4114FPCM,YA450B
KRA4114FPCM,KAERNADD6RD
KRA4114FPCM,KRSC326FPBO
KRA4114FPCM,KRA2411PBO
KRA4114FPCM,KRSC323PBO
KRA4114FPCM,PLRK21
KRA4114FPCM,KCP2422PBO
KRA4114FPCM,KRA2422PBO
IPLM14C,IPLM12C
IPLM14C,IPLM15C
IPLM14C,IPLM13C
IPLM14C,IPLM18C
IPLM14C,IPLM24C
IPLM14C,312IPL
IPLM14C,IPL32C
IPLM14C,IPL34C
IPLM14C,IPL16C
IPLM14C,IPL18C
CAL6EA,RTEMPB7
CAL6EA,MTEE6
CAL6EA,EEPV503
CAL6EA,MTTL300
CAL6EA,GA296B
CAL6EA,EEBM600
CAL6EA,CAL6V
CAL6EA,GA1D
CAL6EA,EEDMDVA
CAL6EA,GA3634A
BFCRM712A,BFCR708A
BFCRM712A,XLE605
BFCRM712A,OXIM710B
BFCRM712A,TDTDM500B
BFCRM712A,L8112A
BFCRM712A,MSKM10
BFCRM712A,XFRR704
BFCRM712A,TD9902C
BFCRM712A,208FRDH
BFCRM712A,SRES306
212IMFMSYA,210IMFSYA
212IMFMSYA,212SIMFYA
212IMFMSYA,214SIMFMYA
212IMFMSYA,BLPTE3816
212IMFMSYA,BLPTE3814
212IMFMSYA,BLPTE3812
212IMFMSYA,BLPTE3810
212IMFMSYA,SR40K
212IMFMSYA,311IMFSY
212IMFMSYA,SGD2BR
HBBD32O,SOEX38
HBBD32O,305SIMMY
HBBD32O,414AHD
HBBD32O,SOEX40
HBBD32O,SOEX36
HBBD32O,SIMM350
HBBD32O,SOEX707
HBBD32O,LDH462
HBBD32O,LDH422A
HBBD32O,SOEX704
AWL8D,PPC103A
AWL8D,SIMM160A
AWL8D,SGD4BR
AWL8D,SGDP31IRBR
AWL8D,SPBS18AR
AWL8D,ATECH2FR125B
AWL8D,SPBS8AR
AWL8D,F80
AWL8D,GFAT1E
AWL8D,FU8A
KRA4008FPC,KRSC46HPBO
KRA4008FPC,KRA2411PBO
KRA4008FPC,KRSC430APBO7
KRA4008FPC,KASS13
KRA4008FPC,KCP1422PBO
KRA4008FPC,KAERNADD6RD
KRA4008FPC,KRWT2411
KRA4008FPC,KRSC2460PWZ7
KRA4008FPC,PLRK30
KRA4008FPC,YA450B
305ASXW,SX20
305ASXW,208AFX
305ASXW,SX24
305ASXW,313SWYA
305ASXW,313TSYA
305ASXW,313TSMYA
305ASXW,106BTMX
305ASXW,103TMXKLA
305ASXW,103UFTS
305ASXW,STX60E
AWBCG1620,AWBCG1624
AWBCG1620,FXK11
AWBCG1620,SIMM150A
AWBCG1620,SPBS704AR
AWBCG1620,TMXK4
AWBCG1620,96ACF
AWBCG1620,ATECH3FR300B
AWBCG1620,SGDX80BR
AWBCG1620,SIMM190
AWBCG1620,SPBS24AR
FSS161,MPBS10AR
FSS161,FSS141
FSS161,FSS121
FSS161,FSS181
FSS161,110TMSY
FSS161,224SFFSMFR
FSS161,BF775C-A
FSS161,TW261
FSS161,TW281
FSS161,TW221
SGHBF500AO,BHS7A
SGHBF500AO,TFM7530B
SGHBF500AO,ST50A
SGHBF500AO,YA2019
SGHBF500AO,VO806B
SGHBF500AO,SS5A
SGHBF500AO,CSA12CR
SGHBF500AO,BTC7B
SGHBF500AO,RC980
SGHBF500AO,S6112
GLOVE300BS,GLOVE505RL
GLOVE300BS,GLOVEORIGPLUSL
GLOVE300BS,GLOVE900LR
GLOVE300BS,GLASS50R
GLOVE300BS,SOSG01BKCL01
GLOVE300BS,EEJP201MBKA-NA
GLOVE300BS,LBUK1
GLOVE300BS,ECPRL092
GLOVE300BS,GLASS30R
GLOVE300BS,MAGDISH
GLOVE300BXX,GLOVEORIGPLUSL
GLOVE300BXX,JT17A
GLOVE300BXX,GLOVE1100L
GLOVE300BXX,SOSG01BKCL01
GLOVE300BXX,EEJP201MBKA-NA
GLOVE300BXX,JCK7DBL
GLOVE300BXX,ECPRL092
GLOVE300BXX,ECPNH012
GLOVE300BXX,YA105013
GLOVE300BXX,MAGDISH
SGA1714B,SGA1713B
SGA1714B,SGAS102BR
SGA1714B,LDT40
SGA1714B,PHP3A
SGA1714B,PHP2A
SGA1714B,SGTT9B
SGA1714B,SGTT8B
SGA1714B,SGTT7B
SGA1714B,SGTT3B
SGA1714B,SGTT1B
ACT2105,ACT1297
ACT2105,ACT407
ACT2105,ACT51234A
ACT2105,ACT1290A
ACT2105,ACT73A
ACT2105,ACT925
ACT2105,ACTR4151A
ACT2105,ACT413A
ACT2105,RULER601
ACT2105,MTTL800
MAGMATXL,ECPNG032
MAGMATXL,BB9008
MAGMATXL,ECPRA072
MAGMATXL,JCK7DBL
MAGMATXL,EEDM503D
MAGMATXL,SVTSRAD272U
MAGMATXL,RULER601
MAGMATXL,EECT400
MAGMATXL,IM1PT
MAGMATXL,YA4000B
TMXK4,XS2024A
TMXK4,XS1416A
TMXK4,TMX1
TMXK4,XS1618A
TMXK4,XS1012A
TMXK4,XS1214A
TMXK4,TMXK110
TMXK4,VO2628B
TMXK4,XS67A
TMXK4,TM84
STMD14,XS2024A
STMD14,SGD2BR
STMD14,47ACF
STMD14,PPC103A
STMD14,SPBS24AR
STMD14,SGD4BR
STMD14,ATECH2FR125B
STMD14,SGDP31IRBR
STMD14,SRPCR4700
STMD14,SIMM240
PPCD70BK,SEPHDSETAOBA
PPCD70BK,SGD153BR
PPCD70BK,AWMBPH9
PPCD70BK,FZ7A
PPCD70BK,317MSPC
PPCD70BK,FADH10C
PPCD70BK,AWBPH13
PPCD70BK,OXIM6B
PPCD70BK,210EFTXRY
PPCD70BK,9100GSM
SHP10,SHP7
SHP10,SHP2KT
SHP10,PHP2A
SHP10,SGA1713B
SHP10,SGA102BR
SHP10,HCP48BCF
SHP10,PHP1A
SHP10,HBBT16
SHP10,HCP10
SHP10,OFW4KT
LDH342,LDH442
LDH342,LDH482
LDH342,LDH422A
LDH342,LDH602
LDH342,LDH562
LDH342,L122
LDH342,L62
LDH342,L872RJ
LDH342,PKNC150
LDH342,SOEX707
AWMG9-9,BHS13A
AWMG9-9,SHDX60R
AWMG9-9,SHDP63IRR
AWMG9-9,TMXK110
AWMG9-9,SHD6R
AWMG9-9,SHD4R
AWMG9-9,SHDP42IRR
AWMG9-9,TMU8B
AWMG9-9,TMXK4
AWMG9-9,SGASA204CR
KRA4114FPJK,KRA4107FPBO
KRA4114FPJK,KRA4813FPBO
KRA4114FPJK,PLRK27
KRA4114FPJK,KRSC46HPBO
KRA4114FPJK,TB20AC
KRA4114FPJK,KRA2055FPBO
KRA4114FPJK,YA389A
KRA4114FPJK,TB50WC
KRA4114FPJK,KAERNADD6RD
KRA4114FPJK,A277
IPL38C,IPL26C
IPL38C,IPL34C
IPL38C,IPL40C
IPL38C,IPL42C
IPL38C,IPL20C
IPL38C,IPL24C
IPL38C,IPL28C
IPL38C,IPL36C
IPL38C,IPL30C
IPL38C,IPLM10C
112STMMY,117TMM
112STMMY,112TMMY
112STMMY,120STTM
112STMMY,AC5C
112STMMY,2004BSKA
112STMMY,TMM4
112STMMY,AWM110DHK
112STMMY,317AMMPC
112STMMY,110STMY
112STMMY,LP10WR
AWMCG1603B,SRPCR3800
AWMCG1603B,SGD6BR
AWMCG1603B,GFAT1E
AWMCG1603B,SGD2BR
AWMCG1603B,FX1
AWMCG1603B,91ACP
AWMCG1603B,96ACF
AWMCG1603B,SPBS12AR
AWMCG1603B,SIMM200
AWMCG1603B,PPC4A
AWMXL10-3,SRPCR3800
AWMXL10-3,SIMM210
AWMXL10-3,TMU8B
AWMXL10-3,SIMM200
AWMXL10-3,SIMM190
AWMXL10-3,SGASA204CR
AWMXL10-3,47ACF
AWMXL10-3,F80
AWMXL10-3,91ACP
AWMXL10-3,SIMM170
BB9018KIT,EEPV500
BB9018KIT,ECSPH271
BB9018KIT,ECPRA072
BB9018KIT,GA296B
BB9018KIT,FB336
BB9018KIT,TDG2
BB9018KIT,JT13B
BB9018KIT,EEDM596FK
BB9018KIT,GLASS30R
BB9018KIT,ECPNI032R
212SFMY,SPBS24A
212SFMY,TWM31
212SFMY,TWM29
212SFMY,111STMMDY
212SFMY,111TMMDY
212SFMY,313SYA
212SFMY,211FY
212SFMY,110STMDY
212SFMY,BTC7B
212SFMY,107ATMPB
29ACFG,S9711KA
29ACFG,CSA12CR
29ACFG,RC980
29ACFG,TMMD5
29ACFG,TMMD9
29ACFG,TMMD6
29ACFG,TMMD8
29ACFG,TMMD5.5
29ACFG,TMMD7
29ACFG,TMMD10
BLP15HVLP,ECARA052A
BLP15HVLP,BLP18HVLP
BLP15HVLP,JT13B
BLP15HVLP,BLP14HVLP
BLP15HVLP,BLP13HVLP
BLP15HVLP,BF555
BLP15HVLP,GA296B
BLP15HVLP,ECHDD012A
BLP15HVLP,FB336
BLP15HVLP,AT4101
BLP18HVLP,BLP13HVLP
BLP18HVLP,BLP15HVLP
BLP18HVLP,BF555
BLP18HVLP,BLP14HVLP
BLP18HVLP,GA296B
BLP18HVLP,JT13B
BLP18HVLP,ECARA052A
BLP18HVLP,ECHDD012A
BLP18HVLP,JCK8
BLP18HVLP,ECPNG032
29ACF,SS5A
29ACF,S9711KA
29ACF,PWCS9ACFO
29ACF,FZ7A
29ACF,PT28E
29ACF,111TMMDY
29ACF,TMMD9
29ACF,TMMD6
29ACF,TMMD8
29ACF,TMMD10
CT9050GDB,MG725A
CT9050GDB,AT5500
CT9050GDB,CTDFL861
CT9050GDB,PT850
CT9050GDB,MG1250
CT9050GDB,MG325
CT9050GDB,CTR861AK2
CT9050GDB,PTGR450
CT9050GDB,CTB8174
CT9050GDB,PTR2505
CT9080GK2,CT9010K2
CT9080GK2,CTB185
CT9080GK2,CTB8187
CT9080GK2,CTINF9010
CT9080GK2,CTQ838DB
CT9080GK2,CTR867AK2
CT9080GK2,CTR862DB
CT9080GK2,CTC131A
CT9080GK2,CTR861AK2
CT9080GK2,CTSG861DB
310SIMMYA,320SIM
310SIMMYA,310IMMYA
310SIMMYA,BLPTE3816
310SIMMYA,BLPTE3814
310SIMMYA,BLPTE3810
310SIMMYA,AW1020DK
310SIMMYA,315SIMMYA
310SIMMYA,AWM140DK
310SIMMYA,313SIMA
310SIMMYA,309SIMYA
AT425R,VWB5B
AT425R,PDR3000A
AT425R,DB121C
AT425R,AT118
AT425R,AT2050
AT425R,AT109
AT425R,PSO4625
AT425R,PTGR100
AT425R,AT475A
AT425R,AT408
AWL4D,TMXK60
AWL4D,SIMM170
AWL4D,PL400B
AWL4D,PPC103A
AWL4D,SPBS8AR
AWL4D,PPC4A
AWL4D,A2A
AWL4D,TMXK4
AWL4D,TMXK2
AWL4D,BLPTHC87
222AFSP,SN25A
222AFSP,SWM101A
222AFSP,OEXM9B
222AFSP,OEXM8B
222AFSP,SIMM320
222AFSP,OEXM7B
222AFSP,LSR1150
222AFSP,SIMM360
222AFSP,S6118A
222AFSP,144TMPB
CTR825GDB,SAG03S20
CTR825GDB,CTQ838DB
CTR825GDB,PT338
CTR825GDB,MG725A
CTR825GDB,PTC250
CTR825GDB,CTR867AK2
CTR825GDB,PSO4525
CTR825GDB,CTR862DB
CTR825GDB,MG1250
CTR825GDB,CTC772A
SW401,XS2024A
SW401,XS2226A
SW401,XS1012A
SW401,XS1618A
SW401,XS1214A
SW401,VO2628B
SW401,TM84
SW401,VO1416B
SW401,SGDEL10ESD
SW401,TM412
AT109DGK,PSO4525
AT109DGK,AT408
AT109DGK,PDR3000A
AT109DGK,AT425R
AT109DGK,PTGR450
AT109DGK,AT380A
AT109DGK,PSO4625
AT109DGK,SDG10S25F
AT109DGK,PTR2505
AT109DGK,PTC250
AT157R,CTB8174
AT157R,DBBPT13
AT157R,PSO4625
AT157R,CTSG861DB
AT157R,PTB32K
AT157R,CTB185
AT157R,AT2050
AT157R,CTR867AK2
AT157R,PTR72
AT157R,PT850
13ELECTBP14KIT,R1618SC
13ELECTBP14KIT,R1214SC
13ELECTBP14KIT,R810SC
13ELECTBP14KIT,R2022C
13ELECTBP14KIT,SX20
13ELECTBP14KIT,SRP3A
13ELECTBP14KIT,DS806AK
13ELECTBP14KIT,305ASX
13ELECTBP14KIT,208AFX
13ELECTBP14KIT,218AFP
HCP1145,SEPPROCORE1A
HCP1145,SEPPROCORE2A
HCP1145,XDLRM705K2A
HCP1145,A106
HCP1145,A127
HCP1145,A129
HCP1145,S3624
HCP1145,YA4050B
HCP1145,SGDXL80BR
HCP1145,XFRRM705
110STMY,110TMY
110STMY,FZ7A
110STMY,TW461
110STMY,SOEX707
110STMY,317MSPC
110STMY,SGD153BR
110STMY,S9704KR
110STMY,211FSY
110STMY,211SFSY
110STMY,114ATMP
CDR4P63K3K2,CTR867AK2
CDR4P63K3K2,PTGR450
CDR4P63K3K2,PSO4625
CDR4P63K3K2,PH3050BR
CDR4P63K3K2,CTB8174
CDR4P63K3K2,MG325
CDR4P63K3K2,CT9080K2
CDR4P63K3K2,DBTB121
CDR4P63K3K2,CTR862DB
CDR4P63K3K2,PTR72
HBPT16,XS2024A
HBPT16,XS1416A
HBPT16,XS1820A
HBPT16,XS2226A
HBPT16,VO2224B
HBPT16,XS1214A
HBPT16,VO2628B
HBPT16,TM84
HBPT16,VO1012B
HBPT16,VO1416B
KRA6200FPCM,KACKMCFIBER1
KRA6200FPCM,PLRK30
KRA6200FPCM,KRSC430APBO7
KRA6200FPCM,KAERNADD6RD
KRA6200FPCM,KRA4107FPBO
KRA6200FPCM,KRA4813FPBO
KRA6200FPCM,KRSC343PBO
KRA6200FPCM,KCP1422PBO
KRA6200FPCM,KRA2411PBO
KRA6200FPCM,KRA2407PBO
XS2226A,XS2024A
XS2226A,XS1416A
XS2226A,XS67A
XS2226A,XS810A
XS2226A,VO1820B
XS2226A,VO1416B
XS2226A,TM408
XS2226A,TM412
XS2226A,TM82
XS2226A,TM62B
CSA12C,PKNC200
CSA12C,SS5A
CSA12C,TF5A
CSA12C,TW461
CSA12C,RC980
CSA12C,313SWYA
CSA12C,BTC7B
CSA12C,S9704KR
CSA12C,TW441
CSA12C,AWSGM800A
THNF72G,340SSDP
THNF72G,10SSD
THNF72G,AWM110DHK
THNF72G,TZERO
THNF72G,THLL72
THNF72G,FHBB12A
THNF72G,SH80A
THNF72G,TMS70A
THNF72G,FHR80
THNF72G,THRLX72
RXFS2836B,310SWMYA
RXFS2836B,PK50A
RXFS2836B,PKWHD53A
RXFS2836B,STMM4.5
RXFS2836B,TMM4.5
RXFS2836B,STMM4
RXFS2836B,307ESAY
RXFS2836B,SWM111A
RXFS2836B,TWM25
RXFS2836B,RXFS605B
FXK11,XS2024A
FXK11,XS1416A
FXK11,XS1618A
FXK11,XS1012A
FXK11,VO2628B
FXK11,XS67A
FXK11,VO1012B
FXK11,FXK4
FXK11,FXK8
FXK11,XS810A
SOEX704,SOEX38
SOEX704,AWEF6K
SOEX704,SOEX40
SOEX704,SWM261
SOEX704,SWM251
SOEX704,SWM271
SOEX704,305SIMMY
SOEX704,TF5A
SOEX704,SIMM290
SOEX704,PKNC150
FXK4,FXK8
FXK4,FXK11
FXK4,F10LD
FXK4,SWM111A
FXK4,106BTMX
FXK4,TMXK110
FXK4,OFW3
FXK4,SXK3
FXK4,SX2
FXK4,103UFTS
FXK6,XS2024A
FXK6,XS1820A
FXK6,FX1
FXK6,FXK3
FXK6,VO2224B
FXK6,VO3032B
FXK6,VO1820B
FXK6,FXK8
FXK6,SGDEL10ESD
FXK6,TMC105E
SOEX32,SOEX30
SOEX32,SOEX38
SOEX32,SOEX40
SOEX32,PKNC150
SOEX32,SOEX28
SOEX32,SWM261
SOEX32,AWP160
SOEX32,AWL1010DK
SOEX32,414AHD
SOEX32,SWM251
SOEX36,SOEX38
SOEX36,AWEF6K
SOEX36,SWM261
SOEX36,414AHD
SOEX36,SWM251
SOEX36,YA4275
SOEX36,TF5A
SOEX36,SWM271
SOEX36,SOEX707
SOEX36,SR40K
PT450-WH,PTGR450
PT450-WH,CTNN13KF
PT450-WH,MG725A
PT450-WH,CTS561BITSET
PT450-WH,AT2050
PT450-WH,AT109
PT450-WH,AT118
PT450-WH,CTR862DB
PT450-WH,CTB185
PT450-WH,CTB8174
EEDM525F,YA1175KIT
EEDM525F,MTTL433
EEDM525F,EEDM596FK
EEDM525F,MTTL750
EEDM525F,MTIND683A
EEDM525F,EEDMDVA
EEDM525F,EECT424HD
EEDM525F,RTEMP8
EEDM525F,YAKS42
EEDM525F,RULER600
GLOVE1100L,GLOVE505RL
GLOVE1100L,GLOVE309L
GLOVE1100L,SOSG01BKCL01
GLOVE1100L,GLOVE300BL
GLOVE1100L,GLOVEORIGPLUSL
GLOVE1100L,GLASS50R
GLOVE1100L,YA427B
GLOVE1100L,JCW62R
GLOVE1100L,ACT51234A
GLOVE1100L,FB316B
GLOVE1100XL,GLOVE505RL
GLOVE1100XL,GLOVE309L
GLOVE1100XL,SOSG01BKCL01
GLOVE1100XL,GLOVE300BL
GLOVE1100XL,GLOVEORIGPLUSL
GLOVE1100XL,GLASS50R
GLOVE1100XL,YA427B
GLOVE1100XL,JCW62R
GLOVE1100XL,ACT51234A
GLOVE1100XL,FB316B
TMU8B,UTV615A
TMU8B,TMXK4
TMU8B,14V
TMU8B,BF775C-A
TMU8B,PK500A
TMU8B,S8
TMU8B,TMXK110
TMU8B,TMX1
TMU8B,BP24B
TMU8B,BOER708
CTR861ADB,CT9080K2
CTR861ADB,CT9010K2
CTR861ADB,CTR867AK2
CTR861ADB,CTB185
CTR861ADB,CTB8174
CTR861ADB,CT825DB
CTR861ADB,PSO4625
CTR861ADB,PTGR100
CTR861ADB,AT5500
CTR861ADB,MG1250
IMM170A,IMM160A
IMM170A,IMM150A
IMM170A,IMM120A
IMM170A,IMM100A
IMM170A,IMM230
IMM170A,IMM240
IMM170A,IM120A
IMM170A,IM200
IMM170A,IM280
IMM170A,IM260
IMM180,IMM160A
IMM180,IMM150A
IMM180,IMM110A
IMM180,IMM170A
IMM180,IMM100A
IMM180,IMM130A
IMM180,IMM200
IMM180,IMM140A
IMM180,IM180A
IMM180,IM240
SOXRR707A,FA12LE
SOXRR707A,GF22
SOXRR707A,FRX181
SOXRR707A,TW481
SOXRR707A,STX70E
SOXRR707A,SA16E
SOXRR707A,YA2850A
SOXRR707A,SAM19E
SOXRR707A,209EFTXBY
SOXRR707A,TW401
IM240,IM220
IM240,IM320
IM240,IM280
IM240,IM180A
IM240,IM260
IM240,IM200
IM240,SIM220
IM240,SIM300
IM240,SIM260
IM240,BLPTE3810
KRA2407PJK,KRA2411PBO
KRA2407PJK,KRA2422PBO
KRA2407PJK,PLRK30
KRA2407PJK,KAERNADD6RD
KRA2407PJK,KACKMCFIBER1
KRA2407PJK,TB40C
KRA2407PJK,KACKFLTCLNR
KRA2407PJK,KRSC430APBO1
KRA2407PJK,KRSC46HPBO
KRA2407PJK,TB20AC
TMMDS15,TMMDS12
TMMDS15,TMMDS11
TMMDS15,TMMDS9
TMMDS15,TMMDS5.5
TMMDS15,TMMDS5
TMMDS15,TMMDS7
TMMDS15,TMMDS6
TMMDS15,TMMDS13
TMMDS15,TMMDS10
TMMDS15,111STMMDY
UPT35,UIM225
UPT35,317AMMPC
UPT35,TWM29
UPT35,TMM4
UPT35,AWCGT500
UPT35,BOERM712
UPT35,212SFSMY
UPT35,SRPCR105
UPT35,S9704KA
UPT35,PPC710BK
VS807B,AWL1010DK
VS807B,BLPTE3816
VS807B,BLPTE3814
VS807B,BLPTE3810
VS807B,AW1013DK
VS807B,OEX080B
VS807B,107ATMPB
VS807B,S6106KA
VS807B,YA2019
VS807B,AD6C
SIM240,SIM220
SIM240,SIM160A
SIM240,SIM180A
SIM240,SIM200
SIM240,SIM320
SIM240,SIM360
SIM240,IM120A
SIM240,IM160A
SIM240,IM260
SIM240,311IMYA
SWM131A,SWM161
SWM131A,SWM151A
SWM131A,SWM211
SWM131A,SWM241
SWM131A,AWEF6K
SWM131A,SWM261
SWM131A,SN25A
SWM131A,SWM291
SWM131A,222AFSP
SWM131A,10SSD
SWM171,SWM191
SWM171,SWM131A
SWM171,SWM151A
SWM171,SWM221
SWM171,SWM141A
SWM171,SWM201
SWM171,SWM241
SWM171,SWM111A
SWM171,SWM101A
SWM171,218AFSP
SX2,XS2024A
SX2,XS1416A
SX2,XS1618A
SX2,VO2628B
SX2,XS1214A
SX2,VO3032B
SX2,XS67A
SX2,TM408
SX2,SGDEL10ESD
SX2,XS810A
TMA5E,SW221
TMA5E,SW201
TMA5E,SW181A
TMA5E,SW241
TMA5E,SW161A
TMA5E,SW141A
TMA5E,SW361
TMA5E,SW321
TMA5E,SW301
TMA5E,SW281
TTX25E,TTX8E
TTX25E,TTX10E
TTX25E,TTX15E
TTX25E,TTX20E
TTX25E,FTX50E
TTX25E,FTX45E
TTX25E,FTX60E
TTX25E,TTX27E
TTX25E,TWM31
TTX25E,TTX30E
THR72G,FHR80
THR72G,SH80A
THR72G,PTM30
THR72G,FHOF80A
THR72G,FHBB12A
THR72G,WTG10A
THR72G,FHL80
THR72G,SHL80A
THR72G,PTM2
THR72G,110TMY
AWEFBH11K,AWMEFBH10K
AWEFBH11K,AWTEFBH11K
AWEFBH11K,R404
AWEFBH11K,RBYA605
AWEFBH11K,AWP120
AWEFBH11K,PWCS9ACF
AWEFBH11K,VO1820B
AWEFBH11K,VO1012B
AWEFBH11K,VO2224B
AWEFBH11K,VO1416B
AWS13-1,SPBS704AR
AWS13-1,SHD1R
AWS13-1,BLPTHC87
AWS13-1,SIMM200
AWS13-1,TMXK4
AWS13-1,SGDX80BR
AWS13-1,SGD6BR
AWS13-1,SIMM220
AWS13-1,SGD4BR
AWS13-1,TMXK60
KRA2411PCM,KRA6210FPBO
KRA2411PCM,KRWT2411
KRA2411PCM,KWSN2455AST
KRA2411PCM,KWSP2455ABL
KRA2411PCM,KRA2422PBO
KRA2411PCM,KCP1422PBO
KRA2411PCM,KACKMCFIBER1
KRA2411PCM,KRA2055FPBO
KRA2411PCM,KAERNADD6RD
KRA2411PCM,PLRK21
AWM12D,14V
AWM12D,BF775C-A
AWM12D,PK50A
AWM12D,A159
AWM12D,UTS105A
AWM12D,BP24B
AWM12D,OEXM6B
AWM12D,317MSPC
AWM12D,TW201
AWM12D,TW221
AWTEF8K,AWMEF6K
AWTEF8K,SPBS24A
AWTEF8K,GCP10
AWTEF8K,PT10C
AWTEF8K,AWEF9K
AWTEF8K,A177A
AWTEF8K,SR40K
AWTEF8K,OFW2
AWTEF8K,BTC7B
AWTEF8K,HCP10
AW20D,SPBS24AR
AW20D,SGDP42IRBR
AW20D,91ACP
AW20D,PPC4A
AW20D,SHD1R
AW20D,SGDX80BR
AW20D,F80
AW20D,FX1
AW20D,ATECH2FR125B
AW20D,SGD6BR
340SSDP,10SSD
340SSDP,AWM110DHK
340SSDP,PK53A
340SSDP,UIM325
340SSDP,SOEXM9
340SSDP,SWM241
340SSDP,SW261
340SSDP,SW141A
340SSDP,SW161A
340SSDP,SW281
FLE140A,FA12LE
FLE140A,GF22
FLE140A,FAML6E
FLE140A,FRX181
FLE140A,SA16E
FLE140A,HD6529
FLE140A,SAM19E
FLE140A,KAC1224TCA
FLE140A,TW481
FLE140A,STX70E
HBBD56G,PBMP703A
HBBD56G,PTM2
HBBD56G,HBBD16
HBBD56G,PPC715BK
HBBD56G,FADH6C
HBBD56G,PPC210BK
HBBD56G,HBBD32
HBBD56G,HBBT16
HBBD56G,PPC204A
HBBD56G,PPC210A
THLL72G,AWM140DK
THLL72G,FHLL80
THLL72G,103TMXKLA
THLL72G,THL72
THLL72G,SHLL80A
THLL72G,FHL80
THLL72G,SH80A
THLL72G,XFRR704
THLL72G,A161B
THLL72G,208AFX
THLL72O,FHLL80
THLL72O,103TMXKLA
THLL72O,THL72
THLL72O,SHLL80A
THLL72O,SHL80A
THLL72O,SH80A
THLL72O,XFRR704
THLL72O,THLLF72
THLL72O,A161B
THLL72O,FHBB12A
THLX72O,SHX80B
THLX72O,FHOF80A
THLX72O,SHLX80A
THLX72O,112SIMTMM
THLX72O,SH80A
THLX72O,THLLF72
THLX72O,BLPHEXS1418
THLX72O,THL72
THLX72O,FH80MP
THLX72O,FHL80
SGDMRC103AO,TZERO
SGDMRC103AO,SGDMRC11A
SGDMRC103AO,BTWSMPK
SGDMRC103AO,WTG10A
SGDMRC103AO,BLPBTWSET
SGDMRC103AO,TMR4
SGDMRC103AO,WTG8A
SGDMRC103AO,SDMT25D
SGDMRC103AO,SDMT20D
SGDMRC103AO,SDMT10D
DBT40,PL400B
DBT40,96ACF
DBT40,SIMM190
DBT40,SPBS704AR
DBT40,FXK3
DBT40,SGD8BR
DBT40,SGDP42IRBR
DBT40,PPC105LA
DBT40,SIMM220
DBT40,PPC103A
WELDIGNSKULL,RULER602
WELDIGNSKULL,TDG1
WELDIGNSKULL,EEDM504F
WELDIGNSKULL,RULER6
WELDIGNSKULL,EEBC30A12V
WELDIGNSKULL,ECHDF042
WELDIGNSKULL,JCK8
WELDIGNSKULL,UTK150
WELDIGNSKULL,YA4000B
WELDIGNSKULL,JCK7DBL
TM5,XS2024A
TM5,XS1416A
TM5,XS1012A
TM5,VO1820B
TM5,VO3032B
TM5,TM412
TM5,SGDEL10ESD
TM5,TMC106E
TM5,TM410
TM5,TMC104E
KHP415PC,KRA2007FPBO
KHP415PC,SNA-TBP14
KHP415PC,KRA2055FPBO
KHP415PC,KRSC430APBO7
KHP415PC,KRA2422PBO
KHP415PC,TB20AC
KHP415PC,MRB12B
KHP415PC,KRSC46HPBO
KHP415PC,KRA2411PBO
KHP415PC,YA389A
FX1,FXK4
FX1,SN25A
FX1,TMM4
FX1,SXK11
FX1,FU8A
FX1,SN18B
FX1,SXK5
FX1,TWM21
FX1,TWM22
FX1,TWM24
SGDX60BR,317AMMPC
SGDX60BR,117TMM
SGDX60BR,LP10WR
SGDX60BR,PK23A
SGDX60BR,QD3RN350A
SGDX60BR,PRH57A
SGDX60BR,212SFSMY
SGDX60BR,212FSMY
SGDX60BR,SGT4BR
SGDX60BR,S9704KA
FB305A,FB360C
FB305A,FB316B
FB305A,FB361A
FB305A,FB303B
FB305A,PGP50
FB305A,GA296B
FB305A,ACT73A
FB305A,TPM16
FB305A,EC-USB-C-3A
FB305A,TPMC25
GLOVE900MG,GLOVE505RL
GLOVE900MG,GLOVE300BL
GLOVE900MG,GLOVE309L
GLOVE900MG,GLOVE1100L
GLOVE900MG,GLASS50R
GLOVE900MG,SOSG01BKCL01
GLOVE900MG,GLOVEORIGPLUSL
GLOVE900MG,ACT51234A
GLOVE900MG,GLASS30R
GLOVE900MG,ECPNG032
KCP2422PJK,KWSN2455ABL
KCP2422PJK,KRWT2411
KCP2422PJK,KWSP2455ABL
KCP2422PJK,KWSP2455AST
KCP2422PJK,KWSN2455AST
KCP2422PJK,KRA2422PBO
KCP2422PJK,KCP1422PBO
KCP2422PJK,KRA2411PBO
KCP2422PJK,KRA4107FPBO
KCP2422PJK,MRB12B
QD3RN350A,BOERM18
QD3RN350A,QD2RN100A
QD3RN350A,AWCGT500
QD3RN350A,QD1RN25B
QD3RN350A,208EFTAMXSY
QD3RN350A,UTS105A
QD3RN350A,SEPIMMSIMMA
QD3RN350A,SGDTX50BR
QD3RN350A,OEXM270B
QD3RN350A,IMM360
LP10WR,222SFFSFR
LP10WR,317AMMPC
LP10WR,224SFFSMFR
LP10WR,AC5C
LP10WR,AWM110DHK
LP10WR,117TMM
LP10WR,PRH57A
LP10WR,UIM225
LP10WR,S9704KA
LP10WR,2004BSKA
214IMFMYA,212SIMFYA
214IMFMYA,214SIMFMYA
214IMFMYA,212IMFMSYA
214IMFMYA,210IMFSYA
214IMFMYA,106IPTMMA
214IMFMYA,LSR2000
214IMFMYA,BLPTE3816
214IMFMYA,BLPTE3814
214IMFMYA,BLPTE3812
214IMFMYA,BLPTE3810
TWM23,TWM21
TWM23,TWM20
TWM23,TWM22
TWM23,TWM24
TWM23,TWM19
TWM23,TWM17
TWM23,TWM29
TWM23,TWM31
TWM23,TWM26
TWM23,313TSMYA
ATECH1FS300,PBMMS5O
ATECH1FS300,PBMMB5O
ATECH1FS300,PBMMB5G
ATECH1FS300,BLPBTW4
ATECH1FS300,PBMA5G
ATECH1FS300,BLPBTW8
ATECH1FS300,SSDMRT8A
ATECH1FS300,SHN36
ATECH1FS300,TR117O
ATECH1FS300,PBMMS5
TMMDS7,TMMDS5.5
TMMDS7,TMMDS9
TMMDS7,TMMDS5
TMMDS7,TMMDS6
TMMDS7,TMMDS12
TMMDS7,TMMDS11
TMMDS7,TMMDS15
TMMDS7,TMMDS13
TMMDS7,TMMDS14
TMMDS7,TMMDS10
TMP12E,XS1820A
TMP12E,XS1618A
TMP12E,TMC106E
TMP12E,XS1214A
TMP12E,TMC104E
TMP12E,VO1012B
TMP12E,VO3032B
TMP12E,TM408
TMP12E,XS810A
TMP12E,SGDEL10ESD
210EFTXRY,SGD153BR
210EFTXRY,FZ7A
210EFTXRY,FADH10C
210EFTXRY,210EFTAMY
210EFTXRY,PPCD70BK
210EFTXRY,SW341
210EFTXRY,317MSPC
210EFTXRY,LP10R
210EFTXRY,S9704KR
210EFTXRY,114ATMP
SWM151A,SWM131A
SWM151A,SWM191
SWM151A,SWM171
SWM151A,SWM211
SWM151A,SWM241
SWM151A,SWM111A
SWM151A,SWM101A
SWM151A,AWEF6K
SWM151A,340SSDP
SWM151A,10SSD
SWM271,SWM261
SWM271,SWM251
SWM271,SWM291
SWM271,SWM281
SWM271,AWMEF8K
SWM271,S9724RHS
SWM271,2420A
SWM271,SWM241
SWM271,SWM201
SWM271,SOEX38
SX20,SX24
SX20,STX60E
SX20,IPL26C
SX20,IPL16C
SX20,312IPL
SX20,204FXKLA
SX20,OEXM300B
SX20,SXK3
SX20,210AFLEY
SX20,IPLM11C
LP404,ST50A
LP404,208CCP
LP404,206AFSP
LP404,PWZ4
LP404,SGHBF500A
LP404,PPC5A
LP404,SG7ASABR
LP404,AF102
LP404,SG5ASABR
LP404,PL803A
XBM605A,XB605A
XBM605A,OXIM9B
XBM605A,OXIM8B
XBM605A,OXIM7B
XBM605A,XOM605
XBM605A,XDHFM606K1
XBM605A,SOEXM170
XBM605A,SOEXM140
XBM605A,SOEXM150
XBM605A,XO605
204IMXA,AWCGT500
204IMXA,SIMM350
204IMXA,305SIMMY
204IMXA,QD3RN350A
204IMXA,IMX32B
204IMXA,UPTM65K
204IMXA,SIMM340
204IMXA,OFW2
204IMXA,IP80D
204IMXA,SIMM360
THR72,FHR80
THR72,THRLX72
THR72,PTM30
THR72,FHOF80A
THR72,THLL72
THR72,FHBB12A
THR72,120STTM
THR72,SHL80A
THR72,PTM2
THR72,124STTMM
AWSG14A,SGD8BR
AWSG14A,FXK6
AWSG14A,ATECH2FR125B
AWSG14A,TMXK4
AWSG14A,FXK11
AWSG14A,SGDP31IRBR
AWSG14A,SPBS12AR
AWSG14A,SPBS704AR
AWSG14A,SPBS24AR
AWSG14A,PL400B
KRA4059FPJK,KRSC326FPBO
KRA4059FPJK,TB20AC
KRA4059FPJK,KRA4813FPBO
KRA4059FPJK,KRA2407PBO
KRA4059FPJK,KA2422SETPJJ
KRA4059FPJK,KWSP2455AST
KRA4059FPJK,PLRK30
KRA4059FPJK,A277
KRA4059FPJK,KACKMCFIBER1
KRA4059FPJK,KRA5311FPBO
ECPRD068G,TDG2
ECPRD068G,ECHDD012A
ECPRD068G,ECPRA072
ECPRD068G,TPGDL2000
ECPRD068G,EEBC30A12V
ECPRD068G,GLASS50R
ECPRD068G,ECSPH271
ECPRD068G,EECT424HD
ECPRD068G,RULER602
ECPRD068G,ECHDF042
AWM14D,91ACP
AWM14D,SGDP31IRBR
AWM14D,GFAT1E
AWM14D,SIMM210
AWM14D,SPBS18AR
AWM14D,SGASA204CR
AWM14D,PPC4A
AWM14D,SGDP42IRBR
AWM14D,SPBS704AR
AWM14D,T72
AWM2D,FXK11
AWM2D,TMXK60
AWM2D,SGD2BR
AWM2D,SIMM190
AWM2D,SGD4BR
AWM2D,FXK6
AWM2D,FXK3
AWM2D,91ACP
AWM2D,SGASA204CR
AWM2D,SIMM220
AWSG800A,AWSG24A
AWSG800A,AWSGM800A
AWSG800A,AWSGT800A
AWSG800A,AWBSGM800A
AWSG800A,AWBSG800A
AWSG800A,EXD35A
AWSG800A,PTM2
AWSG800A,UIM2RSLT
AWSG800A,313SYA
AWSG800A,AWSG20A
AW16D,SGD4BR
AW16D,SPBS24AR
AW16D,SIMM160A
AW16D,TMXK4
AW16D,SGD6BR
AW16D,SGDP42IRBR
AW16D,PPC103A
AW16D,SIMM190
AW16D,SHD1R
AW16D,PL400B
AWCGT27,AWCGT25
AWCGT27,AWCGT40
AWCGT27,AWCGT45
AWCGT27,AWCGT30
AWCGT27,AWCGT500
AWCGT27,AWCG1600B
AWCGT27,AWMCG1600B
AWCGT27,AWBMCG1603
AWCGT27,SIMM210
AWCGT27,SGDP42IRBR
97ACF,AC5C
97ACF,117TMM
97ACF,LP10WR
97ACF,PK23A
97ACF,PKNC150
97ACF,QD3RN350A
97ACF,SOEX38
97ACF,FADH12C
97ACF,2004BSKA
97ACF,TMM4
AWM17D,SGD6BR
AWM17D,PPC106LA
AWM17D,SHD1R
AWM17D,FHLF80A
AWM17D,PPC4A
AWM17D,SIMM210
AWM17D,SGDP42IRBR
AWM17D,SGDP31IRBR
AWM17D,SIMM220
AWM17D,BLPTHC87
LDH422A,LDH362
LDH422A,LDH602
LDH422A,LDH402
LDH422A,LDH462
LDH422A,LDH342
LDH422A,LDH482
LDH422A,LDH562
LDH422A,L62
LDH422A,L8112A
LDH422A,SOEX36
CTQ838K2,CT825DB
CTQ838K2,PT338
CTQ838K2,CTS561BITSET
CTQ838K2,CT9080K2
CTQ838K2,CTB8174
CTQ838K2,CT9010K2
CTQ838K2,CTR862DB
CTQ838K2,PSO4625
CTQ838K2,PT850
CTQ838K2,PTC250
CTR762K2,CTSG861DB
CTR762K2,CT9010K2
CTR762K2,CT9080K2
CTR762K2,CT825DB
CTR762K2,AT109
CTR762K2,CTB8174
CTR762K2,PTGR100
CTR762K2,VWB8B
CTR762K2,PTGR450
CTR762K2,PTR72
QE1R200,SGD2BR
QE1R200,FHLF80A
QE1R200,SIMM210
QE1R200,SGDP42IRBR
QE1R200,TMU8B
QE1R200,SIMM180
QE1R200,91ACP
QE1R200,SPBS24AR
QE1R200,FXK6
QE1R200,TMXK2
ACT900,ACT1297
ACT900,ACTR4151A
ACT900,ACT1290A
ACT900,ACT51234A
ACT900,ACT413A
ACT900,ECARL032R
ACT900,YAKS42
ACT900,TDG2
ACT900,JCK7DBL
ACT900,UTK100
OEXM707B,224SFFSMFR
OEXM707B,BF775C-A
OEXM707B,OEX707B
OEXM707B,A159
OEXM707B,112TMMDSY
OEXM707B,BCS70A
OEXM707B,A161B
OEXM707B,PHT5
OEXM707B,OXIM707SBK
OEXM707B,FSS141
ECHDD012A,ECHDD012AR
ECHDD012A,LBUK1
ECHDD012A,GLOVE300BL
ECHDD012A,ECARL032R
ECHDD012A,MAGMAT
ECHDD012A,ECPNI032R
ECHDD012A,TPGDL2000
ECHDD012A,EEDM503D
ECHDD012A,ECPNJ032
ECHDD012A,GLOVEORIGPLUSL
CTRS761AGK2,CT9080K2
CTRS761AGK2,PDR5000A
CTRS761AGK2,PSO4625
CTRS761AGK2,CTS561BITSET
CTRS761AGK2,PH3050BR
CTRS761AGK2,CTB185
CTRS761AGK2,CT9010K2
CTRS761AGK2,AT118
CTRS761AGK2,MG725A
CTRS761AGK2,DBTB121
CTNIB761K2,PTGR110
CTNIB761K2,PH3050BR
CTNIB761K2,PTR2500
CTNIB761K2,AT109
CTNIB761K2,DB121C
CTNIB761K2,MG725A
CTNIB761K2,CTNN13KF
CTNIB761K2,CT9080K2
CTNIB761K2,CTB8174
CTNIB761K2,MG1250
AWCG1606B,FXK3
AWCG1606B,SPBS8AR
AWCG1606B,SPBS18AR
AWCG1606B,SIMM190
AWCG1606B,FHLF80A
AWCG1606B,SGD2BR
AWCG1606B,ATECH2FR125B
AWCG1606B,91ACP
AWCG1606B,47ACF
AWCG1606B,96ACF
AWCGT10,SPBS12AR
AWCGT10,SGD4BR
AWCGT10,FHLF80A
AWCGT10,SGD8BR
AWCGT10,SGD6BR
AWCGT10,FU8A
AWCGT10,47ACF
AWCGT10,SRPCR4700
AWCGT10,SIMM190
AWCGT10,SGASA204CR
GLOVE502BXLB,EEPV503
GLOVE502BXLB,TDG1
GLOVE502BXLB,EECT424HD
GLOVE502BXLB,ECHDD012A
GLOVE502BXLB,TDG2
GLOVE502BXLB,ECPRA072
GLOVE502BXLB,FB336
GLOVE502BXLB,GA296B
GLOVE502BXLB,AT4101
GLOVE502BXLB,ECHDF042
BTCP2SA,VGP104
BTCP2SA,BTCW800
BTCP2SA,206ESSPKPLG
BTCP2SA,OFSKIT
BTCP2SA,A129
BTCP2SA,SIMM320
BTCP2SA,B1356E
BTCP2SA,YA9350B
BTCP2SA,OFCA2
BTCP2SA,BRHC2PK
MRB5B,MRB10B
MRB5B,MRB15B
MRB5B,ACT1290A
MRB5B,TPGIF1600A
MRB5B,LBUK1
MRB5B,JCW80AR
MRB5B,EECT424HD
MRB5B,IM1PT
MRB5B,AT4101
MRB5B,MAGMAT
KRSC343PDC,MRB12B
KRSC343PDC,SNA-TBP14
KRSC343PDC,KACKMCFIBER1
KRSC343PDC,KRA4813FPBO
KRSC343PDC,KACKFLTCLNR
KRSC343PDC,KRSC326FPBO
KRSC343PDC,KRSC430APBO1
KRSC343PDC,KRSC430APBO7
KRSC343PDC,KRSC46HPBO
KRSC343PDC,KAERNADD6RD
KRSC343PJK,TB20AC
KRSC343PJK,KAERNADD6RD
KRSC343PJK,KCP1422PBO
KRSC343PJK,PLRK27
KRSC343PJK,KRSC430APBO7
KRSC343PJK,KRA2406BPBO
KRSC343PJK,TB40C
KRSC343PJK,KCP2422PBO
KRSC343PJK,KRA2407PBO
KRSC343PJK,A277
KRA2007FPCM,KRSC46HPBO
KRA2007FPCM,KACKFLTCLNR
KRA2007FPCM,KRSC430APBO1
KRA2007FPCM,KRSC2460PWZ7
KRA2007FPCM,KRA2055FPBO
KRA2007FPCM,KCP1422PBO
KRA2007FPCM,KRBC100ABN
KRA2007FPCM,KWSP2455AST
KRA2007FPCM,KASS13
KRA2007FPCM,YA450B
EEDMDVA,CAL6V
EEDMDVA,EEPV503
EEDMDVA,MTIND683A
EEDMDVA,ITHE100
EEDMDVA,BB9008
EEDMDVA,ECFB200BL
EEDMDVA,FB302A
EEDMDVA,EEPV509
EEDMDVA,CAL6EA
EEDMDVA,PGP50
KRA2055FPBO,KRSC46HPBO
KRA2055FPBO,KRSC430APBO7
KRA2055FPBO,KRSC326FPBO
KRA2055FPBO,KRSC2460PWZ7
KRA2055FPBO,TB50WC
KRA2055FPBO,KRA2007FPBO
KRA2055FPBO,KCP1422PBO
KRA2055FPBO,KWSP2455ABL
KRA2055FPBO,PLRK21
KRA2055FPBO,KRWT2411
BOERM21,BOERM22
BOERM21,BOERM18
BOERM21,BOERM24
BOERM21,TMM16
BOERM21,131TMPB
BOERM21,PPCL60BK
BOERM21,AWCGT500
BOERM21,SFSM21
BOERM21,FSM61
BOERM21,SFSM6
BOERM22,BOERM24
BOERM22,BOERM21
BOERM22,TMM16
BOERM22,131TMPB
BOERM22,PPCL60BK
BOERM22,SFSM21
BOERM22,FSM61
BOERM22,SFSM6
BOERM22,SFSM20
BOERM22,FSM71
BTCP1,305TSKTA
BTCP1,312IMMS
BTCP1,LSR2000
BTCP1,LSR1150
BTCP1,307IPLMY
BTCP1,BTG9
BTCP1,S6106KA
BTCP1,LSR1250
BTCP1,XDLRM705K1A
BTCP1,206SPKPLGMAG
CL406A,VGP12808
CL406A,VGP12418
CL406A,VGP12509
CL406A,VGP12406
CL406A,VGP12412
CL406A,YA109C
CL406A,PKB52A
CL406A,VGP104
CL406A,VGP22412
CL406A,A159
CS1,VO1416B
CS1,VO1012B
CS1,VO1820B
CS1,VO2224B
CS1,VO3032B
CS1,FM19
CS1,FM14
CS1,FM13
CS1,FM12
CS1,FM15
ECFLK078,SOSGFLXCLR
ECFLK078,JCK8
ECFLK078,ECPNH012
ECFLK078,FB336
ECFLK078,TPMC25
ECFLK078,RULER6
ECFLK078,EECT200
ECFLK078,SVTS272A
ECFLK078,UTK150
ECFLK078,ECPRA072
EEBM600,RTEMPB7
EEBM600,CAL6EA
EEBM600,EECS150
EEBM600,MTTL300
EEBM600,EEJP201MBKA-NA
EEBM600,GA296B
EEBM600,EEPV503
EEBM600,FB305A
EEBM600,EEBC30A12V
EEBM600,AT4101
EECR1C,YA832A
EECR1C,MTTL700
EECR1C,ECPNJ032
EECR1C,BB9008
EECR1C,EEDM503D
EECR1C,ECHDF042
EECR1C,MAGDISH
EECR1C,TPGDL2000
EECR1C,ACT925
EECR1C,MTIND683A
BLPHSM142,SGASA204CR
BLPHSM142,47ACF
BLPHSM142,96ACF
BLPHSM142,F80
BLPHSM142,91ACP
BLPHSM142,SHD1R
BLPHSM142,SIMM210
BLPHSM142,FU8A
BLPHSM142,BLPTHC87
BLPHSM142,TMU8B
BLPTL1415,BLPTL148
BLPTL1415,BLPTL1410
BLPTL1415,BLPTL146
BLPTL1415,BLPTL149
BLPTL1415,BLPTL147
BLPTL1415,BLPTL1255
BLPTL1415,BLPTL3845
BLPTL1415,BLPTL3840
BLPTL1415,BLPTL1425
BLPTL1415,BLPTL1430
BLPTL149,BLPTL146
BLPTL149,BLPTL147
BLPTL149,BLPTL148
BLPTL149,BLPTL1415
BLPTL149,BLPTL1410
BLPTL149,BLPTL1427
BLPTL149,BLPTL3840
BLPTL149,BLPTL1420
BLPTL149,BLPTL1425
BLPTL149,BLPTL1430
BL1B,BTC8A
BL1B,2005BSKA
BL1B,SDMV208
BL1B,208CCP
BL1B,BTC7B
BL1B,YA824C
BL1B,TR107A
BL1B,TR108
BL1B,AWP160
BL1B,PT40B
BF775C-A,14V
BF775C-A,AWM12D
BF775C-A,UTV614A
BF775C-A,224SFFSMFR
BF775C-A,A159
BF775C-A,S9614A
BF775C-A,PK50A
BF775C-A,UTV615A
BF775C-A,A179A
BF775C-A,PKRS1
BLPH1214,BLPHM1212
BLPH1214,BLPH1217
BLPH1214,BLPH1219
BLPH1214,207EFAMY
BLPH1214,FAM8E
BLPH1214,BLPTS1420
BLPH1214,BLPTS1415
BLPH1214,BLPTS1410
BLPH1214,BLPTS1425
BLPH1214,BLPTS1430
BLPH1418,BLPH14732
BLPH1418,BLPH14964
BLPH1418,BLPH14316
BLPH1418,BLPH1414
BLPH1418,BLPH3838
BLPH1418,BLPH387
BLPH1418,BLPH124
BLPH1418,BLPH125
BLPH1418,BLPT1255
BLPH1418,BLPT3840
BLPHL1418,BLPHL14532
BLPHL1418,BLPHL14316
BLPHL1418,BLPH1418
BLPHL1418,BLPH14316
BLPHL1418,BLPH14732
BLPHL1418,BLPH14964
BLPHL1418,BLPH1414
BLPHL1418,BLPH14532
BLPHL1418,BLPH3838
BLPHL1418,BLPH124
BLPHL3838,47ACF
BLPHL3838,SGASA204CR
BLPHL3838,A2A
BLPHL3838,TMU8B
BLPHL3838,PPC4A
BLPHL3838,SPBS12AR
BLPHL3838,TMXK2
BLPHL3838,PPC106LA
BLPHL3838,F80
BLPHL3838,SGDP31IRBR
BLPHL387,BLPHL3810
BLPHL387,BLPHL388
BLPHL387,BLPH389
BLPHL387,BLPH387
BLPHL387,BLPH38732
BLPHL387,BLPH388
BLPHL387,BLPH386
BLPHL387,BLPH38516
BLPHL387,BLPH3814
BLPHL387,BLPH3838
BLPT3840,BLPT3845
BLPT3840,BLPH38516
BLPT3840,BLPH14732
BLPT3840,BLPH3838
BLPT3840,BLPT148
BLPT3840,BLPT149
BLPT3840,BLPT147
BLPT3840,BLPH388
BLPT3840,BLPT1255
BLPT3840,BLPT1420
BLPTL1410,BLPTL148
BLPTL1410,BLPTL146
BLPTL1410,BLPTL147
BLPTL1410,BLPTL149
BLPTL1410,BLPTL1427
BLPTL1410,BLPTL3845
BLPTL1410,BLPTL1420
BLPTL1410,BLPTL1425
BLPTL1410,BLPTL3840
BLPTL1410,BLPT3840
BLPTXK4,30SSD
BLPTXK4,AWL1010DK
BLPTXK4,BLPSM1412
BLPTXK4,BLPSM149
BLPTXK4,BLPSM1413
BLPTXK4,BLPSM147
BLPTXK4,BLPSM148
BLPTXK4,BLPSM144
BLPTXK4,BLPSM145
BLPTXK4,BP8B
BLPBTW4,BLPBTW8
BLPBTW4,BLPBTW6
BLPBTW4,BTWS
BLPBTW4,SSDMRT8A
BLPBTW4,RBYA605
BLPBTW4,SGDMRC11A
BLPBTW4,ADCF8
BLPBTW4,REX13C
BLPBTW4,ST50A
BLPBTW4,XFR704
BLPBTWSET,BLPEXTF146
BLPBTWSET,SSDMRT8A
BLPBTWSET,TZERO
BLPBTWSET,103TMXKLA
BLPBTWSET,BTWSMPK
BLPBTWSET,HSPD16
BLPBTWSET,XDHF605
BLPBTWSET,YA2019
BLPBTWSET,BTWS
BLPBTWSET,112RTMA
BLPHEXS1418,BLPTORX1410
BLPHEXS1418,BLPXZNM389
BLPHEXS1418,206EFAML
BLPHEXS1418,208EFTABMY
BLPHEXS1418,GA358B
BLPHEXS1418,PHP2A
BLPHEXS1418,210EFTAMY
BLPHEXS1418,206EFABLM
BLPHEXS1418,208EFTAMXSY
BLPHEXS1418,QD3RN350A
LDT40,BTK7A
LDT40,S6112
LDT40,B1467A
LDT40,LIL59000
LDT40,XLE605
LDT40,PHP2A
LDT40,BJP1
LDT40,BLPEXTF388
LDT40,SGA102BR
LDT40,CJ2001P
LDTJT512,LDTJT538
LDTJT512,SIMM200
LDTJT512,SGD4BR
LDTJT512,SPBS704AR
LDTJT512,SRPCR3800
LDTJT512,SIMM190
LDTJT512,ATECH2FR125B
LDTJT512,PPC4A
LDTJT512,SGD2BR
LDTJT512,FX1
LDTJT538,LDTJT512
LDTJT538,SGD6BR
LDTJT538,SIMM200
LDTJT538,SGD2BR
LDTJT538,FX1
LDTJT538,FXK6
LDTJT538,SPBS12AR
LDTJT538,SGD8BR
LDTJT538,47ACF
LDTJT538,PPC105LA
FSPPRK,SIMM190
FSPPRK,SIMM180
FSPPRK,SGD6BR
FSPPRK,SRPCR4700
FSPPRK,PPC4A
FSPPRK,91ACP
FSPPRK,FXK11
FSPPRK,FHLF80A
FSPPRK,A2A
FSPPRK,SPBS24AR
GLOVEORIGPLUSM,JCK8
GLOVEORIGPLUSM,EEPV500
GLOVEORIGPLUSM,GLASS50R
GLOVEORIGPLUSM,RULER601
GLOVEORIGPLUSM,SVTSRAD272U
GLOVEORIGPLUSM,ECHDF042
GLOVEORIGPLUSM,RULER6
GLOVEORIGPLUSM,ECPRA072
GLOVEORIGPLUSM,MAGDISH
GLOVEORIGPLUSM,MAGMAT
HP650,BTWOS
HP650,BTWROS
HP650,BTWS
HP650,BLPBTW8
HP650,SSDMRT8A
HP650,BLPBTW4
HP650,SGDMRC11A
HP650,BLPBTW6
HP650,GA358B
HP650,BLPBTWSET
SEPHVACAO,SPBS12AR
SEPHVACAO,SIMM200
SEPHVACAO,SPBS24AR
SEPHVACAO,SPBS18AR
SEPHVACAO,SGDP42IRBR
SEPHVACAO,SRPCR4700
SEPHVACAO,T72
SEPHVACAO,SHD1R
SEPHVACAO,PPC103A
SEPHVACAO,PPC105LA
L872RJ,LDH362
L872RJ,LDH342
L872RJ,LDH402
L872RJ,LDH422A
L872RJ,LDH602
L872RJ,LDH562
L872RJ,L122
L872RJ,L62
L872RJ,L8112A
L872RJ,425IMM
SEPPROK12PBOA,SPBS12AR
SEPPROK12PBOA,PPC103A
SEPPROK12PBOA,SRPCR3800
SEPPROK12PBOA,SGDP31IRBR
SEPPROK12PBOA,SPBS18AR
SEPPROK12PBOA,SGD4BR
SEPPROK12PBOA,SIMM180
SEPPROK12PBOA,T72
SEPPROK12PBOA,SGD6BR
SEPPROK12PBOA,ATECH3FR300B
SHN36,SX24
SHN36,311IMFSY
SHN36,312IPL
SHN36,IPL32C
SHN36,IPL16C
SHN36,IPL34C
SHN36,PPCSG710
SHN36,FHBF80A
SHN36,SH80A
SHN36,313TSYA
TA3,GFAT1E
TA3,TMUS141A
TA3,FA12LE
TA3,FABLM5E
TA3,FAML6E
TA3,SA16E
TA3,FRX181
TA3,HD6529
TA3,KAC1224TCA
TA3,GLAS1F
KRSC2460PBO1,KRSC430APBO1
KRSC2460PBO1,A277
KRSC2460PBO1,KRA2007FPBO
KRSC2460PBO1,KRSC46HPBO
KRSC2460PBO1,KRA2422PBO
KRSC2460PBO1,KRA4813FPBO
KRSC2460PBO1,PLRK21
KRSC2460PBO1,KRA2411PBO
KRSC2460PBO1,KRSC430APBO7
KRSC2460PBO1,YA389A
KRSC2460PWZ1,YA389A
KRSC2460PWZ1,KRSC46HPBO
KRSC2460PWZ1,A277
KRSC2460PWZ1,KRA4107FPBO
KRSC2460PWZ1,KRA4813FPBO
KRSC2460PWZ1,KRA2411PBO
KRSC2460PWZ1,KACKFLTCLNR
KRSC2460PWZ1,KRSC326FPBO
KRSC2460PWZ1,KCP1422PBO
KRSC2460PWZ1,KRSC430APBO7
UIM225,UPT35
UIM225,PRH57A
UIM225,317AMMPC
UIM225,PK23A
UIM225,317MSPC
UIM225,114ATMP
UIM225,UPT2FL
UIM225,UPT65
UIM225,315IMMYA
UIM225,340SSDP
206AFXWP,305SXWP
206AFXWP,106ATMXW
206AFXWP,BTWSMPK
206AFXWP,110ETMAY
206AFXWP,214SFY
206AFXWP,XO605
206AFXWP,PPB30AK
206AFXWP,SSFP1
206AFXWP,SHLF80A
206AFXWP,AWMEF6K
TMD10,XS2024A
TMD10,ATKBFL
TMD10,SIMM160A
TMD10,SGD2BR
TMD10,91ACP
TMD10,TMXK60
TMD10,47ACF
TMD10,SIMM190
TMD10,SPBS8AR
TMD10,F80
OXI707BK,OXIM707SBK
OXI707BK,YA2019
OXI707BK,ST50A
OXI707BK,OXIM710B
OXI707BK,OEX080B
OXI707BK,OEXSM710B
OXI707BK,RBM78SC
OXI707BK,XBM605A
OXI707BK,RBM1618C
OXI707BK,RBM1719C
AWTR8-7,SGDP31IRBR
AWTR8-7,SHD1R
AWTR8-7,SIMM200
AWTR8-7,PPC103A
AWTR8-7,GFAT1E
AWTR8-7,F80
AWTR8-7,T72
AWTR8-7,PPC105LA
AWTR8-7,FX1
AWTR8-7,FU8A
GLOVE503CMA,GLOVE309L
GLOVE503CMA,GLASS50R
GLOVE503CMA,ECPNH012
GLOVE503CMA,FB336
GLOVE503CMA,ECHDD012AR
GLOVE503CMA,RULER601
GLOVE503CMA,MAGDISH
GLOVE503CMA,EEDM525F
GLOVE503CMA,GA296B
GLOVE503CMA,YA1050B
PSO4525,AT109
PSO4525,AT118
PSO4525,PTC250
PSO4525,PSO4625
PSO4525,DBBPT13
PSO4525,PTGR110
PSO4525,AT408
PSO4525,PDR3000A
PSO4525,AT2050
PSO4525,CTR861AK2
KRSC323PWZ,KRSC430APBO1
KRSC323PWZ,KACKMCFIBER1
KRSC323PWZ,KRA4810FPBO
KRSC323PWZ,A277
KRSC323PWZ,KRSC326FPBO
KRSC323PWZ,KRSC46HPBO
KRSC323PWZ,KRBC100ABN
KRSC323PWZ,KWSN2455AST
KRSC323PWZ,KCP2422PBO
KRSC323PWZ,KRWT2411
HBFE16O,30SSD
HBFE16O,224SFFSMFR
HBFE16O,BF775C-A
HBFE16O,A3042
HBFE16O,B1467A
HBFE16O,S6112
HBFE16O,PPCD70BK
HBFE16O,AD10C
HBFE16O,FHBB12A
HBFE16O,PPC108LA
KRBC100APWZ,KRA2411PBO
KRBC100APWZ,KCP1422PBO
KRBC100APWZ,KCP2422PBO
KRBC100APWZ,KRSC430APBO7
KRBC100APWZ,KWSP2455ABL
KRBC100APWZ,MRB12B
KRBC100APWZ,KRA2422PBO
KRBC100APWZ,KWSN2455ABL
KRBC100APWZ,YA389A
KRBC100APWZ,TB50WC
312SIMM,305SIMMY
312SIMM,SIMM350
312SIMM,SIMM290
312SIMM,312IMM
312SIMM,PKNC150
312SIMM,UPTM65K
312SIMM,SIMM340
312SIMM,SOEX38
312SIMM,SRP3A
312SIMM,SIM340
GLOVE309XL,GLOVE503CLA
GLOVE309XL,YA427B
GLOVE309XL,GLOVE300BL
GLOVE309XL,ASTFUN19KIT
GLOVE309XL,SOSG01BKCL01
GLOVE309XL,GLOVE900LR
GLOVE309XL,MTTL700
GLOVE309XL,GLASS30R
GLOVE309XL,JCK7DBL
GLOVE309XL,GLASS50R
TPGDL2000HV,CAL6EBR
TPGDL2000HV,ACT73A
TPGDL2000HV,EECS150
TPGDL2000HV,AT4101
TPGDL2000HV,ECHDF042
TPGDL2000HV,EECT200
TPGDL2000HV,EEDM504F
TPGDL2000HV,ECPRA072
TPGDL2000HV,ECHDD012A
TPGDL2000HV,GLASS50R
206AFSP,AWM12D
206AFSP,TFM7530B
206AFSP,107ATMPB
206AFSP,VO806B
206AFSP,14V
206AFSP,AW1015DHK
206AFSP,BF775C-A
206AFSP,TW461
206AFSP,AWM110DHK
206AFSP,TWM32
313SMYA,TWM31
313SMYA,TWM29
313SMYA,313SYA
313SMYA,1210B
313SMYA,S321
313SMYA,S261
313SMYA,S281
313SMYA,111STMMDY
313SMYA,SWM111A
313SMYA,SWM101A
PKN9,SIMM240
PKN9,ATECH3FR300B
PKN9,PPC103A
PKN9,FX1
PKN9,SGD2BR
PKN9,FHLF80A
PKN9,SIMM200
PKN9,FXK6
PKN9,SGDP42IRBR
PKN9,SHD1R
ATECHFSET02R,PBFT50R
ATECHFSET02R,PL1000START
ATECHFSET02R,786CF
ATECHFSET02R,HBBD56
ATECHFSET02R,FADH12C
ATECHFSET02R,OEXM7B
ATECHFSET02R,325SIMM
ATECHFSET02R,BLPTORX1410
ATECHFSET02R,SRPCR112
ATECHFSET02R,SRP3B
SOEXM8,222SFFSFR
SOEXM8,SOEXM9
SOEXM8,340SSDP
SOEXM8,2420A
SOEXM8,AWMG9
SOEXM8,S9704KR
SOEXM8,VGP12412
SOEXM8,120STTM
SOEXM8,OXIM6B
SOEXM8,SOEX30
206EFAML,PK500A
206EFAML,TF528D
206EFAML,208EFTAMXSY
206EFAML,206EFABLM
206EFAML,OEXM300B
206EFAML,307ESAMY
206EFAML,FTXB50E
206EFAML,FTXB45E
206EFAML,FTXB55E
206EFAML,BLPTL1427
AT811,PH3050BR
AT811,PSO4625
AT811,AT109
AT811,PTGR110
AT811,CTC772A
AT811,CT825DB
AT811,PH1038
AT811,PTR2500
AT811,DBBPT13
AT811,CTR867AK2
CT9175K2,DB129C
CT9175K2,CTB8174
CT9175K2,PT850
CT9175K2,VWB8B
CT9175K2,CTB8187
CT9175K2,PH1050
CT9175K2,CTR862DB
CT9175K2,MG1250
CT9175K2,CTC772A
CT9175K2,DB121C
206EAU,317AMMPC
206EAU,FRX181
206EAU,317MSPC
206EAU,HD6529
206EAU,TW481
206EAU,KAC1224TCA
206EAU,114ATMP
206EAU,117TMM
206EAU,LP10WR
206EAU,AC5C
SGD2BG,SGDP31IRBR
SGD2BG,SGDP63IRBR
SGD2BG,SGD8BR
SGD2BG,OEXM6B
SGD2BG,OFW3
SGD2BG,AC58E
SGD2BG,222AFSP
SGD2BG,UIM225
SGD2BG,218AFP
SGD2BG,PT28E
325SIMM,320SIM
325SIMM,313SIMA
325SIMM,311IMFSY
325SIMM,312IPLM
325SIMM,IPLM11C
325SIMM,IPLM10C
325SIMM,425IMM
325SIMM,312IPL
325SIMM,212SIMFYA
325SIMM,IPL40C
HCP48BCFG,SGAS102BG
HCP48BCFG,PTM30
HCP48BCFG,SGA102BR
HCP48BCFG,SGA1713B
HCP48BCFG,PHP3A
HCP48BCFG,PHP1A
HCP48BCFG,SHCP1B
HCP48BCFG,LIL59000
HCP48BCFG,SHP2KT
HCP48BCFG,CSSD1R
VWB7B,PSO4625
VWB7B,CTR867AK2
VWB7B,CT9080K2
VWB7B,CTB8174
VWB7B,CTB8187
VWB7B,DB129C
VWB7B,DBBPT13
VWB7B,CTC131A
VWB7B,PTR2500
VWB7B,PH3050BR
YA6930,EEDM596FK
YA6930,YA4000B
YA6930,TPGDL2000
YA6930,ECPRA072
YA6930,GLASS50R
YA6930,GLASS30R
YA6930,ECPNG032
YA6930,FB316B
YA6930,TDG1
YA6930,FB336
AWM8D,SPBS704AR
AWM8D,SGD4BR
AWM8D,SIMM190
AWM8D,SRPCR3800
AWM8D,SIMM200
AWM8D,SPBS12AR
AWM8D,GFAT1E
AWM8D,ATECH2FR125B
AWM8D,ATECH3FR300B
AWM8D,SPBS24AR
TTX15E,TTX8E
TTX15E,TTX10E
TTX15E,TTX25E
TTX15E,FTX50E
TTX15E,FTX45E
TTX15E,FTX40E
TTX15E,FTX60E
TTX15E,TWM31
TTX15E,FAM8E
TTX15E,211EFAMY
KRA2422POT,KRWT2411
KRA2422POT,KWSN2455AST
KRA2422POT,KWSP2455ABL
KRA2422POT,KWSP2455AST
KRA2422POT,KWSN2455ABL
KRA2422POT,KCP1422PBO
KRA2422POT,KRA2411PBO
KRA2422POT,KAERNADD6RD
KRA2422POT,KRA4107FPBO
KRA2422POT,A277
CSSD1B,CSSD50R
CSSD1B,PKWSS53A
CSSD1B,CSA14CR
CSSD1B,PKNC300
CSSD1B,SGAS102BG
CSSD1B,CSA12CR
CSSD1B,PHP2A
CSSD1B,AWPBX10
CSSD1B,EXD35A
CSSD1B,BT518
AWBSG24A,SHD1R
AWBSG24A,SIMM180
AWBSG24A,SPBS18AR
AWBSG24A,SIMM220
AWBSG24A,SIMM240
AWBSG24A,47ACF
AWBSG24A,A2A
AWBSG24A,SPBS12AR
AWBSG24A,SGD8BR
AWBSG24A,SIMM150A
KRA4813FPWZ,KRA4114FPBO
KRA4813FPWZ,KRA4810FPBO
KRA4813FPWZ,KAERNADD6RD
KRA4813FPWZ,PLRK27
KRA4813FPWZ,KCP1422PBO
KRA4813FPWZ,KRSC326FPBO
KRA4813FPWZ,PLRK30
KRA4813FPWZ,KRSC46HPBO
KRA4813FPWZ,TB40C
KRA4813FPWZ,PLRK21
AWSGM4A,FXK3
AWSGM4A,SRPCR4700
AWSGM4A,47ACF
AWSGM4A,SHD1R
AWSGM4A,TMU8B
AWSGM4A,SPBS18AR
AWSGM4A,SPBS704AR
AWSGM4A,F80
AWSGM4A,SGD6BR
AWSGM4A,FXK6
PPC105A,PPC110LA
PPC105A,PPC106LA
PPC105A,PPC203A
PPC105A,PPC205A
PPC105A,PPC103A
PPC105A,PPC208A
PPC105A,AWM140DK
PPC105A,PPC210A
PPC105A,OEXM6B
PPC105A,PPC5A
CT9010GK2,CT861K2
CT9010GK2,CTB185
CT9010GK2,CTB8187
CT9010GK2,CTINF9010
CT9010GK2,CTC131A
CT9010GK2,CT9080K2
CT9010GK2,CTR867AK2
CT9010GK2,CTQ838DB
CT9010GK2,CTR862DB
CT9010GK2,CTR861AK2
SPBS704AR,UIM225
SPBS704AR,BTC7B
SPBS704AR,206EAU
SPBS704AR,SR40K
SPBS704AR,TMM4
SPBS704AR,PRH57A
SPBS704AR,SN18B
SPBS704AR,SGT4BR
SPBS704AR,STMM15
SPBS704AR,HBBD24
OEXM90B,218AFSP
OEXM90B,AWMEF7K
OEXM90B,PKNC200
OEXM90B,PKNG90
OEXM90B,TWM30
OEXM90B,TWM32
OEXM90B,RXS605B
OEXM90B,TFM7530B
OEXM90B,PKRS1
OEXM90B,PPB826A
TMD11,XS2024A
TMD11,ATKBFL
TMD11,FXK11
TMD11,SRPCR4700
TMD11,BLPTHC87
TMD11,SHD1R
TMD11,SPBS8AR
TMD11,FHLF80A
TMD11,ATECH2FR125B
TMD11,SGD4BR
GAW1900A,BLPH3814
GAW1900A,BLPH1418
GAW1900A,BLPH14732
GAW1900A,BLPH14316
GAW1900A,BLPH14964
GAW1900A,BLPH1414
GAW1900A,BLPH38516
GAW1900A,BLPH14532
GAW1900A,BLPH3838
GAW1900A,BLPH387
TMMDS14,TMMDS15
TMMDS14,TMMDS5
TMMDS14,TMMDS5.5
TMMDS14,TMMDS9
TMMDS14,TMMDS11
TMMDS14,TMMDS6
TMMDS14,TMMDS7
TMMDS14,TMMDS13
TMMDS14,TMMDS8
TMMDS14,TMMDS10
OEXS709B,OEX080B
OEXS709B,OEXSM710B
OEXS709B,OXIM9B
OEXS709B,OXIM8B
OEXS709B,107ATMPB
OEXS709B,OXIM710B
OEXS709B,OXIM707SBK
OEXS709B,XBM605A
OEXS709B,OEXLM710B
OEXS709B,TFM7530B
SIMM320,SIMM300
SIMM320,SN25A
SIMM320,SIMM340
SIMM320,SIMM360
SIMM320,222AFSP
SIMM320,VGP104
SIMM320,OEXM9B
SIMM320,OEXM8B
SIMM320,SWM111A
SIMM320,SWM101A
RTEMP8,ACT925
RTEMP8,YA4000B
RTEMP8,CAL6DA
RTEMP8,MTTL700
RTEMP8,EEPV509
RTEMP8,RADKITULTRA
RTEMP8,EEPV500
RTEMP8,ACTUVPROKT
RTEMP8,ACT51234A
RTEMP8,ECPNH012UV
KRSC430APES1,KRSC323PBO
KRSC430APES1,MRB12B
KRSC430APES1,KRA2406BPBO
KRSC430APES1,KRSC430APBO7
KRSC430APES1,YA389A
KRSC430APES1,A277
KRSC430APES1,KRA4059FPBO
KRSC430APES1,KRWT2411
KRSC430APES1,SNA-TBP14
KRSC430APES1,KA2422SETPJJ
VWB6B,AT425R
VWB6B,DB121C
VWB6B,AT2050
VWB6B,PH3050BR
VWB6B,AT109
VWB6B,CTR861AK2
VWB6B,PTB32K
VWB6B,CTR867AK2
VWB6B,DBBPT13
VWB6B,PTGR100
SHX80BO,THRLX72
SHX80BO,FHLX80B
SHX80BO,SH80A
SHX80BO,SHBB24
SHX80BO,FHOF80A
SHX80BO,SHN36
SHX80BO,305SXWP
SHX80BO,FHLF80A
SHX80BO,THNF72
SHX80BO,313SMYA
SGDP31IRBR,SGDP63IRBR
SGDP31IRBR,SGD4BR
SGDP31IRBR,OEXM6B
SGDP31IRBR,222AFSP
SGDP31IRBR,OFW2
SGDP31IRBR,AWS13
SGDP31IRBR,SN25A
SGDP31IRBR,AWMG9
SGDP31IRBR,218AFP
SGDP31IRBR,STMM5
TPMB25GRN,TPMB25EM
TPMB25GRN,RULER601
TPMB25GRN,AT4101
TPMB25GRN,TPM16ORG
TPMB25GRN,TPM16EM
TPMB25GRN,TPM16
TPMB25GRN,ACT73A
TPMB25GRN,JCW62R
TPMB25GRN,UTK100
TPMB25GRN,ECPNG032
SGA1710BR,SGA1711BR
SGA1710BR,SGA1712BR
SGA1710BR,SGA174BR
SGA1710BR,SGA175BR
SGA1710BR,SGA173BR
SGA1710BR,SHP2KT
SGA1710BR,SGA102BR
SGA1710BR,HCP10
SGA1710BR,PHP1A
SGA1710BR,SGDXL80BR
BT15,BT1360
BT15,BT518
BT15,BT11
BT15,B1356E
BT15,BTCP600
BT15,FK80
BT15,131A
BT15,B3404B
BT15,212IMFMSYA
BT15,S9706KRA
SGASA204CR,FRX181
SGASA204CR,AWM110DHK
SGASA204CR,TW481
SGASA204CR,PRH57A
SGASA204CR,LP10WR
SGASA204CR,HD6529
SGASA204CR,UIM225
SGASA204CR,117TMM
SGASA204CR,IMM360
SGASA204CR,STX70E
SGDTX90BR,SGDP64IRBR
SGDTX90BR,SRP3A
SGDTX90BR,OEXM7B
SGDTX90BR,YA339A
SGDTX90BR,OEXM6B
SGDTX90BR,SGDP63IRBG
SGDTX90BR,A91F
SGDTX90BR,SGDXL80BR
SGDTX90BR,SGDX40BR
SGDTX90BR,UTS105A
ECFDF108O,ECPNG032
ECFDF108O,UTK100
ECFDF108O,JCK8
ECFDF108O,TDG2
ECFDF108O,EECT400
ECFDF108O,IM1PT
ECFDF108O,JCK7DBL
ECFDF108O,GA296B
ECFDF108O,FB361A
ECFDF108O,ECPNI032R
AWXL13-5/16,A2A
AWXL13-5/16,SIMM170
AWXL13-5/16,SGD2BR
AWXL13-5/16,TMU8B
AWXL13-5/16,SGD4BR
AWXL13-5/16,SGD6BR
AWXL13-5/16,FXK3
AWXL13-5/16,SHD1R
AWXL13-5/16,SGDP31IRBR
AWXL13-5/16,T72
IMM220,IMM230
IMM220,IMM240
IMM220,IMM210
IMM220,IMM130A
IMM220,IMM170A
IMM220,IMM180
IMM220,IMM190
IMM220,IM320
IMM220,IM260
IMM220,IM240
AWMCG1608B,SPBS18AR
AWMCG1608B,SGDX80BR
AWMCG1608B,PPC105LA
AWMCG1608B,SPBS8AR
AWMCG1608B,PPC103A
AWMCG1608B,BLPTHC87
AWMCG1608B,SGASA204CR
AWMCG1608B,SGD6BR
AWMCG1608B,FX1
AWMCG1608B,FXK6
SOSG01BKCL01,GA460B
SOSG01BKCL01,GLASS90BYEAR
SOSG01BKCL01,GLOVE505RL
SOSG01BKCL01,LBUK1
SOSG01BKCL01,GLOVE900LR
SOSG01BKCL01,GLOVE1100L
SOSG01BKCL01,GLOVEORIGPLUSL
SOSG01BKCL01,GLASS50R
SOSG01BKCL01,GLOVE300BL
SOSG01BKCL01,MAGDISH
PKNC075C2,SGDP42IRBR
PKNC075C2,TMXK4
PKNC075C2,T72
PKNC075C2,SGD4BR
PKNC075C2,PPC105LA
PKNC075C2,SPBS704AR
PKNC075C2,FHLF80A
PKNC075C2,FXK6
PKNC075C2,SPBS24AR
PKNC075C2,SGD6BR
106IPTMMA,110MGMM
106IPTMMA,112SIMTMM
106IPTMMA,IPLM19C
106IPTMMA,IPSM21
106IPTMMA,IPLM17C
106IPTMMA,IPLM21C
106IPTMMA,IPLM14C
106IPTMMA,IPLM16C
106IPTMMA,IPLM24C
106IPTMMA,IPSM22
107ATMPB,OEX080B
107ATMPB,AWMEF7K
107ATMPB,AW1013DK
107ATMPB,SWM251
107ATMPB,206AFSP
107ATMPB,S6106KA
107ATMPB,ST50A
107ATMPB,211SFY
107ATMPB,BP12B
107ATMPB,196ACF
S6118A,AWTEF8K
S6118A,B1461
S6118A,ACT1370
S6118A,222AFSP
S6118A,OEXM8B
S6118A,OFW3
S6118A,SWM111A
S6118A,SWM101A
S6118A,SIMM340
S6118A,BCS70A
TW201,TW221
TW201,TW141A
TW201,TW161A
TW201,TW281
TW201,TW261
TW201,TW361
TW201,TW341
TW201,TW301
TW201,BHS7A
TW201,313TSYA
FADH10C,FADH6C
FADH10C,FADH8C
FADH10C,FADH12C
FADH10C,PPCD70BK
FADH10C,FZ7A
FADH10C,317MSPC
FADH10C,114ATMP
FADH10C,PPC110LA
FADH10C,S9704KR
FADH10C,SW341
PTR2500,PTR2505
PTR2500,PDR3000A
PTR2500,PTR72
PTR2500,MG325
PTR2500,AT700F
PTR2500,PTC250
PTR2500,PT338
PTR2500,PTGR100
PTR2500,PTGR110
PTR2500,PDR5000A
305SXWP,AWMEF6K
305SXWP,303SXWKL
305SXWP,7031A
305SXWP,TD2425A
305SXWP,AWEF6K
305SXWP,206AFXW
305SXWP,STX60E
305SXWP,106ATMXW
305SXWP,BLPBSS40
305SXWP,OEX44B
FSPK,LDTJT512
FSPK,LDTJT538
FSPK,S6112
FSPK,B1467A
FSPK,S6110A
FSPK,S6111
FSPK,BT11
FSPK,SIMM210
FSPK,A2A
FSPK,SGDP42IRBR
FSS121,MPBS10AR
FSS121,FSS141
FSS121,FSS181
FSS121,FSS161
FSS121,110TMSY
FSS121,224SFFSMFR
FSS121,BF775C-A
FSS121,TW261
FSS121,TW281
FSS121,TW141A
AWSGT45A,FXK11
AWSGT45A,SIMM170
AWSGT45A,SPBS12AR
AWSGT45A,TMU8B
AWSGT45A,PPC103A
AWSGT45A,SGD4BR
AWSGT45A,FXK6
AWSGT45A,FX1
AWSGT45A,PPC105LA
AWSGT45A,T72
KRSC326FPC,KRA2007FPBO
KRSC326FPC,A277
KRSC326FPC,KRA2422PBO
KRSC326FPC,KAERNADD6RD
KRSC326FPC,KRA24
KRSC326FPC,KCP2422PBO
KRSC326FPC,KRA4114FPBO
KRSC326FPC,KWSP2455ABL
KRSC326FPC,KASS13
KRSC326FPC,KRA2411PBO
KRSC326FPOT,KRA2007FPBO
KRSC326FPOT,KRSC2460PWZ7
KRSC326FPOT,KRSC430APBO7
KRSC326FPOT,A277
KRSC326FPOT,SNA-TBP14
KRSC326FPOT,PLRK30
KRSC326FPOT,KCP2422PBO
KRSC326FPOT,KCP1422PBO
KRSC326FPOT,KRSC46HPBO
KRSC326FPOT,TB40C
SFSM8,SFSM9
SFSM8,SFSM16
SFSM8,SFSM18
SFSM8,SFSM12
SFSM8,SFSM11
SFSM8,SFSM19
SFSM8,SFSM17
SFSM8,SFSM15
SFSM8,SFSM14
SFSM8,SFSM10
SFSM9,SFSM8
SFSM9,SFSM12
SFSM9,SFSM11
SFSM9,SFSM19
SFSM9,SFSM17
SFSM9,SFSM15
SFSM9,SFSM14
SFSM9,SFSM13
SFSM9,SFSM10
SFSM9,317AMMPC
NDDM900A,SPBS704AR
NDDM900A,PPC4A
NDDM900A,TMXK2
NDDM900A,SGD8BR
NDDM900A,PPC105LA
NDDM900A,FXK11
NDDM900A,96ACF
NDDM900A,TMU8B
NDDM900A,SPBS24AR
NDDM900A,F80
320SIM,325SIMM
320SIM,310SIMMYA
320SIM,312IPL
320SIM,IPL26C
320SIM,311IMFSY
320SIM,IPL32C
320SIM,IPL16C
320SIM,IPL34C
320SIM,IPL38C
320SIM,212SIMFYA
EPC160,86EP
EPC160,BLPBTW4
EPC160,PKRS1
EPC160,612AEP
EPC160,908CF
EPC160,84CF
EPC160,912AEP
EPC160,388ACF
EPC160,PWZ4
EPC160,TM72
912AEP,86EP
912AEP,612AEP
912AEP,411CF
912AEP,HL138ACP
912AEP,FHOF80A
912AEP,415CF
912AEP,SGDMRCE44
912AEP,95ACF
912AEP,OEXS709B
912AEP,SPRG625R
SIMM240,SIMM200
SIMM240,SIMM220
SIMM240,SIMM160A
SIMM240,SIMM110A
SIMM240,SIMM120A
SIMM240,SIM200
SIMM240,SIM320
SIMM240,SIM340
SIMM240,SIM380
SIMM240,SIM400
BHM9A,SPBS24A
BHM9A,BLPTE3816
BHM9A,BLPTE3810
BHM9A,OXIM6B
BHM9A,222AFSP
BHM9A,ACT1370
BHM9A,AWBS13
BHM9A,SWM111A
BHM9A,OEXM8B
BHM9A,OEXM7B
EFP2BSTRIPE,EECT400
EFP2BSTRIPE,EEDM596FK
EFP2BSTRIPE,RULER6
EFP2BSTRIPE,GLASS30R
EFP2BSTRIPE,EEDM503D
EFP2BSTRIPE,ECPNH012
EFP2BSTRIPE,UTK150
EFP2BSTRIPE,EEDM504F
EFP2BSTRIPE,FB336
EFP2BSTRIPE,TPMC25
AWCGT30,AWCGT40
AWCGT30,AWCGT27
AWCGT30,AWCGT500
AWCGT30,AWCG1600B
AWCGT30,AWMCG1600B
AWCGT30,AWCGT45
AWCGT30,AWCGT25
AWCGT30,SGDP42IRBR
AWCGT30,91ACP
AWCGT30,SPBS24AR
AWML4D,SIMM160A
AWML4D,SRPCR4700
AWML4D,SGDP31IRBR
AWML4D,ATECH3FR300B
AWML4D,SGD6BR
AWML4D,PL400B
AWML4D,FXK11
AWML4D,SGDX80BR
AWML4D,TMXK2
AWML4D,SIMM180
AT118,AT425R
AT118,PSO4525
AT118,AT2050
AT118,PSO4625
AT118,PTR72
AT118,DB121C
AT118,PTC250
AT118,VWB5B
AT118,PDR3000A
AT118,AT109
AW1015DHK,340SSDP
AW1015DHK,10SSD
AW1015DHK,AWM110DHK
AW1015DHK,PKNC200
AW1015DHK,YA2020
AW1015DHK,PPB1002A
AW1015DHK,FR80
AW1015DHK,TW461
AW1015DHK,206AFSP
AW1015DHK,107ATMPB
AWT10A,TMXK2
AWT10A,FXK3
AWT10A,PPC103A
AWT10A,SPBS18AR
AWT10A,ATECH2FR125B
AWT10A,T72
AWT10A,96ACF
AWT10A,SPBS12AR
AWT10A,SRPCR3800
AWT10A,SIMM210
CTHG9050,CT825DB
CTHG9050,DB129C
CTHG9050,PTR2500
CTHG9050,CT9080K2
CTHG9050,CTINF9010
CTHG9050,PT338
CTHG9050,PTC250
CTHG9050,PT850
CTHG9050,CTC131A
CTHG9050,PTGR110
TB10AC,KCP1422PBO
TB10AC,KRSC430APBO1
TB10AC,KRSC46HPBO
TB10AC,KACKMCFIBER1
TB10AC,KRSC430APBO7
TB10AC,KWSP2455ABL
TB10AC,KRA4107FPBO
TB10AC,KASS13
TB10AC,KRSC2460PWZ7
TB10AC,PLRK21
TF1127B,TF1124B
TF1127B,TFM7530B
TF1127B,HBBT16
TF1127B,PPB816A
TF1127B,LN46ACF
TF1127B,SX2
TF1127B,PIT120
TF1127B,SHLX80A
TF1127B,HBBD32
TF1127B,SGT4BR
OFC76-14,SIMM240
OFC76-14,96ACF
OFC76-14,FU8A
OFC76-14,SGASA204CR
OFC76-14,F80
OFC76-14,SIMM150A
OFC76-14,SIMM200
OFC76-14,FX1
OFC76-14,TMXK2
OFC76-14,SPBS12AR
OFC86-14,91ACP
OFC86-14,FHLF80A
OFC86-14,PL400B
OFC86-14,SRPCR4700
OFC86-14,TMU8B
OFC86-14,SPBS8AR
OFC86-14,47ACF
OFC86-14,SIMM150A
OFC86-14,FXK11
OFC86-14,SIMM170
OFC884-15,SGDP42IRBR
OFC884-15,PPC106LA
OFC884-15,SGDP31IRBR
OFC884-15,SGD6BR
OFC884-15,SGD2BR
OFC884-15,SIMM200
OFC884-15,FU8A
OFC884-15,GFAT1E
OFC884-15,SIMM160A
OFC884-15,TMXK60
OFC93-36,ATECH2FR125B
OFC93-36,PPC105LA
OFC93-36,FXK6
OFC93-36,GFAT1E
OFC93-36,SIMM170
OFC93-36,FU8A
OFC93-36,FHLF80A
OFC93-36,PPC103A
OFC93-36,SGDP42IRBR
OFC93-36,SGDP31IRBR
OFW2,OFW3
OFW2,OFW4
OFW2,OFW1
OFW2,SIMM340
OFW2,SIMM290
OFW2,222AFSP
OFW2,SIMM300
OFW2,PKNC150
OFW2,SIMM360
OFW2,OEXM9B
OFW3,OFW4
OFW3,OFWHD1
OFW3,OFW2
OFW3,SWM111A
OFW3,OEXM9B
OFW3,OEXM8B
OFW3,SIMM340
OFW3,OEXM7B
OFW3,SIMM300
OFW3,BP32B
PBMMA5G,PBMMS5G
PBMMA5G,PBMMB5G
PBMMA5G,PBMA5G
PBMMA5G,PBMMB5O
PBMMA5G,PBMMA5
PBMMA5G,PBMMB5R
PBMMA5G,PBMMA5R
PBMMA5G,PBMB5R
PBMMA5G,ATECH1FS300
PBMMA5G,PWCS7ACF
PBMMB5R,PBMMS5R
PBMMB5R,PBMMB5O
PBMMB5R,PBMA5R
PBMMB5R,PBMMS5
PBMMB5R,PBMMS5O
PBMMB5R,PBMA5
PBMMB5R,PBFT50R
PBMMB5R,PTM2
PBMMB5R,FADH8C
PBMMB5R,SGDMRC108A
PPK25,PWCS7ACF
PPK25,SRPCR4700
PPK25,SRPCR3800
PPK25,VO1012B
PPK25,SW321
PPK25,VO1820B
PPK25,VO2628B
PPK25,VO1416B
PPK25,VO2224B
PPK25,SW221
RBM1012C,AW028D
RBM1012C,RBM1719C
RBM1012C,FHLLF80
RBM1012C,PL400B
RBM1012C,96ACF
RBM1012C,91ACP
RBM1012C,47ACF
RBM1012C,SIMM180
RBM1012C,SPBS18AR
RBM1012C,FXK6
RBM1415C,RBM1213C
RBM1415C,RBM1618C
RBM1415C,RBM1011C
RBM1415C,RBM910C
RBM1415C,RBM1719C
RBM1415C,RBM78SC
RBM1415C,SG4ASHBR
RBM1415C,RBM810C
RBM1415C,OXIM707SBK
RBM1415C,RBM78C
RBM1719C,RBM1213C
RBM1719C,RBM1618C
RBM1719C,RBM1415C
RBM1719C,RBM1011C
RBM1719C,RBM910C
RBM1719C,RBM78SC
RBM1719C,RBM810C
RBM1719C,OXIM707SBK
RBM1719C,SG4ASHBR
RBM1719C,RBM78C
KWSN2455AST,KCP1422PBO
KWSN2455AST,KRA2422PBO
KWSN2455AST,KRA2411PBO
KWSN2455AST,KRWT2411
KWSN2455AST,KWSP2455ABL
KWSN2455AST,KWSN2455ABL
KWSN2455AST,KWSP2455AST
KWSN2455AST,KCP2422PBO
KWSN2455AST,KAERNADD6RD
KWSN2455AST,KA2422SETPJH
ST50A,YA2019
ST50A,VO806B
ST50A,107ATMPB
ST50A,YA900
ST50A,OXI707BK
ST50A,AD12C
ST50A,AW1015DHK
ST50A,F4LBK
ST50A,AWPBX10
ST50A,S321
TF528D,TBS200A
TF528D,BHS7A
TF528D,TD2425A
TF528D,206EFAML
TF528D,PK500A
TF528D,BTK7A
TF528D,B1458C
TF528D,B1467A
TF528D,S6112
TF528D,B1461
MSK10,MSKM10
MSK10,PBMP703A
MSK10,TFTFM932A
MSK10,REX25C
MSK10,CJ2001P
MSK10,EXDL10A
MSK10,HBBT16
MSK10,SOXRR707A
MSK10,VS807B
MSK10,SDM400A
MTTL750,MTTL433
MTTL750,MTTL7005PK
MTTL750,YA1175KIT
MTTL750,MAGMAT
MTTL750,MTTL300
MTTL750,MAGDISH
MTTL750,EEPV500
MTTL750,EEPV509
MTTL750,TDG2
MTTL750,EECT400
OFC76-30,PPC4A
OFC76-30,TMXK60
OFC76-30,SPBS18AR
OFC76-30,TMXK2
OFC76-30,SGDX80BR
OFC76-30,FHLF80A
OFC76-30,SHD1R
OFC76-30,SIMM190
OFC76-30,SGASA204CR
OFC76-30,SIMM220
PL344BCFND,FC72
PL344BCFND,PL803A
PL344BCFND,SGTT110B
PL344BCFND,SGTT9B
PL344BCFND,SGTT8B
PL344BCFND,SGTT5B
PL344BCFND,SGTT7B
PL344BCFND,SGTT2B
PL344BCFND,SGTT1B
PL344BCFND,388ACF
PBFT50R,PBFT60R
PBFT50R,PBMMS5R
PBFT50R,BRHC2PK
PBFT50R,PBMMB5G
PBFT50R,SGAS102BR
PBFT50R,PTM30
PBFT50R,PSN500
PBFT50R,OFCA2
PBFT50R,TMMS15
PBFT50R,TMMS13
PKB50A,FHLF80A
PKB50A,FX1
PKB50A,SIMM170
PKB50A,SRPCR3800
PKB50A,SPBS8AR
PKB50A,SHD1R
PKB50A,SIMM190
PKB50A,SGD4BR
PKB50A,96ACF
PKB50A,SIMM160A
PKB52A,VGP12509
PKB52A,VGP12808
PKB52A,VGP12412
PKB52A,AWEF9K
PKB52A,207EFTXY
PKB52A,PPC210BK
PKB52A,PPC210A
PKB52A,PPC110LA
PKB52A,OEX10B
PKB52A,FS181
PT10C,AWTEF8K
PT10C,AWMEF6K
PT10C,SPBS24A
PT10C,GCP10
PT10C,AWEF9K
PT10C,110ETMAY
PT10C,OFW2
PT10C,YA9350B
PT10C,PK52A
PT10C,211FCOA
R1214SC,R1618SC
R1214SC,R810SC
R1214SC,61CF
R1214SC,TMXK60
R1214SC,RBM1213C
R1214SC,RBM1415C
R1214SC,RBM1011C
R1214SC,RBM1618C
R1214SC,RBM1719C
R1214SC,RBM910C
SDR6P26NK3,CTR862DB
SDR6P26NK3,CT9080K2
SDR6P26NK3,AT2050
SDR6P26NK3,CTDFL861
SDR6P26NK3,PTR72
SDR6P26NK3,CT9010K2
SDR6P26NK3,CTR861AK2
SDR6P26NK3,MG725A
SDR6P26NK3,CTCO861K2
SDR6P26NK3,VWB8B
KRWT2411,KRA2422PBO
KRWT2411,KRA2411PBO
KRWT2411,KCP2422PBO
KRWT2411,KCP1422PBO
KRWT2411,SNA-TBP14
KRWT2411,KRSC323PBO
KRWT2411,KRSC430APBO7
KRWT2411,KASS13
KRWT2411,KRSC326FPBO
KRWT2411,MRB12B
EESC340AINSTU,EETH311
EESC340AINSTU,2-07039A01
EFPHANNIBALB,PG160
EFPHANNIBALB,YA427B
EFPHANNIBALB,OC5A
EFPHANNIBALB,SVTS272A
EFPHANNIBALB,FB336
EFPHANNIBALB,ECPRA072
EFPHANNIBALB,MAGMAT
EFPHANNIBALB,JCK8
EFPHANNIBALB,UTK150
EFPHANNIBALB,EEDM504F
ASGP1BR,ASGP2BR
ASGP1BR,A161B
ASGP1BR,PSN500
ASGP1BR,SGA102BR
ASGP1BR,SGA1714B
ASGP1BR,SGTT110B
ASGP1BR,SGTT9B
ASGP1BR,SGTT5B
ASGP1BR,SGTT3B
ASGP1BR,SGTT10B
310SWMYA,RXFS2836B
310SWMYA,PK50A
310SWMYA,313SWYA
310SWMYA,313SMYA
310SWMYA,PPB826A
310SWMYA,TW221
310SWMYA,TW161A
310SWMYA,SW221
310SWMYA,SW181A
310SWMYA,TW261
KRSC46HBDC,KRSC430APBO7
KRSC46HBDC,KRSC326FPBO
KRSC46HBDC,KRA2407PBO
KRSC46HBDC,KRSC430APBO1
KRSC46HBDC,KRA4813FPBO
KRSC46HBDC,KCP2422PBO
KRSC46HBDC,KRA2007FPBO
KRSC46HBDC,TB50WC
KRSC46HBDC,TB20AC
KRSC46HBDC,KWSP2455AST
KRSC46HPC,KRSC430APBO7
KRSC46HPC,KRSC326FPBO
KRSC46HPC,KRA2407PBO
KRSC46HPC,KRSC430APBO1
KRSC46HPC,KRA4813FPBO
KRSC46HPC,KCP2422PBO
KRSC46HPC,KWSN2455AST
KRSC46HPC,PLRK30
KRSC46HPC,KRSC343PBO
KRSC46HPC,KRA24
650,2050
650,1250
650,1650
650,BLPPB704
650,PPB826A
650,PBMP703A
650,PPC210BK
650,PPC20LB
650,SR40K
650,A91F
ACT413A,ACT9103
ACT413A,ACT51234A
ACT413A,FB303B
ACT413A,ACTR4151A
ACT413A,ACT73A
ACT413A,ACT83A
ACT413A,ACTR1234YF
ACT413A,ACT1297
ACT413A,ACT925
ACT413A,ACT2105
213TFSYA,EXD35A
213TFSYA,REX25C
213TFSYA,IPL22C
213TFSYA,IPL20C
213TFSYA,IPL18C
213TFSYA,IPL28C
213TFSYA,LDTJT512
213TFSYA,LDTJT538
213TFSYA,S6112
213TFSYA,LDT8
YA52PBSQC,CTS561BITSET
YA52PBSQC,MG1250
YA52PBSQC,MG725A
YA52PBSQC,CTR867AK2
YA52PBSQC,AT2050
YA52PBSQC,CTQ838DB
YA52PBSQC,CT9010K2
YA52PBSQC,CT825DB
YA52PBSQC,PH3050BR
YA52PBSQC,PT850
TXM72,TRSLF72
TXM72,TN72
TXM72,SX80B
TXM72,TZERO
TXM72,XLE605
TXM72,TFY72
TXM72,TX72
TXM72,TL72FOD
TXM72,TNF72
TXM72,F80MP
SGDE230ESD,TMU8B
SGDE230ESD,PPC4A
SGDE230ESD,ATECH3FR300B
SGDE230ESD,47ACF
SGDE230ESD,BLPTHC87
SGDE230ESD,SIMM170
SGDE230ESD,SIMM150A
SGDE230ESD,FXK6
SGDE230ESD,SGDP31IRBR
SGDE230ESD,SGD2BR
DBT30,FXK11
DBT30,SIMM170
DBT30,SPBS704AR
DBT30,FXK6
DBT30,SPBS8AR
DBT30,SGD4BR
DBT30,F80
DBT30,TMXK4
DBT30,SGD6BR
DBT30,SHD1R
FA8E,FA12E
FA8E,FA10E
FA8E,FRX181
FA8E,HD6529
FA8E,TW481
FA8E,KAC1224TCA
FA8E,SA16E
FA8E,TMA3.5E
FA8E,TMA3E
FA8E,TW381
PT850O,PTGR450
PT850O,PT338
PT850O,PTR72
PT850O,MG325
PT850O,PTR2505
PT850O,PTR2500
PT850O,PTGR100
PT850O,PTC250
PT850O,CTQ838DB
PT850O,VWB8B
FB360C,TPM16
FB360C,EC-USB-C-3A
FB360C,TPMC25
FB360C,FB316B
FB360C,FB305A
FB360C,PGP50
FB360C,FB361A
FB360C,GA296B
FB360C,GA460B
FB360C,YA832A
SGRHT2BR,LDT8
SGRHT2BR,SHCP1B
SGRHT2BR,HCP10
SGRHT2BR,BP40B
SGRHT2BR,SFSM21
SGRHT2BR,SGA1713B
SGRHT2BR,111TMUSMA
SGRHT2BR,SHP2KT
SGRHT2BR,BLPXZNM389
SGRHT2BR,PHP1A
GLOVE900MO,GLOVE505RL
GLOVE900MO,GLOVE300BL
GLOVE900MO,YA427B
GLOVE900MO,GLOVE1100L
GLOVE900MO,GLOVEORIGPLUSL
GLOVE900MO,JCW62R
GLOVE900MO,ACT51234A
GLOVE900MO,GLASS30R
GLOVE900MO,JCK7DBL
GLOVE900MO,ECPNG032
IMM160A,IMM170A
IMM160A,IMM120A
IMM160A,IMM200
IMM160A,IMM230
IMM160A,IMM210
IMM160A,IMM240
IMM160A,IM140A
IMM160A,IM280
IMM160A,IM200
IMM160A,IM260
TWM22,TWM23
TWM22,TWM20
TWM22,TWM21
TWM22,TWM24
TWM22,TWM19
TWM22,TWM26
TWM22,TWM28
TWM22,TWM25
TWM22,TW461
TWM22,313TSMYA
PT338G,PTR2505
PT338G,PTR2500
PT338G,PT850
PT338G,PTC250
PT338G,CTQ838DB
PT338G,VWB8B
PT338G,PTGR100
PT338G,PTR72
PT338G,MG1250
PT338G,PDR3000A
KRA2407PCM,A277
KRA2407PCM,KWSN2455AST
KRA2407PCM,KRWT2411
KRA2407PCM,KRA2411PBO
KRA2407PCM,KRSC430APBO1
KRA2407PCM,SNA-TBP14
KRA2407PCM,KRSC430APBO7
KRA2407PCM,PLRK30
KRA2407PCM,KCP2422PBO
KRA2407PCM,KRA2422PBO
311IMFSY,TWM31
311IMFSY,TWM29
311IMFSY,1210B
311IMFSY,TWM28
311IMFSY,TMC105E
311IMFSY,TWM26
311IMFSY,TWM25
311IMFSY,FTX60E
311IMFSY,TWM32
311IMFSY,206AFSA
SWM111A,SWM261
SWM111A,AWEF6K
SWM111A,SN25A
SWM111A,ACT1370
SWM111A,AWMEF8K
SWM111A,OEXM8B
SWM111A,OFW3
SWM111A,SWM161
SWM111A,SWM141A
SWM111A,SIMM340
TR72,FR80
TR72,YA2020
TR72,DS806AK
TR72,PWC48
TR72,BP12B
TR72,SR80A
TR72,OEX10B
TR72,TM05
TR72,211SFY
TR72,TMUS181A
TW441,TW461
TW441,TW421
TW441,TW481
TW441,TWM30
TW441,TWM32
TW441,TWM31
TW441,FA12LE
TW441,OEXM230B
TW441,STX70E
TW441,IMM360
313TSMYA,313TSYA
313TSMYA,313TWMYA
313TSMYA,PKNC125C2
313TSMYA,313TWYA
313TSMYA,TWM25
313TSMYA,TWM29
313TSMYA,BTCP2SA
313TSMYA,OFSKIT
313TSMYA,OFC14KT
313TSMYA,208AFX
THR72O,FHR80
THR72O,SH80A
THR72O,THRLX72
THR72O,PTM30
THR72O,FHBB12A
THR72O,120STTM
THR72O,SR80A
THR72O,FHL80
THR72O,110TMY
THR72O,OEXS709B
AWCGT500,AWCGT45
AWCGT500,AWCGT30
AWCGT500,AWCGT27
AWCGT500,BOERM18
AWCGT500,BOERM21
AWCGT500,AWCG1600B
AWCGT500,SGDTX50BR
AWCGT500,UTS105A
AWCGT500,208EFTAMXSY
AWCGT500,OEXM270B
SOEXM140,SOEXM150
SOEXM140,SOEXM120
SOEXM140,SOEXM170
SOEXM140,SOEXM130
SOEXM140,SOEXM100
SOEXM140,96ACF
SOEXM140,47ACF
SOEXM140,BOERM14
SOEXM140,FM19
SOEXM140,BOERM12
AWT20A,47ACF
AWT20A,FHLF80A
AWT20A,SIMM240
AWT20A,SGD4BR
AWT20A,SPBS18AR
AWT20A,SIMM210
AWT20A,SGDP31IRBR
AWT20A,SGDP42IRBR
AWT20A,TMXK4
AWT20A,FXK3
AWT25A,FXK11
AWT25A,SIMM240
AWT25A,TMXK60
AWT25A,SIMM170
AWT25A,PPC106LA
AWT25A,PPC103A
AWT25A,SRPCR4700
AWT25A,FHLF80A
AWT25A,SGDP42IRBR
AWT25A,SIMM180
AT408,AT475A
AT408,PSO4625
AT408,DB121C
AT408,AT109
AT408,PDR3000A
AT408,AT118
AT408,AT2050
AT408,VWB5B
AT408,PTGR100
AT408,MG725A
908CF,912AEP
908CF,612AEP
908CF,OEX080B
908CF,BLPBTW8
908CF,AWPBX10
908CF,86EP
908CF,BDGPL412HG
908CF,388ACF
908CF,OXI707BK
908CF,84CF
ACT83A,FB303B
ACT83A,RULER601
ACT83A,ACT51234A
ACT83A,ACT2105
ACT83A,MTTL300
ACT83A,ACT9103
ACT83A,ACT413A
ACT83A,ACTR4151A
ACT83A,GA296B
ACT83A,PGP50
QD2R1000A,BRUTUS3R300
QD2R1000A,QD1R200A
QD2R1000A,QD1R50A
QD2R1000A,PPB30AK
QD2R1000A,QD3R250A
QD2R1000A,FA8E
QD2R1000A,SGDXL80BR
QD2R1000A,BTCP600
QD2R1000A,208EFAY
QD2R1000A,411CF
AWCG1612B,FXK3
AWCG1612B,BLPTHC87
AWCG1612B,TMXK2
AWCG1612B,SPBS12AR
AWCG1612B,PPC105LA
AWCG1612B,91ACP
AWCG1612B,SRPCR3800
AWCG1612B,SGD4BR
AWCG1612B,SIMM160A
AWCG1612B,SPBS24AR
PWCS9ACF,218AFP
PWCS9ACF,AWM140DK
PWCS9ACF,TWM29
PWCS9ACF,AWL1010DK
PWCS9ACF,SRP3A
PWCS9ACF,SGDP64IRBR
PWCS9ACF,317MPC
PWCS9ACF,SW421
PWCS9ACF,AWP120
PWCS9ACF,TWM26
SPRG625R,BST103R
SPRG625R,SGAS102BR
SPRG625R,REX13C
SPRG625R,AVSNP01160
SPRG625R,ASGP1BR
SPRG625R,SRP2A
SPRG625R,SRP3A
SPRG625R,HCP48BCF
SPRG625R,SGA1714B
SPRG625R,131A
FM19,FM18
FM19,FM15
FM19,FM17
FM19,FM13
FM19,FM12
FM19,FM10
FM19,AWEF6K
FM19,340SSDP
FM19,AWMEF8K
FM19,212SFMY
IMFLE140A,IMSLE242A
IMFLE140A,IMFLE80A
IMFLE140A,IMSLEPL240
IMFLE140A,STX60E
IMFLE140A,XLE605
IMFLE140A,WHM1
IMFLE140A,TMR4
IMFLE140A,OXKRM705
IMFLE140A,210EFTXRY
IMFLE140A,BLPHSM145
IMFLE160A,IMFLE80A
IMFLE160A,IMSLE242A
IMFLE160A,IMSLEPL240
IMFLE160A,STX60E
IMFLE160A,XLE605
IMFLE160A,WHM1
IMFLE160A,TMR4
IMFLE160A,OXKRM705
IMFLE160A,210EFTXRY
IMFLE160A,BLPHSM145
AWHD8K,SPBS704AR
AWHD8K,SIMM220
AWHD8K,PL400B
AWHD8K,SIMM210
AWHD8K,SGD8BR
AWHD8K,SGD6BR
AWHD8K,SPBS24AR
AWHD8K,FHLF80A
AWHD8K,96ACF
AWHD8K,SGDP42IRBR
AWL7D,SPBS8AR
AWL7D,PL400B
AWL7D,91ACP
AWL7D,SPBS18AR
AWL7D,96ACF
AWL7D,TMU8B
AWL7D,T72
AWL7D,SIMM170
AWL7D,F80
AWL7D,SGD4BR
BOERM17,BOERM14
BOERM17,BOERM12
BOERM17,BOERM10
BOERM17,SN15B
BOERM17,SGD2BR
BOERM17,SOEXM170
BOERM17,SOEXM140
BOERM17,SOEXM150
BOERM17,SOEXM120
BOERM17,BOERM19
BTCW800,BST103R
BTCW800,BTK7A
BTCW800,B1467A
BTCW800,OFSKIT
BTCW800,A127
BTCW800,LDT8
BTCW800,LSR1500
BTCW800,BTCP500
BTCW800,BT11
BTCW800,B3404B
BTCWSO16KT,BTCP400
BTCWSO16KT,BTCP600
BTCWSO16KT,BTCP2SA
BTCWSO16KT,BT4651
BTCWSO16KT,ASGP102BR
BTCWSO16KT,ASGP1BR
BTCWSO16KT,ASGP2BR
BTCWSO16KT,FAM8E
BTCWSO16KT,SHX80B
BTCWSO16KT,SGASA204CR
UTV616A,UTV617A
UTV616A,UTV615A
UTV616A,QD1RN25B
UTV616A,208EFTAMXSY
UTV616A,FTXB55E
UTV616A,209EFTXBY
UTV616A,PPCL60BK
UTV616A,FTXB45E
UTV616A,FTXB50E
UTV616A,213AFLEY
XDSGM607K1G,XDSGM607K1O
XDSGM607K1G,XDSGM607K1
XDSGM607K1G,PL5ESWIRESTRIP
XDSGM607K1G,SSDMR4BR
XDSGM607K1G,CSSD1R
XDSGM607K1G,LN46ACF
XDSGM607K1G,PWCSS7ACF
XDSGM607K1G,PWCS9ACF
XDSGM607K1G,SGDX80BR
XDSGM607K1G,SGD8BR
YA824C,STMM4
YA824C,10R
YA824C,STX60E
YA824C,BTK5
YA824C,S6110A
YA824C,B1461
YA824C,AC5C
YA824C,OEXM8B
YA824C,RXS605B
YA824C,B1458C
TPMB25EMGRN,TPMB25EMORG
TPMB25EMGRN,MAGMAT
TPMB25EMGRN,AT4101
TPMB25EMGRN,FB336
TPMB25EMGRN,UTK150
TPMB25EMGRN,ECHDF042
TPMB25EMGRN,TPM16GRN
TPMB25EMGRN,SVTS272A
TPMB25EMGRN,RULER600
TPMB25EMGRN,ECARL032R
UPT2FL,GA294
UPT2FL,110ETMAY
UPT2FL,PT10C
UPT2FL,PT40B
UPT2FL,RBM1011SC
UPT2FL,PWC27
UPT2FL,UIM2LT
UPT2FL,GA265A
UPT2FL,UPTLP2
UPT2FL,TM62B
VSC4KT-3,F80
VSC4KT-3,SRPCR4700
VSC4KT-3,SIMM220
VSC4KT-3,SIMM200
VSC4KT-3,91ACP
VSC4KT-3,ATECH2FR125B
VSC4KT-3,SGASA204CR
VSC4KT-3,SIMM240
VSC4KT-3,PPC4A
VSC4KT-3,PPC103A
XDSGM607K1O,XDSGM607K1G
XDSGM607K1O,XDSGM607K1
XDSGM607K1O,SSDMR4BR
XDSGM607K1O,LN46ACF
XDSGM607K1O,SGDX80BR
XDSGM607K1O,SGD8BR
XDSGM607K1O,T72
XDSGM607K1O,SHD1R
XDSGM607K1O,SGD2BR
XDSGM607K1O,SGD6BR
WTG10A,AWL1010DK
WTG10A,AD6C
WTG10A,AW1013DK
WTG10A,214SFY
WTG10A,HBBD8
WTG10A,TM77
WTG10A,PT28E
WTG10A,PPCL60BK
WTG10A,TMP23E
WTG10A,SF201
YA2020,AW7D
YA2020,AW6D
YA2020,AW8D
YA2020,AW4D
YA2020,AW5D
YA2020,DS806AK
YA2020,FR80
YA2020,PWC48
YA2020,PPB1002A
YA2020,BP12B
F80FOD,XS1416A
F80FOD,XS1820A
F80FOD,XS2226A
F80FOD,XS1214A
F80FOD,VO2224B
F80FOD,XS67A
F80FOD,TM84
F80FOD,VO1820B
F80FOD,VO1416B
F80FOD,XS810A
425IMM,429IM
425IMM,L62
425IMM,L122
425IMM,L8112A
425IMM,LDH482
425IMM,L872RJ
425IMM,L872RM
425IMM,LDH522
425IMM,LDH562
425IMM,PWZ4
AF102,BT101
AF102,2005BSKA
AF102,OFW3
AF102,B260A
AF102,R404
AF102,OFW2
AF102,BT518
AF102,SN15B
AF102,208CCP
AF102,BP24B
BLPHSM1425,91ACP
BLPHSM1425,SPBS704AR
BLPHSM1425,FXK6
BLPHSM1425,GFAT1E
BLPHSM1425,BLPTHC87
BLPHSM1425,SPBS8AR
BLPHSM1425,SGD4BR
BLPHSM1425,SPBS18AR
BLPHSM1425,SGDP31IRBR
BLPHSM1425,SIMM210
BLPPKM5-6,SRPCR3800
BLPPKM5-6,PL400B
BLPPKM5-6,SPBS12AR
BLPPKM5-6,F80
BLPPKM5-6,ATECH3FR300B
BLPPKM5-6,PPC103A
BLPPKM5-6,SPBS24AR
BLPPKM5-6,SRPCR4700
BLPPKM5-6,SGD2BR
BLPPKM5-6,SPBS704AR
BLPSM1411,BLPSM149
BLPSM1411,BLPSM145
BLPSM1411,BLPSM144
BLPSM1411,BLPSM147
BLPSM1411,BLPSM1412
BLPSM1411,BLPSM148
BLPSM1411,BLPSM1410
BLPSM1411,BLPTXK4
BLPSM1411,TMM14
BLPSM1411,SGASA204CR
BLPH126,BLPH14964
BLPH126,BLPH14732
BLPH126,BLPH124
BLPH126,BLPH14316
BLPH126,BLPH125
BLPH126,BLPH1414
BLPH126,BLPH14532
BLPH126,BLPT1425
BLPH126,BLPT1430
BLPH126,SPBS24AR
BLPH12716,SGDP42IRBR
BLPH12716,TMXK4
BLPH12716,SIMM220
BLPH12716,SIMM190
BLPH12716,SGDP31IRBR
BLPH12716,SPBS12AR
BLPH12716,GFAT1E
BLPH12716,ATECH2FR125B
BLPH12716,SPBS704AR
BLPH12716,FHLF80A
BLPH14964,BLPH1418
BLPH14964,BLPH14732
BLPH14964,BLPH14316
BLPH14964,BLPH1414
BLPH14964,BLPH14532
BLPH14964,BLPH126
BLPH14964,BLPH3838
BLPH14964,BLPT1430
BLPH14964,BLPH124
BLPH14964,BLPH125
BLPH3814,BLPH38732
BLPH3814,BLPH38516
BLPH3814,BLPH3838
BLPH3814,BLPH389
BLPH3814,BLPH387
BLPH3814,BLPH388
BLPH3814,BLPH386
BLPH3814,BLPT3845
BLPH3814,BLPH3810
BLPH3814,BLPH14964
BLPH3838,BLPH38732
BLPH3838,BLPH14732
BLPH3838,BLPH14316
BLPH3838,BLPH389
BLPH3838,BLPH14532
BLPH3838,BLPH388
BLPH3838,BLPH124
BLPH3838,BLPH125
BLPH3838,BLPT3850
BLPH3838,BLPT1430
BLPHL145,BLPHL146
BLPHL145,BLPHL144
BLPHL145,BLPTL1430
BLPHL145,BLPH14964
BLPHL145,BLPHL3810
BLPHL145,BLPH14732
BLPHL145,BLPHL387
BLPHL145,BLPH1418
BLPHL145,BLPHL388
BLPHL145,BLPH1414
BLPHS14332,SPBS24AR
BLPHS14332,91ACP
BLPHS14332,SGDP42IRBR
BLPHS14332,SPBS18AR
BLPHS14332,FHLF80A
BLPHS14332,F80
BLPHS14332,SGD8BR
BLPHS14332,SIMM170
BLPHS14332,TMU8B
BLPHS14332,SGD4BR
XDHFM606K1,XDHF605
XDHFM606K1,XBM605A
XDHFM606K1,XLE605
XDHFM606K1,BDGPL411HG
XDHFM606K1,LDH562
XDHFM606K1,LDH522
XDHFM606K1,IPL42C
XDHFM606K1,L62
XDHFM606K1,IPL34C
XDHFM606K1,IPL40C
PW18C,BPPC1878
PW18C,1512B
PW18C,TF275A
PW18C,SW401
PW18C,A177A
PW18C,PPC20LB
PW18C,IPL18C
PW18C,IPL24C
PW18C,307IPLMY
PW18C,SIM400
AWSGM5A,ATECH2FR125B
AWSGM5A,SIMM150A
AWSGM5A,T72
AWSGM5A,TMXK60
AWSGM5A,TMXK4
AWSGM5A,FHLF80A
AWSGM5A,TMU8B
AWSGM5A,FXK11
AWSGM5A,SIMM200
AWSGM5A,SGASA204CR
DS806AK,R1618SC
DS806AK,218AFP
DS806AK,SW421
DS806AK,SRP3A
DS806AK,PPB1002A
DS806AK,SGDP64IRBR
DS806AK,TWM26
DS806AK,AW1015DHK
DS806AK,OEX42B
DS806AK,SW381
207EFTXY,AWM140DK
207EFTXY,TF5A
207EFTXY,CSA14CR
207EFTXY,VGP12509
207EFTXY,VGP12412
207EFTXY,VGP104
207EFTXY,VGP12808
207EFTXY,BTK5
207EFTXY,FSM71
207EFTXY,S6110A
AWBSG800A,AWBSGM800A
AWBSG800A,AWSGT800A
AWBSG800A,AWSGM800A
AWBSG800A,XB605A
AWBSG800A,AWSG800A
AWBSG800A,206EFABL
AWBSG800A,915CF
AWBSG800A,206EFABLM
AWBSG800A,FABLM5E
AWBSG800A,210FCOMA
VWB2B,CTB8174
VWB2B,PTC250
VWB2B,AT5500
VWB2B,CTCO861K2
VWB2B,CTNN13KF
VWB2B,CTR861AK2
VWB2B,PH1050
VWB2B,CT9010K2
VWB2B,VWB8B
VWB2B,CTC131A
110ETMAY,XO605
110ETMAY,PPB30AK
110ETMAY,SSFP1
110ETMAY,214SFY
110ETMAY,SSFP2
110ETMAY,PWC27
110ETMAY,PT10C
110ETMAY,AWS13
110ETMAY,F12LB
110ETMAY,OEX711B
FSM61,AW4-1/2D
FSM61,AW7D
FSM61,AW6D
FSM61,AW4D
FSM61,AW12D
FSM61,FSM71
FSM61,AW10D
FSM61,SFSM6
FSM61,SFSM7
FSM61,TMM16
HBFE16G,30SSD
HBFE16G,224SFFSMFR
HBFE16G,BF775C-A
HBFE16G,A3042
HBFE16G,HSPD16
HBFE16G,BTK7A
HBFE16G,B1467A
HBFE16G,PHT5
HBFE16G,AD10C
HBFE16G,PPC110LA
SF161,ATKIFL
SF161,SGD8BR
SF161,SIMM220
SF161,SRPCR3800
SF161,BLPTHC87
SF161,TMXK4
SF161,91ACP
SF161,PPC106LA
SF161,SIMM200
SF161,FU8A
AWMG9-6,SPBS24AR
AWMG9-6,T72
AWMG9-6,TMXK60
AWMG9-6,FU8A
AWMG9-6,SGDP42IRBR
AWMG9-6,SGD4BR
AWMG9-6,SPBS18AR
AWMG9-6,SIMM220
AWMG9-6,FX1
AWMG9-6,SRPCR4700
AWM140DK,US712
AWM140DK,AW1020DK
AWM140DK,2420A
AWM140DK,CSA14CR
AWM140DK,SWM281
AWM140DK,SWM261
AWM140DK,AD12C
AWM140DK,SWM271
AWM140DK,317MPC
AWM140DK,207EFTXY
PSN500,PKN500
PSN500,131TMPB
PSN500,PPK300
PSN500,PKN90
PSN500,MS3000
PSN500,UTS105A
PSN500,PBMMB5R
PSN500,TM10G
PSN500,B1461
PSN500,SGA1713B
SGDP64IRBR,R1618SC
SGDP64IRBR,218AFP
SGDP64IRBR,SW421
SGDP64IRBR,317MPC
SGDP64IRBR,DS806AK
SGDP64IRBR,OEX42B
SGDP64IRBR,TTX27E
SGDP64IRBR,PT28E
SGDP64IRBR,TWM26
SGDP64IRBR,OEX38B
F4LB,AWL1010DK
F4LB,DS806AK
F4LB,10R
F4LB,AW1013DK
F4LB,SN25A
F4LB,PKNC200
F4LB,YA2020
F4LB,8HR
F4LB,317MPC
F4LB,222AFSP
GLOVE600XLO,GLOVE505RL
GLOVE600XLO,GLOVE309L
GLOVE600XLO,GLOVE300BL
GLOVE600XLO,GLASS90BYEAR
GLOVE600XLO,GLOVE1100L
GLOVE600XLO,GLASS50R
GLOVE600XLO,SOSG01BKCL01
GLOVE600XLO,CLRPW75
GLOVE600XLO,GLOVE900LR
GLOVE600XLO,EARPLUGBAND
ECPRM052,ECPNI032R
ECPRM052,ECARL032R
ECPRM052,ECPNG032
ECPRM052,ECHDF042
ECPRM052,EECT400
ECPRM052,FB336
ECPRM052,SVTA9100
ECPRM052,TPGIF1600A
ECPRM052,AT4124
ECPRM052,TPMB25EMGRN
FHLF80A,THLF72
FHLF80A,SHLF80A
FHLF80A,FHLLF80
FHLF80A,THRLX72
FHLF80A,THLLF72
FHLF80A,FHBB18A
FHLF80A,FHLL80
FHLF80A,SHN36
FHLF80A,OEXLM710B
FHLF80A,206AFX
AWTXL8-T27,SGD2BR
AWTXL8-T27,SPBS12AR
AWTXL8-T27,PL400B
AWTXL8-T27,SPBS8AR
AWTXL8-T27,FHLF80A
AWTXL8-T27,SIMM190
AWTXL8-T27,FU8A
AWTXL8-T27,SGDP42IRBR
AWTXL8-T27,FXK3
AWTXL8-T27,96ACF
SOEXM100,SOEXM120
SOEXM100,SOEXM150
SOEXM100,SOEXM170
SOEXM100,SOEXM140
SOEXM100,SOEXM130
SOEXM100,SOEXM110
SOEXM100,95ACF
SOEXM100,305ASX
SOEXM100,SXK5
SOEXM100,91ACP
CDR861MK2,CTDFL861
CDR861MK2,MG325
CDR861MK2,PSO4625
CDR861MK2,PTR2500
CDR861MK2,DBTB121
CDR861MK2,CT9080K2
CDR861MK2,CTS561BITSET
CDR861MK2,AT2050
CDR861MK2,PTC250
CDR861MK2,PT338
AW028D,AW035D
AW028D,SIMM190
AW028D,ATECH2FR125B
AW028D,F80
AW028D,SGASA204CR
AW028D,FHLF80A
AW028D,FU8A
AW028D,SGD4BR
AW028D,SPBS12AR
AW028D,TMXK2
AWS13-6,FXK11
AWS13-6,SPBS8AR
AWS13-6,SRPCR4700
AWS13-6,SPBS704AR
AWS13-6,FX1
AWS13-6,SGD6BR
AWS13-6,SGD8BR
AWS13-6,SPBS24AR
AWS13-6,PPC106LA
AWS13-6,SIMM160A
AW1015DK,XS2024A
AW1015DK,XS1012A
AW1015DK,XS1618A
AW1015DK,VO2628B
AW1015DK,TM84
AW1015DK,VO1820B
AW1015DK,VO1416B
AW1015DK,VO1012B
AW1015DK,XS67A
AW1015DK,VO3032B
TMMDS5,TMMDS5.5
TMMDS5,TMMDS6
TMMDS5,TMMDS7
TMMDS5,TMMDS9
TMMDS5,TMMDS12
TMMDS5,TMMDS15
TMMDS5,TMMDS13
TMMDS5,TMMDS8
TMMDS5,TMMDS10
TMMDS5,111STMMDY
ECFUVLEDA,JCK7DBL
ECFUVLEDA,MAGDISH
ECFUVLEDA,ECPRA072
ECFUVLEDA,JT13B
ECFUVLEDA,MAGMAT
ECFUVLEDA,JCK8
ECFUVLEDA,EECT400
ECFUVLEDA,EEDM503D
ECFUVLEDA,TDG2
ECFUVLEDA,FB316B
312IMMS,210IMFSYA
312IMMS,LIL59000
312IMMS,320SIM
312IMMS,BLPXZNM389
312IMMS,212IMFMSYA
312IMMS,211FSSY
312IMMS,112TMMSY
312IMMS,212SIMFYA
312IMMS,SRP400B
312IMMS,YA339A
XOM605,XO605
XOM605,XBM605A
XOM605,OXKRM705
XOM605,XLE605
XOM605,XB605A
XOM605,110ETMAY
XOM605,OXIM9B
XOM605,OXIM707SBK
XOM605,OXI707BK
XOM605,OXIM8B
212FSMY,317AMMPC
212FSMY,212SFSMY
212FSMY,206EAU
212FSMY,117TMM
212FSMY,SFSM16
212FSMY,LP10WR
212FSMY,SFSM9
212FSMY,SFSM12
212FSMY,SFSM8
212FSMY,AWM110DHK
FHOF80A,FHBF80A
FHOF80A,PKNC300
FHOF80A,PTM2
FHOF80A,FHR80
FHOF80A,PTM30
FHOF80A,912AEP
FHOF80A,SX24
FHOF80A,FK80
FHOF80A,RAF80A
FHOF80A,TRX72
112TMMY,FA12LE
112TMMY,FRX181
112TMMY,GF22
112TMMY,TW481
112TMMY,KAC1224TCA
112TMMY,114ATMP
112TMMY,SA16E
112TMMY,110TMY
112TMMY,TW381
112TMMY,209EFTXBY
KRA2422PZR,KRWT2411
KRA2422PZR,KWSN2455AST
KRA2422PZR,KWSP2455ABL
KRA2422PZR,KWSP2455AST
KRA2422PZR,KWSN2455ABL
KRA2422PZR,KCP1422PBO
KRA2422PZR,KRA2411PBO
KRA2422PZR,KRSC430APBO7
KRA2422PZR,KRSC326FPBO
KRA2422PZR,MRB12B
KRA2422PZS,KRWT2411
KRA2422PZS,KWSN2455AST
KRA2422PZS,KWSP2455ABL
KRA2422PZS,KWSP2455AST
KRA2422PZS,KWSN2455ABL
KRA2422PZS,KCP1422PBO
KRA2422PZS,KRA2411PBO
KRA2422PZS,KRA2007FPBO
KRA2422PZS,KAERNADD6RD
KRA2422PZS,KRSC430APBO7
R810SC,R1214SC
R810SC,R1214C
R810SC,TMD9
R810SC,TMD16
R810SC,TMD11
R810SC,TMD12
R810SC,TMD14
R810SC,TMD10
R810SC,TMD8
R810SC,61CF
EEBM500B,RTEMPB7
EEBM500B,CAL6EA
EEBM500B,EECS150
EEBM500B,MTTL300
EEBM500B,EEJP201MBKA-NA
EEBM500B,GA296B
EEBM500B,EEPV503
EEBM500B,FB305A
EEBM500B,EEDM596FK
EEBM500B,SVTS272A
AWMG9-7,TF5A
AWMG9-7,R404
AWMG9-7,FHL80
AWMG9-7,SPBS8AR
AWMG9-7,SGASA204CR
AWMG9-7,SHD1R
AWMG9-7,SPBS704AR
AWMG9-7,SIMM240
AWMG9-7,SGD4BR
AWMG9-7,SGDP31IRBR
CT9010DB,CT861K2
CT9010DB,CTB185
CT9010DB,CTB8187
CT9010DB,CTINF9010
CT9010DB,CTC131A
CT9010DB,CT9080K2
CT9010DB,CTR867AK2
CT9010DB,CTQ838DB
CT9010DB,CTR862DB
CT9010DB,CTR861AK2
CGG8850ADB,PH3050BR
CGG8850ADB,CTR861AK2
CGG8850ADB,MG1250
CGG8850ADB,CT9080K2
CGG8850ADB,CTB8174
CGG8850ADB,CTB185
CGG8850ADB,CT825DB
CGG8850ADB,DBBPT13
CGG8850ADB,PTR2505
CGG8850ADB,AT5500
AWXL13-9/64,SPBS8AR
AWXL13-9/64,SPBS12AR
AWXL13-9/64,PPC106LA
AWXL13-9/64,SIMM200
AWXL13-9/64,SGASA204CR
AWXL13-9/64,ATECH2FR125B
AWXL13-9/64,91ACP
AWXL13-9/64,FXK11
AWXL13-9/64,47ACF
AWXL13-9/64,SPBS24AR
CTS861MK2,MG1250
CTS861MK2,CTR861AK2
CTS861MK2,DBBPT13
CTS861MK2,CT825DB
CTS861MK2,PTR2500
CTS861MK2,PT850
CTS861MK2,CTR867AK2
CTS861MK2,CTINF9010
CTS861MK2,CTNN13KF
CTS861MK2,CTB8187
GLASS90BYEAR,SOSG01BKCL01
GLASS90BYEAR,GLOVEORIGPLUSL
GLASS90BYEAR,MAGDISH
GLASS90BYEAR,ECARL032R
GLASS90BYEAR,GLASS50R
GLASS90BYEAR,ECPRA072
GLASS90BYEAR,ECHDD012A
GLASS90BYEAR,GLOVE505RL
GLASS90BYEAR,GA460B
GLASS90BYEAR,EECT400
GAW1909,TMXK2
GAW1909,PPC106LA
GAW1909,T72
GAW1909,SGASA204CR
GAW1909,SGDP42IRBR
GAW1909,SRPCR4700
GAW1909,SPBS18AR
GAW1909,FXK3
GAW1909,47ACF
GAW1909,SGDP31IRBR
KCP1422PBO,KWSP2455AST
KCP1422PBO,KWSN2455ABL
KCP1422PBO,KWSN2455AST
KCP1422PBO,KWSP2455ABL
KCP1422PBO,KRWT2411
KCP1422PBO,KCP2422PBO
KCP1422PBO,KRA4107FPBO
KCP1422PBO,KRA2007FPBO
KCP1422PBO,KRA2422PBO
KCP1422PBO,A277
KCP1422PC,KWSP2455AST
KCP1422PC,KWSN2455ABL
KCP1422PC,KWSN2455AST
KCP1422PC,KWSP2455ABL
KCP1422PC,KRWT2411
KCP1422PC,KCP2422PBO
KCP1422PC,KRSC430APBO1
KCP1422PC,KRA2411PBO
KCP1422PC,KRA2422PBO
KCP1422PC,KRSC326FPBO
KCP1422PU,KWSP2455AST
KCP1422PU,KWSN2455ABL
KCP1422PU,KWSN2455AST
KCP1422PU,KWSP2455ABL
KCP1422PU,KRWT2411
KCP1422PU,KCP2422PBO
KCP1422PU,KRA4813FPBO
KCP1422PU,A277
KCP1422PU,TB40C
KCP1422PU,MRB12B
PBN14,PBN15
PBN14,PBN11
PBN14,BLPTHC87
PBN14,SHD1R
PBN14,SIMM160A
PBN14,SPBS18AR
PBN14,SPBS8AR
PBN14,FXK11
PBN14,TMXK60
PBN14,TMXK2
S9704KR,222SFFSFR
S9704KR,224SFFSMFR
S9704KR,BTC7B
S9704KR,AWMG9
S9704KR,SR40K
S9704KR,CSA12CR
S9704KR,111TMMDY
S9704KR,TMMD5
S9704KR,TMMD9
S9704KR,TMMD6
GLOVE400S,EEPV500
GLOVE400S,TPMC25
GLOVE400S,UTK100
GLOVE400S,TDG1
GLOVE400S,FB336
GLOVE400S,ECPNG032
GLOVE400S,MTTL800
GLOVE400S,ECHDD012A
GLOVE400S,FB361A
GLOVE400S,EECT400
LP6LN,AWTEF8K
LP6LN,LP5WR
LP6LN,LP7R
LP6LN,AWMEF6K
LP6LN,LP7WR
LP6LN,AWM140DK
LP6LN,SPBS24A
LP6LN,LP10R
LP6LN,218AFP
LP6LN,GCP10
LP7R,LP5WR
LP7R,LP6LN
LP7R,LP10R
LP7R,AD10C
LP7R,PPSG4
LP7R,PK53A
LP7R,PPCD70BK
LP7R,PPC5A
LP7R,SFSM6
LP7R,TN72
YA832A,EECR1C
YA832A,VAC201
YA832A,ITHE100
YA832A,EECS150
YA832A,YA4000B
YA832A,FB303B
YA832A,RULER602
YA832A,FB336
YA832A,EEBC30A12V
YA832A,YAKS42
TW301,TW201
TW301,TW221
TW301,TW161A
TW301,TW241
TW301,TW141A
TW301,TW181A
TW301,TW281
TW301,TW361
TW301,BHS7A
TW301,TWM31
SGASA204CG,FA12LE
SGASA204CG,FRX181
SGASA204CG,AWM110DHK
SGASA204CG,TW481
SGASA204CG,AC5C
SGASA204CG,206EAU
SGASA204CG,UIM225
SGASA204CG,PK23A
SGASA204CG,IMM360
SGASA204CG,FAML6E
SPBS12AR,FRX181
SPBS12AR,GF22
SPBS12AR,HD6529
SPBS12AR,FAML6E
SPBS12AR,IMM360
SPBS12AR,BTC7B
SPBS12AR,SR40K
SPBS12AR,BOERM712
SPBS12AR,SN18B
SPBS12AR,TMM4
TIF160,CAL6DA
TIF160,ECFLD030
TIF160,MTTL700
TIF160,AT4135
TIF160,TPMC25GRN
TIF160,UTK150
TIF160,TPMC25
TIF160,TPGDL2000
TIF160,GLASS50R
TIF160,EECT900
DB129C,PTGR450
DB129C,SDG10S25F
DB129C,AT425R
DB129C,PT450-WH
DB129C,PTR2505
DB129C,PTC250
DB129C,PDR5000A
DB129C,PTR2500
DB129C,AT109
DB129C,PTGR100
OEX44B,OEX42B
OEX44B,OEXM290B
OEX44B,OEX38B
OEX44B,OEXM320B
OEX44B,OEXM300B
OEX44B,OEXM250B
OEX44B,OEXM270B
OEX44B,SWM251
OEX44B,OEX080B
OEX44B,OEXS709B
OEXM713B,218AFSP
OEXM713B,222AFSP
OEXM713B,ACT1370
OEXM713B,OEXM230B
OEXM713B,PKNC200
OEXM713B,OEXM9B
OEXM713B,SWM101A
OEXM713B,OEXM240B
OEXM713B,OEXM8B
OEXM713B,OEXM90B
YA4614,YA4000B
YA4614,IM1PT
YA4614,MAGDISH
YA4614,ECPRA072
YA4614,SVTSRAD272U
YA4614,EEPV500
YA4614,RULER6
YA4614,AT4101
YA4614,ECARL032R
YA4614,JCK8
ACT51234A,ACT9103
ACT51234A,ACT413A
ACT51234A,ACT1297
ACT51234A,ACTR1234YF
ACT51234A,ACT2105
ACT51234A,ACT925
ACT51234A,ACT73A
ACT51234A,EFPHANNIBALB
ACT51234A,ACTR4151A
ACT51234A,ACT1290A
PKNC050,91ACP
PKNC050,SIMM160A
PKNC050,SPBS704AR
PKNC050,ATECH3FR300B
PKNC050,PPC106LA
PKNC050,FHLF80A
PKNC050,SPBS8AR
PKNC050,TMU8B
PKNC050,SIMM220
PKNC050,47ACF
SF141,SF261
SF141,SF241
SF141,SF221
SF141,SF201
SF141,F261
SF141,SF181
SF141,F281
SF141,SF121
SF141,F221
SF141,SF161
IPL22C,IPL18C
IPL22C,IPL28C
IPL22C,IPL38C
IPL22C,IPL40C
IPL22C,BPPC1878
IPL22C,IPLM10C
IPL22C,IPLM12C
IPL22C,IPLM13C
IPL22C,IPLM18C
IPL22C,IPLM24C
SGDEP200ESD,ATECH2FR125B
SGDEP200ESD,SGD2BR
SGDEP200ESD,PPC103A
SGDEP200ESD,SIMM180
SGDEP200ESD,FU8A
SGDEP200ESD,47ACF
SGDEP200ESD,SPBS8AR
SGDEP200ESD,SPBS24AR
SGDEP200ESD,SGD6BR
SGDEP200ESD,SIMM170
FSS141,MPBS10AR
FSS141,FSS121
FSS141,FSS181
FSS141,FSS161
FSS141,110TMSY
FSS141,224SFFSMFR
FSS141,BF775C-A
FSS141,FS181
FSS141,SIM200
FSS141,FS241
AWSGT6A,AWSGT7A
AWSGT6A,AWSGT8A
AWSGT6A,TW141A
AWSGT6A,TW281
AWSGT6A,TW221
AWSGT6A,TW341
AWSGT6A,TW321
AWSGT6A,TW361
AWSGT6A,TW261
AWSGT6A,TW301
SGHBF500AG,BHS7A
SGHBF500AG,TFM7530B
SGHBF500AG,206AFSP
SGHBF500AG,VO806B
SGHBF500AG,BTK7A
SGHBF500AG,SS5A
SGHBF500AG,CSA12CR
SGHBF500AG,PPB826A
SGHBF500AG,B1458C
SGHBF500AG,S9711KA
46ACF,XS1416A
46ACF,XS1820A
46ACF,XS1012A
46ACF,VO2628B
46ACF,XS1214A
46ACF,VO1820B
46ACF,VO1012B
46ACF,VO3032B
46ACF,TM408
46ACF,TM82
CSA8C,FA12LE
CSA8C,GF22
CSA8C,FRX181
CSA8C,AWM110DHK
CSA8C,TW481
CSA8C,PKNC150
CSA8C,SOEX38
CSA8C,KAC1224TCA
CSA8C,AWM110DK
CSA8C,PK23A
CSA8CG,FA12LE
CSA8CG,114ATMP
CSA8CG,FRX181
CSA8CG,TW481
CSA8CG,PKNC150
CSA8CG,SOEX38
CSA8CG,KAC1224TCA
CSA8CG,AWM110DK
CSA8CG,PK23A
CSA8CG,HD6529
AWBMCG1608,SGD4BR
AWBMCG1608,SIMM170
AWBMCG1608,PPC106LA
AWBMCG1608,SRPCR3800
AWBMCG1608,47ACF
AWBMCG1608,TMU8B
AWBMCG1608,SIMM150A
AWBMCG1608,SPBS12AR
AWBMCG1608,SPBS18AR
AWBMCG1608,SIMM210
TRX72,FR80
TRX72,303SXWKL
TRX72,TXM72
TRX72,TM72
TRX72,SX80B
TRX72,110TMSY
TRX72,WTG10A
TRX72,103TMXKLA
TRX72,TR72
TRX72,PALMRAT
96ACF,47ACF
96ACF,BF620C
96ACF,SN25A
96ACF,UIM225
96ACF,SRPCR105
96ACF,317AMMPC
96ACF,SFSM12
96ACF,SN18B
96ACF,SFSM8
96ACF,SFSM11
SGTT10B,SGTT9B
SGTT10B,SGTT1B
SGTT10B,SGTT2B
SGTT10B,SGTT3B
SGTT10B,SGTT7B
SGTT10B,SGTT6B
SGTT10B,SGTT4B
SGTT10B,PWC48
SGTT10B,SGA1713B
SGTT10B,PALMRAT
SGTT110B,BLPPB704
SGTT110B,SGA1714B
SGTT110B,SGA102BR
SGTT110B,PWC48
SGTT110B,SGA1713B
SGTT110B,PALMRAT
SGTT110B,PHP2A
SGTT110B,PL5ESWIRESTRIP
SGTT110B,PHP3A
SGTT110B,R404
QD2R200A,QD1R50A
QD2R200A,BRUTUS3R300
QD2R200A,222AFSP
QD2R200A,OFW3
QD2R200A,SWM111A
QD2R200A,QD3250A
QD2R200A,SWM101A
QD2R200A,QD2R100A
QD2R200A,OEXM9B
QD2R200A,425IMM
EECT400G,TPM16
EECT400G,EC-USB-C-3A
EECT400G,FB360C
EECT400G,OC5A
EECT400G,GA460B
EECT400G,TPMC25
EECT400G,PGP50
EECT400G,FB316B
EECT400G,FB361A
EECT400G,ECFLD030
A36A,A50A
A36A,BLPPB704
A36A,HSPD16
A36A,PWZ4
A36A,OEX42B
A36A,BP40B
A36A,EXD35A
A36A,86EP
A36A,IPLM11C
A36A,IPLM10C
PBN3,BLPHSM146
PBN3,BLPTL3850
PBN3,BLPHSM148
PBN3,BLPTL1260
PBN3,BLPTL1255
PBN3,BLPTL148
PBN3,BLPTL3840
PBN3,BLPTL3845
PBN3,BLPTL1427
PBN3,BLPTL1415
AWML2.5D,SGD6BR
AWML2.5D,ATECH2FR125B
AWML2.5D,SRPCR4700
AWML2.5D,PPC105LA
AWML2.5D,91ACP
AWML2.5D,TMXK4
AWML2.5D,SIMM210
AWML2.5D,FHLF80A
AWML2.5D,SIMM170
AWML2.5D,SPBS24AR
T72,TMM4
T72,TMU181A
T72,AW1013DK
T72,TMM9
T72,TMM11
T72,TMM12
T72,TMM14
T72,TMM8
T72,222AFSP
T72,TMM10
GLOVE300BM,GLOVE505RL
GLOVE300BM,GLOVEORIGPLUSL
GLOVE300BM,GLOVE309L
GLOVE300BM,GLASS50R
GLOVE300BM,SOSG01BKCL01
GLOVE300BM,EEJP201MBKA-NA
GLOVE300BM,JCK7DBL
GLOVE300BM,ECPNJ032
GLOVE300BM,GLASS30R
GLOVE300BM,YA105013
196ACF,XS1416A
196ACF,XS2226A
196ACF,XS1214A
196ACF,TM84
196ACF,XS67A
196ACF,XS810A
196ACF,TM412
196ACF,TM65
196ACF,TMC106E
196ACF,TM82
205ESSPKPLG3,BTCP2SA
205ESSPKPLG3,218AFP
205ESSPKPLG3,TMMD10
205ESSPKPLG3,TMUSM11A
205ESSPKPLG3,313SYA
205ESSPKPLG3,S321
205ESSPKPLG3,S261
205ESSPKPLG3,S281
205ESSPKPLG3,PT28E
205ESSPKPLG3,PK53A
CT9050K2,CT825DB
CT9050K2,PTR72
CT9050K2,MG725A
CT9050K2,CT9080K2
CT9050K2,CTB185
CT9050K2,CTB8187
CT9050K2,CTR861AK2
CT9050K2,AT118
CT9050K2,PSO4625
CT9050K2,DB129C
307IPLY,BPPC1878
307IPLY,307IPLMY
307IPLY,IPLM18C
307IPLY,IPLM24C
307IPLY,IPLM14C
307IPLY,IPLM17C
307IPLY,IPLM21C
307IPLY,IPLM19C
307IPLY,PW18C
307IPLY,206EFAML
LDT6,ASGP1BR
LDT6,ASGP2BR
LDT6,SHLX80A
LDT6,SGDX80BR
LDT6,SGD8BR
LDT6,SHD1R
LDT6,SGASA204CR
LDT6,SGDP31IRBR
LDT6,SGDP42IRBR
LDT6,SGD4BR
S80AFOD,XS1820A
S80AFOD,XS1618A
S80AFOD,VO2224B
S80AFOD,XS67A
S80AFOD,VO1416B
S80AFOD,VO3032B
S80AFOD,SGDEL10ESD
S80AFOD,TM65
S80AFOD,TMC106E
S80AFOD,TM410
SEPFAR7200KA,STMM13
SEPFAR7200KA,STMM8
SEPFAR7200KA,STMM10
SEPFAR7200KA,TMM13
SEPFAR7200KA,TMM8
SEPFAR7200KA,TMM10
SEPFAR7200KA,TMU8B
SEPFAR7200KA,SGDX80BR
SEPFAR7200KA,TMXK60
SEPFAR7200KA,47ACF
SEPPREMETA,213AFLEY
SEPPREMETA,PWCSS7ACF
SEPPREMETA,IM220
SEPPREMETA,IM120A
SEPPREMETA,IM140A
SEPPREMETA,IM160A
SEPPREMETA,IM180A
SEPPREMETA,IM320
SEPPREMETA,IM280
SEPPREMETA,IM200
SEPPROCORE1A,SEPPROCORE2A
SEPPROCORE1A,PPB826A
SEPPROCORE1A,317MPC
SEPPROCORE1A,SOEX704
SEPPROCORE1A,313SWMYA
SEPPROCORE1A,PBS704
SEPPROCORE1A,SGHBF500A
SEPPROCORE1A,S8
SEPPROCORE1A,214IMFMYA
SEPPROCORE1A,214SIMFMYA
SEPSTARTERA,GMB3041
SEPSTARTERA,207EFAMY
SEPSTARTERA,GM3046
SEPSTARTERA,TFM7530B
SEPSTARTERA,TWM32
SEPSTARTERA,TWM30
SEPSTARTERA,S9711KA
SEPSTARTERA,AD6C
SEPSTARTERA,SGA174BR
SEPSTARTERA,312IMM
SRES24,SRES22
SRES24,SRES26
SRES24,SRES18
SRES24,SRES28
SRES24,SRES20
SRES24,208FRDHM
SRES24,208FRDH
SRES24,L872RM
SRES24,313SYA
SRES24,AWCG1624B
TB20A,KAERNADD6RD
TB20A,KRA2422PBO
TB20A,KRSC430APBO1
TB20A,YA438B
TB20A,KRSC326FPBO
TB20A,KACKFLTCLNR
TB20A,KRA2411PBO
TB20A,KACKMCFIBER1
TB20A,MRB12B
TB20A,PLRK21
LSR1500,S6111
LSR1500,OFSKIT
LSR1500,VSC4KT
LSR1500,A129
LSR1500,A106
LSR1500,209TFSMYA
LSR1500,A127
LSR1500,BTCW800
LSR1500,S3624
LSR1500,305SIMMY
LSR1580,LSR1450
LSR1580,LSR1000EXT
LSR1580,S3624
LSR1580,GAX36
LSR1580,BTCP500
LSR1580,STARTERSET5
LSR1580,TWM27
LSR1580,TMM4
LSR1580,BTK7A
LSR1580,B1458C
OFC76148015,SIMM210
OFC76148015,PPC105LA
OFC76148015,ATECH2FR125B
OFC76148015,SIMM170
OFC76148015,SGASA204CR
OFC76148015,SPBS704AR
OFC76148015,FX1
OFC76148015,TMU8B
OFC76148015,SIMM220
OFC76148015,BLPTHC87
OFW1,STMM4
OFW1,OFW2
OFW1,OFW3
OFW1,SIMM350
OFW1,BF620C
OFW1,BP32B
OFW1,S6118A
OFW1,SIMM360
OFW1,SOEXM8
OFW1,TMM4
PBMMA5O,PBMMB5O
PBMMA5O,PBMMS5O
PBMMA5O,PBMA5G
PBMMA5O,PBMMS5
PBMMA5O,PBMMB5G
PBMMA5O,PBMMB5
PBMMA5O,PBMMS5R
PBMMA5O,PBMB5R
PBMMA5O,PBMS5R
PBMMA5O,SDDDM1AR
PBMMS5G,PBMMA5G
PBMMS5G,PBMMB5G
PBMMS5G,PBMMS5O
PBMMS5G,PBMMS5R
PBMMS5G,PBMMB5O
PBMMS5G,PBMMB5
PBMMS5G,PBMMA5R
PBMMS5G,PBMB5O
PBMMS5G,PBMB5R
PBMMS5G,THLX72
PKN8,SIMM170
PKN8,FXK6
PKN8,TMU8B
PKN8,47ACF
PKN8,SPBS24AR
PKN8,PPC105LA
PKN8,SPBS18AR
PKN8,SIMM160A
PKN8,SHD1R
PKN8,SGD2BR
PPC1A,PPC203A
PPC1A,PPC205A
PPC1A,PPC816B
PPC1A,PPC105LA
PPC1A,PPC208A
PPC1A,PPC103A
PPC1A,AWM140DK
PPC1A,PKNC150
PPC1A,AWMG9
PPC1A,PPC108LA
RBM1214C,SPBS18AR
RBM1214C,SIMM210
RBM1214C,PPC103A
RBM1214C,91ACP
RBM1214C,SIMM190
RBM1214C,SGD6BR
RBM1214C,47ACF
RBM1214C,SGDX80BR
RBM1214C,TMU8B
RBM1214C,SIMM180
RBM78SC,RBM910C
RBM78SC,RBM1618C
RBM78SC,RBM1213C
RBM78SC,RBM1415C
RBM78SC,RBM1719C
RBM78SC,OXIM707SBK
RBM78SC,SGASA104BR
RBM78SC,SG7ASABR
RBM78SC,SG4ASHBR
RBM78SC,SG5ASABR
REX13C,SSR7
REX13C,AWCG1600B
REX13C,AWMBPH9
REX13C,SGDEL10ESD
REX13C,TM77
REX13C,GA265A
REX13C,BLPBTW4
REX13C,AWMCG1600B
REX13C,PPK300
REX13C,210FCOMA
R1011C,R1012C
R1011C,R1618C
R1011C,R2022C
R1011C,R1214C
R1011C,R810C
R1011C,AVSNP01160
R1011C,TMUS181A
R1011C,110STMDY
R1011C,STMD6
R1011C,STMD16
AT4135,AT4124
AT4135,ACT1290A
AT4135,EC-USB-C-3A
AT4135,MTTL300
AT4135,MAGMAT
AT4135,ECARL032R
AT4135,FB303B
AT4135,TDG1
AT4135,EEDM503D
AT4135,GLASS50R
208FRDH,208FRDHM
208FRDH,FA12LE
208FRDH,GF22
208FRDH,FRX181
208FRDH,HD6529
208FRDH,TW481
208FRDH,YA2850A
208FRDH,FAML6E
208FRDH,STX70E
208FRDH,SA16E
RULER6,TPMC25GRN
RULER6,TPM16
RULER6,EECT200
RULER6,EARPLUGBAND
RULER6,ECF35
RULER6,UTK100
RULER6,TPMC25
RULER6,FB303B
RULER6,JT13B
RULER6,EEPV500
KRSC46HPDG,KRSC430APBO7
KRSC46HPDG,KRSC326FPBO
KRSC46HPDG,KRA2407PBO
KRSC46HPDG,KRSC430APBO1
KRSC46HPDG,KRA4813FPBO
KRSC46HPDG,KCP2422PBO
KRSC46HPDG,SNA-TBP14
KRSC46HPDG,KWSN2455AST
KRSC46HPDG,KRA4107FPBO
KRSC46HPDG,KASS13
103TMXKLA,204FXKLA
103TMXKLA,303SXWKL
103TMXKLA,AWM140DK
103TMXKLA,SGDXXL20BR
103TMXKLA,TRSLF72
103TMXKLA,208AFX
103TMXKLA,SX24
103TMXKLA,SSDMRT8A
103TMXKLA,PPCSG710
103TMXKLA,106IPTMMA
SGDX80BO,XS1416A
SGDX80BO,XS1214A
SGDX80BO,VO2224B
SGDX80BO,TM84
SGDX80BO,VO3032B
SGDX80BO,VO1416B
SGDX80BO,XS810A
SGDX80BO,TM408
SGDX80BO,TMC106E
SGDX80BO,TMC104E
FTXB50E,FTXB55E
FTXB50E,BHS7A
FTXB50E,FRX181
FTXB50E,GF22
FTXB50E,HD6529
FTXB50E,KAC1224TCA
FTXB50E,FAML6E
FTXB50E,YA2850A
FTXB50E,SA16E
FTXB50E,SAM19E
CTR827GDB,VWB8B
CTR827GDB,CT825DB
CTR827GDB,CTR862DB
CTR827GDB,MG725A
CTR827GDB,PH1038
CTR827GDB,CTR861AK2
CTR827GDB,DB129C
CTR827GDB,PT338
CTR827GDB,PT850
CTR827GDB,CTB8174
309SIMYA,TTX40E
309SIMYA,310IMMYA
309SIMYA,311IMYA
309SIMYA,IM140A
309SIMYA,IM220
309SIMYA,IM120A
309SIMYA,IM180A
309SIMYA,IM160A
309SIMYA,IM320
309SIMYA,IM200
TMU181A,ATKIFL
TMU181A,XS2024A
TMU181A,ATKBFL
TMU181A,SRPCR4700
TMU181A,ATECH3FR300B
TMU181A,FU8A
TMU181A,SIMM150A
TMU181A,SPBS12AR
TMU181A,SIMM210
TMU181A,96ACF
SW281,SW141A
SW281,SW261
SW281,SW241
SW281,SW201
SW281,SW301
SW281,AWEF6K
SW281,218AFSP
SW281,SW421
SW281,R1618SC
SW281,313SYA
2420A,AWM140DK
2420A,1412A
2420A,SWM291
2420A,SWM281
2420A,OFW4
2420A,207EFTXY
2420A,SWM271
2420A,SOEX38
2420A,OEXM6B
2420A,VO806B
20SSD,XS2024A
20SSD,XS1820A
20SSD,VO2224B
20SSD,XS1214A
20SSD,VO2628B
20SSD,VO1416B
20SSD,VO1012B
20SSD,VO1820B
20SSD,VO3032B
20SSD,TM408
THLF72O,THLL72
THLF72O,SHX80B
THLF72O,SH80A
THLF72O,THL72
THLF72O,SHL80A
THLF72O,112TMMY
THLF72O,FHLX80B
THLF72O,208AFX
THLF72O,FHL80
THLF72O,FHBF80A
FTXB45E,FTXB50E
FTXB45E,BHS7A
FTXB45E,FRX181
FTXB45E,GF22
FTXB45E,TW481
FTXB45E,KAC1224TCA
FTXB45E,STX70E
FTXB45E,FAML6E
FTXB45E,YA2850A
FTXB45E,SAM19E
PT850,PTGR450
PT850,PT338
PT850,PTR72
PT850,MG325
PT850,PTR2505
PT850,PTR2500
PT850,PTGR100
PT850,PTC250
PT850,CTQ838DB
PT850,VWB8B
TMM5,TMM6
TMM5,TMM9
TMM5,TMM11
TMM5,TMM14
TMM5,TMM5.5
TMM5,TMM13
TMM5,TMM8
TMM5,FA12LE
TMM5,STMM5
TMM5,GF22
GLOVE1100XX,GLOVE505RL
GLOVE1100XX,GLOVE309L
GLOVE1100XX,SOSG01BKCL01
GLOVE1100XX,GLOVE300BL
GLOVE1100XX,GLOVEORIGPLUSL
GLOVE1100XX,GLASS50R
GLOVE1100XX,YA427B
GLOVE1100XX,JCW62R
GLOVE1100XX,ACT51234A
GLOVE1100XX,FB316B
S9704KFUA,BHS7A
S9704KFUA,AWM110DHK
S9704KFUA,AC5C
S9704KFUA,PK23A
S9704KFUA,2004BSKA
S9704KFUA,SN25A
S9704KFUA,ACT1370
S9704KFUA,TFM7530B
S9704KFUA,F10LD
S9704KFUA,207EFAMY
TMMD7,TMMD11
TMMD7,TMMD9
TMMD7,TMMD12
TMMD7,TMMD5
TMMD7,TMMD5.5
TMMD7,TMMD8
TMMD7,TMMD10
TMMD7,BTC7B
TMMD7,2420A
TMMD7,AW1020DK
TMMDS6,TMMDS5
TMMDS6,TMMDS5.5
TMMDS6,TMMDS7
TMMDS6,TMMDS11
TMMDS6,TMMDS12
TMMDS6,TMMDS9
TMMDS6,TMMDS15
TMMDS6,TMMDS14
TMMDS6,TMMDS8
TMMDS6,TMMDS10
SIMM230,SIMM240
SIMM230,SIMM220
SIMM230,SIMM130A
SIMM230,SIMM180
SIMM230,SIMM190
SIMM230,SIM160A
SIMM230,SIM360
SIMM230,SIM400
SIMM230,SIM340
SIMM230,SIM300
PPC905B,XS1416A
PPC905B,XS2226A
PPC905B,XS1214A
PPC905B,TM84
PPC905B,VO1820B
PPC905B,VO1416B
PPC905B,XS67A
PPC905B,TM408
PPC905B,TMC104E
PPC905B,TM410
SODC1,YAKS42
SODC1,PGP120
SODC1,GA296B
SODC1,UTK100
SODC1,IM1PT
SODC1,SVTS272A
SODC1,EEBC30A12V
SODC1,JCK8
SODC1,ECARL032R
SODC1,EEPV509
VO3032B,XS2024A
VO3032B,XS2226A
VO3032B,VO2628B
VO3032B,VO2224B
VO3032B,VO1416B
VO3032B,VO1820B
VO3032B,TM65
VO3032B,TMC106E
VO3032B,TM82
VO3032B,TM62B
PKNC150,UPTM65K
PKNC150,414AHD
PKNC150,SOEX40
PKNC150,SIMM290
PKNC150,LDH362
PKNC150,LDH402
PKNC150,LDH462
PKNC150,LDH602
PKNC150,LDH522
PKNC150,L122
IMM100A,IMM120A
IMM100A,IMM130A
IMM100A,IMM180
IMM100A,IMM220
IMM100A,IMM190
IMM100A,IMM240
IMM100A,IM120A
IMM100A,IM140A
IMM100A,IM320
IMM100A,IM280
OEXM230B,OEXM250B
OEXM230B,OEXM290B
OEXM230B,TW461
OEXM230B,222AFSP
OEXM230B,TW441
OEXM230B,ACT1370
OEXM230B,OEXM300B
OEXM230B,OEXM7B
OEXM230B,BP32B
OEXM230B,PK53A
OC5A,GA460B
OC5A,PGP50
OC5A,TPM16EM
OC5A,MTTL800
OC5A,YAKS42
OC5A,EECT200
OC5A,ECHDD012A
OC5A,EEDM525F
OC5A,RULER601
OC5A,ECHDD012AR
313SIMA,IM220
313SIMA,IM320
313SIMA,IM160A
313SIMA,IM140A
313SIMA,IM180A
313SIMA,IM280
313SIMA,IM200
313SIMA,IM260
313SIMA,IM240
313SIMA,SOEX38
SGDE70ESD,SIMM220
SGDE70ESD,SIMM180
SGDE70ESD,47ACF
SGDE70ESD,91ACP
SGDE70ESD,TMXK2
SGDE70ESD,SIMM200
SGDE70ESD,SGDP31IRBR
SGDE70ESD,SRPCR4700
SGDE70ESD,F80
SGDE70ESD,T72
AWSGTRP25A,SPBS8AR
AWSGTRP25A,SRPCR3800
AWSGTRP25A,91ACP
AWSGTRP25A,FX1
AWSGTRP25A,SPBS704AR
AWSGTRP25A,FHLF80A
AWSGTRP25A,SIMM180
AWSGTRP25A,SIMM170
AWSGTRP25A,SGDX80BR
AWSGTRP25A,GFAT1E
IM220,IM120A
IM220,IM260
IM220,IM200
IM220,IM300
IM220,309SIMYA
IM220,SIM160A
IM220,SIM200
IM220,SIM320
IM220,SIM260
IM220,BLPTE3812
CT825DB,CTRS761ADB
CT825DB,CTQ838DB
CT825DB,CTCO861K2
CT825DB,CTB8174
CT825DB,CTR867AK2
CT825DB,CTB185
CT825DB,CGG861DB
CT825DB,PT850
CT825DB,CT9080K2
CT825DB,CTC131A
AWBSG16A,GFAT1E
AWBSG16A,SGD6BR
AWBSG16A,FXK6
AWBSG16A,A2A
AWBSG16A,F80
AWBSG16A,SGASA204CR
AWBSG16A,PL400B
AWBSG16A,SIMM200
AWBSG16A,PPC103A
AWBSG16A,TMXK60
AWCG1608B,TMXK2
AWCG1608B,ATECH2FR125B
AWCG1608B,47ACF
AWCG1608B,PPC103A
AWCG1608B,SGD6BR
AWCG1608B,SIMM170
AWCG1608B,SIMM190
AWCG1608B,FXK11
AWCG1608B,FU8A
AWCG1608B,SIMM180
SDMT25D,SDMT20D
SDMT25D,SDMT10D
SDMT25D,TMBS8A
SDMT25D,GMB3042
SDMT25D,SDM251C
SDMT25D,SDM252C
SDMT25D,OXIM9B
SDMT25D,FSS121
SDMT25D,FSS161
SDMT25D,FSS181
STMD12,XS2024A
STMD12,ATECH3FR300B
STMD12,PPC106LA
STMD12,SPBS704AR
STMD12,SGD2BR
STMD12,PL400B
STMD12,F80
STMD12,47ACF
STMD12,SGASA204CR
STMD12,91ACP
KRSC430APDC7,KAERNADD6RD
KRSC430APDC7,KRSC326FPBO
KRSC430APDC7,KRA2407PBO
KRSC430APDC7,KRSC430APBO1
KRSC430APDC7,KRA4813FPBO
KRSC430APDC7,KCP2422PBO
KRSC430APDC7,KA2422SETPJJ
KRSC430APDC7,PLRK27
KRSC430APDC7,KRA6200FPBO
KRSC430APDC7,KRA2411PBO
KRSC430APOT7,KAERNADD6RD
KRSC430APOT7,KRSC326FPBO
KRSC430APOT7,KRA2407PBO
KRSC430APOT7,KRSC430APBO1
KRSC430APOT7,KRA4813FPBO
KRSC430APOT7,KCP2422PBO
KRSC430APOT7,KRSC323PBO
KRSC430APOT7,A277
KRSC430APOT7,KRA5311FPBO
KRSC430APOT7,KRWT2411
207FHRM,208EFTABMY
207FHRM,206EFABLM
207FHRM,RAF80A
207FHRM,FABLM5E
207FHRM,SGRHT6BR
207FHRM,SGA1711BR
207FHRM,SGA1712BR
207FHRM,SGA174BR
207FHRM,LDH562
207FHRM,LDH522
KRA4059FPCM,KRSC46HPBO
KRA4059FPCM,KWSN2455AST
KRA4059FPCM,KRA2007FPBO
KRA4059FPCM,KRSC326FPBO
KRA4059FPCM,KAERNADD6RD
KRA4059FPCM,KRA6200FPBO
KRA4059FPCM,SNA-TBP14
KRA4059FPCM,PLRK21
KRA4059FPCM,KCP1422PBO
KRA4059FPCM,KRSC430APBO1
KRA2007FPBO,KRSC326FPBO
KRA2007FPBO,KRSC343PBO
KRA2007FPBO,PLRK21
KRA2007FPBO,KWSP2455ABL
KRA2007FPBO,MRB12B
KRA2007FPBO,KCP1422PBO
KRA2007FPBO,KWSN2455ABL
KRA2007FPBO,TB20AC
KRA2007FPBO,KRA2422PBO
KRA2007FPBO,KRSC430APBO7
AWXL13-7/32,PL400B
AWXL13-7/32,SGDP31IRBR
AWXL13-7/32,F80
AWXL13-7/32,TMXK2
AWXL13-7/32,SIMM180
AWXL13-7/32,SPBS12AR
AWXL13-7/32,SGD2BR
AWXL13-7/32,SPBS24AR
AWXL13-7/32,SPBS18AR
AWXL13-7/32,SGDP42IRBR
106ATMXWP,305SXWP
106ATMXWP,BTWSMPK
106ATMXWP,206AFXW
106ATMXWP,110ETMAY
106ATMXWP,XO605
106ATMXWP,214SFY
106ATMXWP,PPB30AK
106ATMXWP,SSFP1
106ATMXWP,SSFP2
106ATMXWP,SHLF80A
BRUTUS3R300,QD2R1000A
BRUTUS3R300,QD2R200A
BRUTUS3R300,SX24
BRUTUS3R300,LDH402
BRUTUS3R300,LDH342
BRUTUS3R300,LDH462
BRUTUS3R300,LDH522
BRUTUS3R300,L62
BRUTUS3R300,QD1R50A
BRUTUS3R300,111STMMDY
AWMXL10,AWXL13
AWMXL10,AWTR8
AWMXL10,PKN90
AWMXL10,AWTXL8
AWMXL10,PKNC150
AWMXL10,PKN500
AWMXL10,YA2020
AWMXL10,ST50A
AWMXL10,214SFY
AWMXL10,DS809K
BOERM14,BOERM17
BOERM14,BOERM12
BOERM14,BOERM19
BOERM14,BOERM10
BOERM14,SIM200
BOERM14,BOERM8
BOERM14,SIM260
BOERM14,SIM320
BOERM14,SIM240
BOERM14,SIM280
BP16B,AWM110DHK
BP16B,AC5C
BP16B,FA12LE
BP16B,FRX181
BP16B,GF22
BP16B,KAC1224TCA
BP16B,317MSPC
BP16B,AWEF6K
BP16B,TW481
BP16B,PK53A
BPPC1878,307IPLY
BPPC1878,PW18C
BPPC1878,1512B
BPPC1878,IPL22C
BPPC1878,IPL20C
BPPC1878,IPL24C
BPPC1878,307IPLMY
BPPC1878,205IPF
BPPC1878,IPLM15C
BPPC1878,IPLM19C
TL72FOD,S80AFOD
TL72FOD,TM72
TL72FOD,FC72
TL72FOD,TMS4E
TL72FOD,WTG10A
TL72FOD,TZERO
TL72FOD,TK72
TL72FOD,110TMSY
TL72FOD,FR80
TL72FOD,TLLF72
UIM2RSLT,UPTLP2
UIM2RSLT,UIM2LT
UIM2RSLT,DBHS13
UIM2RSLT,BEXD10A
UIM2RSLT,PPK300
UIM2RSLT,AWPBX10
UIM2RSLT,TM62B
UIM2RSLT,AF102
UIM2RSLT,HBBD8
UIM2RSLT,PHT5
VGP104,PKB52A
VGP104,VGP12412
VGP104,AWMEF8K
VGP104,AWEF9K
VGP104,OEXM230B
VGP104,B3404B
VGP104,BTCP2SA
VGP104,BP32B
VGP104,AWP160
VGP104,PPC210BK
AYESCRD,UTS105A
AYESCRD,PBN500
AYESCRD,ATECH3FR300B
AYESCRD,BLPTHC87
AYESCRD,SHD2R
AYESCRD,SHD6R
AYESCRD,SHDP31IRR
AYESCRD,SHD4R
AYESCRD,SHDP42IRR
AYESCRD,ATECH2FR125B
B240B,S6112
B240B,B3404B
B240B,B1356E
B240B,SHCP1B
B240B,UPT2FL
B240B,ATECH2FR125B
B240B,PPC206A
B240B,PPC820B
B240B,PPC816B
B240B,PPC106LA
BLPTL1420,BLPTL148
BLPTL1420,BLPTL146
BLPTL1420,BLPTL1415
BLPTL1420,BLPTL1410
BLPTL1420,BLPTL147
BLPTL1420,BLPTL149
BLPTL1420,BLPTL1425
BLPTL1420,BLPTL1260
BLPTL1420,BLPTL3845
BLPTL1420,BLPT1420
BF620C,10R
BF620C,OFW1
BF620C,PKRS1
BF620C,AWMEF7K
BF620C,GA98A
BF620C,8HR
BF620C,FTX60E
BF620C,S6106KA
BF620C,210AFLEY
BF620C,FSLF80
BLPH387,BLPH38732
BLPH387,BLPH388
BLPH387,BLPH3814
BLPH387,BLPH3838
BLPH387,BLPH1418
BLPH387,BLPH386
BLPH387,BLPH124
BLPH387,BLPH125
BLPH387,BLPT3840
BLPH387,BLPT1430
BLPHS14316,SPBS12AR
BLPHS14316,F80
BLPHS14316,PPC106LA
BLPHS14316,ATECH2FR125B
BLPHS14316,SGDP42IRBR
BLPHS14316,SGASA204CR
BLPHS14316,SIMM170
BLPHS14316,91ACP
BLPHS14316,T72
BLPHS14316,TMXK4
L872RM,L872RJ
L872RM,305SIMMY
L872RM,L8112A
L872RM,425IMM
L872RM,L62
L872RM,L122
L872RM,429IM
L872RM,LDH482
L872RM,LDH522
L872RM,LDH562
LDT3730,LDT8
LDT3730,ASGP1BR
LDT3730,ASGP2BR
LDT3730,SGRHT6BR
LDT3730,29ACF
LDT3730,SH80A
LDT3730,SHX80B
LDT3730,SRPCR4700
LDT3730,SGT4BR
LDT3730,911ACF
GA265A,XS1012A
GA265A,XS2226A
GA265A,VO2628B
GA265A,VO2224B
GA265A,VO1416B
GA265A,VO1012B
GA265A,SGDEL10ESD
GA265A,TM65
GA265A,TM410
GA265A,TMC104E
GLOVEORIGPLUSXL,MTTL800
GLOVEORIGPLUSXL,YA1050B
GLOVEORIGPLUSXL,TPMC25
GLOVEORIGPLUSXL,FB336
GLOVEORIGPLUSXL,ECPNH012
GLOVEORIGPLUSXL,SVTS272A
GLOVEORIGPLUSXL,YA4000B
GLOVEORIGPLUSXL,EEPV500
GLOVEORIGPLUSXL,TPGDL2000
GLOVEORIGPLUSXL,MAGMAT
HCP48BCF,SGAS102BG
HCP48BCF,PTM30
HCP48BCF,AWPBX10
HCP48BCF,PHP2A
HCP48BCF,SGA102BR
HCP48BCF,PHP1A
HCP48BCF,SHCP1B
HCP48BCF,PTM2
HCP48BCF,SHP2KT
HCP48BCF,BTCW800
SEPPRECOMBA,SIM340
SEPPRECOMBA,SIM380
SEPPRECOMBA,SIM360
SEPPRECOMBA,SIM400
SEPPRECOMBA,RAF80A
SEPPRECOMBA,313SIMA
SEPPRECOMBA,SIM160A
SEPPRECOMBA,SIM180A
SEPPRECOMBA,SIM220
SEPPRECOMBA,SIM200
SEPPROK12PCA,SRPCR4700
SEPPROK12PCA,SPBS8AR
SEPPROK12PCA,47ACF
SEPPROK12PCA,A2A
SEPPROK12PCA,SGD6BR
SEPPROK12PCA,TMXK2
SEPPROK12PCA,PPC4A
SEPPROK12PCA,96ACF
SEPPROK12PCA,SGDP31IRBR
SEPPROK12PCA,ATECH2FR125B
SEPPROK12POTA,BLPTHC87
SEPPROK12POTA,SIMM210
SEPPROK12POTA,FXK3
SEPPROK12POTA,SIMM190
SEPPROK12POTA,SGASA204CR
SEPPROK12POTA,SPBS24AR
SEPPROK12POTA,SIMM180
SEPPROK12POTA,SPBS12AR
SEPPROK12POTA,SPBS18AR
SEPPROK12POTA,47ACF
SEPPROK1PWZA,SPBS704AR
SEPPROK1PWZA,FX1
SEPPROK1PWZA,TMU8B
SEPPROK1PWZA,BLPTHC87
SEPPROK1PWZA,SGASA204CR
SEPPROK1PWZA,SPBS8AR
SEPPROK1PWZA,PL400B
SEPPROK1PWZA,SIMM150A
SEPPROK1PWZA,SGD2BR
SEPPROK1PWZA,TMXK2
SGAS102BG,PBMMA5G
SGAS102BG,PBMMB5G
SGAS102BG,SGA1713B
SGAS102BG,CSSD1R
SGAS102BG,SGA102BR
SGAS102BG,PHP1A
SGAS102BG,SHP2KT
SGAS102BG,ASGP102BR
SGAS102BG,PPB816A
SGAS102BG,ATECHFSET02R
TB30C,KACKFLTCLNR
TB30C,KRSC326FPBO
TB30C,KRA2422PBO
TB30C,KRA4107FPBO
TB30C,KRA4813FPBO
TB30C,KRSC46HPBO
TB30C,PLRK30
TB30C,KCP2422PBO
TB30C,SNA-TBP14
TB30C,A277
TDM117B,RBM1719C
TDM117B,TWM17
TDM117B,TWM18
TDM117B,TMMDS10
TDM117B,TWM21
TDM117B,TWM23
TDM117B,TWM24
TDM117B,TWM20
TDM117B,TWM22
TDM117B,310TWMYA
LSR2500PLUS,LSR2000
LSR2500PLUS,LSR1250
LSR2500PLUS,LSR1000EXT
LSR2500PLUS,FS181
LSR2500PLUS,SHLF80A
LSR2500PLUS,FHLLF80
LSR2500PLUS,315SIMMYA
LSR2500PLUS,HBBD16
LSR2500PLUS,SHDX80R
LSR2500PLUS,SIMM110A
PHT5,BLPEXTF388
PHT5,BLPEXTF146
PHT5,A127
PHT5,TTX40E
PHT5,TM61A
PHT5,TZERO
PHT5,UIM2LT
PHT5,TM62B
PHT5,ATKIFL
PHT5,XS2024A
PBMB5O,PBMA5O
PBMB5O,PBMMS5O
PBMB5O,PBMMB5O
PBMB5O,PBMS5R
PBMB5O,PBMMS5G
PBMB5O,PBMMB5G
PBMB5O,PBMB5R
PBMB5O,PBMMB5R
PBMB5O,FHBB12A
PBMB5O,HBBD56
PKB53A,HBBT16
PKB53A,UPT2FL
PKB53A,FAM8E
PKB53A,SPBS704AR
PKB53A,GFAT1E
PKB53A,SGASA204CR
PKB53A,91ACP
PKB53A,47ACF
PKB53A,ATECH2FR125B
PKB53A,SPBS8AR
PT28E,SPBS24A
PT28E,AWM140DK
PT28E,218AFP
PT28E,2420A
PT28E,AD6C
PT28E,TF5A
PT28E,BTC7B
PT28E,SRP3A
PT28E,TW461
PT28E,SS5A
RBM810C,RBM1719C
RBM810C,FHLLF80
RBM810C,PL400B
RBM810C,96ACF
RBM810C,91ACP
RBM810C,47ACF
RBM810C,RBM1415C
RBM810C,RBM1213C
RBM810C,RBM1011C
RBM810C,RBM1618C
KACKFLTCLNR,KACKMCFIBER1
KACKFLTCLNR,YA389A
KACKFLTCLNR,PLRK21
KACKFLTCLNR,PLRK30
KACKFLTCLNR,TB20AC
KACKFLTCLNR,KAERNADD6RD
KACKFLTCLNR,A277
KACKFLTCLNR,KCP1422PBO
KACKFLTCLNR,KRA4107FPBO
KACKFLTCLNR,KRSC323PBO
KWSP2455AST,KCP1422PBO
KWSP2455AST,KCP2422PBO
KWSP2455AST,KRA2422PBO
KWSP2455AST,KAERNADD6RD
KWSP2455AST,KWSN2455ABL
KWSP2455AST,KWSN2455AST
KWSP2455AST,KWSP2455ABL
KWSP2455AST,KRWT2411
KWSP2455AST,A277
KWSP2455AST,KASS13
US712,AW1020DK
US712,AWM140DK
US712,210AFLEY
US712,PWC48
US712,LP10R
US712,B1356E
US712,OEXM6B
US712,144TMPB
US712,UIM325
US712,PPB816A
UTV615A,UTV614A
UTV615A,14V
UTV615A,PK500A
UTV615A,BF775C-A
UTV615A,UTV616A
UTV615A,BP24B
UTV615A,T72FOD
UTV615A,BOER708
UTV615A,110STMY
UTV615A,110TMY
VSC4KT-2,SPBS8AR
VSC4KT-2,47ACF
VSC4KT-2,SIMM220
VSC4KT-2,ATECH2FR125B
VSC4KT-2,SGD8BR
VSC4KT-2,SGASA204CR
VSC4KT-2,96ACF
VSC4KT-2,PPC4A
VSC4KT-2,SIMM240
VSC4KT-2,SGDP31IRBR
XDSG606K1G,XDSGM607K1O
XDSG606K1G,XDSGM607K1G
XDSG606K1G,XDSGM607K1
XDSG606K1G,SSDMR4BR
XDSG606K1G,LN46ACF
XDSG606K1G,SGDX80BR
XDSG606K1G,SGD8BR
XDSG606K1G,T72
XDSG606K1G,SHD1R
XDSG606K1G,SGD2BR
YA2850A,FA12LE
YA2850A,GF22
YA2850A,HD6529
YA2850A,TW481
YA2850A,KAC1224TCA
YA2850A,STX70E
YA2850A,FAML6E
YA2850A,RC980
YA2850A,SAM19E
YA2850A,206EFABL
SAG03S12,PTC250
SAG03S12,PTGR100
SAG03S12,PT850
SAG03S12,AT408
SAG03S12,AT475A
SAG03S12,PDR3000A
SAG03S12,PSO4625
SAG03S12,AT118
SAG03S12,AT109
SAG03S12,DB121C
VSM807B,AWMEF6K
VSM807B,VS814A
VSM807B,AWEF6K
VSM807B,OEX44B
VSM807B,312IPL
VSM807B,IPL26C
VSM807B,IPL32C
VSM807B,IPL34C
VSM807B,IPL36C
VSM807B,429IM
SOEX28,SOEX30
SOEX28,SOEX704
SOEX28,SOEX32
SOEX28,AWEF6K
SOEX28,UPTM65K
SOEX28,SOEXM9
SOEX28,414AHD
SOEX28,SOEXM8
SOEX28,SWM261
SOEX28,TF5A
XS810A,XS1012A
XS810A,XS1416A
XS810A,XS1618A
XS810A,XS67A
XS810A,VO2628B
XS810A,TM84
XS810A,VO3032B
XS810A,TM412
XS810A,TMC106E
XS810A,TM82
KRSC2460PBO7,A277
KRSC2460PBO7,TB50WC
KRSC2460PBO7,KWSN2455AST
KRSC2460PBO7,KRSC46HPBO
KRSC2460PBO7,KRA2055FPBO
KRSC2460PBO7,PLRK30
KRSC2460PBO7,YA389A
KRSC2460PBO7,KRA4813FPBO
KRSC2460PBO7,KRA25D
KRSC2460PBO7,KRSC326FPBO
KRSC2460PCM1,YA438B
KRSC2460PCM1,KAERNADD6RD
KRSC2460PCM1,SNA-TBP14
KRSC2460PCM1,KRA2422PBO
KRSC2460PCM1,KRSC326FPBO
KRSC2460PCM1,KRSC430APBO7
KRSC2460PCM1,KRA2407PBO
KRSC2460PCM1,KRA2406BPBO
KRSC2460PCM1,KRSC46HPBO
KRSC2460PCM1,KRA4114FPBO
KRSC2460PCM7,KCP1422PBO
KRSC2460PCM7,KRA5311FPBO
KRSC2460PCM7,KCP2422PBO
KRSC2460PCM7,KRA2422PBO
KRSC2460PCM7,KRSC323PBO
KRSC2460PCM7,KRA2007FPBO
KRSC2460PCM7,KACKMCFIBER1
KRSC2460PCM7,TB20AC
KRSC2460PCM7,KRWT2411
KRSC2460PCM7,KRSC343PBO
PHG1055BK,IPL32C
PHG1055BK,IPL26C
PHG1055BK,IPL16C
PHG1055BK,IPL38C
PHG1055BK,IPLM11C
PHG1055BK,IPLM10C
PHG1055BK,IPLM12C
PHG1055BK,IPLM13C
PHG1055BK,IPLM16C
PHG1055BK,IPL22C
TMXK110,TMX1
TMXK110,TMXK4
TMXK110,TMXK60
TMXK110,TMXK2
TMXK110,FXK4
TMXK110,TMA4E
TMXK110,TMA5E
TMXK110,110TMY
TMXK110,TMA3.5E
TMXK110,TMA2.5E
206SPKPLGMAG,XDLRM705K2A
206SPKPLGMAG,S3624
206SPKPLGMAG,XFRRM705
206SPKPLGMAG,PPC108LA
206SPKPLGMAG,PPC104LA
206SPKPLGMAG,LSR1000EXT
206SPKPLGMAG,RXFMS606B
206SPKPLGMAG,PPC105LA
206SPKPLGMAG,PPC106LA
206SPKPLGMAG,XDLRM705K1A
207EFAMY,TFM7530B
207EFAMY,PK23A
207EFAMY,SOEX707
207EFAMY,TWM31
207EFAMY,414AHD
207EFAMY,2420A
207EFAMY,S9704KA
207EFAMY,FTX60E
207EFAMY,PRH57A
207EFAMY,AW1020DK
PPN4050,PPK15
PPN4050,612AEP
PPN4050,SSF1
PPN4050,RBYAM605
PPN4050,LP7R
PPN4050,SSFP2
PPN4050,LP6LN
PPN4050,PPC20LB
PPN4050,HCP10
PPN4050,ASGP1BR
MRB12B,PLRK21
MRB12B,A277
MRB12B,YA450B
MRB12B,KRA4107FPBO
MRB12B,TB40C
MRB12B,KCP2422PBO
MRB12B,KCP1422PBO
MRB12B,KRSC430APBO7
MRB12B,KRA25D
MRB12B,KWSN2455ABL
PTGR450,PT450-WH
PTGR450,PDR5000A
PTGR450,DB129C
PTGR450,PH3050BR
PTGR450,PTB32K
PTGR450,CTR867AK2
PTGR450,MG725A
PTGR450,MG1250
PTGR450,PTR2505
PTGR450,PH1050
SIM400,SIM360
SIM400,SIM340
SIM400,SIM380
SIM400,SIM180A
SIM400,SIM320
SIM400,SIM300
SIM400,SIM280
SIM400,IM220
SIM400,IM200
SIM400,305SIMMY
MPBS1140AO,FSS141
MPBS1140AO,FSS121
MPBS1140AO,FSS181
MPBS1140AO,FSS161
MPBS1140AO,SGDMRC44B
MPBS1140AO,LN47ACF
MPBS1140AO,FXK3
MPBS1140AO,FXK6
MPBS1140AO,SIMM220
MPBS1140AO,SPBS704AR
KASS13,KAERNADD6RD
KASS13,KCP2422PBO
KASS13,A277
KASS13,KRSC323PBO
KASS13,KRA5311FPBO
KASS13,KRA2411PBO
KASS13,KRA4107FPBO
KASS13,KA2422SETPJJ
KASS13,KRBC100ABN
KASS13,KRSC46HPBO
SXK3,SX2
SXK3,AWEF6K
SXK3,SN25A
SXK3,SWM101A
SXK3,OEXM9B
SXK3,OEXM8B
SXK3,ACT1370
SXK3,SXK11
SXK3,TWM25
SXK3,SX20
SDM251C,SDM252C
SDM251C,SDMT25D
SDM251C,SDMT20D
SDM251C,SDMT10D
SDM251C,SSDMR4BR
SDM251C,SDDDM1AR
SDM251C,61CF
SDM251C,TMD11
SDM251C,TMD7
SDM251C,TMD12
TPGDL2000ORG,CAL6EBR
TPGDL2000ORG,ACT73A
TPGDL2000ORG,EECS150
TPGDL2000ORG,GLASS30R
TPGDL2000ORG,FB316B
TPGDL2000ORG,FB336
TPGDL2000ORG,RULER602
TPGDL2000ORG,EECT200
TPGDL2000ORG,ECHDD012AR
TPGDL2000ORG,UTK150
SN18B,XS1012A
SN18B,XS2226A
SN18B,XS1618A
SN18B,XS1214A
SN18B,TM84
SN18B,VO1416B
SN18B,SGDEL10ESD
SN18B,TM412
SN18B,TM82
SN18B,TM410
AWSGT7A,AWSGT8A
AWSGT7A,AWSGT6A
AWSGT7A,SIMM160A
AWSGT7A,FX1
AWSGT7A,PPC106LA
AWSGT7A,F80
AWSGT7A,SGD4BR
AWSGT7A,GFAT1E
AWSGT7A,SHD1R
AWSGT7A,SPBS24AR
SVTS272A,SVTA9100
SVTS272A,RADKITULTRA
SVTS272A,SVTSRAD272U
SVTS272A,TA32A
SVTS272A,EEPV500
SVTS272A,EEPV509
SVTS272A,YA4000B
SVTS272A,EECT900
SVTS272A,RTEMP8
SVTS272A,ACT51234A
131TMPB,TMM16
131TMPB,BOERM22
131TMPB,BOERM21
131TMPB,PPCL60BK
131TMPB,SFSM21
131TMPB,FSM61
131TMPB,SFSM6
131TMPB,VO2628B
131TMPB,VO1416B
131TMPB,VO1012B
AWML8D,SPBS18AR
AWML8D,PPC106LA
AWML8D,SIMM190
AWML8D,FXK6
AWML8D,TMU8B
AWML8D,SRPCR4700
AWML8D,FHLF80A
AWML8D,96ACF
AWML8D,SIMM180
AWML8D,A2A
GLOVE600MG,GLOVE505RL
GLOVE600MG,GLOVE309L
GLOVE600MG,GLOVE300BL
GLOVE600MG,GLASS90BYEAR
GLOVE600MG,GLOVE1100L
GLOVE600MG,GLASS50R
GLOVE600MG,SOSG01BKCL01
GLOVE600MG,CLRPW75
GLOVE600MG,EECR5A
GLOVE600MG,EARPLUGBAND
AT475A,AT408
AT475A,PSO4625
AT475A,PTC250
AT475A,PH3050BR
AT475A,PDR3000A
AT475A,AT118
AT475A,AT2050
AT475A,VWB5B
AT475A,DB121C
AT475A,AT109
AWTR8-6,SIMM210
AWTR8-6,GFAT1E
AWTR8-6,SPBS24AR
AWTR8-6,SGASA204CR
AWTR8-6,SGD2BR
AWTR8-6,SPBS8AR
AWTR8-6,SIMM160A
AWTR8-6,SGDX80BR
AWTR8-6,TMXK60
AWTR8-6,SPBS704AR
106TMUA,AWL1010DK
106TMUA,BTWSMPK
106TMUA,YA2020
106TMUA,214SFY
106TMUA,BP8B
106TMUA,XO605
106TMUA,AW1013DK
106TMUA,110STMDY
106TMUA,GA98A
106TMUA,AWBPH13
STX55E,STX60E
STX55E,STX70E
STX55E,FTX50E
STX55E,FTX45E
STX55E,FTX40E
STX55E,TMXK60
STX55E,SIMM240
STX55E,SGD6BR
STX55E,SGD2BR
STX55E,FU8A
SOEX707,PKNC150
SOEX707,UPTM65K
SOEX707,414AHD
SOEX707,LDH342
SOEX707,LDH442
SOEX707,LDH402
SOEX707,LDH462
SOEX707,LDH602
SOEX707,SOEX38
SOEX707,L122
FH80MP,FHOF80A
FH80MP,FZ80
FH80MP,THRLX72
FH80MP,FHBF80A
FH80MP,FHBB12A
FH80MP,103TMXKLA
FH80MP,SGA1713B
FH80MP,THLLF72
FH80MP,THR72
FH80MP,SGA1714B
FM13,FM18
FM13,FM11
FM13,FM15
FM13,FM19
FM13,FM17
FM13,FM12
FM13,FM10
FM13,340SSDP
FM13,218AFSP
FM13,AWMEF8K
AWEF6K,AWMEF8K
AWEF6K,SWM261
AWEF6K,SWM251
AWEF6K,AWMEF6K
AWEF6K,SWM101A
AWEF6K,SOEX38
AWEF6K,AWEF9K
AWEF6K,SWM211
AWEF6K,SWM241
AWEF6K,SW221
CDR4P11L3K2,PTR2500
CDR4P11L3K2,CTQ838DB
CDR4P11L3K2,CT9010K2
CDR4P11L3K2,CTR867AK2
CDR4P11L3K2,CTB8174
CDR4P11L3K2,AT109
CDR4P11L3K2,PT850
CDR4P11L3K2,VWB8B
CDR4P11L3K2,AT2050
CDR4P11L3K2,MG725A
GLASS50BK,AT4124
GLASS50BK,AT4135
GLASS50BK,ACT1290A
GLASS50BK,EC-USB-C-3A
GLASS50BK,GLOVE300BL
GLASS50BK,GLOVEORIGPLUSL
GLASS50BK,GLOVE1100L
GLASS50BK,GLOVE900LR
GLASS50BK,RULER602
GLASS50BK,EARPLUGBAND
AWML3D,SGD6BR
AWML3D,F80
AWML3D,SIMM200
AWML3D,TMXK4
AWML3D,SGDP31IRBR
AWML3D,FU8A
AWML3D,TMU8B
AWML3D,FX1
AWML3D,SPBS18AR
AWML3D,SPBS704AR
SGD2BO,SGDP31IRBR
SGD2BO,SGDP42IRBR
SGD2BO,SGD8BR
SGD2BO,OEXM6B
SGD2BO,SHD1R
SGD2BO,OFW3
SGD2BO,OFW2
SGD2BO,AD12C
SGD2BO,STMM5
SGD2BO,PT28E
KRA2406BPBO,PLRK27
KRA2406BPBO,KWSN2455ABL
KRA2406BPBO,KCP2422PBO
KRA2406BPBO,SNA-TBP14
KRA2406BPBO,KRA4107FPBO
KRA2406BPBO,KRSC323PBO
KRA2406BPBO,KRA2007FPBO
KRA2406BPBO,TB20AC
KRA2406BPBO,KA2422SETPJJ
KRA2406BPBO,KRWT2411
KRA2406BPC,KCP2422PBO
KRA2406BPC,KASS13
KRA2406BPC,KACKFLTCLNR
KRA2406BPC,A277
KRA2406BPC,KRSC430APBO7
KRA2406BPC,KRSC46HPBO
KRA2406BPC,TB50WC
KRA2406BPC,KCP1422PBO
KRA2406BPC,KRA4810FPBO
KRA2406BPC,TB20AC
AWMXL10-2.5,SGD4BR
AWMXL10-2.5,FXK11
AWMXL10-2.5,FX1
AWMXL10-2.5,TMXK60
AWMXL10-2.5,PPC4A
AWMXL10-2.5,SGASA204CR
AWMXL10-2.5,TMXK2
AWMXL10-2.5,T72
AWMXL10-2.5,SIMM180
AWMXL10-2.5,SGD2BR
TMM11,TMM6
TMM11,TMM12
TMM11,TMM5.5
TMM11,TMM7
TMM11,TMM15
TMM11,TMM10
TMM11,STMM12
TMM11,FRX181
TMM11,STMM10
TMM11,STMM5
110TMDY,107ATMPB
110TMDY,STMD9
110TMDY,STMD7
110TMDY,STMD11
110TMDY,STMD14
110TMDY,STMD16
110TMDY,STMD10
110TMDY,STMD12
110TMDY,AW1013DK
110TMDY,AWL1010DK
AWSGT10A,SIMM200
AWSGT10A,SHD1R
AWSGT10A,PPC105LA
AWSGT10A,91ACP
AWSGT10A,SGD4BR
AWSGT10A,BLPTHC87
AWSGT10A,SGD8BR
AWSGT10A,SIMM180
AWSGT10A,SIMM160A
AWSGT10A,FXK6
214SIMFMYA,212SIMFYA
214SIMFMYA,214IMFMYA
214SIMFMYA,212IMFMSYA
214SIMFMYA,210IMFSYA
214SIMFMYA,SHLF80A
214SIMFMYA,BLPTE3816
214SIMFMYA,BLPTE3814
214SIMFMYA,BLPTE3812
214SIMFMYA,BLPTE3810
214SIMFMYA,SR40K
KRA4813FPJJ,KRA4114FPBO
KRA4813FPJJ,KRA4810FPBO
KRA4813FPJJ,KRBC100ABN
KRA4813FPJJ,KAERNADD6RD
KRA4813FPJJ,YA438B
KRA4813FPJJ,KRA2422PBO
KRA4813FPJJ,KRSC46HPBO
KRA4813FPJJ,PLRK27
KRA4813FPJJ,SNA-TBP14
KRA4813FPJJ,KASS13
AWSGT40A,SPBS8AR
AWSGT40A,SPBS18AR
AWSGT40A,SGD2BR
AWSGT40A,T72
AWSGT40A,47ACF
AWSGT40A,PL400B
AWSGT40A,SGD4BR
AWSGT40A,A2A
AWSGT40A,ATECH2FR125B
AWSGT40A,TMXK2
AWSGT8A,AWSGT7A
AWSGT8A,AWSGT6A
AWSGT8A,BLPTHC87
AWSGT8A,SGD2BR
AWSGT8A,SIMM200
AWSGT8A,47ACF
AWSGT8A,SIMM240
AWSGT8A,SPBS704AR
AWSGT8A,SPBS8AR
AWSGT8A,SPBS18AR
FBST338GRN,AT4101
FBST338GRN,ECPRA072
FBST338GRN,MAGMAT
FBST338GRN,EECT200
FBST338GRN,BB9008
FBST338GRN,ECPNI032R
FBST338GRN,ECHDF042
FBST338GRN,FB361A
FBST338GRN,MAGDISH
FBST338GRN,ECHDD012AR
KRA2422PDC,KRWT2411
KRA2422PDC,KWSN2455AST
KRA2422PDC,KWSP2455ABL
KRA2422PDC,KWSP2455AST
KRA2422PDC,KWSN2455ABL
KRA2422PDC,KCP1422PBO
KRA2422PDC,KRA2411PBO
KRA2422PDC,KRSC326FPBO
KRA2422PDC,KRA25D
KRA2422PDC,KRSC430APBO7
AWSGM3A,SGDP42IRBR
AWSGM3A,TMXK60
AWSGM3A,SRPCR3800
AWSGM3A,SGASA204CR
AWSGM3A,PPC106LA
AWSGM3A,TMXK4
AWSGM3A,FXK6
AWSGM3A,SPBS18AR
AWSGM3A,SGDX80BR
AWSGM3A,SPBS12AR
AT380A,AT5500
AT380A,AT109
AT380A,AT700F
AT380A,AT2050
AT380A,CT9010K2
AT380A,DBBPT13
AT380A,CTB8174
AT380A,CTC772A
AT380A,CTNN13KF
AT380A,MG1250
CT9010GDB,CT861K2
CT9010GDB,CTB185
CT9010GDB,CTB8187
CT9010GDB,CTINF9010
CT9010GDB,CTC131A
CT9010GDB,CT9080K2
CT9010GDB,CTR867AK2
CT9010GDB,CTQ838DB
CT9010GDB,CTR862DB
CT9010GDB,CTR861AK2
AWSG06A,SGDP42IRBR
AWSG06A,SGDX80BR
AWSG06A,A2A
AWSG06A,FHLF80A
AWSG06A,SRPCR3800
AWSG06A,PPC105LA
AWSG06A,SPBS24AR
AWSG06A,FXK11
AWSG06A,TMXK2
AWSG06A,ATECH2FR125B
XFRR704,BFCR708A
XFRR704,XFRRM705
XFRR704,XDHF605
XFRR704,PTM30
XFRR704,XO605
XFRR704,ADCF8
XFRR704,BFCRM712A
XFRR704,FSS141
XFRR704,FSS161
XFRR704,XFRM705
TMD18,XS2024A
TMD18,SPBS18AR
TMD18,SPBS704AR
TMD18,BLPTHC87
TMD18,FXK3
TMD18,SIMM200
TMD18,TMXK2
TMD18,SGD4BR
TMD18,SIMM180
TMD18,SGD6BR
FHL80,THL72
FHL80,SH80A
FHL80,SHLL80A
FHL80,THR72
FHL80,FHBB12A
FHL80,310IMMYA
FHL80,SHBB24
FHL80,THLF72
FHL80,FHBB18A
FHL80,FH80MP
IPLM19C,IPLM11C
IPLM19C,IPLM15C
IPLM19C,IPLM10C
IPLM19C,IPLM12C
IPLM19C,IPLM14C
IPLM19C,IPLM18C
IPLM19C,IPLM16C
IPLM19C,IPL20C
IPLM19C,IPL18C
IPLM19C,307IPLY
SW141A,SW221
SW141A,SW261
SW141A,SW241
SW141A,SW161A
SW141A,SW321
SW141A,340SSDP
SW141A,AWEF6K
SW141A,SWM251
SW141A,SW421
SW141A,313SYA
TMMDS11,TMMDS12
TMMDS11,TMMDS9
TMMDS11,TMMDS5.5
TMMDS11,TMMDS5
TMMDS11,TMMDS6
TMMDS11,TMMDS7
TMMDS11,TMMDS13
TMMDS11,TMMDS14
TMMDS11,TMMDS8
TMMDS11,111STMMDY
KCP1422PJJ,KWSP2455AST
KCP1422PJJ,KWSN2455ABL
KCP1422PJJ,KWSN2455AST
KCP1422PJJ,KWSP2455ABL
KCP1422PJJ,KRWT2411
KCP1422PJJ,KCP2422PBO
KCP1422PJJ,KRSC46HPBO
KCP1422PJJ,KRA2007FPBO
KCP1422PJJ,PLRK30
KCP1422PJJ,KRA2411PBO
84CF,BTWSMPK
84CF,110ETMAY
84CF,XO605
84CF,86ACF
84CF,SSFP1
84CF,PPB30AK
84CF,86EP
84CF,908CF
84CF,912AEP
84CF,TL72
SSDMR4BR,GMB3041
SSDMR4BR,2004BSKA
SSDMR4BR,224SFFSMFR
SSDMR4BR,BF775C-A
SSDMR4BR,PK53A
SSDMR4BR,PKNC125C2
SSDMR4BR,OEXM707B
SSDMR4BR,TM10G
SSDMR4BR,PT5C
SSDMR4BR,117TMM
YA4610,JT13B
YA4610,SVTS272A
YA4610,TDG2
YA4610,TDG1
YA4610,FB361A
YA4610,EEPV500
YA4610,UTK150
YA4610,GLASS30R
YA4610,GLASS50R
YA4610,ECPNG032
KRSC430APCM1,KRSC323PBO
KRSC430APCM1,MRB12B
KRSC430APCM1,A277
KRSC430APCM1,KRA4810FPBO
KRSC430APCM1,KCP2422PBO
KRSC430APCM1,SNA-TBP14
KRSC430APCM1,KRA4059FPBO
KRSC430APCM1,YA389A
KRSC430APCM1,KAERNADD6RD
KRSC430APCM1,KCP1422PBO
PPB1002A,340SSDP
PPB1002A,10SSD
PPB1002A,YA2020
PPB1002A,SRP3A
PPB1002A,SW421
PPB1002A,AW1015DHK
PPB1002A,AW1020DK
PPB1002A,OEX42B
PPB1002A,317MPC
PPB1002A,FR80
SGA1712BR,SGA1711BR
SGA1712BR,SGA174BR
SGA1712BR,SGA175BR
SGA1712BR,SGA1710BR
SGA1712BR,SHCP1B
SGA1712BR,PHP2A
SGA1712BR,SGA102BR
SGA1712BR,HCP10
SGA1712BR,PHP3A
SGA1712BR,SGD4120BR
VWB400A,PTGR100
VWB400A,AT408
VWB400A,AT425R
VWB400A,DB121C
VWB400A,AT2050
VWB400A,PSO4625
VWB400A,PTC250
VWB400A,MG725A
VWB400A,PH3050BR
VWB400A,AT109
VWB8B,CTR867AK2
VWB8B,PT850
VWB8B,CTB8187
VWB8B,PH1038
VWB8B,CTR862DB
VWB8B,PSO4525
VWB8B,CT825DB
VWB8B,CTR861AK2
VWB8B,MG325
VWB8B,AT118
FTX60E,TWM31
FTX60E,TTX40E
FTX60E,TWM29
FTX60E,PKRS1
FTX60E,TTX27E
FTX60E,210AFLEY
FTX60E,PKNG90
FTX60E,TWM28
FTX60E,TMC105E
FTX60E,311IMFSY
TA4505,TA54
TA4505,TA50
TA4505,SVTS264
TA4505,RADKITULTRA
TA4505,SVTS272A
TA4505,AT4101
TA4505,BB9008
TA4505,EEDM596FK
TA4505,IM1PT
TA4505,ECPNG032
SGDMRC44BO,PT5C
SGDMRC44BO,SGDMRC4-TM4
SGDMRC44BO,SGDMRC4A
SGDMRC44BO,F4LBK
SGDMRC44BO,SGDMRC103A
SGDMRC44BO,OEX11B
SGDMRC44BO,SGDMRCE44
SGDMRC44BO,BTWSMPK
SGDMRC44BO,BTWS
SGDMRC44BO,SSDMRT8A
THRLX72G,FHOF80A
THRLX72G,THR72
THRLX72G,FHLX80B
THRLX72G,SHX80B
THRLX72G,FHR80
THRLX72G,FH80MP
THRLX72G,THLL72
THRLX72G,FHBF80A
THRLX72G,111STMMDY
THRLX72G,BLPEXTF146
MTTL800,YA1175KIT
MTTL800,MTTL433
MTTL800,MTTL750
MTTL800,EEDM596FK
MTTL800,MTIND683A
MTTL800,EEDMDVA
MTTL800,EECT424HD
MTTL800,RTEMP8
MTTL800,EEDM525F
MTTL800,YAKS42
SVTSRAD272U,SVTS264
SVTSRAD272U,SVTA9100
SVTSRAD272U,SVTS272A
SVTSRAD272U,EEBC30A12V
SVTSRAD272U,ECUHD218
SVTSRAD272U,YA105013
SVTSRAD272U,MTTL800
SVTSRAD272U,YA4000B
SVTSRAD272U,RADKITULTRA
SVTSRAD272U,TA32A
PDR3000A,AT425R
PDR3000A,PTR2500
PDR3000A,DB121C
PDR3000A,AT109
PDR3000A,PTR2505
PDR3000A,PTC250
PDR3000A,PTR72
PDR3000A,PTGR110
PDR3000A,PTGR100
PDR3000A,VWB8B
TMMDS9,TMMDS7
TMMDS9,TMMDS5
TMMDS9,TMMDS11
TMMDS9,TMMDS12
TMMDS9,TMMDS15
TMMDS9,TMMDS6
TMMDS9,TMMDS14
TMMDS9,TMMDS13
TMMDS9,TMMDS8
TMMDS9,TMMDS10
FM15,FM18
FM15,FM11
FM15,FM17
FM15,FM13
FM15,FM14
FM15,AWEF6K
FM15,340SSDP
FM15,218AFSP
FM15,AWMEF8K
FM15,212SFMY
SGTT5B,SGTT9B
SGTT5B,SGTT8B
SGTT5B,SGTT1B
SGTT5B,SGTT2B
SGTT5B,SGTT10B
SGTT5B,SGTT6B
SGTT5B,SGTT4B
SGTT5B,SGA1714B
SGTT5B,SGA1713B
SGTT5B,PHP2A
AWXL13-1/16,FHLF80A
AWXL13-1/16,SIMM220
AWXL13-1/16,SGDP42IRBR
AWXL13-1/16,SGD4BR
AWXL13-1/16,PL400B
AWXL13-1/16,SRPCR3800
AWXL13-1/16,SPBS704AR
AWXL13-1/16,SIMM180
AWXL13-1/16,SGD6BR
AWXL13-1/16,SPBS18AR
AWXL13-1/4,47ACF
AWXL13-1/4,SIMM210
AWXL13-1/4,ATECH2FR125B
AWXL13-1/4,TMXK4
AWXL13-1/4,SIMM170
AWXL13-1/4,SIMM160A
AWXL13-1/4,TMU8B
AWXL13-1/4,PPC105LA
AWXL13-1/4,SRPCR3800
AWXL13-1/4,PPC103A
AWBSGM5A,SRPCR3800
AWBSGM5A,47ACF
AWBSGM5A,SPBS8AR
AWBSGM5A,SIMM170
AWBSGM5A,ATECH2FR125B
AWBSGM5A,SPBS18AR
AWBSGM5A,SGD6BR
AWBSGM5A,SIMM210
AWBSGM5A,SGASA204CR
AWBSGM5A,FXK6
PPSG4,PPSG206
PPSG4,PPSG205
PPSG4,PCSG816
PPSG4,PPSG103
PPSG4,PPSG105
PPSG4,HBBD8
PPSG4,TMMD12
PPSG4,TMMD9
PPSG4,TMMD8
PPSG4,UIM325
AWCG1616B,GFAT1E
AWCG1616B,PPC106LA
AWCG1616B,SGD4BR
AWCG1616B,SGDP31IRBR
AWCG1616B,91ACP
AWCG1616B,SPBS12AR
AWCG1616B,FXK3
AWCG1616B,FU8A
AWCG1616B,SGDX80BR
AWCG1616B,SIMM150A
AWL1010DK,AW1013DK
AWL1010DK,GA98A
AWL1010DK,AD6C
AWL1010DK,8HR
AWL1010DK,BLPTXK4
AWL1010DK,AD10C
AWL1010DK,214SFY
AWL1010DK,106TMUSA
AWL1010DK,PPB816A
AWL1010DK,TMUS141A
AWBCG1600,AWBMCG1600
AWBCG1600,TMUS141A
AWBCG1600,SHDP63IRR
AWBCG1600,SF121
AWBCG1600,TMXK110
AWBCG1600,SXK11
AWBCG1600,GFAT1E
AWBCG1600,PL400B
AWBCG1600,SPBS12AR
AWBCG1600,SPBS704AR
AWBCG1606,TMU8B
AWBCG1606,SGDP42IRBR
AWBCG1606,SHD1R
AWBCG1606,TMXK2
AWBCG1606,SPBS18AR
AWBCG1606,96ACF
AWBCG1606,PPC106LA
AWBCG1606,SGDP31IRBR
AWBCG1606,F80
AWBCG1606,ATECH2FR125B
AWBCG1614,SPBS24AR
AWBCG1614,SPBS12AR
AWBCG1614,SIMM150A
AWBCG1614,ATECH2FR125B
AWBCG1614,PPC105LA
AWBCG1614,SPBS8AR
AWBCG1614,SIMM190
AWBCG1614,F80
AWBCG1614,SIMM180
AWBCG1614,91ACP
LDH602,LDH362
LDH602,LDH462
LDH602,LDH402
LDH602,LDH482
LDH602,LDH522
LDH602,LDH562
LDH602,L122
LDH602,L62
LDH602,L872RJ
LDH602,SOEX30
FHBF80AO,FHOF80A
FHBF80AO,TRSLF72
FHBF80AO,PHP2A
FHBF80AO,FHLL80
FHBF80AO,SGTT110B
FHBF80AO,SGTT8B
FHBF80AO,SGTT9B
FHBF80AO,SGTT2B
FHBF80AO,SGTT1B
FHBF80AO,SHN36
HBFE32O,HBFE48
HBFE32O,HBFE24
HBFE32O,QD3RN350A
HBFE32O,FZ7A
HBFE32O,309SIMYA
HBFE32O,TWM28
HBFE32O,TWM27
HBFE32O,OEX42B
HBFE32O,TWM25
HBFE32O,UTS105A
PBMB5R,PBMS5R
PBMB5R,PBMA5G
PBMB5R,PBMMA5G
PBMB5R,PBMB5O
PBMB5R,PBMMS5O
PBMB5R,PBMMA5R
PBMB5R,PBMMB5R
PBMB5R,PTM2
PBMB5R,CSSD1R
PBMB5R,HBBD56
PTR2500G,PTR2505
PTR2500G,PDR3000A
PTR2500G,PTR72
PTR2500G,MG325
PTR2500G,AT700F
PTR2500G,PTC250
PTR2500G,PT338
PTR2500G,PTGR100
PTR2500G,PTGR110
PTR2500G,PDR5000A
CTS561CHUCK,DBBPT13
CTS561CHUCK,PTB32K
CTS561CHUCK,CT9080K2
CTS561CHUCK,CTC131A
CTS561CHUCK,CTS561BITSET
CTS561CHUCK,PH3050BR
CTS561CHUCK,VWB8B
CTS561CHUCK,DBTB121
CTS561CHUCK,CTR861AK2
CTS561CHUCK,CTB8174
TMMS9,TMMS5.5
TMMS9,TMMS6
TMMS9,TMMS14
TMMS9,TMMS15
TMMS9,TMMS7
TMMS9,TMMS13
TMMS9,TMMS8
TMMS9,TMMS10
TMMS9,TMMS4.5
TMMS9,110TMSY
TMU101A,T72
TMU101A,SGD4BR
TMU101A,FX1
TMU101A,SPBS12AR
TMU101A,FXK3
TMU101A,FXK11
TMU101A,47ACF
TMU101A,SRPCR4700
TMU101A,BLPTHC87
TMU101A,SPBS704AR
TMU121A,F80
TMU121A,SPBS12AR
TMU121A,SGASA204CR
TMU121A,TMXK4
TMU121A,SPBS8AR
TMU121A,SIMM210
TMU121A,ATECH2FR125B
TMU121A,FXK6
TMU121A,BLPTHC87
TMU121A,SIMM220
SGA174BR,SGA1711BR
SGA174BR,SGA1712BR
SGA174BR,SGA175BR
SGA174BR,SGA1710BR
SGA174BR,SGA173BR
SGA174BR,PHP2A
SGA174BR,SGA1714B
SGA174BR,SGA102BR
SGA174BR,PHP3A
SGA174BR,PBMP703A
FM11,FM16
FM11,FM18
FM11,FM15
FM11,FM17
FM11,FM13
FM11,FM14
FM11,FM10
FM11,AWEF6K
FM11,218AFSP
FM11,AWMEF8K
SGDTX315BR,AWCGT500
SGDTX315BR,TF5A
SGDTX315BR,QD3RN350A
SGDTX315BR,SRP3A
SGDTX315BR,208EFTAMXSY
SGDTX315BR,UTS105A
SGDTX315BR,SGDP64IRBR
SGDTX315BR,TWM27
SGDTX315BR,AW5D
SGDTX315BR,AW10D
SIMM210,SIMM240
SIMM210,SIMM160A
SIMM210,SIMM170
SIMM210,SIMM130A
SIMM210,SIMM140A
SIMM210,SIM160A
SIMM210,SIM240
SIMM210,SIM200
SIMM210,SIM260
SIMM210,SIM300
PKN5,SGD8BR
PKN5,47ACF
PKN5,FXK3
PKN5,FU8A
PKN5,SIMM150A
PKN5,SIMM210
PKN5,SGDP42IRBR
PKN5,GFAT1E
PKN5,FXK11
PKN5,PPC4A
PL307ACF,PKNC150
PL307ACF,FA12LE
PL307ACF,UPTM65K
PL307ACF,GF22
PL307ACF,PT5C
PL307ACF,TFM7530B
PL307ACF,KAC1224TCA
PL307ACF,TW481
PL307ACF,SOEX40
PL307ACF,114ATMP
TN72,TNF72
TN72,TZERO
TN72,F80FOD
TN72,FR80
TN72,OEX707B
TN72,BLPEXTF146
TN72,BP24B
TN72,AW1015DK
TN72,S6106KA
TN72,OXI707BK
CTR814K2,CTB8174
CTR814K2,CTC772A
CTR814K2,PH3050BR
CTR814K2,AT2050
CTR814K2,PH1050
CTR814K2,CT9080K2
CTR814K2,CT825DB
CTR814K2,PTC250
CTR814K2,AT700F
CTR814K2,PT850
114ATMP,317MSPC
114ATMP,FRX181
114ATMP,SEPHDSETAOBA
114ATMP,218AFSP
114ATMP,GF22
114ATMP,TW481
114ATMP,HD6529
114ATMP,AWM110DK
114ATMP,FAML6E
114ATMP,YA2850A
GLOVE300BXL,GLOVE505RL
GLOVE300BXL,GLOVEORIGPLUSL
GLOVE300BXL,JT17A
GLOVE300BXL,GLOVE1100L
GLOVE300BXL,ECPNH012UV
GLOVE300BXL,SOSG01BKCL01
GLOVE300BXL,JCK7DBL
GLOVE300BXL,ECPNH012
GLOVE300BXL,GLASS30R
GLOVE300BXL,MAGDISH
CDR4P32K3K2,PTGR100
CDR4P32K3K2,CTR861AK2
CDR4P32K3K2,CTR867AK2
CDR4P32K3K2,DB129C
CDR4P32K3K2,PT338
CDR4P32K3K2,CTR862DB
CDR4P32K3K2,PTB32K
CDR4P32K3K2,PH3050BR
CDR4P32K3K2,CTINF9010
CDR4P32K3K2,PTGR110
QD2FR75B,BHS7A
QD2FR75B,218AFSP
QD2FR75B,TF5A
QD2FR75B,AWM140DK
QD2FR75B,218AFP
QD2FR75B,FTX60E
QD2FR75B,SRP3A
QD2FR75B,QD1R200A
QD2FR75B,313SYA
QD2FR75B,10R
KRSC46HPOT,KRSC430APBO7
KRSC46HPOT,KRSC326FPBO
KRSC46HPOT,KRA2407PBO
KRSC46HPOT,KRSC430APBO1
KRSC46HPOT,KRA4813FPBO
KRSC46HPOT,KCP2422PBO
KRSC46HPOT,KRA2422PBO
KRSC46HPOT,KA2422SETPJH
KRSC46HPOT,KRWT2411
KRSC46HPOT,YA389A
CTG861DB,PH3050BR
CTG861DB,MG325
CTG861DB,CTB8174
CTG861DB,CTC131A
CTG861DB,CTB185
CTG861DB,MG725A
CTG861DB,CTB8187
CTG861DB,CTS561BITSET
CTG861DB,PTR72
CTG861DB,DBTB121
120SSDP,XS1820A
120SSDP,XS1416A
120SSDP,20SSD
120SSDP,VO2224B
120SSDP,XS1618A
120SSDP,XS1214A
120SSDP,TM84
120SSDP,VO1416B
120SSDP,XS67A
120SSDP,VO3032B
KRA1421PBO,KRSC46HPBO
KRA1421PBO,KRA4813FPBO
KRA1421PBO,MRB12B
KRA1421PBO,KCP1422PBO
KRA1421PBO,KRSC343PBO
KRA1421PBO,KAERNADD6RD
KRA1421PBO,KRSC326FPBO
KRA1421PBO,KRA2055FPBO
KRA1421PBO,KCP2422PBO
KRA1421PBO,KRSC430APBO1
HBBD56,PBMP703A
HBBD56,PTM2
HBBD56,915CF
HBBD56,HBFE103
HBBD56,FADH6C
HBBD56,PPC208A
HBBD56,PPC204A
HBBD56,911ACF
HBBD56,REX25C
HBBD56,PPC210A
DBT20,47ACF
DBT20,FXK3
DBT20,SIMM170
DBT20,F80
DBT20,SPBS18AR
DBT20,PPC106LA
DBT20,SRPCR4700
DBT20,BLPTHC87
DBT20,SGDP42IRBR
DBT20,SGD2BR
SFSM12,SFSM16
SFSM12,SFSM18
SFSM12,SFSM8
SFSM12,SFSM11
SFSM12,SFSM19
SFSM12,SFSM17
SFSM12,SFSM15
SFSM12,SFSM14
SFSM12,SFSM13
SFSM12,SFSM10
OEXM7B,AWM12D
OEXM7B,OEXM6B
OEXM7B,SN25A
OEXM7B,222AFSP
OEXM7B,ACT1370
OEXM7B,SWM101A
OEXM7B,OXIM9B
OEXM7B,SIMM340
OEXM7B,S6118A
OEXM7B,SIMM320
IMSLEPL240,IMFLE120A
IMSLEPL240,207IMFLE
IMSLEPL240,IMSLE242A
IMSLEPL240,IMFLE80A
IMSLEPL240,SGASA204CR
IMSLEPL240,STX60E
IMSLEPL240,XLE605
IMSLEPL240,WHM1
IMSLEPL240,TMR4
IMSLEPL240,OXKRM705
GLOVE900XLG,GLOVE505RL
GLOVE900XLG,GLOVE300BL
GLOVE900XLG,YA427B
GLOVE900XLG,GLOVE309L
GLOVE900XLG,GLOVE1100L
GLOVE900XLG,SOSG01BKCL01
GLOVE900XLG,GLOVEORIGPLUSL
GLOVE900XLG,ACT51234A
GLOVE900XLG,JCK7DBL
GLOVE900XLG,ECPNG032
TWM20,TWM23
TWM20,TWM21
TWM20,TWM24
TWM20,TWM19
TWM20,TWM17
TWM20,TWM29
TWM20,TWM31
TWM20,TWM25
TWM20,TWM28
TWM20,313TSMYA
KRA2407PJJ,KRSC430APBO7
KRA2407PJJ,KWSP2455ABL
KRA2407PJJ,KRSC326FPBO
KRA2407PJJ,KRSC323PBO
KRA2407PJJ,KACKFLTCLNR
KRA2407PJJ,KRA2422PBO
KRA2407PJJ,A277
KRA2407PJJ,KRA2411PBO
KRA2407PJJ,KRA4107FPBO
KRA2407PJJ,YA389A
207IPFM,205IPF
207IPFM,BPPC1878
207IPFM,307IPLMY
207IPFM,307IPLY
207IPFM,106IPTMMA
207IPFM,207IPSFM
207IPFM,IPL22C
207IPFM,IPL20C
207IPFM,IPL24C
207IPFM,IPL18C
TMMDS12,TMMDS11
TMMDS12,TMMDS5
TMMDS12,TMMDS9
TMMDS12,TMMDS5.5
TMMDS12,TMMDS7
TMMDS12,TMMDS6
TMMDS12,TMMDS15
TMMDS12,TMMDS14
TMMDS12,TMMDS8
TMMDS12,111STMMDY
PBMP703A,BLPPB704
PBMP703A,MSK10
PBMP703A,RXFS2836B
PBMP703A,PPC210BK
PBMP703A,MSKM10
PBMP703A,PWZ4
PBMP703A,SRP3A
PBMP703A,PBS704
PBMP703A,650
PBMP703A,OXIM707SBK
IMM120A,IMM100A
IMM120A,IMM130A
IMM120A,IMM150A
IMM120A,IMM200
IMM120A,IMM180
IMM120A,IMM240
IMM120A,IM180A
IMM120A,IM160A
IMM120A,IM280
IMM120A,IM240
PKNC200,218AFSP
PKNC200,AWSGM800A
PKNC200,TW381
PKNC200,AW1015DHK
PKNC200,313SYA
PKNC200,S261
PKNC200,313SWYA
PKNC200,S281
PKNC200,SWM221
PKNC200,SWM201
AWS13-2,211SFY
AWS13-2,SF101
AWS13-2,SF241
AWS13-2,110STMDY
AWS13-2,STMD9
AWS13-2,STMD6
AWS13-2,STMD14
AWS13-2,STMD16
AWS13-2,STMD8
AWS13-2,STMD12
AWEFBH9K,AWEF9K
AWEFBH9K,S9711KA
AWEFBH9K,YA824C
AWEFBH9K,212EFTAY
AWEFBH9K,TMA3.5E
AWEFBH9K,AC58E
AWEFBH9K,S9704KA
AWEFBH9K,SG7ASABR
AWEFBH9K,PIT120
AWEFBH9K,SG4ASHBR
AWP160,SOEX38
AWP160,SOEX40
AWP160,UPTM65K
AWP160,SR40K
AWP160,305SIMMY
AWP160,PKNG90
AWP160,VGP104
AWP160,TF5A
AWP160,414AHD
AWP160,YA4275
FU8A,XS2024A
FU8A,XS1416A
FU8A,XS1012A
FU8A,XS2226A
FU8A,XS1618A
FU8A,VO2224B
FU8A,S8
FU8A,SS5A
FU8A,XS1214A
FU8A,TM84
KCP2422POT,KWSN2455ABL
KCP2422POT,KRWT2411
KCP2422POT,KWSP2455ABL
KCP2422POT,KWSP2455AST
KCP2422POT,KWSN2455AST
KCP2422POT,KRA2422PBO
KCP2422POT,KCP1422PBO
KCP2422POT,KRA2411PBO
KCP2422POT,KACKFLTCLNR
KCP2422POT,KRSC430APBO7
KCP2422PWZ,KWSN2455ABL
KCP2422PWZ,KRWT2411
KCP2422PWZ,KWSP2455ABL
KCP2422PWZ,KWSP2455AST
KCP2422PWZ,KWSN2455AST
KCP2422PWZ,KRA2422PBO
KCP2422PWZ,KCP1422PBO
KCP2422PWZ,KRA2411PBO
KCP2422PWZ,KRSC326FPBO
KCP2422PWZ,KRSC430APBO7
SHD1R,SGD8BR
SHD1R,10R
SHD1R,SHD2R
SHD1R,SHDP31IRR
SHD1R,SHD4R
SHD1R,AWMG9
SHD1R,SN25A
SHD1R,OEXM9B
SHD1R,OEXM8B
SHD1R,SGD2BR
KRSC430APFI7,KAERNADD6RD
KRSC430APFI7,KRSC326FPBO
KRSC430APFI7,KRA2407PBO
KRSC430APFI7,KRSC430APBO1
KRSC430APFI7,KRA4813FPBO
KRSC430APFI7,KCP2422PBO
KRSC430APFI7,KRWT2411
KRSC430APFI7,KRA2406BPBO
KRSC430APFI7,KASS13
KRSC430APFI7,KWSN2455AST
KRSC430APN7,KAERNADD6RD
KRSC430APN7,KRSC326FPBO
KRSC430APN7,KRA2407PBO
KRSC430APN7,KRSC430APBO1
KRSC430APN7,KRA4813FPBO
KRSC430APN7,KCP2422PBO
KRSC430APN7,TB20AC
KRSC430APN7,A277
KRSC430APN7,KRSC46HPBO
KRSC430APN7,KASS13
SPBS18AO,SPBS8AR
SPBS18AO,SPBS12AR
SPBS18AO,SOEX38
SPBS18AO,BTC7B
SPBS18AO,PK52A
SPBS18AO,317AMMPC
SPBS18AO,309SIMYA
SPBS18AO,SFSM9
SPBS18AO,SFSM16
SPBS18AO,SRPCR105
KRA6210FPCM,KRA2411PBO
KRA6210FPCM,KCP1422PBO
KRA6210FPCM,KRSC2460PWZ7
KRA6210FPCM,PLRK21
KRA6210FPCM,KWSP2455AST
KRA6210FPCM,KACKMCFIBER1
KRA6210FPCM,A277
KRA6210FPCM,KRA4813FPBO
KRA6210FPCM,KWSN2455AST
KRA6210FPCM,KRSC326FPBO
KRSC343PJH,KCP2422PBO
KRSC343PJH,KACKCAREKIT
KRSC343PJH,KWSP2455ABL
KRSC343PJH,KRA6200FPBO
KRSC343PJH,KRA2422PBO
KRSC343PJH,KACKMCFIBER1
KRSC343PJH,KRSC46HPBO
KRSC343PJH,YA389A
KRSC343PJH,KCP1422PBO
KRSC343PJH,KRA2406BPBO
FB336GRN,FB307RNB
FB336GRN,GA3634A
FB336GRN,MTEE6
FB336GRN,SVTA9100
FB336GRN,CAL6EBR
FB336GRN,CAL6EA
FB336GRN,AT4124
FB336GRN,AT4135
FB336GRN,SVTS264
FB336GRN,PGP50
AT1038,CTB8174
AT1038,CTINF9010
AT1038,CT9080K2
AT1038,PH3050BR
AT1038,CTR861AK2
AT1038,CTB185
AT1038,DB129C
AT1038,CTQ838DB
AT1038,PDR3000A
AT1038,CTC131A
AWCG1620B,AWCG1624B
AWCG1620B,AWCG1600B
AWCG1620B,AWCGT30
AWCG1620B,AWCGT40
AWCG1620B,AWCGT27
AWCG1620B,AWBCG1608
AWCG1620B,AWBCG1612
AWCG1620B,AWCGT500
AWCG1620B,AWMCG1600B
AWCG1620B,AWCGT45
BOERM11,BOERM10
BOERM11,BOERM14
BOERM11,BOERM17
BOERM11,SIM280
BOERM11,SIM260
BOERM11,SIM200
BOERM11,IM320
BOERM11,SIM320
BOERM11,SIM180A
BOERM11,SIM220
BP40B,RXS605B
BP40B,A36A
BP40B,BP24B
BP40B,2005BSKA
BP40B,SS5A
BP40B,BP32B
BP40B,BP8B
BP40B,CSA12CR
BP40B,PPC715BK
BP40B,AWM110DK
BP8B,AWL1010DK
BP8B,AW1013DK
BP8B,GA98A
BP8B,BLPTXK4
BP8B,SWM281
BP8B,2420A
BP8B,BTK7A
BP8B,B1458C
BP8B,AW1020DK
BP8B,B1467A
BTGHD9,BT518
BTGHD9,AF102
BTGHD9,SGA102BR
BTGHD9,SGA1713B
BTGHD9,SGA1714B
BTGHD9,OFWHD3KT
BTGHD9,A91F
BTGHD9,IMM240
BTGHD9,SPBS24AR
BTGHD9,SPBS18AR
ACT407,ACT2105
ACT407,ACT413A
ACT407,ACT73A
ACT407,ACT1290A
ACT407,ACT51234A
ACT407,ACTR4151A
ACT407,ACT1297
ACT407,ACT925
ACT407,ACT9103
ACT407,ACT83A
A277,KAERNADD6RD
A277,KRSC343PBO
A277,KRA2422PBO
A277,KRSC430APBO7
A277,KRA2055FPBO
A277,KCP2422PBO
A277,KRA2411PBO
A277,KRSC46HPBO
A277,KRA4107FPBO
A277,KCP1422PBO
AYESSETC,SIMM240
AYESSETC,SPBS704AR
AYESSETC,TMXK2
AYESSETC,SGD8BR
AYESSETC,SIMM160A
AYESSETC,SRPCR3800
AYESSETC,PPC105LA
AYESSETC,BLPTHC87
AYESSETC,SRPCR4700
AYESSETC,96ACF
BLPHSM1410,BLPHSM148
BLPHSM1410,BLPHL145
BLPHSM1410,BLPHL144
BLPHSM1410,BLPHL146
BLPHSM1410,BLPHSM145
BLPHSM1410,BLPHL3810
BLPHSM1410,BLPHL388
BLPHSM1410,BLPT1420
BLPHSM1410,BLPTL1430
BLPHSM1410,BLPT1430
BLPHSM144,SPBS704AR
BLPHSM144,SGDP42IRBR
BLPHSM144,SHD1R
BLPHSM144,SGDX80BR
BLPHSM144,SGD8BR
BLPHSM144,SGD6BR
BLPHSM144,SPBS12AR
BLPHSM144,47ACF
BLPHSM144,PPC103A
BLPHSM144,TMXK4
BLPHSM147,SGD8BR
BLPHSM147,PPC106LA
BLPHSM147,SPBS12AR
BLPHSM147,F80
BLPHSM147,SGDX80BR
BLPHSM147,47ACF
BLPHSM147,FX1
BLPHSM147,SGD6BR
BLPHSM147,SIMM170
BLPHSM147,TMU8B
BLPSM1412,BLPSM149
BLPSM1412,BLPSM146
BLPSM1412,BLPSM1411
BLPSM1412,BLPSM145
BLPSM1412,BLPSM1413
BLPSM1412,BLPSM148
BLPSM1412,BLPSM1410
BLPSM1412,BLPTXK4
BLPSM1412,TMMS15
BLPSM1412,FLF80A
BLPSM147,BLPSM146
BLPSM147,BLPSM149
BLPSM147,BLPSM145
BLPSM147,BLPSM1411
BLPSM147,BLPSM144
BLPSM147,BLPSM1413
BLPSM147,BLPSM1412
BLPSM147,BLPSM148
BLPSM147,BLPSM1410
BLPSM147,BLPTXK4
BLPT147,BLPT146
BLPT147,BLPT149
BLPT147,BLPT148
BLPT147,BLPT1410
BLPT147,BLPT1415
BLPT147,BLPT1427
BLPT147,BLPT1425
BLPT147,BLPT3845
BLPT147,BLPTE148
BLPT147,BLPTE3812
BLPTORX1410,QD3RN350A
BLPTORX1410,BOERM18
BLPTORX1410,AWCGT500
BLPTORX1410,UTV617A
BLPTORX1410,BLPXZNM389
BLPTORX1410,UTS105A
BLPTORX1410,UTV616A
BLPTORX1410,TWM27
BLPTORX1410,BOERM21
BLPTORX1410,QD1RN25B
BLPTS1427,FXK6
BLPTS1427,PPC103A
BLPTS1427,SRPCR4700
BLPTS1427,TMXK60
BLPTS1427,F80
BLPTS1427,SPBS8AR
BLPTS1427,SPBS18AR
BLPTS1427,FHLF80A
BLPTS1427,PPC106LA
BLPTS1427,SIMM200
BLPTS1440,SGD4BR
BLPTS1440,FU8A
BLPTS1440,TMU8B
BLPTS1440,FXK3
BLPTS1440,TMXK60
BLPTS1440,SGD6BR
BLPTS1440,SHD1R
BLPTS1440,91ACP
BLPTS1440,96ACF
BLPTS1440,47ACF
BLPTS1445,BLPTHC87
BLPTS1445,PPC106LA
BLPTS1445,SIMM160A
BLPTS1445,FXK6
BLPTS1445,SPBS8AR
BLPTS1445,TMXK2
BLPTS1445,SPBS24AR
BLPTS1445,47ACF
BLPTS1445,SGDP42IRBR
BLPTS1445,SGASA204CR
BLPHL3814,FXK6
BLPHL3814,SPBS24AR
BLPHL3814,SPBS704AR
BLPHL3814,A2A
BLPHL3814,TMXK2
BLPHL3814,SRPCR3800
BLPHL3814,FXK3
BLPHL3814,SGDP42IRBR
BLPHL3814,T72
BLPHL3814,ATECH2FR125B
BLPHM1212,BLPH1214
BLPHM1212,BLPH1418
BLPHM1212,BLPH14732
BLPHM1212,BLPH14316
BLPHM1212,BLPH14964
BLPHM1212,BLPH1414
BLPHM1212,BLPH14532
BLPHM1212,BLPTE146
BLPHM1212,BLPH1217
BLPHM1212,BLPTE144
BLPHS14764,SGD4BR
BLPHS14764,SRPCR4700
BLPHS14764,SIMM210
BLPHS14764,SGDX80BR
BLPHS14764,SGD6BR
BLPHS14764,TMU8B
BLPHS14764,SGDP31IRBR
BLPHS14764,SIMM160A
BLPHS14764,SRPCR3800
BLPHS14764,47ACF
GA243,VGP22418
GA243,YA109C
GA243,14V
GA243,BF775C-A
GA243,PK50A
GA243,S9538A
GA243,A179A
GA243,PKRS1
GA243,AD10C
GA243,144TMPB
GCP10,AWTEF8K
GCP10,AWMEF6K
GCP10,SPBS24A
GCP10,PT10C
GCP10,AWEF9K
GCP10,BLPPB704
GCP10,YA9350B
GCP10,LDT8
GCP10,OFW2
GCP10,S6118A
SEPKCAMETPWZA,SPBS18AR
SEPKCAMETPWZA,91ACP
SEPKCAMETPWZA,FU8A
SEPKCAMETPWZA,SIMM200
SEPKCAMETPWZA,SHD1R
SEPKCAMETPWZA,SGD2BR
SEPKCAMETPWZA,SPBS24AR
SEPKCAMETPWZA,SGDP42IRBR
SEPKCAMETPWZA,96ACF
SEPKCAMETPWZA,SIMM180
SEPUAUTOBODYA,BF775C-A
SEPUAUTOBODYA,14V
SEPUAUTOBODYA,VGP12418
SEPUAUTOBODYA,AWM12D
SEPUAUTOBODYA,VGP12808
SEPUAUTOBODYA,VGP12406
SEPUAUTOBODYA,VGP12412
SEPUAUTOBODYA,PKRS1
SEPUAUTOBODYA,AC5C
SEPUAUTOBODYA,UTS105A
SRES26,SRES22
SRES26,SRES18
SRES26,SRES28
SRES26,SRES20
SRES26,SRES24
SRES26,STA35
SRES26,208FRDHM
SRES26,L872RM
SRES26,SHN36
SRES26,490CF
MS3000,PBMB5R
MS3000,AWPBX10
MS3000,TFTFM932A
MS3000,86EP
MS3000,PPC210BK
MS3000,PPC210A
MS3000,206AFSP
MS3000,PPB30AK
MS3000,SRPCR112
MS3000,211FSSY
MTIND683A,MTTL700
MTIND683A,EEDMDVA
MTIND683A,PGP120
MTIND683A,TIF160
MTIND683A,YA1175KIT
MTIND683A,MTTL800
MTIND683A,LBUK1
MTIND683A,EECR5A
MTIND683A,BLP18HVLP
MTIND683A,BLP13HVLP
OFC68-14,SGDX80BR
OFC68-14,SIMM170
OFC68-14,ATECH2FR125B
OFC68-14,SGD6BR
OFC68-14,SPBS8AR
OFC68-14,SGD2BR
OFC68-14,SPBS18AR
OFC68-14,SIMM240
OFC68-14,PL400B
OFC68-14,SGD4BR
OFWHD3,OFW3
OFWHD3,OFWHD1
OFWHD3,OFWHD2
OFWHD3,OFW1
OFWHD3,OFW2
OFWHD3,OFW4
OFWHD3,SIMM340
OFWHD3,AC58E
OFWHD3,OFW4KT
OFWHD3,ATKIFL
PKWSS53A,RXS605B
PKWSS53A,CSSD1R
PKWSS53A,BTC3A
PKWSS53A,313TSYA
PKWSS53A,UIM325
PKWSS53A,PPC110LA
PKWSS53A,BP16B
PKWSS53A,OEX714KB
PKWSS53A,BLPH3814
PKWSS53A,BLPH38732
PHP2A,PHP3A
PHP2A,PHP1A
PHP2A,BOERM22
PHP2A,TMM16
PHP2A,BOERM21
PHP2A,131TMPB
PHP2A,PPCL60BK
PHP2A,SFSM21
PHP2A,SHP10
PHP2A,SFSM20
RBM1618C,RBM1213C
RBM1618C,RBM1415C
RBM1618C,RBM1011C
RBM1618C,RBM78SC
RBM1618C,RBM1719C
RBM1618C,RBM910C
RBM1618C,OXIM707SBK
RBM1618C,SG4ASHBR
RBM1618C,RBM810C
RBM1618C,RBM78C
MSL59261,EECT424HD
MSL59261,PGP120
MSL59261,RULER6
MSL59261,EEBC30A12V
MSL59261,TDG2
MSL59261,YA1050B
MSL59261,EEDM504F
MSL59261,ECSPH271
MSL59261,SVTSRAD272U
MSL59261,RULER600
WELDGOGLEKT,ECFB200BL
WELDGOGLEKT,ECPRA072
WELDGOGLEKT,RULER601
WELDGOGLEKT,YA1050B
WELDGOGLEKT,EECT900
WELDGOGLEKT,EECT200
WELDGOGLEKT,EEDM504F
WELDGOGLEKT,GLASS50R
WELDGOGLEKT,GLASS30R
WELDGOGLEKT,RULER600
UIM325,340SSDP
UIM325,US712
UIM325,10SSD
UIM325,AWEF9K
UIM325,UPT65
UIM325,AWM110DHK
UIM325,UPT35
UIM325,BTWSMPK
UIM325,UPT2FL
UIM325,RBYA605
VGP12412,PKB52A
VGP12412,VGP12509
VGP12412,VGP12406
VGP12412,VGP22412
VGP12412,AWMEF8K
VGP12412,1210B
VGP12412,PKRS1
VGP12412,UTS105A
VGP12412,BP24B
VGP12412,OEX707B
VGP12808,VGP12509
VGP12808,PKB52A
VGP12808,VGP12418
VGP12808,VGP12406
VGP12808,VGP12412
VGP12808,VGP104
VGP12808,VGP22412
VGP12808,AWMEF8K
VGP12808,YA109C
VGP12808,AWEF9K
WELDIGNRALLY,ECPNI032R
WELDIGNRALLY,YA1050B
WELDIGNRALLY,RULER6
WELDIGNRALLY,EECT424HD
WELDIGNRALLY,ECHDD012A
WELDIGNRALLY,FB316B
WELDIGNRALLY,TDG1
WELDIGNRALLY,ECSPH271
WELDIGNRALLY,JCK7DBL
WELDIGNRALLY,ECPRA072
YA337A,218AFP
YA337A,SN25A
YA337A,10R
YA337A,AW1013DK
YA337A,SGDP64IRBR
YA337A,SWM111A
YA337A,SWM101A
YA337A,8HR
YA337A,317MPC
YA337A,PK53A
SHLL80A,FHLL80
SHLL80A,SH80A
SHLL80A,ATECH4RS600
SHLL80A,FHL80
SHLL80A,SHN36
SHLL80A,THL72
SHLL80A,FHR80
SHLL80A,FHBF80A
SHLL80A,FHLLF80
SHLL80A,112SIMTMM
SHLX80A,FHLX80B
SHLX80A,SHN36
SHLX80A,IPL18C
SHLX80A,IPL28C
SHLX80A,SH80A
SHLX80A,IPL36C
SHLX80A,IPLM12C
SHLX80A,IPLM13C
SHLX80A,THLL72
SHLX80A,325SIMM
PBS704,SRP3A
PBS704,TF5A
PBS704,SGDP64IRBR
PBS704,PPB826A
PBS704,BLPPB704
PBS704,PBMP703A
PBS704,PPC210BK
PBS704,218AFP
PBS704,TWM26
PBS704,SOEX704
YA1175KIT,MTTL7005PK
YA1175KIT,MTTL433
YA1175KIT,MTTL800
YA1175KIT,MTTL700
YA1175KIT,MTIND683A
YA1175KIT,EEDM596FK
YA1175KIT,EECT900
YA1175KIT,MTEE6
YA1175KIT,GA460B
YA1175KIT,MTTL750
IPL20C,IPL22C
IPL20C,IPL26C
IPL20C,IPL18C
IPL20C,IPL32C
IPL20C,IPL24C
IPL20C,IPL16C
IPL20C,IPL30C
IPL20C,BPPC1878
IPL20C,IPLM15C
IPL20C,IPLM14C
STMM4,TMM4.5
STMM4,AWMBPH9
STMM4,TWM25
STMM4,AWBPH13
STMM4,SFSM21
STMM4,SFSM20
STMM4,SN15B
STMM4,HSPD16
STMM4,TWM26
STMM4,TMM4
AWTR8,PKN90
AWTR8,DBT7
AWTR8,AWMXL10
AWTR8,PKNC150
AWTR8,AWBS13
AWTR8,BHS13A
AWTR8,LN47ACF
AWTR8,PPC206A
AWTR8,SGDX80BR
AWTR8,SGD8BR
AWTR8-1,T72
AWTR8-1,PPC103A
AWTR8-1,SGDX80BR
AWTR8-1,TMXK60
AWTR8-1,SPBS12AR
AWTR8-1,PPC4A
AWTR8-1,SIMM220
AWTR8-1,FHLF80A
AWTR8-1,SIMM200
AWTR8-1,SGD8BR
OEX709B,FA12LE
OEX709B,SPBS24A
OEX709B,FRX181
OEX709B,GF22
OEX709B,SEPHDSETAOBA
OEX709B,HD6529
OEX709B,TW481
OEX709B,KAC1224TCA
OEX709B,AWM110DK
OEX709B,STX70E
TMU161A,XS2024A
TMU161A,ATKBFL
TMU161A,SIMM220
TMU161A,F80
TMU161A,FXK6
TMU161A,PPC103A
TMU161A,SPBS704AR
TMU161A,PPC106LA
TMU161A,TMXK2
TMU161A,ATECH2FR125B
MTTL310,RULER6
MTTL310,GLASS30R
MTTL310,JT13B
MTTL310,FB303B
MTTL310,GLASS50R
MTTL310,SVTS272A
MTTL310,ECPNI032R
MTTL310,GA296B
MTTL310,EEBC30A12V
MTTL310,TDG1
ECHDD012AR,ECHDD012A
ECHDD012AR,ECARL032R
ECHDD012AR,ECPNJ032
ECHDD012AR,GLOVE300BL
ECHDD012AR,GLOVEORIGPLUSL
ECHDD012AR,ECPNH012
ECHDD012AR,ECHDF042
ECHDD012AR,ECSPH271
ECHDD012AR,TDG2
ECHDD012AR,EEDM503D
KRA24,KRA2007FPBO
KRA24,KRSC430APBO7
KRA24,KRA2411PBO
KRA24,YA450B
KRA24,KRA6200FPBO
KRA24,A277
KRA24,KWSP2455ABL
KRA24,KRA2406BPBO
KRA24,KRSC343PBO
KRA24,KRSC46HPBO
STX60E,STX55E
STX60E,SX20
STX60E,307ESAMY
STX60E,STX70E
STX60E,IMFLE120A
STX60E,207IMFLE
STX60E,IMSLE242A
STX60E,SAM19E
STX60E,SA16E
STX60E,OEXM8B
2050,SW421
2050,SRP3A
2050,PPB826A
2050,AWMG9
2050,SGDP64IRBR
2050,218AFP
2050,AWS13
2050,TWM25
2050,BTC7B
2050,SW381
KRSC323PJK,KRSC430APBO1
KRSC323PJK,KCP1422PBO
KRSC323PJK,YA389A
KRSC323PJK,KA2422SETPJH
KRSC323PJK,TB20AC
KRSC323PJK,KRA2411PBO
KRSC323PJK,KWSP2455ABL
KRSC323PJK,PLRK21
KRSC323PJK,KRSC46HPBO
KRSC323PJK,A277
S8184,S6111
S8184,S6112
S8184,B1467A
S8184,S6110A
S8184,BT11
S8184,B1458C
S8184,BCT1050
S8184,B240B
S8184,TA360
S8184,BTK7A
FK80,TK72
FK80,FC72
FK80,FKF80A
FK80,OXKRM705
FK80,PALMRAT
FK80,FZ80
FK80,TKF72
FK80,RAF80A
FK80,206AFSA
FK80,PPB30AK
KRSC323PU,KRSC430APBO1
KRSC323PU,KRA2411PBO
KRSC323PU,KA2422SETPJH
KRSC323PU,PLRK30
KRSC323PU,KRSC46HPBO
KRSC323PU,TB20AC
KRSC323PU,SNA-TBP14
KRSC323PU,A277
KRSC323PU,KRA2422PBO
KRSC323PU,YA438B
91ACPG,96ACF
91ACPG,AWM110DHK
91ACPG,317MSPC
91ACPG,47ACF
91ACPG,AWM110DK
91ACPG,PK53A
91ACPG,2004BSKA
91ACPG,TW481
91ACPG,PRH57A
91ACPG,HD6529
TMMDS4,FXK3
TMMDS4,ATECH2FR125B
TMMDS4,91ACP
TMMDS4,SHD1R
TMMDS4,PPC4A
TMMDS4,SPBS704AR
TMMDS4,SRPCR3800
TMMDS4,SGD8BR
TMMDS4,SPBS12AR
TMMDS4,SIMM200
AW035D,AW028D
AW035D,XS810A
AW035D,XS1618A
AW035D,XS67A
AW035D,XS2024A
AW035D,ATKIFL
AW035D,XS1416A
AW035D,XS1820A
AW035D,XS1012A
AW035D,XS2226A
MG1250,PH3050BR
MG1250,CTB8174
MG1250,CTB185
MG1250,MG725A
MG1250,PTC250
MG1250,CT825DB
MG1250,DB129C
MG1250,DB121C
MG1250,DBBPT13
MG1250,PH1050
MG1250L,PSO4525
MG1250L,PH3050BR
MG1250L,CTINF9010
MG1250L,CT9080K2
MG1250L,AT5500
MG1250L,CTB185
MG1250L,CTB8187
MG1250L,DBBPT13
MG1250L,PTC250
MG1250L,CTS561CHUCK
ACT9103,ACT1297
ACT9103,ACT413A
ACT9103,ACT51234A
ACT9103,ACTR4151A
ACT9103,ACT1290A
ACT9103,ACTUVPROKT
ACT9103,ACT407
ACT9103,ACT925
ACT9103,ACT73A
ACT9103,ACT2105
SGDP63IRBO,SGDP64IRBR
SGDP63IRBO,206EAU
SGDP63IRBO,317AMMPC
SGDP63IRBO,SGD6BR
SGDP63IRBO,SGD2BR
SGDP63IRBO,SGDP31IRBR
SGDP63IRBO,117TMM
SGDP63IRBO,LP10WR
SGDP63IRBO,218AFP
SGDP63IRBO,OFW2
OXKRM705,XOM605
OXKRM705,210FCOMA
OXKRM705,IPL40C
OXKRM705,IPL38C
OXKRM705,IPLM21C
OXKRM705,IPLM18C
OXKRM705,IPL34C
OXKRM705,IPSM22
OXKRM705,IPLM19C
OXKRM705,IPLM17C
317MSPC,FRX181
317MSPC,SEPHDSETAOBA
317MSPC,GF22
317MSPC,TW481
317MSPC,KAC1224TCA
317MSPC,AWM12D
317MSPC,AWM110DK
317MSPC,STX70E
317MSPC,FAML6E
317MSPC,SA16E
SW241,SW141A
SW241,SW201
SW241,SW361
SW241,SW301
SW241,340SSDP
SW241,AWEF6K
SW241,SW341
SW241,218AFSP
SW241,SWM251
SW241,SW421
L122,LDH362
L122,LDH442
L122,LDH402
L122,LDH602
L122,LDH422A
L122,LDH522
L122,L62
L122,L872RJ
L122,SOEX40
L122,YA4275
SN36,PWZ4
SN36,IPL16C
SN36,SX24
SN36,IPL34C
SN36,IPL38C
SN36,IPL20C
SN36,CJ2001P
SN36,SF80A
SN36,320SIM
SN36,XOM605
GLOVE600MO,GLOVE505RL
GLOVE600MO,GLOVE309L
GLOVE600MO,GLOVE300BL
GLOVE600MO,GLASS90BYEAR
GLOVE600MO,GLOVE1100L
GLOVE600MO,CLRPW75
GLOVE600MO,ECFLD030
GLOVE600MO,GLOVE900LR
GLOVE600MO,EECR5A
GLOVE600MO,EARPLUGBAND
GLOVE600XX,GLOVE505RL
GLOVE600XX,GLOVE309L
GLOVE600XX,GLOVE300BL
GLOVE600XX,GLASS90BYEAR
GLOVE600XX,GLOVE1100L
GLOVE600XX,SOSG01BKCL01
GLOVE600XX,CLRPW75
GLOVE600XX,ECFLD030
GLOVE600XX,GLOVE900LR
GLOVE600XX,EECR5A
SOEX710,SOEX704
SOEX710,SOEX32
SOEX710,SOEX36
SOEX710,AWEF6K
SOEX710,SOEX38
SOEX710,SOEX40
SOEX710,SOEXM9
SOEX710,SOEXM8
SOEX710,SWM261
SOEX710,AWS13
TR108,SDMV208
TR108,TR117O
TR108,QDTPMS
TR108,AF102
TR108,TR107A
TR108,PPK300
TR108,YA900
TR108,BF620C
TR108,OFC14KT
TR108,CSA12CR
FS141,FS241
FS141,FS221
FS141,FS121
FS141,FS181
FS141,FS201
FS141,FS161
FS141,BHS7A
FS141,SN25A
FS141,TWM31
FS141,ACT1370
TW341,TW121A
TW341,TW261
TW341,TW221
TW341,TW361
TW341,TW141A
TW341,TW161A
TW341,TW281
TW341,TW301
TW341,TWM31
TW341,TWM29
SGDMRC4-40,SGDMRC4-TM4
SGDMRC4-40,WTG10A
SGDMRC4-40,SGDMRC11A
SGDMRC4-40,BLPBTWSET
SGDMRC4-40,110STMDY
SGDMRC4-40,ST50A
SGDMRC4-40,STMD9
SGDMRC4-40,STMD16
SGDMRC4-40,STMD8
SGDMRC4-40,STMD12
MAGMICRO,MAGMINI
MAGMICRO,MAGSTRIP
MAGMICRO,MAGTRAY
MAGMICRO,MAGMAT
MAGMICRO,MAGDISH
MAGMICRO,GLOVE1100L
MAGMICRO,FB307RNB
MAGMICRO,JCW80AR
MAGMICRO,JCK7DBL
MAGMICRO,ECARL032R
AWXL13-3/32,SPBS8AR
AWXL13-3/32,SGDX80BR
AWXL13-3/32,SIMM170
AWXL13-3/32,TMXK2
AWXL13-3/32,SPBS704AR
AWXL13-3/32,BLPTHC87
AWXL13-3/32,SGDP42IRBR
AWXL13-3/32,TMU8B
AWXL13-3/32,96ACF
AWXL13-3/32,SIMM220
KRA2406BPOT,KRSC430APBO1
KRA2406BPOT,KRSC46HPBO
KRA2406BPOT,KRSC430APBO7
KRA2406BPOT,KRA4107FPBO
KRA2406BPOT,KAERNADD6RD
KRA2406BPOT,KCP1422PBO
KRA2406BPOT,KCP2422PBO
KRA2406BPOT,KRSC323PBO
KRA2406BPOT,KWSP2455ABL
KRA2406BPOT,SNA-TBP14
CDR861MDB,CT9080K2
CDR861MDB,PTR2500
CDR861MDB,PTGR110
CDR861MDB,DB121C
CDR861MDB,CTR867AK2
CDR861MDB,PT338
CDR861MDB,VWB8B
CDR861MDB,MG325
CDR861MDB,MG725A
CDR861MDB,CT9010K2
PPCL60BK,TMM16
PPCL60BK,BOERM22
PPCL60BK,BOERM21
PPCL60BK,131TMPB
PPCL60BK,UTV617A
PPCL60BK,SFSM21
PPCL60BK,FSM61
PPCL60BK,SFSM6
PPCL60BK,SFSM20
PPCL60BK,AWBS13
L62,LDH402
L62,LDH462
L62,LDH442
L62,LDH422A
L62,L122
L62,LDH522
L62,LDH562
L62,L8112A
L62,L872RJ
L62,429IM
FHOF80AO,TRSLF72
FHOF80AO,FZ80
FHOF80AO,PALMRAT
FHOF80AO,THRLX72
FHOF80AO,SX24
FHOF80AO,FK80
FHOF80AO,RAF80A
FHOF80AO,SH80A
FHOF80AO,FCF72
FHOF80AO,TRX72
PTGR110O,PTGR100
PTGR110O,PTC250
PTGR110O,PDR3000A
PTGR110O,VWB8B
PTGR110O,PSO4625
PTGR110O,PTR72
PTGR110O,PTR2505
PTGR110O,PT338
PTGR110O,PH3050BR
PTGR110O,DB129C
TMMD5,TMMD11
TMMD5,TMMD12
TMMD5,TMMD9
TMMD5,TMMD6
TMMD5,TMMD7
TMMD5,TMMD5.5
TMMD5,TMMD8
TMMD5,TMMD10
TMMD5,SR40K
TMMD5,BTC7B
TW321,TW121A
TW321,TW201
TW321,TW221
TW321,TW241
TW321,TW141A
TW321,TW161A
TW321,TW281
TW321,TW361
TW321,BHS7A
TW321,313TSYA
FLF80A,AWM110DHK
FLF80A,AC5C
FLF80A,2004BSKA
FLF80A,222AFSP
FLF80A,PK53A
FLF80A,ACT1370
FLF80A,TF5A
FLF80A,SWM111A
FLF80A,OEXM9B
FLF80A,S6118A
SHL80AO,FHL80
SHL80AO,SRP2A
SHL80AO,THLL72
SHL80AO,SH80A
SHL80AO,SHLL80A
SHL80AO,FHLL80
SHL80AO,SHBB24
SHL80AO,OEXM90B
SHL80AO,SIM340
SHL80AO,OEXM80B
SHP7,SHP10
SHP7,SHP2KT
SHP7,SGA1713B
SHP7,SGA102BR
SHP7,HCP48BCF
SHP7,PHP3A
SHP7,SGA1714B
SHP7,HL138ACP
SHP7,SGDX40BR
SHP7,650
REX25C,BEXD10A
REX25C,AWMEF8K
REX25C,MSK10
REX25C,AWEF9K
REX25C,209TFSMYA
REX25C,213TFSYA
REX25C,EXDL10A
REX25C,PPCL60BK
REX25C,307ESAY
REX25C,MSKM10
TWM21,TWM23
TWM21,TWM20
TWM21,TWM24
TWM21,TWM18
TWM21,TWM17
TWM21,TWM29
TWM21,TWM31
TWM21,TWM25
TWM21,TWM26
TWM21,313TSMYA
TZERO,TNF72
TZERO,TN72
TZERO,TMR4
TZERO,111STMMDY
TZERO,SGDMRC103A
TZERO,BLPEXTF146
TZERO,TXM72
TZERO,BLPBTWSET
TZERO,WTG10A
TZERO,RBYA605
SHDP42IRR,SHDP31IRR
SHDP42IRR,SHD4R
SHDP42IRR,SHD2R
SHDP42IRR,SHD6R
SHDP42IRR,SHDP63IRR
SHDP42IRR,SHD1R
SHDP42IRR,10R
SHDP42IRR,GA98A
SHDP42IRR,BF620C
SHDP42IRR,TWM25
F201,SGD2BR
F201,SRPCR4700
F201,SGDX80BR
F201,FXK6
F201,SGDP31IRBR
F201,47ACF
F201,PPC4A
F201,F80
F201,ATECH2FR125B
F201,91ACP
CSSD1O,CSSD50R
CSSD1O,PKWSS53A
CSSD1O,CSA14CR
CSSD1O,PKNC300
CSSD1O,SGAS102BG
CSSD1O,CSA12CR
CSSD1O,PHP2A
CSSD1O,AWPBX10
CSSD1O,EXD35A
CSSD1O,BT518
EEPV503,RTEMPB7
EEPV503,CAL6EA
EEPV503,EEDMDVA
EEPV503,EEPV509
EEPV503,MTTL300
EEPV503,GA296B
EEPV503,PGP50
EEPV503,MTEE6
EEPV503,EEPV500
EEPV503,YA4000B
PKN3,FXK3
PKN3,SRPCR4700
PKN3,BLPTHC87
PKN3,SIMM170
PKN3,SRPCR3800
PKN3,SGDP42IRBR
PKN3,FXK11
PKN3,FU8A
PKN3,SIMM190
PKN3,SIMM160A
ECARL032R,ECPRL092
ECARL032R,ECPNI032R
ECARL032R,MAGMINI
ECARL032R,ECPNJ032
ECARL032R,MAGDISH
ECARL032R,ECHDD012AR
ECARL032R,ECPRA072
ECARL032R,ECHDF042
ECARL032R,SVTSRAD272U
ECARL032R,GLOVE300BL
AWCPEF16K,AWCG1600B
AWCPEF16K,AWMCG1600B
AWCPEF16K,120STTM
AWCPEF16K,SWM221
AWCPEF16K,SWM241
AWCPEF16K,FKF80A
AWCPEF16K,SWM191
AWCPEF16K,SWM171
AWCPEF16K,SWM141A
AWCPEF16K,SH80A
AWBSGM4A,SIMM220
AWBSGM4A,FX1
AWBSGM4A,96ACF
AWBSGM4A,FXK6
AWBSGM4A,F80
AWBSGM4A,SPBS24AR
AWBSGM4A,SGDP31IRBR
AWBSGM4A,FU8A
AWBSGM4A,PPC4A
AWBSGM4A,SIMM190
TWM25,TWM31
TWM25,TWM26
TWM25,TWM28
TWM25,R1618SC
TWM25,TWM27
TWM25,TWM30
TWM25,1210B
TWM25,TWM32
TWM25,TW401
TWM25,206AFSA
AWSG07A,PL400B
AWSG07A,A2A
AWSG07A,SRPCR4700
AWSG07A,SIMM220
AWSG07A,SGDP42IRBR
AWSG07A,SGD8BR
AWSG07A,SPBS18AR
AWSG07A,SPBS12AR
AWSG07A,SIMM170
AWSG07A,SGDP31IRBR
PPC210A,PPC208A
PPC210A,PPC110LA
PPC210A,AWM140DK
PPC210A,PPC104LA
PPC210A,PPC108LA
PPC210A,TTX27E
PPC210A,TTX30E
PPC210A,PPC203A
PPC210A,PPC206A
PPC210A,AD12C
TMD12,XS2024A
TMD12,96ACF
TMD12,SPBS704AR
TMD12,F80
TMD12,GFAT1E
TMD12,FX1
TMD12,TMXK4
TMD12,SGD2BR
TMD12,FXK11
TMD12,SIMM150A
TMD16,XS2024A
TMD16,ATECH2FR125B
TMD16,SIMM160A
TMD16,SGD8BR
TMD16,PL400B
TMD16,ATECH3FR300B
TMD16,TMU8B
TMD16,FXK3
TMD16,SIMM170
TMD16,SGD4BR
SW161A,SW141A
SW161A,SW261
SW161A,SW221
SW161A,SW181A
SW161A,SW241
SW161A,SW201
SW161A,SW301
SW161A,218AFSP
SW161A,SW421
SW161A,R1618SC
SW181A,SW261
SW181A,SW221
SW181A,SW161A
SW181A,SW241
SW181A,SW281
SW181A,SW361
SW181A,AWEF6K
SW181A,SW341
SW181A,SW421
SW181A,313SYA
KCP1422PJK,KWSP2455AST
KCP1422PJK,KWSN2455ABL
KCP1422PJK,KWSN2455AST
KCP1422PJK,KWSP2455ABL
KCP1422PJK,KRWT2411
KCP1422PJK,KCP2422PBO
KCP1422PJK,KRSC430APBO1
KCP1422PJK,PLRK30
KCP1422PJK,KAERNADD6RD
KCP1422PJK,KRA4114FPBO
PTM2G,SGAS102BG
PTM2G,UIM2RSLT
PTM2G,PBMMS5R
PTM2G,AWSGM800A
PTM2G,TR117O
PTM2G,FHOF80A
PTM2G,UIM2LT
PTM2G,HBBD8
PTM2G,UPT65
PTM2G,915CF
AT4101G,AT4124
AT4101G,AT4135
AT4101G,ACT1290A
AT4101G,EC-USB-C-3A
AT4101G,UTK100
AT4101G,EEPV509
AT4101G,EECT400
AT4101G,TDG1
AT4101G,YA4000B
AT4101G,YAKS42
F261,F281
F261,XS2024A
F261,F221
F261,XS1820A
F261,F241
F261,F181
F261,F141
F261,XS2226A
F261,VO1820B
F261,VO1416B
KRSC430APJJ1,KRSC323PBO
KRSC430APJJ1,MRB12B
KRSC430APJJ1,PLRK27
KRSC430APJJ1,KCP2422PBO
KRSC430APJJ1,SNA-TBP14
KRSC430APJJ1,KRSC326FPBO
KRSC430APJJ1,PLRK21
KRSC430APJJ1,KRSC46HPBO
KRSC430APJJ1,KAERNADD6RD
KRSC430APJJ1,KRA4008FPBO
KRSC430APOT1,KRSC323PBO
KRSC430APOT1,MRB12B
KRSC430APOT1,KCP2422PBO
KRSC430APOT1,KAERNADD6RD
KRSC430APOT1,KRWT2411
KRSC430APOT1,KCP1422PBO
KRSC430APOT1,KWSP2455ABL
KRSC430APOT1,KRA2055FPBO
KRSC430APOT1,KACKMCFIBER1
KRSC430APOT1,KA2422SETPJH
TW381,AW4D
TW381,AW6D
TW381,TW461
TW381,TW441
TW381,KAC1224TCA
TW381,HD6529
TW381,TW421
TW381,FAML6E
TW381,218AFSP
TW381,AW10D
KRSC4130PC,YA438B
KRSC4130PC,KRSC46HPBO
KRSC4130PC,KRA2406BPBO
KRSC4130PC,KWSP2455AST
KRSC4130PC,KRA4107FPBO
KRSC4130PC,KCP2422PBO
KRSC4130PC,KCP1422PBO
KRSC4130PC,KRA2055FPBO
KRSC4130PC,YA450B
KRSC4130PC,KRSC2460PWZ7
KRSC4130PCM,KWSN2455ABL
KRSC4130PCM,PLRK27
KRSC4130PCM,KRSC46HPBO
KRSC4130PCM,KRA4813FPBO
KRSC4130PCM,YA389A
KRSC4130PCM,TB40C
KRSC4130PCM,KCP2422PBO
KRSC4130PCM,KACKMCFIBER1
KRSC4130PCM,KRA6200FPBO
KRSC4130PCM,KRA4810FPBO
TMMD5.5,TMMD11
TMMD5.5,TMMD5
TMMD5.5,TMMD12
TMMD5.5,TMMD9
TMMD5.5,TMMD7
TMMD5.5,TMMD8
TMMD5.5,111STMMDY
TMMD5.5,BTC7B
TMMD5.5,AWMG9
TMMD5.5,AW1020DK
VWB5B,PTGR100
VWB5B,AT408
VWB5B,AT425R
VWB5B,DB121C
VWB5B,AT2050
VWB5B,PSO4625
VWB5B,PTC250
VWB5B,MG725A
VWB5B,PH3050BR
VWB5B,CT9010K2
PWZ2A,PWZ4
PWZ2A,PWZ0A
PWZ2A,GAX36
PWZ2A,PWZ1A
PWZ2A,A3042
PWZ2A,SBT26
PWZ2A,PK23A
PWZ2A,S6112
PWZ2A,SOEXM705
PWZ2A,TMM4
SHX80BG,THLX72
SHX80BG,FHLX80B
SHX80BG,SH80A
SHX80BG,SHBB24
SHX80BG,SHN36
SHX80BG,305ASX
SHX80BG,305SXWP
SHX80BG,FHLF80A
SHX80BG,320SIM
SHX80BG,313SMYA
FS221,FS241
FS221,FS121
FS221,FS141
FS221,FS201
FS221,FS181
FS221,FS161
FS221,BHS7A
FS221,SN25A
FS221,TWM31
FS221,ACT1370
FR80,AWEF6K
FR80,TR72
FR80,SWM261
FR80,YA2020
FR80,SWM271
FR80,AW1015DHK
FR80,PWC48
FR80,SR80A
FR80,AW1020DK
FR80,OEX11B
SGDMRC44BG,PT5C
SGDMRC44BG,SGDMRC4-TM4
SGDMRC44BG,SGDMRC4A
SGDMRC44BG,F4LBK
SGDMRC44BG,SGDMRC103A
SGDMRC44BG,OEX11B
SGDMRC44BG,SGDMRCE44
SGDMRC44BG,BTWSMPK
SGDMRC44BG,BTWS
SGDMRC44BG,SSDMRT8A
CTCO861DB,CTRS761ADB
CTCO861DB,CTSG861DB
CTCO861DB,CT825DB
CTCO861DB,PTC250
CTCO861DB,PTGR110
CTCO861DB,CTR867AK2
CTCO861DB,CTB8174
CTCO861DB,CT9080K2
CTCO861DB,CTR861AK2
CTCO861DB,PH3050BR
SGDTX90BG,SGDP64IRBR
SGDTX90BG,SRP3A
SGDTX90BG,OEXM7B
SGDTX90BG,YA339A
SGDTX90BG,SGDP63IRBG
SGDTX90BG,OEXM6B
SGDTX90BG,A91F
SGDTX90BG,SGDXL80BR
SGDTX90BG,SGDX40BR
SGDTX90BG,UTS105A
SVTS264,TA32A
SVTS264,SVTA9100
SVTS264,SVTSRAD272U
SVTS264,RADKITULTRA
SVTS264,ACT925
SVTS264,FB307RNB
SVTS264,ACT51234A
SVTS264,TA54
SVTS264,TA50
SVTS264,SVTS272A
TMMS10,TMMS5
TMMS10,TMMS5.5
TMMS10,TMMS6
TMMS10,TMMS9
TMMS10,TMMS11
TMMS10,TMMS13
TMMS10,TMMS15
TMMS10,TMMS8
TMMS10,TMMS4.5
TMMS10,TMMS4
TMMS11,TMMS5.5
TMMS11,TMMS15
TMMS11,TMMS7
TMMS11,TMMS13
TMMS11,TMMS8
TMMS11,TMMS10
TMMS11,TMMS4.5
TMMS11,TMMS4
TMMS11,110TMSY
TMMS11,212FSMSY
TTX27E,TTX40E
TTX27E,TTX30E
TTX27E,PPCS60BK
TTX27E,HSPD16
TTX27E,SFSM6
TTX27E,FSM71
TTX27E,TW401
TTX27E,AWM110DK
TTX27E,A161B
TTX27E,QD1R50A
GAW1916,SGASA204CR
GAW1916,TMXK4
GAW1916,SGDP31IRBR
GAW1916,PL400B
GAW1916,SGD8BR
GAW1916,PPC4A
GAW1916,SIMM170
GAW1916,FXK11
GAW1916,TMU8B
GAW1916,FX1
AWSGM2.5A,FXK6
AWSGM2.5A,96ACF
AWSGM2.5A,SIMM220
AWSGM2.5A,SIMM150A
AWSGM2.5A,SPBS24AR
AWSGM2.5A,SGD2BR
AWSGM2.5A,PPC4A
AWSGM2.5A,SIMM200
AWSGM2.5A,SIMM170
AWSGM2.5A,ATECH2FR125B
AWBCG1609,SRPCR3800
AWBCG1609,SIMM160A
AWBCG1609,FXK11
AWBCG1609,TMXK4
AWBCG1609,A2A
AWBCG1609,FXK6
AWBCG1609,SGASA204CR
AWBCG1609,SIMM200
AWBCG1609,PPC106LA
AWBCG1609,SGDX80BR
SIM260,SIM180A
SIM260,SIM300
SIM260,SIM280
SIM260,SIM380
SIM260,SIM400
SIM260,SIM360
SIM260,IM120A
SIM260,IM200
SIM260,IM300
SIM260,311IMYA
SIMM290,SIMM300
SIMM290,SIMM360
SIMM290,PKNC150
SIMM290,SOEX38
SIMM290,SOEX40
SIMM290,YA4275
SIMM290,L872RM
SIMM290,BT4651
SIMM290,SIMM320
SIMM290,STMM4
S61112,VSC4KT
S61112,SDMV208
S61112,B1356E
S61112,PWZ1A
S61112,SDDDM1AR
S61112,TL72
S61112,RTD48
S61112,TMX1
S61112,TMXK110
S61112,TMXK2
IPL24C,IPL22C
IPL24C,IPL18C
IPL24C,IPL20C
IPL24C,IPL32C
IPL24C,IPL28C
IPL24C,IPL38C
IPL24C,IPL30C
IPL24C,IPLM12C
IPL24C,IPLM16C
IPL24C,IPLM15C
IMM190,IMM170A
IMM190,IMM180
IMM190,IMM110A
IMM190,IMM120A
IMM190,IMM100A
IMM190,IMM200
IMM190,IMM130A
IMM190,IMM240
IMM190,IM220
IMM190,IM280
TW461,TW441
TW461,TW421
TW461,TWM26
TW461,TWM30
TW461,TWM32
TW461,TW381
TW461,TW401
TW461,OEXM230B
TW461,RC980
TW461,TWM25
AWBMCG1606,SPBS24AR
AWBMCG1606,A2A
AWBMCG1606,SPBS704AR
AWBMCG1606,FU8A
AWBMCG1606,TMXK2
AWBMCG1606,SIMM150A
AWBMCG1606,BLPTHC87
AWBMCG1606,SPBS18AR
AWBMCG1606,SPBS8AR
AWBMCG1606,SIMM210
SDD214,SDDDM1AR
SDD214,PT40B
SDD214,LN46ACF
SDD214,FXK8
SDD214,GSAF1F
SDD214,SHD1R
SDD214,SIM340
SDD214,SIM380
SDD214,SIM360
SDD214,SIM400
VWB800D,SDG10S25F
VWB800D,SAG03S20
VWB800D,PTGR100
VWB800D,PDR3000A
VWB800D,DB129C
VWB800D,PH1050
VWB800D,PTGR110
VWB800D,AT425R
VWB800D,PTC250
VWB800D,PTR2505
PH3050BR,PTC250
PH3050BR,PTGR100
PH3050BR,MG1250
PH3050BR,VWB8B
PH3050BR,PTGR110
PH3050BR,PTR72
PH3050BR,MG325
PH3050BR,AT2050
PH3050BR,PH1050
PH3050BR,PH1038
STMD6,XS2024A
STMD6,FX1
STMD6,SPBS18AR
STMD6,SIMM180
STMD6,91ACP
STMD6,96ACF
STMD6,SIMM210
STMD6,ATECH2FR125B
STMD6,TMXK4
STMD6,SGD2BR
FAML6E,FA12LE
FAML6E,FRX181
FAML6E,TW481
FAML6E,KAC1224TCA
FAML6E,HD6529
FAML6E,STX70E
FAML6E,YA2850A
FAML6E,SA16E
FAML6E,RC980
FAML6E,TW381
THLLF72O,SHLX80A
THLLF72O,FHOF80A
THLLF72O,FHLL80
THLLF72O,TKF72
THLLF72O,FH80MP
THLLF72O,SHN36
THLLF72O,THLX72
THLLF72O,THRLX72
THLLF72O,THL72
THLLF72O,FHBF80A
AWML1.5D,FXK11
AWML1.5D,TMXK4
AWML1.5D,96ACF
AWML1.5D,SIMM180
AWML1.5D,SPBS8AR
AWML1.5D,SRPCR4700
AWML1.5D,SGASA204CR
AWML1.5D,SGDP31IRBR
AWML1.5D,PPC106LA
AWML1.5D,SGDX80BR
AWTR8-4,FX1
AWTR8-4,SIMM220
AWTR8-4,SPBS704AR
AWTR8-4,SIMM190
AWTR8-4,96ACF
AWTR8-4,47ACF
AWTR8-4,SGDP31IRBR
AWTR8-4,TMXK4
AWTR8-4,FXK6
AWTR8-4,SIMM180
IPLM10C,IPLM12C
IPLM10C,IPLM13C
IPLM10C,IPLM14C
IPLM10C,IPLM18C
IPLM10C,IPLM24C
IPLM10C,IPLM21C
IPLM10C,IPLM19C
IPLM10C,IPL20C
IPLM10C,IPL18C
IPLM10C,IPLM22C
CTR867ADB,CT9010K2
CTR867ADB,CT9080K2
CTR867ADB,CT825DB
CTR867ADB,CTR861AK2
CTR867ADB,CTB8174
CTR867ADB,CTB185
CTR867ADB,CTS561BITSET
CTR867ADB,PTC250
CTR867ADB,CTB8187
CTR867ADB,CTINF9010
AWM4D,SGDP42IRBR
AWM4D,SGDX80BR
AWM4D,SGASA204CR
AWM4D,SPBS12AR
AWM4D,91ACP
AWM4D,SPBS704AR
AWM4D,PPC106LA
AWM4D,47ACF
AWM4D,FU8A
AWM4D,PPC103A
208CCP,SPBS24A
208CCP,BTC3A
208CCP,BTC7B
208CCP,S6110A
208CCP,TF5A
208CCP,STMM4
208CCP,B1461
208CCP,131A
208CCP,AC5C
208CCP,10R
211EFAMY,222SFFSFR
211EFAMY,224SFFSMFR
211EFAMY,212EFTAY
211EFAMY,PTIM5
211EFAMY,PKRS1
211EFAMY,PK52A
211EFAMY,307ESAY
211EFAMY,207EFAMY
211EFAMY,210EFTAMY
211EFAMY,SW341
212EFTXY,222SFFSFR
212EFTXY,FTX60E
212EFTXY,AWM110DHK
212EFTXY,AC5C
212EFTXY,224SFFSMFR
212EFTXY,207EFAMY
212EFTXY,212EFTAY
212EFTXY,307ESAY
212EFTXY,SOEX707
212EFTXY,PK23A
AT5500,AT380A
AT5500,AT700F
AT5500,AT2050
AT5500,AT109
AT5500,MG725A
AT5500,PDR3000A
AT5500,PTR2500
AT5500,CTB8174
AT5500,PH3050BR
AT5500,PT850
FC72,FSLF80
FC72,FZ80
FC72,FCF72
FC72,FK80
FC72,TRF72
FC72,FF80A
FC72,TK72
FC72,QD3250A
FC72,TKF72
FC72,FHOF80A
ATECH3FR300B,BLPTE3814
ATECH3FR300B,BLPTE3810
ATECH3FR300B,OXIM6B
ATECH3FR300B,310IMMYA
ATECH3FR300B,TECH1FR240
ATECH3FR300B,BOERM712
ATECH3FR300B,SIM360
ATECH3FR300B,317AMMPC
ATECH3FR300B,IMM100A
ATECH3FR300B,310SIMMYA
CT9080GDB,CT9010K2
CT9080GDB,CTB185
CT9080GDB,CTB8187
CT9080GDB,CTINF9010
CT9080GDB,CTQ838DB
CT9080GDB,CTR867AK2
CT9080GDB,CTR862DB
CT9080GDB,CTC131A
CT9080GDB,CTR861AK2
CT9080GDB,CTSG861DB
CDR4P32K3DB,MG725A
CDR4P32K3DB,CTCO861K2
CDR4P32K3DB,CTR861AK2
CDR4P32K3DB,CTB8174
CDR4P32K3DB,CT9080K2
CDR4P32K3DB,DBTB121
CDR4P32K3DB,PTGR110
CDR4P32K3DB,DB129C
CDR4P32K3DB,PTGR450
CDR4P32K3DB,AT2050
XS1416A,XS2226A
XS1416A,XS1618A
XS1416A,XS1214A
XS1416A,TM84
XS1416A,VO2628B
XS1416A,SGDEL10ESD
XS1416A,TM65
XS1416A,TMC104E
XS1416A,TM410
XS1416A,TM62B
SGDMRCE44G,BTWSMPK
SGDMRCE44G,110ETMAY
SGDMRCE44G,XO605
SGDMRCE44G,SSFP1
SGDMRCE44G,214SFY
SGDMRCE44G,SSFP2
SGDMRCE44G,PPB30AK
SGDMRCE44G,SGDMRC11A
SGDMRCE44G,SSDMRT8A
SGDMRCE44G,TL72
SGDX80BG,XS2024A
SGDX80BG,XS1416A
SGDX80BG,XS1012A
SGDX80BG,VO2628B
SGDX80BG,VO1820B
SGDX80BG,TM408
SGDX80BG,SGDEL10ESD
SGDX80BG,TMC106E
SGDX80BG,TMC104E
SGDX80BG,TM410
SHD2R,SHDP42IRR
SHD2R,SHDP31IRR
SHD2R,SHD4R
SHD2R,SHDP63IRR
SHD2R,SHD1R
SHD2R,TWM25
SHD2R,TWM26
SHD2R,313SYA
SHD2R,BP8B
SHD2R,TW401
CSA14C,2420A
CSA14C,AW1020DK
CSA14C,310IMMYA
CSA14C,CSSD1R
CSA14C,CSSD50R
CSA14C,SOEX40
CSA14C,FSM61
CSA14C,TMMD5
CSA14C,TMMD12
CSA14C,TMMD7
CSSD50B,CSSD1R
CSSD50B,CSA14CR
CSSD50B,AWPBX10
CSSD50B,SGAS102BG
CSSD50B,PKN500
CSSD50B,SGAS102BR
CSSD50B,PTM30
CSSD50B,208FRDHM
CSSD50B,PPB30AK
CSSD50B,86EP
490CF,912AEP
490CF,612AEP
490CF,908CF
490CF,411CF
490CF,86EP
490CF,911ACF
490CF,84CF
490CF,PWZ0A
490CF,388ACF
490CF,HL138ACP
414AHD,UPTM65K
414AHD,SOEX707
414AHD,SOEX38
414AHD,YA4275
414AHD,AWP160
414AHD,SOEX36
414AHD,SOEX30
414AHD,SOEX32
414AHD,211SFSY
414AHD,207EFAMY
SH80AG,THL72
SH80AG,FHR80
SH80AG,SN15B
SH80AG,SHLL80A
SH80AG,OFW3
SH80AG,FTX60E
SH80AG,SHBB24
SH80AG,FHOF80A
SH80AG,SHX80B
SH80AG,313SMYA
SHBB24,FHBB12A
SHBB24,FHBB18A
SHBB24,SR80A
SHBB24,TECH3FR250
SHBB24,307ESAMY
SHBB24,SH80A
SHBB24,SHX80B
SHBB24,SHN36
SHBB24,312IMMS
SHBB24,305ASX
GLOVE900MR,GLOVE505RL
GLOVE900MR,GLOVE300BL
GLOVE900MR,YA427B
GLOVE900MR,GLOVE309L
GLOVE900MR,GLOVE1100L
GLOVE900MR,SOSG01BKCL01
GLOVE900MR,GLOVEORIGPLUSL
GLOVE900MR,ACT51234A
GLOVE900MR,JCK7DBL
GLOVE900MR,ECPNG032
GLOVE900XLPK,GLOVE300BL
GLOVE900XLPK,YA427B
GLOVE900XLPK,GLOVE309L
GLOVE900XLPK,GLOVE1100L
GLOVE900XLPK,SOSG01BKCL01
GLOVE900XLPK,GLOVEORIGPLUSL
GLOVE900XLPK,ACT51234A
GLOVE900XLPK,GLASS30R
GLOVE900XLPK,JCK7DBL
GLOVE900XLPK,ECPNG032
315SIMMYA,320SIM
315SIMMYA,315IMMYA
315SIMMYA,IMM110A
315SIMMYA,IMM100A
315SIMMYA,IMM120A
315SIMMYA,IMM130A
315SIMMYA,SN25A
315SIMMYA,313SIMA
315SIMMYA,AC58E
315SIMMYA,222AFSP
TWM17,TWM19
TWM17,TWM23
TWM17,TWM21
TWM17,TWM20
TWM17,TWM22
TWM17,TWM24
TWM17,TWM29
TWM17,TWM31
TWM17,TWM25
TWM17,313TSMYA
KRA2407PU,KWSN2455ABL
KRA2407PU,KRSC343PBO
KRA2407PU,TB20AC
KRA2407PU,PLRK27
KRA2407PU,KWSP2455AST
KRA2407PU,KCP1422PBO
KRA2407PU,KCP2422PBO
KRA2407PU,SNA-TBP14
KRA2407PU,KRA4813FPBO
KRA2407PU,PLRK21
TMMDS4.5,SIMM200
TMMDS4.5,ATECH2FR125B
TMMDS4.5,SPBS8AR
TMMDS4.5,TMXK2
TMMDS4.5,SPBS12AR
TMMDS4.5,PPC106LA
TMMDS4.5,SGASA204CR
TMMDS4.5,SHD1R
TMMDS4.5,SPBS704AR
TMMDS4.5,SIMM190
VS814A,VSM807B
VS814A,314SCOA
VS814A,L8112A
VS814A,L872RJ
VS814A,L872RM
VS814A,L62
VS814A,IPL38C
VS814A,L122
VS814A,210FCOMA
VS814A,425IMM
SIM220,SIM180A
SIM220,SIM240
SIM220,SIM260
SIM220,SIM340
SIM220,IM160A
SIM220,IM180A
SIM220,IM280
SIM220,IM200
SIM220,IM300
SIM220,311IMYA
SWM141A,SWM161
SWM141A,SWM151A
SWM141A,SWM191
SWM141A,SWM171
SWM141A,SWM221
SWM141A,SWM201
SWM141A,SWM211
SWM141A,218AFSP
SWM141A,SWM271
SWM141A,222AFSP
TQSG3F250,TQFR100C
TQSG3F250,LSR1580
TQSG3F250,SR40K
TQSG3F250,LSR1450
TQSG3F250,SGDTX50BR
TQSG3F250,GAX36
TQSG3F250,QD2FR75B
TQSG3F250,B1458C
TQSG3F250,LSR1000EXT
TQSG3F250,S3624
AWMG9,222SFFSFR
AWMG9,AWM12D
AWMG9,224SFFSMFR
AWMG9,PK52A
AWMG9,14V
AWMG9,TWM31
AWMG9,1210B
AWMG9,BTC7B
AWMG9,TWM29
AWMG9,111TMMDY
TMC104E,XS1416A
TMC104E,XS2226A
TMC104E,XS1012A
TMC104E,TM84
TMC104E,VO2628B
TMC104E,XS810A
TMC104E,TM82
TMC104E,SGDEL10ESD
TMC104E,TM412
TMC104E,TMP23E
TQFR100C,BPPC1878
TQFR100C,307IPLY
TQFR100C,IPL36C
TQFR100C,IPL30C
TQFR100C,IPL20C
TQFR100C,IPL28C
TQFR100C,PW18C
TQFR100C,QD1R200A
TQFR100C,PHP3A
TQFR100C,PBS704
AWT15A,SPBS24AR
AWT15A,PPC4A
AWT15A,SIMM210
AWT15A,SGD8BR
AWT15A,SIMM190
AWT15A,SGDP42IRBR
AWT15A,SIMM200
AWT15A,SPBS18AR
AWT15A,SIMM170
AWT15A,FHLF80A
EEDM596FK,OC5A
EEDM596FK,EFPHANNIBALB
EEDM596FK,PG160
EEDM596FK,TEMP200
EEDM596FK,AT4124
EEDM596FK,GA460B
EEDM596FK,AT4135
EEDM596FK,MTTL800
EEDM596FK,YA1175KIT
EEDM596FK,MTTL433
KRA2411PJJ,KRA6210FPBO
KRA2411PJJ,KRWT2411
KRA2411PJJ,KWSN2455AST
KRA2411PJJ,KWSP2455ABL
KRA2411PJJ,KRA2422PBO
KRA2411PJJ,KCP1422PBO
KRA2411PJJ,KACKMCFIBER1
KRA2411PJJ,PLRK30
KRA2411PJJ,KRA2055FPBO
KRA2411PJJ,YA389A
KRA2411PJK,KRA6210FPBO
KRA2411PJK,KRWT2411
KRA2411PJK,KWSN2455AST
KRA2411PJK,KWSP2455ABL
KRA2411PJK,KRA2422PBO
KRA2411PJK,KCP1422PBO
KRA2411PJK,KWSN2455ABL
KRA2411PJK,KA2422SETPJH
KRA2411PJK,KRSC326FPBO
KRA2411PJK,KRSC323PBO
AWT9A,FHLF80A
AWT9A,SHD1R
AWT9A,SGASA204CR
AWT9A,SPBS8AR
AWT9A,T72
AWT9A,SGD4BR
AWT9A,FXK11
AWT9A,TMXK4
AWT9A,F80
AWT9A,SGDX80BR
FHLLF80,THLLF72
FHLLF80,SHLF80A
FHLLF80,FHOF80A
FHLLF80,THLF72
FHLLF80,SHN36
FHLLF80,SHX80B
FHLLF80,THLL72
FHLLF80,THLX72
FHLLF80,PPC210BK
FHLLF80,FHBB18A
CT825GDB,CTRS761ADB
CT825GDB,CTQ838DB
CT825GDB,CTCO861K2
CT825GDB,CTB8174
CT825GDB,CTR867AK2
CT825GDB,CTB185
CT825GDB,CGG861DB
CT825GDB,PT850
CT825GDB,CT9010K2
CT825GDB,VWB8B
CT825GK2,CTRS761ADB
CT825GK2,CTQ838DB
CT825GK2,CTCO861K2
CT825GK2,CTB8174
CT825GK2,CTR867AK2
CT825GK2,CTB185
CT825GK2,CGG861DB
CT825GK2,PT850
CT825GK2,CTC131A
CT825GK2,CT9010K2
GMB3042,SDMT25D
GMB3042,SDMT10D
GMB3042,SDMT20D
GMB3042,TMBS8A
GMB3042,GM3046
GMB3042,A3042
GMB3042,PK500A
GMB3042,VO1416B
GMB3042,VO1012B
GMB3042,VO1820B
CT861GK2,CTS561BITSET
CT861GK2,CTR862DB
CT861GK2,CT825DB
CT861GK2,VWB8B
CT861GK2,CT9010K2
CT861GK2,CTR867AK2
CT861GK2,PSO4625
CT861GK2,CTR861AK2
CT861GK2,PH3050BR
CT861GK2,CTC772A
KAERNADD6RD,PLRK27
KAERNADD6RD,PLRK21
KAERNADD6RD,PLRK30
KAERNADD6RD,TB20AC
KAERNADD6RD,YA389A
KAERNADD6RD,KRSC430APBO7
KAERNADD6RD,KWSP2455ABL
KAERNADD6RD,KRA2422PBO
KAERNADD6RD,KCP1422PBO
KAERNADD6RD,MRB12B
AWBSGM25A,FXK3
AWBSGM25A,SGDP42IRBR
AWBSGM25A,FU8A
AWBSGM25A,SGD6BR
AWBSGM25A,ATECH3FR300B
AWBSGM25A,SHD1R
AWBSGM25A,TMXK60
AWBSGM25A,SIMM160A
AWBSGM25A,SGD4BR
AWBSGM25A,SIMM170
SGD153BR,OFC7374-14
SGD153BR,SGD155CR
SGD153BR,FZ7A
SGD153BR,210EFTXRY
SGD153BR,PPCD70BK
SGD153BR,SW341
SGD153BR,S9704KR
SGD153BR,PTIM5
SGD153BR,FADH10C
SGD153BR,317MSPC
211SFSY,FA12LE
211SFSY,218AFSP
211SFSY,FRX181
211SFSY,317MSPC
211SFSY,GF22
211SFSY,114ATMP
211SFSY,TW481
211SFSY,AWM110DK
211SFSY,HD6529
211SFSY,211FSY
SPBS18AR,SPBS8AR
SPBS18AR,SOEX38
SPBS18AR,AWMG9
SPBS18AR,PKNC150
SPBS18AR,UPTM65K
SPBS18AR,SOEX40
SPBS18AR,SFSM16
SPBS18AR,BOERM712
SPBS18AR,SFSM8
SPBS18AR,PPC1A
FADH6C,FADH8C
FADH6C,FADH10C
FADH6C,FADH12C
FADH6C,PKNC300
FADH6C,SVSM807A
FADH6C,307IPLY
FADH6C,208FRDHM
FADH6C,LP7WR
FADH6C,UPTM65K
FADH6C,PPC210A
KRSC343POT,KRSC46HPBO
KRSC343POT,KASS13
KRSC343POT,YA389A
KRSC343POT,KWSN2455AST
KRSC343POT,KRA2055FPBO
KRSC343POT,TB20AC
KRSC343POT,KRA4114FPBO
KRSC343POT,KAERNADD6RD
KRSC343POT,KCP1422PBO
KRSC343POT,KRA2422PBO
PH200D,PH3050BR
PH200D,PTR2505
PH200D,PTC250
PH200D,PTGR450
PH200D,PTGR100
PH200D,PSO4625
PH200D,MG1250
PH200D,PTGR110
PH200D,PTB32K
PH200D,CTB8174
GLOVE502BMB,EEPV503
GLOVE502BMB,TDG1
GLOVE502BMB,EEDM504F
GLOVE502BMB,GLASS30R
GLOVE502BMB,YAKS42
GLOVE502BMB,YA1050B
GLOVE502BMB,UTK150
GLOVE502BMB,ECHDD012A
GLOVE502BMB,JT13B
GLOVE502BMB,UTK100
B3404B,B1467A
B3404B,B1356E
B3404B,ACT1370
B3404B,B1461
B3404B,OEXM6B
B3404B,PKNG90
B3404B,OEXM8B
B3404B,S6118A
B3404B,SIMM320
B3404B,131A
AWMXL10-1.5,SIMM190
AWMXL10-1.5,TMU8B
AWMXL10-1.5,SGDX80BR
AWMXL10-1.5,PPC106LA
AWMXL10-1.5,SGD4BR
AWMXL10-1.5,SIMM220
AWMXL10-1.5,47ACF
AWMXL10-1.5,TMXK4
AWMXL10-1.5,ATECH2FR125B
AWMXL10-1.5,TMXK2
BOERM10,BOERM12
BOERM10,BOERM13
BOERM10,BOERM17
BOERM10,BOERM11
BOERM10,BOERM14
BOERM10,BOERM19
BOERM10,BOERM8
BOERM10,BHM9A
BOERM10,FA10E
BOERM10,SG4ASHBR
BOERM13,BOERM15
BOERM13,BOERM10
BOERM13,BOERM14
BOERM13,BOERM17
BOERM13,BOERM12
BOERM13,TMMS9
BOERM13,FTXB55E
BOERM13,TMMS6
BOERM13,TMMS13
BOERM13,TMMS10
BPTOTEC,KRA2055FPBO
BPTOTEC,KRSC343PBO
BPTOTEC,YA450B
BPTOTEC,KCP2422PBO
BPTOTEC,KRSC46HPBO
BPTOTEC,KRA2406BPBO
BPTOTEC,KRWT2411
BPTOTEC,KRA2411PBO
BPTOTEC,YA438B
BPTOTEC,KWSN2455ABL
BTWSMPK,110ETMAY
BTWSMPK,PPSG106
BTWSMPK,SSFP1
BTWSMPK,214SFY
BTWSMPK,PPSG105
BTWSMPK,F12LB
BTWSMPK,OEX10B
BTWSMPK,84CF
BTWSMPK,PWC52A
BTWSMPK,TMA7E
CTLMAG-BOOTM,ECSPN108
CTLMAG-BOOTM,FB307RNB
CTLMAG-BOOTM,YA4190DIS
CTLMAG-BOOTM,IM1PT
CTLMAG-BOOTM,ECHDD012AR
CTLMAG-BOOTM,JT13B
CTLMAG-BOOTM,EEPV500
CTLMAG-BOOTM,EEDM503D
CTLMAG-BOOTM,EECT400
CTLMAG-BOOTM,ECHDD012A
FIH500,91ACP
FIH500,SIMM210
FIH500,SHD1R
FIH500,BLPTHC87
FIH500,SIMM240
FIH500,SIMM180
FIH500,SRPCR4700
FIH500,SIMM200
FIH500,SGD6BR
FIH500,PL400B
7031A,305SXWP
7031A,SWM241
7031A,FM18
7031A,FM11
7031A,FM19
7031A,FM15
7031A,FM13
7031A,FM14
7031A,SW261
7031A,SWM161
AYESHDA,SGDP31IRBR
AYESHDA,SGDP42IRBR
AYESHDA,PPC4A
AYESHDA,BLPTHC87
AYESHDA,SHD1R
AYESHDA,A2A
AYESHDA,TMXK4
AYESHDA,SIMM170
AYESHDA,TMXK2
AYESHDA,PL400B
BLPTE144,BLPTE145
BLPTE144,BLPTE147
BLPTE144,BLPTE146
BLPTE144,BLPTE1222
BLPTE144,BLPTE1224
BLPTE144,BLPTE1218
BLPTE144,BLPTE1220
BLPTE144,BLPTE3816
BLPTE144,BLPTE3812
BLPTE144,BLPTE3810
BDGPL411HG,BDGPL412HG
BDGPL411HG,BDGPL410HG
BDGPL411HG,XDHFM606K1
BDGPL411HG,LIL59000
BDGPL411HG,XDHF605
BDGPL411HG,AWP45
BDGPL411HG,UIM2LT
BDGPL411HG,490CF
BDGPL411HG,YA900
BDGPL411HG,HCP10
BLPH388,BLPH389
BLPH388,BLPH38516
BLPH388,BLPH38732
BLPH388,BLPH3814
BLPH388,BLPH386
BLPH388,BLPH3838
BLPH388,BLPH124
BLPH388,BLPT3840
BLPH388,BLPH125
BLPH388,BLPT1255
BLPHL38516,ATECH3FR300B
BLPHL38516,FX1
BLPHL38516,SIMM210
BLPHL38516,SPBS8AR
BLPHL38516,SHD1R
BLPHL38516,SPBS24AR
BLPHL38516,FXK11
BLPHL38516,SRPCR4700
BLPHL38516,PPC103A
BLPHL38516,PPC106LA
BLPHS14516,PPC106LA
BLPHS14516,SGD6BR
BLPHS14516,FX1
BLPHS14516,SIMM240
BLPHS14516,SRPCR4700
BLPHS14516,F80
BLPHS14516,SGD4BR
BLPHS14516,PL400B
BLPHS14516,FU8A
BLPHS14516,SIMM200
BLPHS14532,91ACP
BLPHS14532,TMXK60
BLPHS14532,SGD4BR
BLPHS14532,PPC105LA
BLPHS14532,FHLF80A
BLPHS14532,SIMM210
BLPHS14532,BLPTHC87
BLPHS14532,SPBS8AR
BLPHS14532,SPBS12AR
BLPHS14532,TMXK2
BLPHS14732,FXK6
BLPHS14732,SIMM170
BLPHS14732,SPBS18AR
BLPHS14732,SIMM150A
BLPHS14732,SGD6BR
BLPHS14732,SIMM200
BLPHS14732,ATECH3FR300B
BLPHS14732,47ACF
BLPHS14732,SHD1R
BLPHS14732,SGD2BR
JT13B,ECARA052A
JT13B,BLP18HVLP
JT13B,PGP50
JT13B,JT17A
JT13B,PGP120
JT13B,MTTL300
JT13B,GA460B
JT13B,ECPNG032
JT13B,EECT900
JT13B,EECT424HD
GAJ12A,340SSDP
GAJ12A,10SSD
GAJ12A,SR40K
GAJ12A,OEXM9B
GAJ12A,OEXM8B
GAJ12A,OEXM6B
GAJ12A,TWM31
GAJ12A,PPB826A
GAJ12A,PK53A
GAJ12A,AWS13
S3625,A129
S3625,A106
S3625,A127
S3625,S3624
S3625,YA4050B
S3625,213AFLEY
S3625,FLE140A
S3625,SOEXM705
S3625,SIMM110A
S3625,SIMM100A
SEPKCAMETPBOA,ATECH2FR125B
SEPKCAMETPBOA,SHD1R
SEPKCAMETPBOA,SIMM240
SEPKCAMETPBOA,SIMM190
SEPKCAMETPBOA,SPBS704AR
SEPKCAMETPBOA,SGD6BR
SEPKCAMETPBOA,F80
SEPKCAMETPBOA,SIMM210
SEPKCAMETPBOA,SRPCR3800
SEPKCAMETPBOA,96ACF
SEPKCAMETPCMA,FXK11
SEPKCAMETPCMA,SGASA204CR
SEPKCAMETPCMA,SHD1R
SEPKCAMETPCMA,PL400B
SEPKCAMETPCMA,SGD6BR
SEPKCAMETPCMA,FHLF80A
SEPKCAMETPCMA,SPBS8AR
SEPKCAMETPCMA,SPBS704AR
SEPKCAMETPCMA,FX1
SEPKCAMETPCMA,SGDP31IRBR
SEPPREATV,SOEXM9
SEPPREATV,SOEX707
SEPPREATV,SOEXM8
SEPPREATV,TWM30
SEPPREATV,TWM32
SEPPREATV,SRPCR4700
SEPPREATV,9100AGMO
SEPPREATV,S9711KA
SEPPREATV,SOEX704
SEPPREATV,SOEX38
SEPPROK1PBOA,FU8A
SEPPROK1PBOA,SGD2BR
SEPPROK1PBOA,ATECH2FR125B
SEPPROK1PBOA,FHLF80A
SEPPROK1PBOA,SGASA204CR
SEPPROK1PBOA,SPBS24AR
SEPPROK1PBOA,SIMM190
SEPPROK1PBOA,SGDP31IRBR
SEPPROK1PBOA,SIMM170
SEPPROK1PBOA,SPBS12AR
SSFP2,PPN4050
SSFP2,SSF1
SSFP2,SSFP1
SSFP2,OXIM707SBK
SSFP2,TMR4
SSFP2,OEX080B
SSFP2,OEXS709B
SSFP2,OXI707BK
SSFP2,YA2019
SSFP2,BLPEXTF146
TB50WC,KRSC326FPBO
TB50WC,KRSC46HPBO
TB50WC,YA389A
TB50WC,KRSC323PBO
TB50WC,KCP2422PBO
TB50WC,KA2422SETPJH
TB50WC,KACKFLTCLNR
TB50WC,TB20AC
TB50WC,YA450B
TB50WC,A277
PBMA5O,PBMA5G
PBMA5O,PBMMB5O
PBMA5O,PBMA5R
PBMA5O,PBMB5O
PBMA5O,PBMMS5O
PBMA5O,PBMS5R
PBMA5O,PBMB5R
PBMA5O,SDDDM1AR
PBMA5O,LN47ACF
PBMA5O,SGASA204CR
PBMMB5O,PBMMS5O
PBMMB5O,PBMMA5O
PBMMB5O,PBMMA5G
PBMMB5O,PBMMB5R
PBMMB5O,PBMMB5
PBMMB5O,PBMMS5R
PBMMB5O,PBMS5R
PBMMB5O,PBMB5R
PBMMB5O,FHLLF80
PBMMB5O,TMXK110
PRH57A,FA12LE
PRH57A,317MSPC
PRH57A,GF22
PRH57A,KAC1224TCA
PRH57A,TW481
PRH57A,AWM110DHK
PRH57A,114ATMP
PRH57A,AWM110DK
PRH57A,IMM360
PRH57A,2004BSKA
PWC48,US712
PWC48,YA2020
PWC48,DS806AK
PWC48,TR72
PWC48,PPB1002A
PWC48,AWM140DK
PWC48,PWC27
PWC48,BP12B
PWC48,OEX11B
PWC48,OEX10B
RBM78C,RBM910C
RBM78C,BLPTHC87
RBM78C,ATECH2FR125B
RBM78C,SHD1R
RBM78C,SPBS24AR
RBM78C,SRPCR4700
RBM78C,A2A
RBM78C,SIMM150A
RBM78C,SGDP42IRBR
RBM78C,TMU8B
R2024C,SPBS704AR
R2024C,SPBS8AR
R2024C,SIMM160A
R2024C,SGD8BR
R2024C,SRPCR4700
R2024C,SPBS24AR
R2024C,SIMM190
R2024C,PL400B
R2024C,FXK11
R2024C,SRPCR3800
EFPSHRED,RULER600
EFPSHRED,JT13B
EFPSHRED,FB336
EFPSHRED,TPMC25
EFPSHRED,SVTS272A
EFPSHRED,TDG1
EFPSHRED,BB9008
EFPSHRED,EEBC30A12V
EFPSHRED,ECHDF042
EFPSHRED,GA296B
UPT65,TWM31
UPT65,UIM325
UPT65,AWMBPH9
UPT65,AWBPH13
UPT65,BTWSMPK
UPT65,MS800
UPT65,SDMEXT19K
UPT65,TMP22E
UPT65,PTM2
UPT65,10R
USS103,PKB500A
USS103,PKNC301
USS103,PKNC300
USS103,HBPT24
USS103,SGD155CR
USS103,SGD153BR
USS103,SGDP162BR
USS103,SGDMRC11A
USS103,FHLX80B
USS103,SGASA204CR
YA900,YA2019
YA900,14V
YA900,ST50A
YA900,GA243
YA900,PKRS1
YA900,PPSG103
YA900,S9538A
YA900,DPT7A
YA900,TMU181A
YA900,AD12C
YA9350B,AWTEF8K
YA9350B,AWMEF6K
YA9350B,SPBS24A
YA9350B,SBT26
YA9350B,GCP10
YA9350B,PT10C
YA9350B,S9538A
YA9350B,DPT7A
YA9350B,AWEF9K
YA9350B,SR40K
PLRK21,PLRK27
PLRK21,YA389A
PLRK21,PLRK30
PLRK21,MRB12B
PLRK21,KAERNADD6RD
PLRK21,KACKMCFIBER1
PLRK21,TB20AC
PLRK21,KRSC430APBO7
PLRK21,TB50WC
PLRK21,SNA-TBP14
SFSM10,SFSM11
SFSM10,SFSM9
SFSM10,SFSM19
SFSM10,SFSM18
SFSM10,SFSM16
SFSM10,SFSM15
SFSM10,SFSM17
SFSM10,SFSM12
SFSM10,SFSM14
SFSM10,SFSM13
SDDDM1AO,PBMMB5R
SDDDM1AO,BLPBTWSET
SDDDM1AO,SSFP2
SDDDM1AO,TR117O
SDDDM1AO,ADCF8
SDDDM1AO,PBMS5R
SDDDM1AO,SSF1
SDDDM1AO,PBMB5R
SDDDM1AO,SSDMR4BR
SDDDM1AO,SGDX40BR
TMMS15,TMMS5
TMMS15,TMMS9
TMMS15,TMMS11
TMMS15,TMMS12
TMMS15,TMMS13
TMMS15,TMMS14
TMMS15,TMMS7
TMMS15,TMMS10
TMMS15,TMMS4.5
TMMS15,TMMS4
IPLM17C,IPLM12C
IPLM17C,IPLM13C
IPLM17C,IPLM19C
IPLM17C,IPLM24C
IPLM17C,IPL26C
IPLM17C,IPL32C
IPLM17C,IPL16C
IPLM17C,IPL28C
IPLM17C,IPL36C
IPLM17C,307IPLY
SRP3A,R1618SC
SRP3A,SW421
SRP3A,317MPC
SRP3A,DS806AK
SRP3A,OEX42B
SRP3A,SW381
SRP3A,SRP2A
SRP3A,YA337A
SRP3A,PPB1002A
SRP3A,PT28E
IPLM22C,IPDLM13A
IPLM22C,IPLM19C
IPLM22C,IPLM24C
IPLM22C,IPLM11C
IPLM22C,IPLM13C
IPLM22C,IPL26C
IPLM22C,IPL32C
IPLM22C,IPLM18C
IPLM22C,307IPLMY
IPLM22C,106IPTMMA
XLE605,BFCRM712A
XLE605,UTV617A
XLE605,UTV616A
XLE605,207IMFLE
XLE605,IMSLE242A
XLE605,IMFLE80A
XLE605,IMFLE120A
XLE605,BLPBSS40
XLE605,208EFTABMY
XLE605,LDT40
204FXKLA,103TMXKLA
204FXKLA,303SXWKL
204FXKLA,SGDXXL20BR
204FXKLA,SX20
204FXKLA,106IPTMMA
204FXKLA,S9714MK
204FXKLA,GAX36
204FXKLA,SX24
204FXKLA,111TMUSMA
204FXKLA,R1011C
VO2628B,XS1416A
VO2628B,XS1618A
VO2628B,VO1012B
VO2628B,XS1214A
VO2628B,TM84
VO2628B,XS67A
VO2628B,XS810A
VO2628B,TM65
VO2628B,TM410
VO2628B,TM5
OXIM710B,OXIM9B
OXIM710B,AWCGT500
OXIM710B,OXIM8B
OXIM710B,OXIM707SBK
OXIM710B,QD3RN350A
OXIM710B,OXIM7B
OXIM710B,OXI707BK
OXIM710B,RBM78SC
OXIM710B,RBM1618C
OXIM710B,RBM1719C
MRB10B,MRB15B
MRB10B,MRB5B
MRB10B,ITHE100
MRB10B,LBUK1
MRB10B,PGP120
MRB10B,JCW80AR
MRB10B,EECT424HD
MRB10B,MAGMAT
MRB10B,AT4101
MRB10B,ACT1290A
OEX711B,BHS7A
OEX711B,107ATMPB
OEX711B,DS806AK
OEX711B,YA2020
OEX711B,AW1015DHK
OEX711B,OEX10B
OEX711B,BTWSMPK
OEX711B,OEX080B
OEX711B,OEX714KB
OEX711B,OEXM240B
RULER602,FB303B
RULER602,ACT83A
RULER602,ACT73A
RULER602,ECF35
RULER602,GA296B
RULER602,RTEMPB7
RULER602,MTTL300
RULER602,CAL6EA
RULER602,ACT413A
RULER602,EEDM504F
HSG319,XS1820A
HSG319,XS2226A
HSG319,XS1618A
HSG319,XS1214A
HSG319,VO1416B
HSG319,VO1012B
HSG319,TM408
HSG319,SGDEL10ESD
HSG319,TM412
HSG319,TMC105E
AWTXL8-T10,FHLF80A
AWTXL8-T10,TMXK2
AWTXL8-T10,SRPCR4700
AWTXL8-T10,91ACP
AWTXL8-T10,SGDP31IRBR
AWTXL8-T10,SIMM200
AWTXL8-T10,SIMM160A
AWTXL8-T10,FXK3
AWTXL8-T10,GFAT1E
AWTXL8-T10,SGDP42IRBR
AWMCG1602B,T72
AWMCG1602B,SIMM220
AWMCG1602B,SIMM210
AWMCG1602B,SRPCR3800
AWMCG1602B,SGDP42IRBR
AWMCG1602B,SIMM160A
AWMCG1602B,ATECH2FR125B
AWMCG1602B,SIMM180
AWMCG1602B,PPC106LA
AWMCG1602B,47ACF
YA389A,PLRK21
YA389A,KACKMCFIBER1
YA389A,PLRK30
YA389A,KAERNADD6RD
YA389A,PLRK27
YA389A,MRB12B
YA389A,KRA2422PBO
YA389A,YA450B
YA389A,KCP1422PBO
YA389A,KWSP2455AST
311IMYA,309SIMYA
311IMYA,BLPTE3816
311IMYA,BLPTE3814
311IMYA,SR40K
311IMYA,SIM160A
311IMYA,SIM220
311IMYA,310IMMYA
311IMYA,SIM240
311IMYA,SIM260
311IMYA,SIM280
FHR80O,THR72
FHR80O,THL72
FHR80O,FHBB12A
FHR80O,THLL72
FHR80O,SHL80A
FHR80O,120STTM
FHR80O,FSS121
FHR80O,FSS161
FHR80O,SHX80B
FHR80O,TR72
207IMFLE,IMSLEPL240
207IMFLE,XLE605
207IMFLE,WHM1
207IMFLE,STX60E
207IMFLE,OXKRM705
207IMFLE,210EFTXRY
207IMFLE,307ESAY
207IMFLE,STX55E
207IMFLE,212EFTAY
207IMFLE,206EFAML
F221,F261
F221,F181
F221,F241
F221,F201
F221,F141
F221,F121
F221,F101
F221,F081
F221,XS2024A
F221,XS1416A
SGDP63IRBR,SN25A
SGDP63IRBR,QD3RN350A
SGDP63IRBR,317AMMPC
SGDP63IRBR,SGDP31IRBR
SGDP63IRBR,SGDP42IRBR
SGDP63IRBR,117TMM
SGDP63IRBR,LP10WR
SGDP63IRBR,218AFP
SGDP63IRBR,SGD4BR
SGDP63IRBR,OFW2
SG4ASABR,SG7ASABR
SG4ASABR,SG4ASHBR
SG4ASABR,SG5ASABR
SG4ASABR,PPK15
SG4ASABR,YA2020
SG4ASABR,PPCD70BK
SG4ASABR,SGDXL80BR
SG4ASABR,LP7R
SG4ASABR,OEXS709B
SG4ASABR,XS810A
AWTR8-8,FU8A
AWTR8-8,SIMM240
AWTR8-8,SIMM190
AWTR8-8,A2A
AWTR8-8,SHD1R
AWTR8-8,47ACF
AWTR8-8,96ACF
AWTR8-8,SPBS12AR
AWTR8-8,SRPCR3800
AWTR8-8,SGDP31IRBR
HBFE103G,PBMP703A
HBFE103G,HBBD16
HBFE103G,OEXM300B
HBFE103G,PPC715BK
HBFE103G,HBBD8
HBFE103G,HBBD56
HBFE103G,SG4ASHBR
HBFE103G,CJ2001P
HBFE103G,SHN36
HBFE103G,PWZ4
AWPBX10,AD8C
AWPBX10,AWP45
AWPBX10,CSSD50R
AWPBX10,MS3000
AWPBX10,415CF
AWPBX10,UIM2RSLT
AWPBX10,LIL59000
AWPBX10,XLE605
AWPBX10,PW18C
AWPBX10,HBPT24
PBN10,PBN11
PBN10,PBN15
PBN10,PBN500
PBN10,SPBS8AR
PBN10,SHD1R
PBN10,SPBS18AR
PBN10,SPBS24AR
PBN10,SPBS704AR
PBN10,SPBS12AR
PBN10,SGASA204CR
SHP2KT,SHP10
SHP2KT,SHCP1B
SHP2KT,SGA174BR
SHP2KT,SGA175BR
SHP2KT,YA9350B
SHP2KT,PHP1A
SHP2KT,SGA1713B
SHP2KT,PHP2A
SHP2KT,SGA102BR
SHP2KT,GA358B
AW18D,PL400B
AW18D,SRPCR3800
AW18D,TMXK60
AW18D,SGD4BR
AW18D,TMXK2
AW18D,ATECH2FR125B
AW18D,96ACF
AW18D,SGD6BR
AW18D,FXK6
AW18D,FXK11
208EFTABMY,207FHRM
208EFTABMY,206EFABLM
208EFTABMY,FABLM5E
208EFTABMY,MSKM10
208EFTABMY,XLE605
208EFTABMY,IPL40C
208EFTABMY,IPL38C
208EFTABMY,IPL34C
208EFTABMY,IPL36C
208EFTABMY,IPL22C
TM10G,XS2024A
TM10G,XS1820A
TM10G,XS1214A
TM10G,VO2628B
TM10G,TM408
TM10G,XS67A
TM10G,SGDEL10ESD
TM10G,XS810A
TM10G,TM65
TM10G,TM5
TMM13,TMM9
TMM13,TMM6
TMM13,TMM11
TMM13,TMM15
TMM13,TMM8
TMM13,TMM10
TMM13,FA12LE
TMM13,STMM13
TMM13,STMM5
TMM13,GF22
TC15A,TF275A
TC15A,TBS200A
TC15A,TF5A
TC15A,R404
TC15A,SGDXL80BR
TC15A,SGD4120BR
TC15A,SGDP162BR
TC15A,SOEX28
TC15A,PPC105LA
TC15A,PPC106LA
EECT900,EECT424HD
EECT900,ACTUVPROKT
EECT900,ACT51234A
EECT900,RADKITULTRA
EECT900,RTEMP8
EECT900,EECT200
EECT900,SVTSRAD272U
EECT900,EETL500
EECT900,SVTA9100
EECT900,ACTR4151A
PBMP12A,PBMP8A
PBMP12A,PBMP16A
PBMP12A,A179A
PBMP12A,LDT40
PBMP12A,HCP48BCF
PBMP12A,TR108
PBMP12A,SHCP1B
PBMP12A,SGA1711BR
PBMP12A,SGA174BR
PBMP12A,SGHBF500A
A179A,S9538A
A179A,S6103A
A179A,S9614A
A179A,A159
A179A,14V
A179A,BF775C-A
A179A,PK50A
A179A,A177A
A179A,OXIM7B
A179A,PBMP12A
F12LB,FXWP3
F12LB,TWM31
F12LB,TWM29
F12LB,BTWSMPK
F12LB,1210B
F12LB,110ETMAY
F12LB,XO605
F12LB,TWM28
F12LB,TMC105E
F12LB,A3042
FXK8,FXK4
FXK8,AWL1010DK
FXK8,FXK11
FXK8,FXK3
FXK8,FXK6
FXK8,SWM111A
FXK8,TMX1
FXK8,305ASX
FXK8,OFW3
FXK8,120STTM
SFSM18,SFSM9
SFSM18,SFSM12
SFSM18,SFSM8
SFSM18,SFSM11
SFSM18,SFSM19
SFSM18,SFSM17
SFSM18,SFSM15
SFSM18,SFSM14
SFSM18,SFSM13
SFSM18,SFSM10
DBT7,AWTR8
DBT7,BHM9A
DBT7,91ACP
DBT7,SGASA204CR
DBT7,BLPHL1418
DBT7,BLPHL14316
DBT7,BLPHL14532
DBT7,AWBXL13
DBT7,AWMXL10
DBT7,AWBS13
TMA3.5E,FXK6
TMA3.5E,ATECH2FR125B
TMA3.5E,GFAT1E
TMA3.5E,SIMM180
TMA3.5E,SGASA204CR
TMA3.5E,TMXK4
TMA3.5E,SGD8BR
TMA3.5E,SGD6BR
TMA3.5E,SRPCR3800
TMA3.5E,SPBS18AR
SGDP42IRBG,SGDP63IRBR
SGDP42IRBG,SGD4BR
SGDP42IRBG,SGDP64IRBR
SGDP42IRBG,OEXM6B
SGDP42IRBG,OFW3
SGDP42IRBG,222AFSP
SGDP42IRBG,SN25A
SGDP42IRBG,AWMG9
SGDP42IRBG,206EAU
SGDP42IRBG,218AFP
AWSGT25A,PL400B
AWSGT25A,SPBS8AR
AWSGT25A,SIMM150A
AWSGT25A,SIMM200
AWSGT25A,SIMM240
AWSGT25A,SIMM220
AWSGT25A,PPC106LA
AWSGT25A,SIMM210
AWSGT25A,SGDP31IRBR
AWSGT25A,FXK3
SHDP42IRG,SHDP31IRR
SHDP42IRG,SHD4R
SHDP42IRG,SHD2R
SHDP42IRG,SHD6R
SHDP42IRG,SHDP63IRR
SHDP42IRG,SHD1R
SHDP42IRG,10R
SHDP42IRG,GA98A
SHDP42IRG,BF620C
SHDP42IRG,TWM25
SWM301,SWM291
SWM301,SWM281
SWM301,SWM261
SWM301,SWM271
SWM301,S9724RHS
SWM301,SWM251
SWM301,OEXM320B
SWM301,SWM111A
SWM301,AD6C
SWM301,SW381
SGDMRC4-TM4,222SFFSFR
SGDMRC4-TM4,SDM400A
SGDMRC4-TM4,PK52A
SGDMRC4-TM4,PTIM5
SGDMRC4-TM4,DPT7A
SGDMRC4-TM4,S9614A
SGDMRC4-TM4,S6103A
SGDMRC4-TM4,212EFTAY
SGDMRC4-TM4,SOEXM9
SGDMRC4-TM4,SOEXM8
F121,FX1
F121,F80
F121,PPC106LA
F121,91ACP
F121,BLPTHC87
F121,A2A
F121,SRPCR3800
F121,ATECH3FR300B
F121,GFAT1E
F121,ATECH2FR125B
TPM16,TPM16ORG
TPM16,RULER602
TPM16,ECPNG032
TPM16,JT13B
TPM16,UTK100
TPM16,EEDM596FK
TPM16,ECARL032R
TPM16,FB336
TPM16,IM1PT
TPM16,RULER600
313TWMYA,TWM31
313TWMYA,TWM29
313TWMYA,313TSMYA
313TWMYA,TWM25
313TWMYA,313TSYA
313TWMYA,313TWYA
313TWMYA,BTCP2SA
313TWMYA,OFSKIT
313TWMYA,OFC14KT
313TWMYA,SLX80A
KRA4813FPOT,KRA4114FPBO
KRA4813FPOT,KRA4810FPBO
KRA4813FPOT,TB50WC
KRA4813FPOT,KRSC343PBO
KRA4813FPOT,KRA2055FPBO
KRA4813FPOT,KRSC326FPBO
KRA4813FPOT,KRA2422PBO
KRA4813FPOT,PLRK21
KRA4813FPOT,KRSC323PBO
KRA4813FPOT,KWSP2455ABL
BCS70A,224SFFSMFR
BCS70A,OFW4
BCS70A,S6112
BCS70A,BTK7A
BCS70A,B1458C
BCS70A,BT11
BCS70A,B1467A
BCS70A,TMBS8A
BCS70A,BTK5
BCS70A,B1461
AWMBS9,AWBS13
AWMBS9,AWTR8
AWMBS9,PPC208A
AWMBS9,SGHBF500A
AWMBS9,124STTMM
AWMBS9,HBBD24
AWMBS9,PWCSS7ACF
AWMBS9,SOEX26
AWMBS9,SOEX28
AWMBS9,10MA
ECPNH012,ECPNH012UV
ECPNH012,GLOVE300BL
ECPNH012,JCW62R
ECPNH012,TPMB25EM
ECPNH012,LBUK1
ECPNH012,ECHDD012AR
ECPNH012,EECS150
ECPNH012,GLASS50R
ECPNH012,ECARL032R
ECPNH012,MAGMAT
CTR817K2,CT9010K2
CTR817K2,CTR861AK2
CTR817K2,MG725A
CTR817K2,CTC772A
CTR817K2,PTGR450
CTR817K2,CTB8174
CTR817K2,MG325
CTR817K2,AT2050
CTR817K2,CTR867AK2
CTR817K2,PT850
9200AGSO,SIMM210
9200AGSO,96ACF
9200AGSO,SPBS704AR
9200AGSO,SHD1R
9200AGSO,SIMM200
9200AGSO,SGD4BR
9200AGSO,BLPTHC87
9200AGSO,ATECH3FR300B
9200AGSO,FXK3
9200AGSO,FX1
AWSG10A,SPBS8AR
AWSG10A,SIMM170
AWSG10A,SRPCR3800
AWSG10A,TMXK2
AWSG10A,ATECH2FR125B
AWSG10A,SIMM150A
AWSG10A,FX1
AWSG10A,96ACF
AWSG10A,TMXK4
AWSG10A,GFAT1E
IPLM15C,IPLM16C
IPLM15C,IPLM24C
IPLM15C,IPLM17C
IPLM15C,IPLM21C
IPLM15C,312IPL
IPLM15C,IPL26C
IPLM15C,IPL22C
IPLM15C,IPL28C
IPLM15C,IPL24C
IPLM15C,IPL36C
IPLM18C,IPLM15C
IPLM18C,IPLM10C
IPLM18C,IPLM24C
IPLM18C,IPLM17C
IPLM18C,IPL26C
IPLM18C,IPL34C
IPLM18C,IPL16C
IPLM18C,IPL18C
IPLM18C,IPL28C
IPLM18C,IPL24C
ECUHD218O,SVTSRAD272U
ECUHD218O,ECPNG032
ECUHD218O,YA4000B
ECUHD218O,EEBC30A12V
ECUHD218O,EECT900
ECUHD218O,MTTL800
ECUHD218O,JCK7DBL
ECUHD218O,SVTS272A
ECUHD218O,ECHDD012AR
ECUHD218O,TPGDL2000
GM3046,GMB3041
GM3046,PALMRAT
GM3046,GMB3042
GM3046,124STTMM
GM3046,112STMMY
GM3046,112TMMY
GM3046,A2A
GM3046,SGASA204CR
GM3046,VO1416B
GM3046,R1011C
ECPRA072GR,ECFD0102
ECPRA072GR,ECARL032R
ECPRA072GR,YA105013
ECPRA072GR,GLOVE1100L
ECPRA072GR,ECSPH271
ECPRA072GR,ECSPH271O-L
ECPRA072GR,ECPNI032R
ECPRA072GR,ECPRL092
ECPRA072GR,ECPNG032
ECPRA072GR,MAGMINI
IPSM15,IPSM18
IPSM15,IPSM21
IPSM15,IPSM22
IPSM15,IPDLM13A
IPSM15,207IPSFM
IPSM15,307IPLMY
IPSM15,IPLM15C
IPSM15,IPLM19C
IPSM15,TMUSM11A
IPSM15,212FSMSY
MG325G,PTR2500
MG325G,PTR72
MG325G,PTR2505
MG325G,MG725A
MG325G,MG1250
MG325G,PT850
MG325G,SAG03S20
MG325G,PDR3000A
MG325G,AT5500
MG325G,CT9080K2
PBN1,PBN5
PBN1,PBN2
PBN1,SGA1710BR
PBN1,PWCS9ACF
PBN1,SGA173BR
PBN1,RBM1213C
PBN1,SOEXM120
PBN1,RBM1618C
PBN1,RBM1415C
PBN1,BLPTS1420
LDH462,LDH362
LDH462,LDH482
LDH462,LDH402
LDH462,LDH342
LDH462,LDH522
LDH462,L122
LDH462,L8112A
LDH462,PKNC150
LDH462,UPTM65K
LDH462,SOEX40
PTR72G,PTR2500
PTR72G,PDR3000A
PTR72G,MG325
PTR72G,SAG03S20
PTR72G,PTR2505
PTR72G,PDR5000A
PTR72G,PT338
PTR72G,MG725A
PTR72G,PTGR110
PTR72G,AT2050
S80A,222AFSP
S80A,TWM23
S80A,TWM22
S80A,SXK11
S80A,TWM19
S80A,SN25A
S80A,TW201
S80A,TW121A
S80A,TW141A
S80A,TW301
TM04,XS2024A
TM04,XS1012A
TM04,XS1618A
TM04,TM84
TM04,XS1214A
TM04,VO1416B
TM04,VO3032B
TM04,TM65
TM04,TM412
TM04,TMC106E
FHBB18A,SHBB24
FHBB18A,FHBB12A
FHBB18A,SHN36
FHBB18A,103UFTS
FHBB18A,210EFTXRY
FHBB18A,PPCSG710
FHBB18A,FHLL80
FHBB18A,TECH3FR250
FHBB18A,THNF72
FHBB18A,SH80A
FHBB18AO,SHBB24
FHBB18AO,FHBB12A
FHBB18AO,SHN36
FHBB18AO,103UFTS
FHBB18AO,208AFX
FHBB18AO,THLL72
FHBB18AO,RBYAM605
FHBB18AO,SH80A
FHBB18AO,S8
FHBB18AO,TFTFM932A
MAGMATR,MAGMINI
MAGMATR,MAGSTRIP
MAGMATR,MAGMICRO
MAGMATR,MAGTRAY
MAGMATR,ASTFUN19KIT
MAGMATR,EECS150
MAGMATR,GLOVE300BL
MAGMATR,LBUK1
MAGMATR,JCK7DBL
MAGMATR,YAKS42
AT4101,AT4124
AT4101,AT4135
AT4101,ACT1290A
AT4101,EC-USB-C-3A
AT4101,TPGDL2000
AT4101,ECHDD012AR
AT4101,MAGMAT
AT4101,TDG1
AT4101,ECPNH012
AT4101,YA4000B
PPC20LB,R1618SC
PPC20LB,SW401
PPC20LB,317MPC
PPC20LB,SGDP64IRBR
PPC20LB,DS806AK
PPC20LB,PW18C
PPC20LB,1210B
PPC20LB,OEX38B
PPC20LB,TWM26
PPC20LB,AC58E
F241,F281
F241,F261
F241,F221
F241,F181
F241,F201
F241,F141
F241,F121
F241,F101
F241,F081
F241,XS2024A
KRSC4130PJK,KCP2422PBO
KRSC4130PJK,YA389A
KRSC4130PJK,KRSC2460PWZ7
KRSC4130PJK,YA438B
KRSC4130PJK,MRB12B
KRSC4130PJK,KASS13
KRSC4130PJK,KRA4810FPBO
KRSC4130PJK,KRA2422PBO
KRSC4130PJK,KRSC46HPBO
KRSC4130PJK,TB40C
SGDP31IRBO,SGD6BR
SGDP31IRBO,SGDP63IRBR
SGDP31IRBO,SGD8BR
SGDP31IRBO,SGDP64IRBR
SGDP31IRBO,OEXM6B
SGDP31IRBO,AC58E
SGDP31IRBO,222AFSP
SGDP31IRBO,AWMG9
SGDP31IRBO,206EAU
SGDP31IRBO,PT28E
SFSM17,SFSM16
SFSM17,SFSM11
SFSM17,SFSM19
SFSM17,SFSM18
SFSM17,SFSM9
SFSM17,SFSM15
SFSM17,SFSM14
SFSM17,SFSM13
SFSM17,SFSM8
SFSM17,SFSM10
SPBS24AG,AWTEF8K
SPBS24AG,AWMEF6K
SPBS24AG,GCP10
SPBS24AG,B260A
SPBS24AG,PT10C
SPBS24AG,BTC7B
SPBS24AG,208CCP
SPBS24AG,BTC3A
SPBS24AG,212SFMY
SPBS24AG,YA9350B
CTCO861K2,CTRS761ADB
CTCO861K2,CTSG861DB
CTCO861K2,CT825DB
CTCO861K2,PTC250
CTCO861K2,PTGR110
CTCO861K2,CTR867AK2
CTCO861K2,CTB8174
CTCO861K2,CT9080K2
CTCO861K2,CTR861AK2
CTCO861K2,PH3050BR
HR-26PKC,GA358B
HR-26PKC,A161B
HR-26PKC,UIM2LT
HR-26PKC,A177A
HR-26PKC,SSFP1
HR-26PKC,SSF1
HR-26PKC,VGP12509
HR-26PKC,VGP12808
HR-26PKC,VGP12418
HR-26PKC,VGP12406
FM16,FM18
FM16,FM11
FM16,FM15
FM16,FM19
FM16,FM17
FM16,FM13
FM16,FM14
FM16,FM12
FM16,218AFSP
FM16,212SFMY
AWM5D,PL400B
AWM5D,FU8A
AWM5D,A2A
AWM5D,PPC4A
AWM5D,TMU8B
AWM5D,47ACF
AWM5D,BLPTHC87
AWM5D,SGASA204CR
AWM5D,FHLF80A
AWM5D,SIMM170
AWXL13-1/8,SPBS704AR
AWXL13-1/8,FX1
AWXL13-1/8,ATECH3FR300B
AWXL13-1/8,SGD4BR
AWXL13-1/8,91ACP
AWXL13-1/8,SRPCR4700
AWXL13-1/8,SGASA204CR
AWXL13-1/8,PPC103A
AWXL13-1/8,SIMM190
AWXL13-1/8,FXK3
DBT15,SPBS18AR
DBT15,BLPTHC87
DBT15,96ACF
DBT15,SHD1R
DBT15,F80
DBT15,TMXK4
DBT15,FU8A
DBT15,SIMM180
DBT15,FXK6
DBT15,SGD2BR
TW161A,TW221
TW161A,TW201
TW161A,TW121A
TW161A,TW181A
TW161A,TW261
TW161A,TW321
TW161A,TW361
TW161A,TW301
TW161A,TW341
TW161A,BHS7A
AWBSG14A,PPC4A
AWBSG14A,PL400B
AWBSG14A,SRPCR4700
AWBSG14A,SGD2BR
AWBSG14A,SPBS704AR
AWBSG14A,SGDP42IRBR
AWBSG14A,SIMM160A
AWBSG14A,SGD6BR
AWBSG14A,SIMM220
AWBSG14A,FXK11
PPC715BK,AWMEF7K
PPC715BK,RXS605B
PPC715BK,A3042
PPC715BK,SWM251
PPC715BK,BP40B
PPC715BK,TMM4.5
PPC715BK,AWM110DK
PPC715BK,2005BSKA
PPC715BK,SRPCR112
PPC715BK,CSA12CR
HBBD24,317AMMPC
HBBD24,UIM225
HBBD24,LP10WR
HBBD24,TMM4
HBBD24,UPT35
HBBD24,SGDMRC44B
HBBD24,FADH12C
HBBD24,212SFSMY
HBBD24,STMM5
HBBD24,BTWSMPK
OEXM240B,OEXM230B
OEXM240B,OEXM250B
OEXM240B,ACT1370
OEXM240B,OEXM300B
OEXM240B,OEXM320B
OEXM240B,TW441
OEXM240B,OEXM8B
OEXM240B,BP32B
OEXM240B,OEXM7B
OEXM240B,SIMM340
OEX42B,OEX44B
OEX42B,SW421
OEX42B,OEX38B
OEX42B,OEXM290B
OEX42B,218AFP
OEX42B,317MPC
OEX42B,OEXM320B
OEX42B,SRP3A
OEX42B,OEXM300B
OEX42B,SGDP64IRBR
PBMB5,PBMS5R
PBMB5,PBMA5R
PBMB5,PBMA5G
PBMB5,PBMMA5G
PBMB5,PBMA5
PBMB5,MS3000
PBMB5,PBMMA5R
PBMB5,PBMMB5R
PBMB5,PTM2
PBMB5,F4LBK
FSS181,MPBS10AR
FSS181,FSS141
FSS181,FSS121
FSS181,FSS161
FSS181,110TMSY
FSS181,224SFFSMFR
FSS181,BF775C-A
FSS181,TW281
FSS181,TW221
FSS181,TW161A
YAKS42,SODC1
YAKS42,EEDMDVA
YAKS42,YA427B
YAKS42,MTTL700
YAKS42,MTEE6
YAKS42,GLOVE309L
YAKS42,MTTL800
YAKS42,RTEMP8
YAKS42,ECFB200BL
YAKS42,EEPV503
AWSGT800A,AWBSGM800A
AWSGT800A,AWBSG800A
AWSGT800A,AWSG800A
AWSGT800A,AWSGM800A
AWSGT800A,EXD35A
AWSGT800A,KAC1224TCA
AWSGT800A,GF22
AWSGT800A,PTM2
AWSGT800A,210RAFSMA
AWSGT800A,AWSG20A
IM160A,IM220
IM160A,IM140A
IM160A,IM200
IM160A,IM320
IM160A,IM300
IM160A,BLPTE3814
IM160A,SR40K
IM160A,SIM220
IM160A,SIM320
IM160A,SIM240
SDMV208,S61112
SDMV208,BL1B
SDMV208,TR117O
SDMV208,BTC8A
SDMV208,TR108
SDMV208,ADCF8
SDMV208,LP6LN
SDMV208,BLPEXTF146
SDMV208,SDMT10D
SDMV208,YA824C
KRSC326FPWZ,KRA2007FPBO
KRSC326FPWZ,KRA6200FPBO
KRSC326FPWZ,SNA-TBP14
KRSC326FPWZ,MRB12B
KRSC326FPWZ,KRA2411PBO
KRSC326FPWZ,KCP2422PBO
KRSC326FPWZ,KACKMCFIBER1
KRSC326FPWZ,KRWT2411
KRSC326FPWZ,KWSP2455ABL
KRSC326FPWZ,KAERNADD6RD
SGHBF500A,BHS7A
SGHBF500A,TFM7530B
SGHBF500A,ST50A
SGHBF500A,206AFSP
SGHBF500A,VO806B
SGHBF500A,BTK7A
SGHBF500A,CSA12CR
SGHBF500A,B1458C
SGHBF500A,S9711KA
SGHBF500A,RC980
TECH1FR240,TECH2FR100
TECH1FR240,TECH3FR250
TECH1FR240,BLPXZNM389
TECH1FR240,111STMMDY
TECH1FR240,OXIM710B
TECH1FR240,QD1RN25B
TECH1FR240,QD3RN350A
TECH1FR240,PALMRAT
TECH1FR240,SL80A
TECH1FR240,208EFTAMXSY
SIMM130A,SIMM140A
SIMM130A,SIMM230
SIMM130A,SIMM180
SIMM130A,SIMM190
SIMM130A,SIMM220
SIMM130A,222AFSP
SIMM130A,SN25A
SIMM130A,SIM180A
SIMM130A,SIM160A
SIMM130A,IMM110A
CSA8CO,FA12LE
CSA8CO,317MSPC
CSA8CO,PRH57A
CSA8CO,AC5C
CSA8CO,GF22
CSA8CO,TW481
CSA8CO,PKNC150
CSA8CO,SOEX38
CSA8CO,KAC1224TCA
CSA8CO,PK23A
SGDMRC108AO,S9538A
SGDMRC108AO,DPT7A
SGDMRC108AO,14V
SGDMRC108AO,GA243
SGDMRC108AO,PKRS1
SGDMRC108AO,SDMEXT19K
SGDMRC108AO,AD6C
SGDMRC108AO,WTG10A
SGDMRC108AO,FTX60E
SGDMRC108AO,OXIM6B
CAL6V,MTEE6
CAL6V,EEDMDVA
CAL6V,YA1050B
CAL6V,EECT400
CAL6V,JCK7DBL
CAL6V,GLASS30R
CAL6V,RULER6
CAL6V,TDG1
CAL6V,YAKS42
CAL6V,EEPV500
EFP2MORBID,TDG2
EFP2MORBID,ECHDF042
EFP2MORBID,EECT400
EFP2MORBID,MAGDISH
EFP2MORBID,IM1PT
EFP2MORBID,EECT200
EFP2MORBID,FB336
EFP2MORBID,YA1050B
EFP2MORBID,TDG1
EFP2MORBID,TPGDL2000
PL803A,YA4250
PL803A,YA2019
PL803A,BLPBTWKIT
PL803A,PL330ACF
PL803A,BDGPL412HG
PL803A,OXIM707SBK
PL803A,BDGPL410HG
PL803A,ST50A
PL803A,312CF
PL803A,212EFTAY
SGTT8B,SGTT9B
SGTT8B,SGTT5B
SGTT8B,SGTT3B
SGTT8B,SGTT1B
SGTT8B,SGTT7B
SGTT8B,SGTT10B
SGTT8B,SGTT6B
SGTT8B,BLPPB704
SGTT8B,SGA1714B
SGTT8B,PL5ESWIRESTRIP
SOEXM705,SOEX704
SOEXM705,SOEX36
SOEXM705,305SIMMY
SOEXM705,SIMM290
SOEXM705,SOEX30
SOEXM705,SOEX38
SOEXM705,TWM27
SOEXM705,SOEX32
SOEXM705,OFW2
SOEXM705,SGDTX50BR
KRA4114FPOT,KRA4107FPBO
KRA4114FPOT,KRA4813FPBO
KRA4114FPOT,PLRK21
KRA4114FPOT,YA389A
KRA4114FPOT,KACKMCFIBER1
KRA4114FPOT,KRA2422PBO
KRA4114FPOT,KWSP2455ABL
KRA4114FPOT,KCP1422PBO
KRA4114FPOT,YA438B
KRA4114FPOT,KRSC430APBO7
KRA4114FPWZ,KRA4107FPBO
KRA4114FPWZ,KRA4813FPBO
KRA4114FPWZ,KCP2422PBO
KRA4114FPWZ,A277
KRA4114FPWZ,KRSC46HPBO
KRA4114FPWZ,KRA4008FPBO
KRA4114FPWZ,KRA2055FPBO
KRA4114FPWZ,KRA2007FPBO
KRA4114FPWZ,KCP1422PBO
KRA4114FPWZ,KAERNADD6RD
EETH311,EESC340AINSTU
EETH311,2-07039A01
AW050D,SIMM210
AW050D,FXK6
AW050D,SIMM240
AW050D,PPC106LA
AW050D,SIMM180
AW050D,96ACF
AW050D,SPBS8AR
AW050D,PPC103A
AW050D,SGD2BR
AW050D,SIMM220
A98A,A98M
A98A,IMX32B
A98A,PPCSG710
A98A,BTCP600
A98A,FTX50E
A98A,FTX45E
A98A,FTX40E
A98A,411CF
A98A,304IMX
A98A,S9706KRA
CT9080K2,CT9010K2
CT9080K2,CTB185
CT9080K2,CTB8187
CT9080K2,CTINF9010
CT9080K2,CTQ838DB
CT9080K2,CTR867AK2
CT9080K2,CTR862DB
CT9080K2,CTC131A
CT9080K2,CTR861AK2
CT9080K2,CTSG861DB
CDR4P32L3K2,CTC131A
CDR4P32L3K2,CTR867AK2
CDR4P32L3K2,AT118
CDR4P32L3K2,CTB8174
CDR4P32L3K2,CTDFL861
CDR4P32L3K2,CTB185
CDR4P32L3K2,DBBPT13
CDR4P32L3K2,CT825DB
CDR4P32L3K2,PH3050BR
CDR4P32L3K2,PTGR100
TMUS181A,TMUS141A
TMUS181A,YA2020
TMUS181A,AW1013DK
TMUS181A,AWBPH13
TMUS181A,FR80
TMUS181A,AW1015DHK
TMUS181A,TR72
TMUS181A,PWC48
TMUS181A,110STMDY
TMUS181A,206AFSA
KRSC46HPES,KRSC430APBO7
KRSC46HPES,KRSC326FPBO
KRSC46HPES,KRA2407PBO
KRSC46HPES,KRSC430APBO1
KRSC46HPES,KRA4813FPBO
KRSC46HPES,KCP2422PBO
KRSC46HPES,YA438B
KRSC46HPES,KACKMCFIBER1
KRSC46HPES,YA389A
KRSC46HPES,KACKCAREKIT
KRSC46HPWZ,KRSC430APBO7
KRSC46HPWZ,KRSC326FPBO
KRSC46HPWZ,KRA2407PBO
KRSC46HPWZ,KRSC430APBO1
KRSC46HPWZ,KRA4813FPBO
KRSC46HPWZ,KCP2422PBO
KRSC46HPWZ,MRB12B
KRSC46HPWZ,KACKCAREKIT
KRSC46HPWZ,KRBC100ABN
KRSC46HPWZ,KASS13
210IMFSYA,212IMFMSYA
210IMFSYA,311IMFSY
210IMFSYA,212SIMFYA
210IMFSYA,211FSSY
210IMFSYA,212FSMSY
210IMFSYA,110TMSY
210IMFSYA,112TMMSY
210IMFSYA,FSS141
210IMFSYA,FSS121
210IMFSYA,FSS181
AD10C,RBM1011SC
AD10C,AD6C
AD10C,AWL1010DK
AD10C,14V
AD10C,DPT7A
AD10C,S9538A
AD10C,PPC905B
AD10C,WTG10A
AD10C,OEXM9B
AD10C,LP7WR
CTR861AGK2,CT9080K2
CTR861AGK2,CT9010K2
CTR861AGK2,CTR867AK2
CTR861AGK2,CTB185
CTR861AGK2,CTB8174
CTR861AGK2,CT825DB
CTR861AGK2,PSO4625
CTR861AGK2,CTC131A
CTR861AGK2,CTR862DB
CTR861AGK2,MG725A
305TSKTA,BF620C
305TSKTA,BTCP1
305TSKTA,CSA12CR
305TSKTA,BT11
305TSKTA,OEXM240B
305TSKTA,LP7WR
305TSKTA,LIL59000
305TSKTA,OEXM80B
305TSKTA,YA9350B
305TSKTA,S9704KR
RAF80A,112RTSMA
RAF80A,112RTMA
RAF80A,PALMRAT
RAF80A,TMR4
RAF80A,FSLF80
RAF80A,FZ80
RAF80A,F80MP
RAF80A,HD6529
RAF80A,STX70E
RAF80A,TK72
THL72O,SGDP31IRBR
THL72O,SGDP42IRBR
THL72O,SIMM160A
THL72O,TMXK2
THL72O,TMXK4
THL72O,96ACF
THL72O,ATECH3FR300B
THL72O,PPC105LA
THL72O,PPC4A
THL72O,SIMM150A
FXK3,XS2024A
FXK3,XS2226A
FXK3,XS1012A
FXK3,FXK8
FXK3,XS1214A
FXK3,VO2224B
FXK3,VO2628B
FXK3,TM84
FXK3,XS810A
FXK3,FXK11
DBT27,47ACF
DBT27,SGD4BR
DBT27,GFAT1E
DBT27,TMU8B
DBT27,SIMM150A
DBT27,FXK6
DBT27,SIMM180
DBT27,PPC103A
DBT27,FU8A
DBT27,SIMM240
TM84,XS2024A
TM84,XS1820A
TM84,XS1416A
TM84,XS1012A
TM84,VO1416B
TM84,TM408
TM84,XS810A
TM84,SGDEL10ESD
TM84,TM410
TM84,TM83A
SOEX30,SOEX32
SOEX30,SOEX38
SOEX30,SOEX40
SOEX30,UPTM65K
SOEX30,305SIMMY
SOEX30,SOEX28
SOEX30,SOEX26
SOEX30,AWP160
SOEX30,AWL1010DK
SOEX30,414AHD
SOEX38,AWMEF8K
SOEX38,AWP160
SOEX38,414AHD
SOEX38,2420A
SOEX38,SWM251
SOEX38,YA4275
SOEX38,TF5A
SOEX38,SOEX32
SOEX38,SOEX707
SOEX38,LDH362
TMM16,BOERM22
TMM16,BOERM21
TMM16,131TMPB
TMM16,SFSM6
TMM16,SFSM21
TMM16,PPCL60BK
TMM16,SFSM20
TMM16,FSM61
TMM16,SFSM7
TMM16,TMM4.5
KHP415PCM,KRA25D
KHP415PCM,KRSC326FPBO
KHP415PCM,KASS13
KHP415PCM,KCP1422PBO
KHP415PCM,KRA2411PBO
KHP415PCM,KRA2422PBO
KHP415PCM,KRA2055FPBO
KHP415PCM,KWSP2455ABL
KHP415PCM,A277
KHP415PCM,KCP2422PBO
TW121A,TW201
TW121A,TW141A
TW121A,TW221
TW121A,TW161A
TW121A,TW181A
TW121A,TW321
TW121A,TW341
TW121A,BHS7A
TW121A,TWM31
TW121A,313TSYA
FS181,FS241
FS181,FS221
FS181,FS121
FS181,FS141
FS181,FS201
FS181,FS161
FS181,BHS7A
FS181,SN25A
FS181,TWM31
FS181,ACT1370
FB303B,ACT83A
FB303B,ACT413A
FB303B,RULER601
FB303B,ACT73A
FB303B,JT17A
FB303B,EEDM525F
FB303B,IM1PT
FB303B,MAGMAT
FB303B,EECT400
FB303B,ECHDD012A
GLOVE900XXO,GLOVE505RL
GLOVE900XXO,YA427B
GLOVE900XXO,GLOVE309L
GLOVE900XXO,GLOVE1100L
GLOVE900XXO,GLASS50R
GLOVE900XXO,SOSG01BKCL01
GLOVE900XXO,GLOVEORIGPLUSL
GLOVE900XXO,ACT51234A
GLOVE900XXO,GLASS30R
GLOVE900XXO,ECPNG032
TK72,FK80
TK72,TMR4
TK72,OEX080B
TK72,TRX72
TK72,TL72FOD
TK72,OXI707BK
TK72,TNF72
TK72,FZ80
TK72,TZERO
TK72,TXM72
TA52,EEPV500
TA52,FB316B
TA52,TPGDL2000
TA52,RULER602
TA52,ECSPH271
TA52,ECPNH012
TA52,MAGMAT
TA52,EEDM504F
TA52,RULER6
TA52,ECHDD012A
SGHF616BR,8R
SGHF616BR,10MA
SGHF616BR,218AFSP
SGHF616BR,AW1015DHK
SGHF616BR,TWM31
SGHF616BR,TWM29
SGHF616BR,PKNC200
SGHF616BR,AWM140DK
SGHF616BR,YA2020
SGHF616BR,DS806AK
FM14,FM18
FM14,FM16
FM14,FM17
FM14,FM15
FM14,FM12
FM14,FM10
FM14,AWEF6K
FM14,SWM251
FM14,AWMEF8K
FM14,212SFMY
FB316B,TPM16
FB316B,EC-USB-C-3A
FB316B,FB360C
FB316B,TPMC25
FB316B,FB305A
FB316B,FB361A
FB316B,FB303B
FB316B,ACT73A
FB316B,EFPHANNIBALB
FB316B,PGP50
AWSG16A,SGASA204CR
AWSG16A,FXK3
AWSG16A,SGD2BR
AWSG16A,96ACF
AWSG16A,FHLF80A
AWSG16A,SIMM200
AWSG16A,SGD8BR
AWSG16A,TMXK60
AWSG16A,SPBS18AR
AWSG16A,SGD4BR
SIM160A,SIM220
SIM160A,SIM200
SIM160A,SIM300
SIM160A,SIM260
SIM160A,SIM380
SIM160A,SIM400
SIM160A,SIM360
SIM160A,IM220
SIM160A,IM280
SIM160A,IM300
GAW1910,FXK11
GAW1910,96ACF
GAW1910,FX1
GAW1910,PPC103A
GAW1910,SPBS24AR
GAW1910,SIMM190
GAW1910,FU8A
GAW1910,FXK6
GAW1910,SIMM170
GAW1910,TMU8B
IM280,IM320
IM280,IM120A
IM280,IM160A
IM280,IM260
IM280,IM200
IM280,IM300
IM280,309SIMYA
IM280,SIM260
IM280,SIM280
IM280,BLPTE3810
MT302BR,GA296B
MT302BR,IM1PT
MT302BR,ECHDD012A
MT302BR,TDG1
MT302BR,SVTS272A
MT302BR,EECT400
MT302BR,AT4101
MT302BR,BB9008
MT302BR,FB361A
MT302BR,MTTL800
CT825K2,CTRS761ADB
CT825K2,CTQ838DB
CT825K2,CTCO861K2
CT825K2,CTB8174
CT825K2,CTR867AK2
CT825K2,CTB185
CT825K2,CGG861DB
CT825K2,PT850
CT825K2,CTR861AK2
CT825K2,PTGR100
GA460B,OC5A
GA460B,PGP50
GA460B,SOSG01BKCL01
GA460B,FB360C
GA460B,RULER600
GA460B,ITHE100
GA460B,MTTL300
GA460B,TPM16
GA460B,RULER6
GA460B,PGP120
KRA4107FPC,KRA4114FPBO
KRA4107FPC,KRA4810FPBO
KRA4107FPC,A277
KRA4107FPC,KRSC46HPBO
KRA4107FPC,KCP2422PBO
KRA4107FPC,KRSC323PBO
KRA4107FPC,KRA5311FPBO
KRA4107FPC,PLRK27
KRA4107FPC,MRB12B
KRA4107FPC,KAERNADD6RD
KCP2422PBO,KWSN2455ABL
KCP2422PBO,KRWT2411
KCP2422PBO,KWSP2455ABL
KCP2422PBO,KWSP2455AST
KCP2422PBO,KWSN2455AST
KCP2422PBO,KRA2422PBO
KCP2422PBO,KCP1422PBO
KCP2422PBO,KRA2411PBO
KCP2422PBO,KRSC46HPBO
KCP2422PBO,KRSC343PBO
KCP2422PJJ,KWSN2455ABL
KCP2422PJJ,KRWT2411
KCP2422PJJ,KWSP2455ABL
KCP2422PJJ,KWSP2455AST
KCP2422PJJ,KWSN2455AST
KCP2422PJJ,KRA2422PBO
KCP2422PJJ,KCP1422PBO
KCP2422PJJ,KRA2411PBO
KCP2422PJJ,KRSC46HPBO
KCP2422PJJ,KRA2406BPBO
ECHDD012AO,ECHDD012AR
ECHDD012AO,LBUK1
ECHDD012AO,GLOVE300BL
ECHDD012AO,ECARL032R
ECHDD012AO,MAGMAT
ECHDD012AO,ECPNI032R
ECHDD012AO,TPGDL2000
ECHDD012AO,EEDM503D
ECHDD012AO,ECPNJ032
ECHDD012AO,GLOVEORIGPLUSL
QD1R50A,QD2R1000A
QD1R50A,GF22
QD1R50A,FRX181
QD1R50A,TW481
QD1R50A,QD1R200A
QD1R50A,QD3250A
QD1R50A,PPCS60BK
QD1R50A,KAC1224TCA
QD1R50A,TW381
QD1R50A,TW401
AWCG1609B,GFAT1E
AWCG1609B,TMXK60
AWCG1609B,SPBS8AR
AWCG1609B,SPBS24AR
AWCG1609B,FXK6
AWCG1609B,47ACF
AWCG1609B,PPC106LA
AWCG1609B,TMXK2
AWCG1609B,SIMM160A
AWCG1609B,SHD1R
PDR5000A,PTGR450
PDR5000A,PTR2505
PDR5000A,PTC250
PDR5000A,PSO4625
PDR5000A,MG1250
PDR5000A,PTGR100
PDR5000A,PTGR110
PDR5000A,PH3050BR
PDR5000A,CT825DB
PDR5000A,AT700F
KRA4059FPC,KRA2407PBO
KRA4059FPC,KA2422SETPJH
KRA4059FPC,YA389A
KRA4059FPC,KCP1422PBO
KRA4059FPC,KRA2422PBO
KRA4059FPC,KRA2411PBO
KRA4059FPC,PLRK27
KRA4059FPC,MRB12B
KRA4059FPC,KWSN2455ABL
KRA4059FPC,KACKMCFIBER1
CTQ838DB,CT825DB
CTQ838DB,PT338
CTQ838DB,CTS561BITSET
CTQ838DB,CT9080K2
CTQ838DB,CTB8174
CTQ838DB,CT9010K2
CTQ838DB,CTR862DB
CTQ838DB,CTB185
CTQ838DB,CTB8187
CTQ838DB,PTGR100
BHS13A,AWBS13
BHS13A,AWMBS9
BHS13A,AWBXL13
BHS13A,AWBPH13
BHS13A,AWMBPH9
BHS13A,AWTXL8
BHS13A,BHM9A
BHS13A,9100GSO
BHS13A,AWBMXL9
BHS13A,AWTR8
KRA2055FPC,KRSC2460PWZ7
KRA2055FPC,A277
KRA2055FPC,KRSC326FPBO
KRA2055FPC,KWSN2455ABL
KRA2055FPC,KRA4059FPBO
KRA2055FPC,PLRK27
KRA2055FPC,KAERNADD6RD
KRA2055FPC,KRSC323PBO
KRA2055FPC,KRA2411PBO
KRA2055FPC,SNA-TBP14
FTXB55E,FA12LE
FTXB55E,FTXB45E
FTXB55E,FTXB50E
FTXB55E,BHS7A
FTXB55E,FRX181
FTXB55E,STX70E
FTXB55E,FAML6E
FTXB55E,YA2850A
FTXB55E,SA16E
FTXB55E,SAM19E
BOERM704,BOERM712
BOERM704,BOER708
BOERM704,BJP1
BOERM704,YA4274A
BOERM704,325SIMM
BOERM704,SIMM320
BOERM704,PBMP703A
BOERM704,IPLM24C
BOERM704,310SIMMYA
BOERM704,307IPLMY
BTWROS,BTWS
BTWROS,BLPBTW8
BTWROS,SSDMRT8A
BTWROS,BLPBTWSET
BTWROS,HBBT16
BTWROS,SGDMRC103A
BTWROS,F4LBK
BTWROS,SGDMRC11A
BTWROS,SGD4120BR
BTWROS,808CF
BTWS,BTWROS
BTWS,BTWOS
BTWS,SSDMRT8A
BTWS,BLPBTW4
BTWS,AWP45
BTWS,RBYA605
BTWS,XDHF605
BTWS,F4LBK
BTWS,YA900
BTWS,112RTMA
CL408A,SGDXL80BR
CL408A,SGD4120BR
CL408A,SGDP162BR
CL408A,106BTMX
CL408A,TMX1
CL408A,TMXK110
CL408A,TMXK60
CL408A,TMXK2
CL408A,FXK11
CL408A,FXK3
ECSPH271G-L,ECSPH271O-L
ECSPH271G-L,ECPRA072
ECSPH271G-L,ECPNG032
ECSPH271G-L,ECHDF042
ECSPH271G-L,ECHDD012A
ECSPH271G-L,TDG1
ECSPH271G-L,RULER601
ECSPH271G-L,YA4000B
ECSPH271G-L,RULER600
ECSPH271G-L,TPMC25
429IM,L62
429IM,L122
429IM,425IMM
429IM,LDH482
429IM,L8112A
429IM,L872RJ
429IM,LDH522
429IM,L872RM
429IM,LDH562
429IM,LDH362
AC58E,AWM12D
AC58E,OEXM9B
AC58E,GA243
AC58E,SR40K
AC58E,222AFSP
AC58E,TTX40E
AC58E,OEXM8B
AC58E,SWM111A
AC58E,B3404B
AC58E,GAJ12A
AVSNP01160,R1011C
AVSNP01160,PPSG105
AVSNP01160,OEX080B
AVSNP01160,PPSG103
AVSNP01160,GA98A
AVSNP01160,107ATMPB
AVSNP01160,S6106KA
AVSNP01160,BF620C
AVSNP01160,BP12B
AVSNP01160,YA337A
BLPHSM145,BLPHSM146
BLPHSM145,BLPHSM148
BLPHSM145,BLPHSM1410
BLPHSM145,BLPHL3810
BLPHSM145,BLPTS1420
BLPHSM145,BLPHL388
BLPHSM145,BLPTS1410
BLPHSM145,BLPH125
BLPHSM145,BLPTS1425
BLPHSM145,BLPH123
BLPSM149,BLPSM146
BLPSM149,BLPSM1411
BLPSM149,BLPSM145
BLPSM149,BLPSM144
BLPSM149,BLPSM147
BLPSM149,BLPSM1412
BLPSM149,BLPSM148
BLPSM149,BLPSM1410
BLPSM149,BLPTXK4
BLPSM149,FLF80A
BLPTE148,BLPTE144
BLPTE148,BLPTE146
BLPTE148,BLPTE145
BLPTE148,BLPTE147
BLPTE148,BLPTE1218
BLPTE148,BLPTE1220
BLPTE148,BLPTE1222
BLPTE148,BLPT147
BLPTE148,BLPT3840
BLPTE148,SRPCR105
BLPTHC87,BOERM712
BLPTHC87,317AMMPC
BLPTHC87,OFW2
BLPTHC87,TWM27
BLPTHC87,SIMM300
BLPTHC87,117TMM
BLPTHC87,SFSM16
BLPTHC87,SFSM9
BLPTHC87,SFSM8
BLPTHC87,SFSM11
BLPTL1430,BLPTL146
BLPTL1430,BLPTL147
BLPTL1430,BLPTL1415
BLPTL1430,BLPTL1420
BLPTL1430,BLPTL3840
BLPTL1430,BLPTL3850
BLPTL1430,BLPHL145
BLPTL1430,BLPTL3845
BLPTL1430,BLPH14532
BLPTL1430,BLPT1430
BLPH123,BLPH124
BLPH123,BLPH125
BLPH123,BLPHSM146
BLPH123,BLPHSM148
BLPH123,BLPH389
BLPH123,BLPH126
BLPH123,BLPH38732
BLPH123,BLPH14732
BLPH123,BLPH388
BLPH123,BLPH38516
BLPH14532,BLPH14964
BLPH14532,BLPH14732
BLPH14532,BLPH1418
BLPH14532,BLPH1414
BLPH14532,BLPH14316
BLPH14532,BLPH126
BLPH14532,BLPT1427
BLPH14532,BLPH386
BLPH14532,BLPTL1430
BLPH14532,BLPT1430
TESLASTUKIT,SHBB24
TESLASTUKIT,IMM120A
TESLASTUKIT,IMM130A
TESLASTUKIT,IMM140A
TESLASTUKIT,IMM230
TESLASTUKIT,IMM200
TESLASTUKIT,IMM220
TESLASTUKIT,IMM210
TESLASTUKIT,IMM240
TESLASTUKIT,IMM160A
LSR1450,BOERM18
LSR1450,AWCGT500
LSR1450,UTS105A
LSR1450,SEPIMMSIMMA
LSR1450,BOERM21
LSR1450,SGDTX50BR
LSR1450,S3624
LSR1450,TMM4
LSR1450,BTCP500
LSR1450,OEXM270B
OFC74762-15,BLPH3814
OFC74762-15,BLPH38732
OFC74762-15,BLPH3838
OFC74762-15,BLPHM1212
OFC74762-15,BLPH389
OFC74762-15,BLPH387
OFC74762-15,BLPH1217
OFC74762-15,BLPH386
OFC74762-15,BLPH3810
OFC74762-15,FAM8E
PL344BCF,PL344BCFND
PL344BCF,PL803A
PL344BCF,HCP48BCF
PL344BCF,FH80MP
PL344BCF,FHOF80A
PL344BCF,LN46ACF
PL344BCF,PPK300
PL344BCF,612AEP
PL344BCF,BDGPL300HG
PL344BCF,FF80A
PHP1A,PHP2A
PHP1A,PHP3A
PHP1A,SGA1714B
PHP1A,SGA1713B
PHP1A,SRP2A
PHP1A,HCP48BCF
PHP1A,CSSD50R
PHP1A,CSSD1R
PHP1A,SGRHT2BR
PHP1A,BDGPL300HG
PBMMS5,PBMMB5
PBMMS5,PBMMA5
PBMMS5,PBMMA5O
PBMMS5,PBMMS5O
PBMMS5,PBMMB5R
PBMMS5,PBMMA5R
PBMMS5,PBMMS5G
PBMMS5,PTM2
PBMMS5,1250
PBMMS5,OFW4KT
RBM1011SC,AD10C
RBM1011SC,LP6LN
RBM1011SC,GA294
RBM1011SC,SGDX40BR
RBM1011SC,SDDDM1AR
RBM1011SC,PWCS9ACF
RBM1011SC,LN47ACF
RBM1011SC,96ACF
RBM1011SC,RBM910C
RBM1011SC,RBM1618C
RBYA605,AWEFBH11K
RBYA605,PWC52A
RBYA605,BTWSMPK
RBYA605,R404
RBYA605,BTWS
RBYA605,AVSNP01160
RBYA605,UIM2LT
RBYA605,XDHF605
RBYA605,TM62B
RBYA605,XB605A
R1618SC,R1214SC
R1618SC,218AFP
R1618SC,R404
R1618SC,317MPC
R1618SC,TWM25
R1618SC,SGDP64IRBR
R1618SC,SW381
R1618SC,DS806AK
R1618SC,SW401
R1618SC,206AFSA
EEJP201MBKA-NA,EECS150
EEJP201MBKA-NA,EEBC30A12V
EEJP201MBKA-NA,EECR5A
EEJP201MBKA-NA,EEBM600
EEJP201MBKA-NA,GLOVE300BL
EEJP201MBKA-NA,ITHE100
EEJP201MBKA-NA,JCW80AR
EEJP201MBKA-NA,EEDM503D
EEJP201MBKA-NA,ECPNH012
EEJP201MBKA-NA,ECSPH271
KA2422SETPJH,KACKMCFIBER1
KA2422SETPJH,KRA2422PBO
KA2422SETPJH,KRWT2411
KA2422SETPJH,YA438B
KA2422SETPJH,KRA4059FPBO
KA2422SETPJH,KCP2422PBO
KA2422SETPJH,SNA-TBP14
KA2422SETPJH,YA389A
KA2422SETPJH,KRA2411PBO
KA2422SETPJH,KRSC430APBO7
QC3ALC,PTR2505
QC3ALC,CTR867AK2
QC3ALC,DBBPT13
QC3ALC,CT9010K2
QC3ALC,CTB8174
QC3ALC,PH3050BR
QC3ALC,CT9080K2
QC3ALC,PDR3000A
QC3ALC,PT338
QC3ALC,CTR862DB
KACKCLEANER,A277
KACKCLEANER,KWSN2455AST
KACKCLEANER,KCP1422PBO
KACKCLEANER,KRA2422PBO
KACKCLEANER,SNA-TBP14
KACKCLEANER,KACKMCFIBER1
KACKCLEANER,KRA4107FPBO
KACKCLEANER,KRSC323PBO
KACKCLEANER,KRA2055FPBO
KACKCLEANER,KAERNADD6RD
KRSC2460BBS1,A277
KRSC2460BBS1,TB20AC
KRSC2460BBS1,KCP2422PBO
KRSC2460BBS1,KACKMCFIBER1
KRSC2460BBS1,KWSN2455AST
KRSC2460BBS1,KRSC326FPBO
KRSC2460BBS1,KACKFLTCLNR
KRSC2460BBS1,YA438B
KRSC2460BBS1,KRSC430APBO7
KRSC2460BBS1,KRA5311FPBO
2-07039A01,EESC340AINSTU
2-07039A01,EETH311
VGP12406,VGP12418
VGP12406,VGP12412
VGP12406,VGP12808
VGP12406,VGP12509
VGP12406,VGP22412
VGP12406,YA109C
VGP12406,PKRS1
VGP12406,AC5C
VGP12406,LP7WR
VGP12406,SOEXM9
YA2019,ST50A
YA2019,YA900
YA2019,YA2020
YA2019,S6106KA
YA2019,YA337A
YA2019,BHS13A
YA2019,OEX709B
YA2019,PPB1002A
YA2019,PK23A
YA2019,VS807B
SDDDM1AR,SDMV208
SDDDM1AR,SSFP2
SDDDM1AR,SSFP1
SDDDM1AR,TR117O
SDDDM1AR,ADCF8
SDDDM1AR,SSF1
SDDDM1AR,FC72
SDDDM1AR,SGDX40BR
SDDDM1AR,GA294
SDDDM1AR,EPC160
YA438B,YA450B
YA438B,PLRK21
YA438B,KRA2422PBO
YA438B,KRA4810FPBO
YA438B,SNA-TBP14
YA438B,KAERNADD6RD
YA438B,KRSC46HPBO
YA438B,KA2422SETPJH
YA438B,TB20AC
YA438B,KRSC430APBO7
TPM16ORG,TPM16
TPM16ORG,TPM16EM
TPM16ORG,UTK100
TPM16ORG,TPMB25EMGRN
TPM16ORG,FB316B
TPM16ORG,UTK150
TPM16ORG,FB336
TPM16ORG,ECHDF042
TPM16ORG,EECT400
TPM16ORG,TPGDL2000
KRSC2460PC1,KASS13
KRSC2460PC1,KWSP2455AST
KRSC2460PC1,KRSC430APBO7
KRSC2460PC1,KRA4114FPBO
KRSC2460PC1,YA389A
KRSC2460PC1,PLRK21
KRSC2460PC1,KAERNADD6RD
KRSC2460PC1,KRSC46HPBO
KRSC2460PC1,PLRK30
KRSC2460PC1,KCP1422PBO
BTK7A,A3042
BTK7A,BCS70A
BTK7A,LDT40
BTK7A,TF528D
BTK7A,OFW3
BTK7A,YA824C
BTK7A,AWM110DK
BTK7A,BTCW800
BTK7A,222AFSMP
BTK7A,OEXM7B
IPDLM13A,IPSM21
IPDLM13A,IPSM18
IPDLM13A,IPSM15
IPDLM13A,IPLM22C
IPDLM13A,106IPTMMA
IPDLM13A,IPL30C
IPDLM13A,IPLM19C
IPDLM13A,IPLM21C
IPDLM13A,FHBF80A
IPDLM13A,312IMMS
IPDLM18A,IPSM21
IPDLM18A,IPSM18
IPDLM18A,IPSM15
IPDLM18A,IPLM22C
IPDLM18A,IPL38C
IPDLM18A,IPL24C
IPDLM18A,106IPTMMA
IPDLM18A,IPLM19C
IPDLM18A,207IPSFM
IPDLM18A,312IMMS
LN46ACF,LN47ACF
LN46ACF,HL138ACP
LN46ACF,46ACF
LN46ACF,PL344BCF
LN46ACF,490CF
LN46ACF,84CF
LN46ACF,FK80
LN46ACF,LP6LN
LN46ACF,HBBT16
LN46ACF,AWP160
AWBCG1610,AWBCG1608
AWBCG1610,AWBCG1612
AWBCG1610,SIMM190
AWBCG1610,SPBS24AR
AWBCG1610,SGD4BR
AWBCG1610,SIMM150A
AWBCG1610,SIMM160A
AWBCG1610,SGASA204CR
AWBCG1610,SPBS18AR
AWBCG1610,SHD1R
SG4ASHBR,SG7ASABR
SG4ASHBR,SG4ASABR
SG4ASHBR,SG5ASABR
SG4ASHBR,PPK15
SG4ASHBR,SGDXL80BR
SG4ASHBR,SR80A
SG4ASHBR,SGD4120BR
SG4ASHBR,SGHBF500A
SG4ASHBR,OEXS709B
SG4ASHBR,AWMEF6K
SIMM140A,SIMM130A
SIMM140A,SIMM110A
SIMM140A,SIMM180
SIMM140A,SIMM170
SIMM140A,SIMM240
SIMM140A,SIMM210
SIMM140A,309SIMYA
SIMM140A,SN25A
SIMM140A,315IMMYA
SIMM140A,SIM220
CTB8187,CTC131A
CTB8187,CTINF9010
CTB8187,CTB185
CTB8187,CTB8174
CTB8187,CT9080K2
CTB8187,CT9010K2
CTB8187,VWB8B
CTB8187,CT825DB
CTB8187,PTC250
CTB8187,CTSG861DB
AWM6D,PL400B
AWM6D,SPBS12AR
AWM6D,47ACF
AWM6D,TMXK60
AWM6D,SIMM170
AWM6D,SIMM240
AWM6D,PPC4A
AWM6D,SPBS24AR
AWM6D,TMU8B
AWM6D,SIMM180
GLOVE309L,GLOVE503CLA
GLOVE309L,GLOVEORIGPLUSL
GLOVE309L,YA427B
GLOVE309L,EFPHANNIBALB
GLOVE309L,GLOVE300BL
GLOVE309L,GLOVE900LR
GLOVE309L,GLASS30R
GLOVE309L,JCK7DBL
GLOVE309L,ECPNG032
GLOVE309L,GLASS50R
TPGDL2000GRN,CAL6EBR
TPGDL2000GRN,ACT73A
TPGDL2000GRN,EECS150
TPGDL2000GRN,EECT400
TPGDL2000GRN,EECT900
TPGDL2000GRN,GLASS50R
TPGDL2000GRN,EEDM503D
TPGDL2000GRN,MAGDISH
TPGDL2000GRN,FB316B
TPGDL2000GRN,EEDM596FK
F141,F281
F141,F181
F141,F241
F141,F201
F141,F221
F141,F121
F141,F101
F141,F081
F141,XS2024A
F141,XS1416A
FADH12C,222SFFSFR
FADH12C,FADH8C
FADH12C,FADH6C
FADH12C,FADH10C
FADH12C,224SFFSMFR
FADH12C,AWM110DHK
FADH12C,AC5C
FADH12C,2004BSKA
FADH12C,S9704KA
FADH12C,317AMMPC
TMA7E,FXK3
TMA7E,A2A
TMA7E,SGDP42IRBR
TMA7E,SRPCR3800
TMA7E,SGDP31IRBR
TMA7E,SGASA204CR
TMA7E,TMXK2
TMA7E,F80
TMA7E,91ACP
TMA7E,PPC105LA
313SYA,218AFSP
313SYA,313SMYA
313SYA,TWM31
313SYA,SW381
313SYA,SW401
313SYA,SW421
313SYA,SWM251
313SYA,SWM111A
313SYA,SWM101A
313SYA,ATKIFL
ATECHFSET01R,PL1000START
ATECHFSET01R,311IMYA
ATECHFSET01R,IM120A
ATECHFSET01R,IM140A
ATECHFSET01R,IM320
ATECHFSET01R,IM280
ATECHFSET01R,IM300
ATECHFSET01R,BOERM712
ATECHFSET01R,411CF
ATECHFSET01R,SOEX710
S6110A,S8184
S6110A,PKNC125C2
S6110A,AC5C
S6110A,OEXM9B
S6110A,STMM4
S6110A,BTC3A
S6110A,2005BSKA
S6110A,OEXM7B
S6110A,OEXM6B
S6110A,SIMM340
ACT1297,ACTUVPROKT
ACT1297,ACT2105
ACT1297,ACT9103
ACT1297,ACT51234A
ACT1297,ACTR4151A
ACT1297,SVTS272A
ACT1297,ACT925
ACT1297,ACT1290A
ACT1297,ACT413A
ACT1297,YAKS42
STMM12,STMM14
STMM12,STMM6
STMM12,STMM13
STMM12,STMM5.5
STMM12,STMM5
STMM12,STMM10
STMM12,222AFSP
STMM12,TMM9
STMM12,TMM6
STMM12,TMM13
KRA4810FPBO,KRA4107FPBO
KRA4810FPBO,KRA4813FPBO
KRA4810FPBO,KAERNADD6RD
KRA4810FPBO,KRSC430APBO7
KRA4810FPBO,PLRK21
KRA4810FPBO,KRSC46HPBO
KRA4810FPBO,KRA2407PBO
KRA4810FPBO,TB40C
KRA4810FPBO,KRSC430APBO1
KRA4810FPBO,KRSC323PBO
ECPNG032,ECUHD218
ECPNG032,RULER602
ECPNG032,EEBC30A12V
ECPNG032,UTK150
ECPNG032,EECT400
ECPNG032,SVTSRAD272U
ECPNG032,YA4000B
ECPNG032,EECT900
ECPNG032,MTTL800
ECPNG032,JCK7DBL
PPC206A,PPC203A
PPC206A,PPC205A
PPC206A,PPC208A
PPC206A,PPC820B
PPC206A,PPC816B
PPC206A,PPC204A
PPC206A,AWM140DK
PPC206A,AWMG9
PPC206A,OEXM6B
PPC206A,PPC5A
CT9175DB,CTCO861K2
CT9175DB,AT2050
CT9175DB,CTC131A
CT9175DB,CTDFL861
CT9175DB,CT9080K2
CT9175DB,PH3050BR
CT9175DB,CTB185
CT9175DB,PTC250
CT9175DB,AT109
CT9175DB,MG725A
PPC4A,PPC820B
PPC4A,XS1820A
PPC4A,XS1012A
PPC4A,TM84
PPC4A,XS1214A
PPC4A,VO3032B
PPC4A,VO1012B
PPC4A,VO1820B
PPC4A,PPC105LA
PPC4A,PPC106LA
CT861MDB,CTB8174
CT861MDB,PT850
CT861MDB,AT700F
CT861MDB,CTS561CHUCK
CT861MDB,CTC772A
CT861MDB,CTS561BITSET
CT861MDB,MG725A
CT861MDB,CTB8187
CT861MDB,CTR867AK2
CT861MDB,PTR2505
TMA6E,SW221
TMA6E,SW201
TMA6E,SW181A
TMA6E,SW241
TMA6E,SW161A
TMA6E,SW141A
TMA6E,SW361
TMA6E,SW281
TMA6E,SW301
TMA6E,SW321
KRA2406BPCM,A277
KRA2406BPCM,KA2422SETPJH
KRA2406BPCM,KRA2411PBO
KRA2406BPCM,KRA4107FPBO
KRA2406BPCM,KCP2422PBO
KRA2406BPCM,KWSN2455AST
KRA2406BPCM,KWSP2455ABL
KRA2406BPCM,KRA2407PBO
KRA2406BPCM,YA438B
KRA2406BPCM,KRA4813FPBO
SVTA9100,RADKITULTRA
SVTA9100,SVTS264
SVTA9100,SVTS272A
SVTA9100,SVTSRAD272U
SVTA9100,TA54
SVTA9100,TA50
SVTA9100,TA32A
SVTA9100,EEBC30A12V
SVTA9100,ACT925
SVTA9100,CAL6EBR
FHOF80AG,TRSLF72
FHOF80AG,FZ80
FHOF80AG,FH80MP
FHOF80AG,PALMRAT
FHOF80AG,PTM30
FHOF80AG,912AEP
FHOF80AG,BT518
FHOF80AG,SX24
FHOF80AG,204FXKLA
FHOF80AG,SH80A
MAGDISHOR,MAGTRAY
MAGDISHOR,MAGMICRO
MAGDISHOR,MAGMAT
MAGDISHOR,MRB5B
MAGDISHOR,GLOVE300BL
MAGDISHOR,JCW80AR
MAGDISHOR,ECARL032R
MAGDISHOR,ECSPH271
MAGDISHOR,FB336
MAGDISHOR,JCK8
SHL80AG,PPB826A
SHL80AG,FHL80
SHL80AG,THLL72
SHL80AG,SHLL80A
SHL80AG,AWMG9
SHL80AG,SHBB24
SHL80AG,OEXM90B
SHL80AG,FHR80
SHL80AG,SIM400
SHL80AG,AWS13
VWB1C,CTS561BITSET
VWB1C,MG725A
VWB1C,CTR861AK2
VWB1C,CT9080K2
VWB1C,DB121C
VWB1C,PTB32K
VWB1C,CTNN13KF
VWB1C,CTINF9010
VWB1C,CTR867AK2
VWB1C,CTB8174
SGDP42IRBO,SGDP31IRBR
SGDP42IRBO,SGD6BR
SGDP42IRBO,SGDP64IRBR
SGDP42IRBO,OEXM6B
SGDP42IRBO,AC58E
SGDP42IRBO,TMM4
SGDP42IRBO,AWS13
SGDP42IRBO,AWMG9
SGDP42IRBO,206EAU
SGDP42IRBO,218AFP
HCP10,SPBS24A
HCP10,BLPXZNM389
HCP10,GCP10
HCP10,BLPBSS40
HCP10,PT10C
HCP10,PHP3A
HCP10,PHP1A
HCP10,AWEF9K
HCP10,SHCP1B
HCP10,111TMUSMA
CTGR8850ADB,CTC131A
CTGR8850ADB,CTB8187
CTGR8850ADB,DB121C
CTGR8850ADB,CTNN13KF
CTGR8850ADB,CTR861AK2
CTGR8850ADB,CT9080K2
CTGR8850ADB,SAG03S20
CTGR8850ADB,CTDFL861
CTGR8850ADB,CTCO861K2
CTGR8850ADB,CTINF9010
TM412,XS2024A
TM412,XS1416A
TM412,XS1012A
TM412,TM410
TM412,VO2224B
TM412,VO1820B
TM412,VO3032B
TM412,SGDEL10ESD
TM412,XS810A
TM412,TM5
KRA4813FPC,KRA4114FPBO
KRA4813FPC,KRA4810FPBO
KRA4813FPC,TB20AC
KRA4813FPC,KACKMCFIBER1
KRA4813FPC,KRSC46HPBO
KRA4813FPC,KRSC430APBO7
KRA4813FPC,A277
KRA4813FPC,KRA2411PBO
KRA4813FPC,YA438B
KRA4813FPC,KRA2422PBO
BHS7A,222AFSP
BHS7A,FTXB55E
BHS7A,TF528D
BHS7A,FTXB45E
BHS7A,FTXB50E
BHS7A,BP32B
BHS7A,B1461
BHS7A,F10LD
BHS7A,BHM9A
BHS7A,313TWYA
AWSGT15A,SPBS704AR
AWSGT15A,FX1
AWSGT15A,SGASA204CR
AWSGT15A,SGD4BR
AWSGT15A,FU8A
AWSGT15A,SIMM200
AWSGT15A,SPBS24AR
AWSGT15A,SGDX80BR
AWSGT15A,SPBS18AR
AWSGT15A,FHLF80A
209EFTXBY,FA12LE
209EFTXBY,FRX181
209EFTXBY,BHS7A
209EFTXBY,GF22
209EFTXBY,HD6529
209EFTXBY,TW481
209EFTXBY,KAC1224TCA
209EFTXBY,STX70E
209EFTXBY,FAML6E
209EFTXBY,YA2850A
KRA2422PC,KRWT2411
KRA2422PC,KWSN2455AST
KRA2422PC,KWSP2455ABL
KRA2422PC,KWSP2455AST
KRA2422PC,KWSN2455ABL
KRA2422PC,KCP1422PBO
KRA2422PC,KRA2411PBO
KRA2422PC,TB20AC
KRA2422PC,KACKFLTCLNR
KRA2422PC,KRA4059FPBO
TX72,SX80B
TX72,TNF72
TX72,SLX80A
TX72,FF80A
TX72,TM72
TX72,F80MP
TX72,124STTMM
TX72,OEXS709B
TX72,TLLF72
TX72,313TSMYA
TWM29,TWM31
TWM29,TWM26
TWM29,1210B
TWM29,TWM30
TWM29,TWM32
TWM29,311IMFSY
TWM29,TMP12E
TWM29,SWM281
TWM29,FTX60E
TWM29,206AFSA
CT9010K2,CT861K2
CT9010K2,CTB185
CT9010K2,CTB8187
CT9010K2,CTINF9010
CT9010K2,CTC131A
CT9010K2,CT9080K2
CT9010K2,CTR867AK2
CT9010K2,CTQ838DB
CT9010K2,CTR862DB
CT9010K2,CTR861AK2
AWS13-9,SHBB24
AWS13-9,IMM120A
AWS13-9,IMM130A
AWS13-9,IMM140A
AWS13-9,IMM230
AWS13-9,IMM200
AWS13-9,IMM220
AWS13-9,IMM210
AWS13-9,IMM240
AWS13-9,IMM160A
AWMXL10-10,SPBS24AR
AWMXL10-10,SIMM150A
AWMXL10-10,PPC4A
AWMXL10-10,SIMM200
AWMXL10-10,SPBS18AR
AWMXL10-10,SIMM240
AWMXL10-10,SGDP42IRBR
AWMXL10-10,PPC105LA
AWMXL10-10,SGASA204CR
AWMXL10-10,SGD6BR
208ES10MMY,BLPHM1212
208ES10MMY,BLPTS1420
208ES10MMY,BLPH1217
208ES10MMY,BLPTS1410
208ES10MMY,BLPTS1425
208ES10MMY,BLPTS1430
208ES10MMY,FAM8E
208ES10MMY,BLPH1219
208ES10MMY,210EFTAMY
208ES10MMY,211EFAMY
224SFFSM,222SFFSFR
224SFFSM,SEPPROCORE2A
224SFFSM,BF775C-A
224SFFSM,A159
224SFFSM,PTIM5
224SFFSM,212EFTAY
224SFFSM,AWMG9
224SFFSM,SOEXM9
224SFFSM,AWS13
224SFFSM,211EFAMY
AWTEF11K,BHM9A
AWTEF11K,SGASA204CR
AWTEF11K,AWTEFBH11K
AWTEF11K,AWEFBH11K
AWTEF11K,AWMEFBH10K
AWTEF11K,AWBMXL9
AWTEF11K,AWBXL13
AWTEF11K,AWTXL8
AWTEF11K,AWMXL10
AWTEF11K,AWBS13
GAW1906,SIMM160A
GAW1906,TMXK4
GAW1906,SIMM150A
GAW1906,SPBS704AR
GAW1906,SIMM220
GAW1906,PPC103A
GAW1906,SGD6BR
GAW1906,SIMM240
GAW1906,SIMM210
GAW1906,SPBS8AR
GAW1920,PPC4A
GAW1920,SPBS18AR
GAW1920,SGDP42IRBR
GAW1920,TMXK60
GAW1920,TMU8B
GAW1920,SPBS12AR
GAW1920,91ACP
GAW1920,FXK11
GAW1920,SPBS704AR
GAW1920,SGD6BR
SGDE215ESD,SRPCR4700
SGDE215ESD,PPC106LA
SGDE215ESD,91ACP
SGDE215ESD,SIMM180
SGDE215ESD,SPBS24AR
SGDE215ESD,ATECH2FR125B
SGDE215ESD,FHLF80A
SGDE215ESD,FXK3
SGDE215ESD,SGASA204CR
SGDE215ESD,SIMM190
PPSG105,PPSG103
PPSG105,PPSG106
PPSG105,PPSG203
PPSG105,PCSG820
PPSG105,PCSG816
PPSG105,PPSG4
PPSG105,HBBD8
PPSG105,BTWSMPK
PPSG105,95ACF
PPSG105,UIM225
SN15B,BOERM17
SN15B,AWMBPH9
SN15B,FTX60E
SN15B,AWBPH13
SN15B,RXFS2836B
SN15B,TWM25
SN15B,OFW3
SN15B,HSPD16
SN15B,OFW2
SN15B,PT28E
GLOVE400XL,ECHDD012A
GLOVE400XL,EEDM525F
GLOVE400XL,FB361A
GLOVE400XL,EEPV500
GLOVE400XL,TDG1
GLOVE400XL,ECSPH271
GLOVE400XL,FB316B
GLOVE400XL,RULER602
GLOVE400XL,MAGDISH
GLOVE400XL,ECHDD012AR
GLOVE400XXL,ECHDD012A
GLOVE400XXL,MAGMAT
GLOVE400XXL,ECHDF042
GLOVE400XXL,ECHDD012AR
GLOVE400XXL,BB9008
GLOVE400XXL,YA1050B
GLOVE400XXL,JCK7DBL
GLOVE400XXL,UTK150
GLOVE400XXL,YAKS42
GLOVE400XXL,EEDM504F
STMD8,XS2024A
STMD8,SPBS704AR
STMD8,SGD6BR
STMD8,SGDX80BR
STMD8,SGDP42IRBR
STMD8,FHLF80A
STMD8,TMXK60
STMD8,FXK3
STMD8,SRPCR3800
STMD8,SIMM240
FHBB12AO,OFW3
FHBB12AO,AF102
FHBB12AO,210AFLEY
FHBB12AO,SHBB24
FHBB12AO,BP24B
FHBB12AO,PT28E
FHBB12AO,FHBB18A
FHBB12AO,BT11
FHBB12AO,THL72
FHBB12AO,FM16
PKN12,SPBS704AR
PKN12,TMU8B
PKN12,96ACF
PKN12,SIMM180
PKN12,PPC105LA
PKN12,91ACP
PKN12,SGDX80BR
PKN12,SGASA204CR
PKN12,PL400B
PKN12,FXK6
VO1820B,XS2024A
VO1820B,VO1012B
VO1820B,VO1416B
VO1820B,XS1618A
VO1820B,XS1214A
VO1820B,TM412
VO1820B,TMC106E
VO1820B,TM82
VO1820B,TM5
VO1820B,TM62B
DBH7B,CTNN13KF
DBH7B,PT850
DBH7B,PH3050BR
DBH7B,AT2050
DBH7B,CT9080K2
DBH7B,CTC131A
DBH7B,CTR861AK2
DBH7B,CTR862DB
DBH7B,CTB185
DBH7B,MG325
JCK7DBL,OC5A
JCK7DBL,FB303B
JCK7DBL,ACT73A
JCK7DBL,GA460B
JCK7DBL,ITHE100
JCK7DBL,ECFLK078
JCK7DBL,GLOVE309L
JCK7DBL,GLOVEORIGPLUSL
JCK7DBL,GLASS50R
JCK7DBL,GLOVE1100L
MAGTRAY,MAGMINI
MAGTRAY,MAGMICRO
MAGTRAY,MAGSTRIP
MAGTRAY,MAGMAT
MAGTRAY,MAGDISH
MAGTRAY,JCW80AR
MAGTRAY,JCK7DBL
MAGTRAY,YA1175KIT
MAGTRAY,ECHDD012A
MAGTRAY,ECARL032R
TMUS161A,TMUS141A
TMUS161A,KAC1224TCA
TMUS161A,HD6529
TMUS161A,FAML6E
TMUS161A,STX70E
TMUS161A,SA16E
TMUS161A,TW381
TMUS161A,206EFABL
TMUS161A,YA2020
TMUS161A,IMM360
SFSM15,SFSM16
SFSM15,SFSM11
SFSM15,SFSM18
SFSM15,SFSM9
SFSM15,SFSM19
SFSM15,SFSM17
SFSM15,SFSM14
SFSM15,SFSM13
SFSM15,SFSM12
SFSM15,SFSM10
AT700F,PDR3000A
AT700F,AT5500
AT700F,AT2050
AT700F,PTR2500
AT700F,AT109
AT700F,AT475A
AT700F,PSO4625
AT700F,DB121C
AT700F,CTSG861DB
AT700F,PTGR100
MAGSTRIP,MAGMICRO
MAGSTRIP,MAGMINI
MAGSTRIP,MAGTRAY
MAGSTRIP,MAGMAT
MAGSTRIP,MAGDISH
MAGSTRIP,SVTS264
MAGSTRIP,ECPNJ032
MAGSTRIP,JCK7DBL
MAGSTRIP,ECHDF042
MAGSTRIP,ECSPH271
PPC710BK,AWM110DHK
PPC710BK,317AMMPC
PPC710BK,PKNC150
PPC710BK,206EAU
PPC710BK,BF775C-A
PPC710BK,14V
PPC710BK,GA243
PPC710BK,14V12
PPC710BK,UTV614A
PPC710BK,DPT7A
SHLF80AO,FHLLF80
SHLF80AO,THLF72
SHLF80AO,FHLF80A
SHLF80AO,THLLF72
SHLF80AO,FHBF80A
SHLF80AO,312IMMS
SHLF80AO,SH80A
SHLF80AO,SHLL80A
SHLF80AO,325SIMM
SHLF80AO,IP80D
THL72,AWMBPH9
THL72,AWBPH13
THL72,SH80A
THL72,THLL72
THL72,OFW3
THL72,FTX60E
THL72,SFSM21
THL72,TWM25
THL72,BP24B
THL72,SHLL80A
S6111,S8184
S6111,S6112
S6111,LSR1500
S6111,BRHC2PK
S6111,BTCW800
S6111,S6110A
S6111,A129
S6111,A127
S6111,BTCP400
S6111,111TMUSMA
SF281,SF101
SF281,SF181
SF281,SF121
SF281,SF141
SF281,SF221
SF281,SF201
SF281,AWEF6K
SF281,F101
SF281,F281
SF281,F201
210RAFMA,112RTMA
210RAFMA,112RTSMA
210RAFMA,XDLRM11A
210RAFMA,111STMMDY
210RAFMA,SGASA204CR
210RAFMA,PL400B
210RAFMA,SGDP31IRBR
210RAFMA,SGD2BR
210RAFMA,SHD1R
210RAFMA,TMXK2
212SIMFYA,BLPTE3816
212SIMFYA,BLPTE3814
212SIMFYA,BLPTE3812
212SIMFYA,BLPTE3810
212SIMFYA,SR40K
212SIMFYA,212IMFMSYA
212SIMFYA,210IMFSYA
212SIMFYA,214IMFMYA
212SIMFYA,214SIMFMYA
212SIMFYA,309SIMYA
312IPLM,IPL26C
312IPLM,IPL16C
312IPLM,IPL34C
312IPLM,IPL38C
312IPLM,IPL22C
312IPLM,IPL20C
312IPLM,IPL18C
312IPLM,IPL28C
312IPLM,IPL24C
312IPLM,IPLM22C
OEXM250B,OEXM260B
OEXM250B,OEXM320B
OEXM250B,TW441
OEXM250B,TWM28
OEXM250B,BLPH124
OEXM250B,TWM26
OEXM250B,BLPH125
OEXM250B,OEXM240B
OEXM250B,OEX38B
OEXM250B,OEX42B
OEXM260B,OEXM290B
OEXM260B,OEXM250B
OEXM260B,OEXM320B
OEXM260B,OEXM270B
OEXM260B,OEX44B
OEXM260B,SWM291
OEXM260B,SWM301
OEXM260B,TWM28
OEXM260B,SWM251
OEXM260B,OEXM80B
PTR2505G,PTR2505
PTR2505G,PDR3000A
PTR2505G,PTR72
PTR2505G,MG325
PTR2505G,AT700F
PTR2505G,PTC250
PTR2505G,PT338
PTR2505G,PTGR100
PTR2505G,PTGR110
PTR2505G,PDR5000A
SFSM13,SFSM11
SFSM13,SFSM18
SFSM13,SFSM19
SFSM13,SFSM16
SFSM13,SFSM15
SFSM13,SFSM9
SFSM13,SFSM17
SFSM13,SFSM14
SFSM13,SFSM12
SFSM13,SFSM10
SG5ASABR,XS2024A
SG5ASABR,R2428C
SG5ASABR,R2426C
SG5ASABR,R2830C
SG5ASABR,R1618C
SG5ASABR,R1214C
SG5ASABR,VGP12509
SG5ASABR,R810C
SG5ASABR,R1011C
SG5ASABR,R2022C
SWM191,SWM161
SWM191,SWM151A
SWM191,SWM121A
SWM191,SWM231
SWM191,SWM211
SWM191,SWM241
SWM191,SWM111A
SWM191,SWM251
SWM191,SWM271
SWM191,ACT1370
YA381ABL,KRA2411PBO
YA381ABL,KRSC430APBO7
YA381ABL,PLRK30
YA381ABL,KACKMCFIBER1
YA381ABL,KRA2055FPBO
YA381ABL,KRA5311FPBO
YA381ABL,MRB12B
YA381ABL,KWSN2455ABL
YA381ABL,KCP2422PBO
YA381ABL,PLRK21
CTR868K2,PTR72
CTR868K2,CTQ838DB
CTR868K2,PT850
CTR868K2,CTC772A
CTR868K2,AT118
CTR868K2,CTR867AK2
CTR868K2,CTC131A
CTR868K2,AT5500
CTR868K2,CT9080K2
CTR868K2,DB129C
PTGR210AG,CTB8174
PTGR210AG,PTC250
PTGR210AG,CTNN13KF
PTGR210AG,CTR867AK2
PTGR210AG,PTR72
PTGR210AG,PTR2505
PTGR210AG,CTR861AK2
PTGR210AG,CT825DB
PTGR210AG,CTC131A
PTGR210AG,PTGR100
CJ2001P,S6103A
CJ2001P,S9538A
CJ2001P,A179A
CJ2001P,MSK10
CJ2001P,SBT26
CJ2001P,BLPPB704
CJ2001P,TA360
CJ2001P,307IPLY
CJ2001P,A159
CJ2001P,LDT40
AWMG9-8,FX1
AWMG9-8,SIMM240
AWMG9-8,FXK6
AWMG9-8,SPBS12AR
AWMG9-8,PPC106LA
AWMG9-8,SGASA204CR
AWMG9-8,A2A
AWMG9-8,F80
AWMG9-8,SHD1R
AWMG9-8,SGD6BR
AWTXL8,AWBXL13
AWTXL8,AWMXL10
AWTXL8,AWXL13
AWTXL8,AWBS13
AWTXL8,BHM9A
AWTXL8,196ACF
AWTXL8,SOEX28
AWTXL8,PPC108LA
AWTXL8,PPC104LA
AWTXL8,PWCS9ACF
AWXL13,AWMXL10
AWXL13,AWTXL8
AWXL13,DBHS13
AWXL13,HBPT24
AWXL13,HBBD8
AWXL13,214SFY
AWXL13,STMD9
AWXL13,STMD7
AWXL13,STMD14
AWXL13,STMD18
AWXL13-3/8,47ACF
AWXL13-3/8,SPBS12AR
AWXL13-3/8,ATECH2FR125B
AWXL13-3/8,SGD2BR
AWXL13-3/8,SPBS8AR
AWXL13-3/8,SGD8BR
AWXL13-3/8,SGDX80BR
AWXL13-3/8,SGDP42IRBR
AWXL13-3/8,FXK6
AWXL13-3/8,SGASA204CR
IPL30C,IPL22C
IPL30C,IPL18C
IPL30C,IPL28C
IPL30C,IPL34C
IPL30C,IPL38C
IPL30C,IPL42C
IPL30C,IPLM12C
IPL30C,IPLM13C
IPL30C,IPLM15C
IPL30C,IPLM17C
KRA4008FPJK,KRSC430APBO1
KRA4008FPJK,KRA2411PBO
KRA4008FPJK,TB20AC
KRA4008FPJK,KRA4107FPBO
KRA4008FPJK,SNA-TBP14
KRA4008FPJK,KCP2422PBO
KRA4008FPJK,KRSC46HPBO
KRA4008FPJK,KRSC430APBO7
KRA4008FPJK,KACKMCFIBER1
KRA4008FPJK,YA450B
AW10D,AW7D
AW10D,AW4-1/2D
AW10D,AW6D
AW10D,AW12D
AW10D,AW8D
AW10D,AW4D
AW10D,AW5D
AW10D,FSM71
AW10D,YA2020
AW10D,TW401
CTR827DB,PTB32K
CTR827DB,CTDFL861
CTR827DB,CT9010K2
CTR827DB,PTGR100
CTR827DB,CTB8174
CTR827DB,CT825DB
CTR827DB,PTR2500
CTR827DB,CTC772A
CTR827DB,CTC131A
CTR827DB,PDR3000A
AW1013DK,AWL1010DK
AW1013DK,30SSD
AW1013DK,10R
AW1013DK,OEX080B
AW1013DK,BLPH389
AW1013DK,S6106KA
AW1013DK,AD6C
AW1013DK,BP12B
AW1013DK,BLPH125
AW1013DK,YA337A
CTPOL9050DB,MG725A
CTPOL9050DB,AT109
CTPOL9050DB,DBBPT13
CTPOL9050DB,PTC250
CTPOL9050DB,CTR861AK2
CTPOL9050DB,AT118
CTPOL9050DB,CTB8174
CTPOL9050DB,PH3050BR
CTPOL9050DB,AT2050
CTPOL9050DB,CTR862DB
CTR861AK2,CT9080K2
CTR861AK2,CT9010K2
CTR861AK2,CTR867AK2
CTR861AK2,CTB185
CTR861AK2,CTB8174
CTR861AK2,CT825DB
CTR861AK2,PSO4625
CTR861AK2,PTC250
CTR861AK2,PTR2500
CTR861AK2,CTC772A
305SIMMY,310TWMYA
305SIMMY,OFW2
305SIMMY,SOEX38
305SIMMY,SOEX40
305SIMMY,L872RM
305SIMMY,AWP160
305SIMMY,SOEX36
305SIMMY,SOEX30
305SIMMY,312SIMM
305SIMMY,SOEX32
307RIPLMS,LDTJT538
307RIPLMS,LDTJT512
307RIPLMS,BLPTHC87
307RIPLMS,FHLF80A
307RIPLMS,SHD1R
307RIPLMS,TMU8B
307RIPLMS,PL400B
307RIPLMS,96ACF
307RIPLMS,SPBS24AR
307RIPLMS,SGD6BR
KRA6200FPJK,KRSC430APBO7
KRA6200FPJK,KA2422SETPJH
KRA6200FPJK,TB20AC
KRA6200FPJK,PLRK30
KRA6200FPJK,KRA2411PBO
KRA6200FPJK,KRSC326FPBO
KRA6200FPJK,KRSC343PBO
KRA6200FPJK,A277
KRA6200FPJK,YA450B
KRA6200FPJK,KRSC430APBO1
THLL72,AWM140DK
THLL72,FHLL80
THLL72,103TMXKLA
THLL72,THL72
THLL72,SHLL80A
THLL72,PTM30
THLL72,FHL80
THLL72,SGDTX50BR
THLL72,208AFX
THLL72,FHBB12A
TR107A,VGP104
TR107A,BP8B
TR107A,PK500A
TR107A,PK53A
TR107A,BTCP2SA
TR107A,B3404B
TR107A,SIMM320
TR107A,TWM25
TR107A,YA337A
TR107A,S6106KA
DBT10,47ACF
DBT10,SPBS704AR
DBT10,TMXK4
DBT10,SGD2BR
DBT10,T72
DBT10,FXK6
DBT10,FU8A
DBT10,PL400B
DBT10,SRPCR4700
DBT10,SGASA204CR
TMM4,TMM4.5
TMM4,STMM4.5
TMM4,TMM15
TMM4,TWM27
TMM4,TMM9
TMM4,TMM11
TMM4,TMM8
TMM4,STMM6
TMM4,STMM14
TMM4,STMM11
FS161,FS241
FS161,FS221
FS161,FS121
FS161,FS181
FS161,FS201
FS161,FS141
FS161,BHS7A
FS161,SN25A
FS161,TWM31
FS161,ACT1370
GLOVE900LR,GLOVE505RL
GLOVE900LR,GLOVE300BL
GLOVE900LR,YA427B
GLOVE900LR,GLOVE1100L
GLOVE900LR,SOSG01BKCL01
GLOVE900LR,GLOVEORIGPLUSL
GLOVE900LR,JCW62R
GLOVE900LR,ACT51234A
GLOVE900LR,JCK7DBL
GLOVE900LR,ECPNG032
GLOVE900MB,GLOVE505RL
GLOVE900MB,GLOVE300BL
GLOVE900MB,YA427B
GLOVE900MB,GLOVE309L
GLOVE900MB,GLOVE1100L
GLOVE900MB,GLASS50R
GLOVE900MB,SOSG01BKCL01
GLOVE900MB,ACT51234A
GLOVE900MB,GLASS30R
GLOVE900MB,ECPNG032
SIMM160A,SIMM130A
SIMM160A,SIMM110A
SIMM160A,SIMM230
SIMM160A,SIMM180
SIMM160A,SIMM240
SIMM160A,SIMM170
SIMM160A,SIM180A
SIMM160A,SIM220
SIMM160A,SIM200
SIMM160A,SIM340
315AN,OEX42B
315AN,PPC5A
315AN,OEX714KB
315AN,SOEXM705
315AN,LDH562
315AN,LDH522
315AN,IPL24C
315AN,IPL30C
315AN,IPL34C
315AN,IPL36C
PPCS60BK,TTX40E
PPCS60BK,TTX27E
PPCS60BK,TTX30E
PPCS60BK,TD9902C
PPCS60BK,HSPD16
PPCS60BK,FTX60E
PPCS60BK,PPCL60BK
PPCS60BK,GAJ12A
PPCS60BK,AWMXL10
PPCS60BK,AWXL13
TWM18,TWM19
TWM18,TWM17
TWM18,TWM21
TWM18,TWM20
TWM18,TWM22
TWM18,TWM24
TWM18,TWM29
TWM18,TWM31
TWM18,TWM25
TWM18,313TSMYA
131A,B1461
131A,TTX40E
131A,BTC7B
131A,208CCP
131A,B3404B
131A,OEXM6B
131A,OEXM9B
131A,B1356E
131A,TF5A
131A,BTC3A
SDM252C,SDM251C
SDM252C,SDMT20D
SDM252C,SDMT25D
SDM252C,SDMT10D
SDM252C,UIM2LT
SDM252C,SGDMRC4-TM4
SDM252C,808CF
SDM252C,CSA8CR
SDM252C,S9706KRA
SDM252C,RXFMS606B
SOEXM120,SOEXM170
SOEXM120,SOEXM140
SOEXM120,SOEXM150
SOEXM120,SOEXM130
SOEXM120,SOEXM100
SOEXM120,GSAF1F
SOEXM120,96ACF
SOEXM120,47ACF
SOEXM120,BOERM14
SOEXM120,BOERM12
PBMS5R,PBMA5
PBMS5R,PBMA5O
PBMS5R,PBMB5O
PBMS5R,PBMA5R
PBMS5R,PBMMA5
PBMS5R,PBMMA5R
PBMS5R,PBMMA5G
PBMS5R,SRP3A
PBMS5R,DS806AK
PBMS5R,TW381
786CF,411CF
786CF,ST50A
786CF,97ACF
786CF,PWCS7ACF
786CF,S6106KA
786CF,BF620C
786CF,SRPCR4700
786CF,SRPCR3800
786CF,OEX709B
786CF,91ACP
AWBXL13,AWBMXL9
AWBXL13,AWTXL8
AWBXL13,BHM9A
AWBXL13,FHLF80A
AWBXL13,AWBPH13
AWBXL13,AWMXL10
AWBXL13,AWBS13
AWBXL13,AWTR8
AWBXL13,DBHM9
AWBXL13,AWXL13
GLOVE505RXL,GLOVEORIGPLUSL
GLOVE505RXL,SOSG01BKCL01
GLOVE505RXL,GLOVE900LR
GLOVE505RXL,GLOVE1100L
GLOVE505RXL,GLOVE300BL
GLOVE505RXL,JCK8
GLOVE505RXL,FB361A
GLOVE505RXL,TPGDL2000
GLOVE505RXL,ECHDD012AR
GLOVE505RXL,UTK150
GLOVE505RXX,GLOVEORIGPLUSL
GLOVE505RXX,SOSG01BKCL01
GLOVE505RXX,GLOVE900LR
GLOVE505RXX,GLOVE1100L
GLOVE505RXX,GLOVE300BL
GLOVE505RXX,ECHDD012AR
GLOVE505RXX,RULER601
GLOVE505RXX,ECSPH271
GLOVE505RXX,EECT400
GLOVE505RXX,ECPNG032
KRA4107FPCM,KRA4114FPBO
KRA4107FPCM,KRA4810FPBO
KRA4107FPCM,KRSC430APBO7
KRA4107FPCM,TB50WC
KRA4107FPCM,KCP1422PBO
KRA4107FPCM,KRA5311FPBO
KRA4107FPCM,KRA2422PBO
KRA4107FPCM,KRA6200FPBO
KRA4107FPCM,SNA-TBP14
KRA4107FPCM,KA2422SETPJH
KCP2422PU,KWSN2455ABL
KCP2422PU,KRWT2411
KCP2422PU,KWSP2455ABL
KCP2422PU,KWSP2455AST
KCP2422PU,KWSN2455AST
KCP2422PU,KRA2422PBO
KCP2422PU,KCP1422PBO
KCP2422PU,KRA2411PBO
KCP2422PU,KAERNADD6RD
KCP2422PU,KACKMCFIBER1
ECHDD012AG,ECHDD012AR
ECHDD012AG,LBUK1
ECHDD012AG,GLOVE300BL
ECHDD012AG,ECARL032R
ECHDD012AG,MAGMAT
ECHDD012AG,ECPNI032R
ECHDD012AG,TPGDL2000
ECHDD012AG,EEDM503D
ECHDD012AG,ECPNJ032
ECHDD012AG,GLOVEORIGPLUSL
B1467A,S6112
B1467A,S8184
B1467A,B3404B
B1467A,BT11
B1467A,A3042
B1467A,BCS70A
B1467A,YA824C
B1467A,OFW3
B1467A,AWM110DK
B1467A,BTCW800
SSDMRT8A,BTWROS
SSDMRT8A,BTWS
SSDMRT8A,BTWOS
SSDMRT8A,UIM2LT
SSDMRT8A,BLPBTW4
SSDMRT8A,F4LBK
SSDMRT8A,SGDMRCE44
SSDMRT8A,103TMXKLA
SSDMRT8A,SDMT10D
SSDMRT8A,SDMT20D
AWSGM10A,91ACP
AWSGM10A,FXK6
AWSGM10A,SGD2BR
AWSGM10A,A2A
AWSGM10A,96ACF
AWSGM10A,SGDP31IRBR
AWSGM10A,FXK3
AWSGM10A,SPBS704AR
AWSGM10A,SPBS8AR
AWSGM10A,SIMM200
AWBSGM2A,SGASA204CR
AWBSGM2A,SIMM160A
AWBSGM2A,TMXK2
AWBSGM2A,96ACF
AWBSGM2A,ATECH2FR125B
AWBSGM2A,SIMM210
AWBSGM2A,BLPTHC87
AWBSGM2A,TMXK4
AWBSGM2A,SGD4BR
AWBSGM2A,SPBS24AR
KRA6210FPBO,KRA2411PBO
KRA6210FPBO,KRSC323PBO
KRA6210FPBO,A277
KRA6210FPBO,KRA4813FPBO
KRA6210FPBO,KCP2422PBO
KRA6210FPBO,KRA4059FPBO
KRA6210FPBO,KRSC326FPBO
KRA6210FPBO,KRA4107FPBO
KRA6210FPBO,KRSC343PBO
KRA6210FPBO,KRA5311FPBO
KRSC343PBO,PLRK27
KRSC343PBO,KACKMCFIBER1
KRSC343PBO,KA2422SETPJH
KRSC343PBO,KRSC323PBO
KRSC343PBO,KCP2422PBO
KRSC343PBO,KRA4813FPBO
KRSC343PBO,KCP1422PBO
KRSC343PBO,KRA4059FPBO
KRSC343PBO,KACKFLTCLNR
KRSC343PBO,KRA2411PBO
JCW80AO,JCW62R
JCW80AO,VAC201
JCW80AO,ASTFUN19KIT
JCW80AO,YA427B
JCW80AO,ECHDG052
JCW80AO,MAGTRAY
JCW80AO,MRB10B
JCW80AO,ACT73A
JCW80AO,ACT413A
JCW80AO,FB303B
EECS150,EEBM600
EECS150,ACT925
EECS150,EEJP201MBKA-NA
EECS150,YA832A
EECS150,MTEE6
EECS150,RTEMPB7
EECS150,EEDMDVA
EECS150,YA4000B
EECS150,EECT424HD
EECS150,EEPV503
CTRS761ADB,CGG861DB
CTRS761ADB,CTCO861K2
CTRS761ADB,CT825DB
CTRS761ADB,CTB8174
CTRS761ADB,CTSG861DB
CTRS761ADB,CTNN13KF
CTRS761ADB,PTC250
CTRS761ADB,PTGR110
CTRS761ADB,CTR867AK2
CTRS761ADB,CT9080K2
AWL20D,SHD1R
AWL20D,SIMM190
AWL20D,SIMM210
AWL20D,SPBS704AR
AWL20D,PPC4A
AWL20D,SIMM240
AWL20D,F80
AWL20D,BLPTHC87
AWL20D,SGD8BR
AWL20D,91ACP
MS8A,SPBS18AR
MS8A,96ACF
MS8A,ATECH2FR125B
MS8A,SGD6BR
MS8A,FU8A
MS8A,BLPTHC87
MS8A,GFAT1E
MS8A,SGASA204CR
MS8A,SIMM200
MS8A,TMXK60
BOERM18,BOERM21
BOERM18,BOERM19
BOERM18,AWCGT500
BOERM18,QD3RN350A
BOERM18,208EFTAMXSY
BOERM18,OEXM270B
BOERM18,TWM27
BOERM18,UTS105A
BOERM18,TMM4
BOERM18,SGDTX315BR
BOERM8,BOERM9
BOERM8,BOERM12
BOERM8,BOERM19
BOERM8,BOERM10
BOERM8,OEXM260B
BOERM8,OEXM7B
BOERM8,YA4274A
BOERM8,SOXRR707A
BOERM8,OEXM6B
BOERM8,OEXM713B
BTWOS,BTWROS
BTWOS,BTWS
BTWOS,BLPBTW8
BTWOS,BLPBTW6
BTWOS,SSDMRT8A
BTWOS,BLPXZNM389
BTWOS,SDMT25D
BTWOS,SGDMRC11A
BTWOS,UIM2LT
BTWOS,TMBS8A
ATKIFL,PWC48
ATKIFL,LP7R
ATKIFL,XLE605
ATKIFL,S6106KA
ATKIFL,YA337A
ATKIFL,OEX709B
ATKIFL,OEX10B
ATKIFL,OEX11B
ATKIFL,OEX8B
ATKIFL,FM11
BLPSM146,BLPSM145
BLPSM146,BLPSM149
BLPSM146,BLPSM144
BLPSM146,BLPSM1411
BLPSM146,BLPSM147
BLPSM146,BLPSM1413
BLPSM146,BLPSM1412
BLPSM146,BLPSM148
BLPSM146,BLPSM1410
BLPSM146,TMM15
BLPT1415,BLPT1410
BLPT1415,BLPT148
BLPT1415,BLPT1427
BLPT1415,BLPT146
BLPT1415,BLPT147
BLPT1415,BLPT1420
BLPT1415,BLPTE1220
BLPT1415,BLPT1255
BLPT1415,BLPTL1425
BLPT1415,BLPTE3810
BLPT1420,BLPT1427
BLPT1420,BLPT1415
BLPT1420,BLPT148
BLPT1420,BLPT1425
BLPT1420,BLPT146
BLPT1420,BLPTE1220
BLPT1420,BLPT3845
BLPT1420,BLPTE1224
BLPT1420,BLPTE148
BLPT1420,BLPTL1430
BLPTE146,BLPTE144
BLPTE146,BLPTE147
BLPTE146,BLPTE148
BLPTE146,BLPTE1224
BLPTE146,BLPTE1220
BLPTE146,BLPT1255
BLPTE146,BLPT1420
BLPTE146,BLPTE3814
BLPTE146,BLPT1430
BLPTE146,PL400B
BLPTE3812,BLPTE3814
BLPTE3812,BLPTE3816
BLPTE3812,BLPTE3810
BLPTE3812,OXIM6B
BLPTE3812,BLPTE144
BLPTE3812,BLPTE145
BLPTE3812,BLPTE146
BLPTE3812,BLPT148
BLPTE3812,310IMMYA
BLPTE3812,BLPT1410
BLPTL1425,BLPTL147
BLPTL1425,BLPTL148
BLPTL1425,BLPTL1415
BLPTL1425,BLPTL1420
BLPTL1425,BLPTL149
BLPTL1425,BLPTL1430
BLPTL1425,BLPTL1260
BLPTL1425,BLPTL3850
BLPTL1425,BLPTL3845
BLPTL1425,BLPSM1410
BLPTS1420,BLPTS1415
BLPTS1420,BLPTS1410
BLPTS1420,BLPTS1425
BLPTS1420,BLPTS1430
BLPTS1420,BLPHSM146
BLPTS1420,BLPHSM1410
BLPTS1420,BLPHSM145
BLPTS1420,BLPHSM148
BLPTS1420,RTD48
BLPTS1420,PWCS7ACF
BLPTS1450,T72
BLPTS1450,SPBS24AR
BLPTS1450,SRPCR4700
BLPTS1450,SIMM150A
BLPTS1450,PPC106LA
BLPTS1450,SPBS12AR
BLPTS1450,A2A
BLPTS1450,FXK6
BLPTS1450,BLPTHC87
BLPTS1450,GFAT1E
BLPH125,BLPH124
BLPH125,BLPH126
BLPH125,BLPH14732
BLPH125,BLPH14316
BLPH125,BLPH1418
BLPH125,BLPH1414
BLPH125,BLPH387
BLPH125,BLPH388
BLPH125,BLPT1430
BLPH125,BLPH3810
BLPHL144,BLPHL145
BLPHL144,BLPHL146
BLPHL144,BLPT1420
BLPHL144,BLPT1430
BLPHL144,BLPH14964
BLPHL144,BLPHL3810
BLPHL144,BLPH14732
BLPHL144,BLPHL387
BLPHL144,BLPHL388
BLPHL144,BLPH1418
BLPHL14532,BLPHL1418
BLPHL14532,BLPHL14316
BLPHL14532,BLPT1430
BLPHL14532,BLPTHC87
BLPHL14532,F80
BLPHL14532,SPBS8AR
BLPHL14532,TMU8B
BLPHL14532,ATECH2FR125B
BLPHL14532,91ACP
BLPHL14532,96ACF
BLPHL146,BLPHL145
BLPHL146,BLPHL144
BLPHL146,BLPHSM148
BLPHL146,BLPHL3810
BLPHL146,BLPHL388
BLPHL146,AWMEF6K
BLPHL146,AWEF9K
BLPHL146,FMAS
BLPHL146,SPBS24A
BLPHL146,BLPT1420
BLPHL3810,BLPHL387
BLPHL3810,BLPHL388
BLPHL3810,BLPH3810
BLPHL3810,BLPH389
BLPHL3810,BLPH387
BLPHL3810,BLPH38732
BLPHL3810,BLPH388
BLPHL3810,BLPH386
BLPHL3810,BLPH38516
BLPHL3810,BLPH3814
GMASEPA,FXK3
GMASEPA,SHD1R
GMASEPA,91ACP
GMASEPA,ATECH2FR125B
GMASEPA,SGDP42IRBR
GMASEPA,PPC103A
GMASEPA,SPBS18AR
GMASEPA,SPBS24AR
GMASEPA,A2A
GMASEPA,SIMM170
SEPIMFMSIMFMA,SEPIMMSIMMA
SEPIMFMSIMFMA,FADH12C
SEPIMFMSIMFMA,PRH57A
SEPIMFMSIMFMA,IMM140A
SEPIMFMSIMFMA,SLX80A
SEPIMFMSIMFMA,212EFTXY
SEPIMFMSIMFMA,SIMM240
SEPIMFMSIMFMA,IMM160A
SEPIMFMSIMFMA,SIMM220
SEPIMFMSIMFMA,IMM180
SEPPROCORE2A,222SFFSFR
SEPPROCORE2A,SEPPROCORE1A
SEPPROCORE2A,224SFFSMFR
SEPPROCORE2A,PTIM5
SEPPROCORE2A,212EFTAY
SEPPROCORE2A,AWMG9
SEPPROCORE2A,AWS13
SEPPROCORE2A,211EFAMY
SEPPROCORE2A,SGDMRC4-TM4
SEPPROCORE2A,FADH12C
SEPPROK12PWZA,BLPTHC87
SEPPROK12PWZA,96ACF
SEPPROK12PWZA,SGDP42IRBR
SEPPROK12PWZA,SGDX80BR
SEPPROK12PWZA,SIMM200
SEPPROK12PWZA,F80
SEPPROK12PWZA,TMXK2
SEPPROK12PWZA,SIMM180
SEPPROK12PWZA,SPBS704AR
SEPPROK12PWZA,47ACF
TFM7530B,TF1127B
TFM7530B,TF1124B
TFM7530B,TWM30
TFM7530B,TWM32
TFM7530B,206AFSP
TFM7530B,206EFABLM
TFM7530B,S9711KA
TFM7530B,OEXSM710B
TFM7530B,FABLM5E
TFM7530B,TWM28
LSR2000,SN25A
LSR2000,222AFSP
LSR2000,ACT1370
LSR2000,SWM111A
LSR2000,SWM101A
LSR2000,OFW3
LSR2000,OEXM9B
LSR2000,OEXM8B
LSR2000,PKNC125C2
LSR2000,SWM251
OFWHD3KT,VGP12412
OFWHD3KT,BT518
OFWHD3KT,BTC8A
OFWHD3KT,YA4275
OFWHD3KT,PWZ4
OFWHD3KT,PHP2A
OFWHD3KT,YA4274A
OFWHD3KT,AF102
OFWHD3KT,PPC20LB
OFWHD3KT,SGA1714B
PBMA5G,PBMA5O
PBMA5G,PBMMA5O
PBMA5G,PBMMA5G
PBMA5G,PBMA5R
PBMA5G,PBMMB5G
PBMA5G,PBMA5
PBMA5G,PBMS5R
PBMA5G,PBMB5R
PBMA5G,SPBS24AR
PBMA5G,SPBS8AR
PKNG90,AWMEF7K
PKNG90,FSLF80
PKNG90,FTX60E
PKNG90,210AFLEY
PKNG90,AWP160
PKNG90,OEXM90B
PKNG90,29ACF
PKNG90,TR107A
PKNG90,B1356E
PKNG90,OEXM710B
PT40B,RXS605B
PT40B,GA294
PT40B,BP40B
PT40B,GA265A
PT40B,UIM2FL
PT40B,AW1013DK
PT40B,311IMFSY
PT40B,2005BSKA
PT40B,RBM1011SC
PT40B,TM62B
PWC27,110ETMAY
PWC27,TMA4.5E
PWC27,TMA5E
PWC27,TMA8E
PWC27,TMA6E
PWC27,UIM2FL
PWC27,PWC48
PWC27,AWS13
PWC27,TMA3.5E
PWC27,46ACF
RBM1011C,RBM1213C
RBM1011C,RBM1618C
RBM1011C,RBM1415C
RBM1011C,RBM1719C
RBM1011C,RBM910C
RBM1011C,RBM78SC
RBM1011C,RBM810C
RBM1011C,OXIM707SBK
RBM1011C,RBM78C
RBM1011C,SG4ASHBR
R1618C,R2830C
R1618C,R2428C
R1618C,R2426C
R1618C,R1011C
R1618C,R1012C
R1618C,R1214C
R1618C,R810C
R1618C,F80FOD
R1618C,WTG8A
R1618C,TMUS181A
KACKSPDWAXX,KRSC326FPBO
KACKSPDWAXX,KRSC430APBO7
KACKSPDWAXX,PLRK27
KACKSPDWAXX,SNA-TBP14
KACKSPDWAXX,KRA2422PBO
KACKSPDWAXX,KRSC46HPBO
KACKSPDWAXX,KCP2422PBO
KACKSPDWAXX,KRA25D
KACKSPDWAXX,KWSP2455AST
KACKSPDWAXX,KAERNADD6RD
KWSP2455ABL,KCP1422PBO
KWSP2455ABL,KCP2422PBO
KWSP2455ABL,KRA2422PBO
KWSP2455ABL,KRA2411PBO
KWSP2455ABL,PLRK21
KWSP2455ABL,SNA-TBP14
KWSP2455ABL,KRSC326FPBO
KWSP2455ABL,KRWT2411
KWSP2455ABL,KASS13
KWSP2455ABL,KWSN2455AST
WELDIGNGRANITE,YA427B
WELDIGNGRANITE,RULER602
WELDIGNGRANITE,JCK8
WELDIGNGRANITE,JCK7DBL
WELDIGNGRANITE,GLASS50R
WELDIGNGRANITE,EECT400
WELDIGNGRANITE,ECHDD012AR
WELDIGNGRANITE,RULER600
WELDIGNGRANITE,ECARL032R
WELDIGNGRANITE,EEDM504F
UIM2FL,110ETMAY
UIM2FL,TMA4.5E
UIM2FL,TMA4E
UIM2FL,PWC27
UIM2FL,UPT2FL
UIM2FL,TMA3.5E
UIM2FL,TMA2.5E
UIM2FL,PT40B
UIM2FL,GA294
UIM2FL,SOEX30
UKBU10,MS400A
UKBU10,BTC8A
UKBU10,HBBD8
UKBU10,LP7R
UKBU10,SDMT10D
UKBU10,208FRDH
UKBU10,GMB3042
UKBU10,8HR
UKBU10,YA339A
UKBU10,PWC52A
YA4275,SPBS24A
YA4275,PKNC150
YA4275,UPTM65K
YA4275,SOEX38
YA4275,SOEX40
YA4275,LDH402
YA4275,LDH442
YA4275,LDH342
YA4275,LDH602
YA4275,LDH522
XDLRM705K2A,XDLRM705K1A
XDLRM705K2A,XDLRM11A
XDLRM705K2A,XDLR705A
XDLRM705K2A,206SPKPLGMAG
XDLRM705K2A,S9704KR
XDLRM705K2A,207IPFM
XDLRM705K2A,XFRRM705
XDLRM705K2A,214SIMFMYA
XDLRM705K2A,214IMFMYA
XDLRM705K2A,S9706KRA
YA4612,ECHDD012AR
YA4612,FB336
YA4612,GLASS30R
YA4612,MAGMAT
YA4612,IM1PT
YA4612,EECT200
YA4612,ECHDD012A
YA4612,EEDM503D
YA4612,FB316B
YA4612,SVTSRAD272U
RTEMPB7,CAL6EA
RTEMPB7,MTTL300
RTEMPB7,EEPV503
RTEMPB7,GA296B
RTEMPB7,EEBM600
RTEMPB7,EEPV509
RTEMPB7,EEPV500
RTEMPB7,TPMC25GRN
RTEMPB7,TDG1
RTEMPB7,EECT900
SDDDM1AG,SDMV208
SDDDM1AG,TR117O
SDDDM1AG,ADCF8
SDDDM1AG,PBMS5R
SDDDM1AG,SGDMRCE44
SDDDM1AG,TR108
SDDDM1AG,TK72
SDDDM1AG,GA294
SDDDM1AG,LP6LN
SDDDM1AG,TMBS8A
VWB3B,DB121C
VWB3B,AT109
VWB3B,CTS561BITSET
VWB3B,PH3050BR
VWB3B,PTGR100
VWB3B,CTNN13KF
VWB3B,PT850
VWB3B,CT9010K2
VWB3B,PTR72
VWB3B,MG325
TA32A,TA54
TA32A,TA50
TA32A,SVTS264
TA32A,RADKITULTRA
TA32A,SVTS272A
TA32A,SVTA9100
TA32A,SVTSRAD272U
TA32A,ACT925
TA32A,FB307RNB
TA32A,ACT51234A
TMMD6,TMMD11
TMMD6,TMMD5
TMMD6,TMMD7
TMMD6,TMMD9
TMMD6,TMMD8
TMMD6,TMMD10
TMMD6,SR40K
TMMD6,BTC7B
TMMD6,AWMG9
TMMD6,AW1020DK
TEMP200,ACTR4151A
TEMP200,EEDM596FK
TEMP200,JCK7DBL
TEMP200,EECT200
TEMP200,TDG2
TEMP200,MAGDISH
TEMP200,FB336
TEMP200,ACT413A
TEMP200,MTTL433
TEMP200,ACTR1234YF
KRSC2460POT1,YA389A
KRSC2460POT1,KWSN2455ABL
KRSC2460POT1,KRSC46HPBO
KRSC2460POT1,KRA2055FPBO
KRSC2460POT1,KRA2411PBO
KRSC2460POT1,KRA4107FPBO
KRSC2460POT1,SNA-TBP14
KRSC2460POT1,KRA2422PBO
KRSC2460POT1,KRSC430APBO7
KRSC2460POT1,KRWT2411
SWDK4,PTGR110
SWDK4,AT118
SWDK4,CTR861AK2
SWDK4,PT338
SWDK4,CTDFL861
SWDK4,CTR867AK2
SWDK4,CT9080K2
SWDK4,DB121C
SWDK4,AT700F
SWDK4,PDR3000A
AWSGM6A,SIMM210
AWSGM6A,PPC105LA
AWSGM6A,FX1
AWSGM6A,SIMM160A
AWSGM6A,PPC4A
AWSGM6A,PPC106LA
AWSGM6A,TMXK2
AWSGM6A,A2A
AWSGM6A,FXK6
AWSGM6A,SPBS18AR
206AFXW,305SXWP
206AFXW,106ATMXW
206AFXW,BTWSMPK
206AFXW,110ETMAY
206AFXW,214SFY
206AFXW,XO605
206AFXW,PPB30AK
206AFXW,SSFP1
206AFXW,SHLF80A
206AFXW,AWMEF6K
IPLM21C,IPLM15C
IPLM21C,IPLM12C
IPLM21C,IPLM13C
IPLM21C,IPL34C
IPLM21C,IPL38C
IPLM21C,IPL22C
IPLM21C,IPL18C
IPLM21C,IPL28C
IPLM21C,IPL36C
IPLM21C,IPL30C
MTTL300,GA296B
MTTL300,RTEMPB7
MTTL300,ACT83A
MTTL300,CAL6EA
MTTL300,PGP50
MTTL300,PGP120
MTTL300,RULER6
MTTL300,BLP18HVLP
MTTL300,MRB5B
MTTL300,EECT200
CTB185,CTC131A
CTB185,CTINF9010
CTB185,CTSG861DB
CTB185,CTB8187
CTB185,CT9010K2
CTB185,CT9080K2
CTB185,CTB8174
CTB185,CT825DB
CTB185,CTR867AK2
CTB185,CTR861AK2
FTX50E,TTX8E
FTX50E,FTX45E
FTX50E,TTX10E
FTX50E,TTX15E
FTX50E,TTX25E
FTX50E,TTX20E
FTX50E,FTX40E
FTX50E,AW1020DK
FTX50E,AWM140DK
FTX50E,TWM31
SIMM100A,SIMM110A
SIMM100A,SIMM120A
SIMM100A,SIMM200
SIMM100A,SIMM190
SIMM100A,SIMM220
SIMM100A,222AFSP
SIMM100A,AC58E
SIMM100A,315IMMYA
SIMM100A,SIM180A
SIMM100A,SIM160A
GLOVE503CLA,GLOVE309L
GLOVE503CLA,GLASS50R
GLOVE503CLA,EEPV509
GLOVE503CLA,FB316B
GLOVE503CLA,ECHDD012A
GLOVE503CLA,ECHDF042
GLOVE503CLA,EECT400
GLOVE503CLA,AT4101
GLOVE503CLA,EEPV500
GLOVE503CLA,UTK150
GLOVE503CXLA,GLOVE309L
GLOVE503CXLA,GLASS50R
GLOVE503CXLA,ECHDD012A
GLOVE503CXLA,UTK150
GLOVE503CXLA,FB361A
GLOVE503CXLA,RULER601
GLOVE503CXLA,SVTSRAD272U
GLOVE503CXLA,TDG2
GLOVE503CXLA,EEDM525F
GLOVE503CXLA,TPMC25
AWSGM8A,SGD6BR
AWSGM8A,SHD1R
AWSGM8A,47ACF
AWSGM8A,T72
AWSGM8A,BLPTHC87
AWSGM8A,91ACP
AWSGM8A,FXK3
AWSGM8A,FXK11
AWSGM8A,GFAT1E
AWSGM8A,PPC4A
108ES10MMY,SIM220
108ES10MMY,SIM300
108ES10MMY,SIM180A
108ES10MMY,SIM320
108ES10MMY,SIM360
108ES10MMY,SIM280
108ES10MMY,BTCP2SA
108ES10MMY,YA337A
108ES10MMY,BF620C
108ES10MMY,S6106KA
AWTPH8,DBHM9
AWTPH8,DBHS13
AWTPH8,AWMBPH9
AWTPH8,AWBPH13
AWTPH8,BHM9A
AWTPH8,RAF80A
AWTPH8,SGA174BR
AWTPH8,OEXM713B
AWTPH8,PWCSS7ACF
AWTPH8,911ACF
AWM10D,SGASA204CR
AWM10D,PPC105LA
AWM10D,SIMM170
AWM10D,ATECH3FR300B
AWM10D,47ACF
AWM10D,SGD4BR
AWM10D,SPBS8AR
AWM10D,TMU8B
AWM10D,FXK6
AWM10D,91ACP
VO1416B,XS1416A
VO1416B,XS2024A
VO1416B,VO1012B
VO1416B,XS2226A
VO1416B,XS1214A
VO1416B,XS810A
VO1416B,TM65
VO1416B,TM412
VO1416B,TMC106E
VO1416B,TM82
TAP1,EXD35A
TAP1,BT518
TAP1,PHP3A
TAP1,F80MP
TAP1,BT4651
TAP1,FKF80A
TAP1,PHG1055BK
TAP1,LP404
TAP1,ATECH3FR300B
TAP1,SRPCR4700
BT11,B1458C
BT11,S6112
BT11,BHS7A
BT11,222AFSP
BT11,S6118A
BT11,BCS70A
BT11,OFW2
BT11,BP32B
BT11,OEXM9B
BT11,OEXM8B
XS1820A,XS2024A
XS1820A,XS1012A
XS1820A,XS1618A
XS1820A,TM84
XS1820A,VO1820B
XS1820A,VO3032B
XS1820A,TM412
XS1820A,TMC106E
XS1820A,TM5
XS1820A,TM62B
AWBSG07A,GFAT1E
AWBSG07A,SIMM180
AWBSG07A,FU8A
AWBSG07A,SIMM210
AWBSG07A,BLPTHC87
AWBSG07A,SPBS704AR
AWBSG07A,SIMM150A
AWBSG07A,SIMM240
AWBSG07A,SHD1R
AWBSG07A,ATECH2FR125B
1250,2050
1250,SR40K
1250,111TMMDY
1250,TMMD5
1250,TMMD9
1250,TMMD6
1250,TMMD5.5
1250,TMMD8
1250,TMMD7
1250,TMMD10
106TMUSA,AWL1010DK
106TMUSA,BTWSMPK
106TMUSA,YA2020
106TMUSA,110ETMAY
106TMUSA,DS806AK
106TMUSA,XO605
106TMUSA,GA98A
106TMUSA,AWBPH13
106TMUSA,WTG10A
106TMUSA,FR80
TTX8E,TTX10E
TTX8E,TTX25E
TTX8E,FTX50E
TTX8E,FTX45E
TTX8E,FTX40E
TTX8E,FTX60E
TTX8E,TWM31
TTX8E,FAM8E
TTX8E,211EFAMY
TTX8E,TWM29
AWXL13-050,SGASA204CR
AWXL13-050,ATECH3FR300B
AWXL13-050,T72
AWXL13-050,GFAT1E
AWXL13-050,SIMM170
AWXL13-050,SGD6BR
AWXL13-050,SPBS12AR
AWXL13-050,ATECH2FR125B
AWXL13-050,SPBS704AR
AWXL13-050,F80
DBHM9,DBHS13
DBHM9,AWTR8
DBHM9,A91F
DBHM9,THR72
DBHM9,BHS13A
DBHM9,TK72
DBHM9,29ACF
DBHM9,FA8E
DBHM9,106ATMXW
DBHM9,TTX25E
TKF72,FKF80A
TKF72,TXM72
TKF72,TMS70A
TKF72,TRF72
TKF72,110TMSY
TKF72,TM72
TKF72,TF72
TKF72,OXI707BK
TKF72,BLPBTW4
TKF72,86EP
SHDX80O,AWM110DHK
SHDX80O,AC5C
SHDX80O,2004BSKA
SHDX80O,PK53A
SHDX80O,AW1015DHK
SHDX80O,311IMFSY
SHDX80O,SHDX60R
SHDX80O,LDH362
SHDX80O,LDH342
SHDX80O,LDH402
FXWP3,F12LB
FXWP3,131TMPB
FXWP3,GMB3041
FXWP3,LSR1580
FXWP3,LSRM2000
FXWP3,TMM4
FXWP3,BTG9
FXWP3,117TMM
FXWP3,SFSM18
FXWP3,SFSM12
AWSG20A,AWSG24A
AWSG20A,AWSG800A
AWSG20A,FXK3
AWSG20A,PPC106LA
AWSG20A,SIMM150A
AWSG20A,91ACP
AWSG20A,SGD6BR
AWSG20A,GFAT1E
AWSG20A,FXK6
AWSG20A,96ACF
TM62B,XS1416A
TM62B,XS2226A
TM62B,XS1214A
TM62B,VO2628B
TM62B,VO1416B
TM62B,TM408
TM62B,VO3032B
TM62B,TM412
TM62B,TM65
TM62B,TMC106E
EEPV500,EEPV509
EEPV500,EETL500
EEPV500,YA4000B
EEPV500,RTEMP8
EEPV500,VAC201
EEPV500,RTEMPB7
EEPV500,SVTS272A
EEPV500,EEPV503
EEPV500,SVTSRAD272U
EEPV500,SVTA9100
PTM30,PKNC300
PTM30,AWPBX10
PTM30,PPK300
PTM30,SGAS102BR
PTM30,XFRR704
PTM30,HCP48BCF
PTM30,HBBD8
PTM30,AWP45
PTM30,THR72
PTM30,TMS4E
TMM8,TMM6
TMM8,TMM15
TMM8,TMM4
TMM8,FA12LE
TMM8,STMM6
TMM8,STMM14
TMM8,STMM13
TMM8,STMM7
TMM8,FRX181
TMM8,GF22
PTC250G,SAG03S12
PTC250G,SDG10S25F
PTC250G,PTGR450
PTC250G,PDR5000A
PTC250G,SAG03S20
PTC250G,PDR3000A
PTC250G,PTGR100
PTC250G,AT109
PTC250G,PTR72
PTC250G,MG325
YA4000B,OC5A
YA4000B,FB303B
YA4000B,ACT73A
YA4000B,RTEMP8
YA4000B,EEPV509
YA4000B,EEPV500
YA4000B,RTEMPB7
YA4000B,SVTS272A
YA4000B,EETL500
YA4000B,TPM16
111TMUSMA,206SFSUM
111TMUSMA,206FSUMA
111TMUSMA,209FUMY
111TMUSMA,SWM291
111TMUSMA,206AFSA
111TMUSMA,SWM281
111TMUSMA,SWM271
111TMUSMA,SWM261
111TMUSMA,SWM251
111TMUSMA,SWM201
SHL80A,PPB826A
SHL80A,FHL80
SHL80A,THL72
SHL80A,THLL72
SHL80A,SH80A
SHL80A,SHLL80A
SHL80A,SHBB24
SHL80A,SIM360
SHL80A,SIM400
SHL80A,OEX714KB
PSO4625G,AT408
PSO4625G,AT475A
PSO4625G,PDR3000A
PSO4625G,PSO4525
PSO4625G,AT425R
PSO4625G,CTR861AK2
PSO4625G,VWB5B
PSO4625G,DB121C
PSO4625G,AT2050
PSO4625G,PTC250
AWMCG1600B,AWCGT30
AWMCG1600B,AWCG1600B
AWMCG1600B,AWCGT27
AWMCG1600B,AWCGT500
AWMCG1600B,S9711KA
AWMCG1600B,PPCSG710
AWMCG1600B,AWCPEF16K
AWMCG1600B,XBM605A
AWMCG1600B,BHM9A
AWMCG1600B,XB605A
307ESAY,307ESAMY
307ESAY,SAM19E
307ESAY,SWM291
307ESAY,SWM281
307ESAY,SWM301
307ESAY,AWM140DK
307ESAY,OFW4
307ESAY,RXFS2836B
307ESAY,1512B
307ESAY,SWM251
CT9035DB,CTC131A
CT9035DB,CTR867AK2
CT9035DB,PSO4625
CT9035DB,DBTB121
CT9035DB,CTS561CHUCK
CT9035DB,AT109
CT9035DB,PTB32K
CT9035DB,CTC772A
CT9035DB,CT9080K2
CT9035DB,CTB185
CT9035K2,PSO4525
CT9035K2,CTB8187
CT9035K2,PT338
CT9035K2,DBBPT13
CT9035K2,AT5500
CT9035K2,VWB8B
CT9035K2,DBTB121
CT9035K2,AT109
CT9035K2,AT700F
CT9035K2,CTR867AK2
BB71160,RULER601
BB71160,EEBC30A12V
BB71160,TPMC25
BB71160,EEDM596FK
BB71160,MAGDISH
BB71160,GLASS50R
BB71160,TPGDL2000
BB71160,MTTL800
BB71160,MAGMAT
BB71160,EEDM504F
TTX20E,TTX8E
TTX20E,TTX10E
TTX20E,TTX15E
TTX20E,FTX50E
TTX20E,FTX45E
TTX20E,FTX60E
TTX20E,TTX27E
TTX20E,TWM31
TTX20E,FAM8E
TTX20E,211EFAMY
KRA4813FPBO,KRA4114FPBO
KRA4813FPBO,KRA4810FPBO
KRA4813FPBO,KRA2422PBO
KRA4813FPBO,KRSC323PBO
KRA4813FPBO,KRSC46HPBO
KRA4813FPBO,KRSC430APBO7
KRA4813FPBO,KAERNADD6RD
KRA4813FPBO,KWSN2455ABL
KRA4813FPBO,YA450B
KRA4813FPBO,PLRK21
KRA4813FPJK,KRA4114FPBO
KRA4813FPJK,KRA4810FPBO
KRA4813FPJK,KRSC46HPBO
KRA4813FPJK,TB20AC
KRA4813FPJK,PLRK21
KRA4813FPJK,KRA4059FPBO
KRA4813FPJK,KCP1422PBO
KRA4813FPJK,KRA2411PBO
KRA4813FPJK,KRSC326FPBO
KRA4813FPJK,KRWT2411
OEXM710B,SPBS24A
OEXM710B,FA12LE
OEXM710B,FRX181
OEXM710B,GF22
OEXM710B,AWM110DK
OEXM710B,HD6529
OEXM710B,TW481
OEXM710B,317MSPC
OEXM710B,STX70E
OEXM710B,FAML6E
A177A,S9538A
A177A,S6103A
A177A,S9614A
A177A,A179A
A177A,AWTEF8K
A177A,A159
A177A,14V
A177A,A161B
A177A,1512B
A177A,PW18C
AWMXL10-8,SGDX80BR
AWMXL10-8,F80
AWMXL10-8,SIMM190
AWMXL10-8,SGASA204CR
AWMXL10-8,SGD2BR
AWMXL10-8,T72
AWMXL10-8,PPC105LA
AWMXL10-8,FU8A
AWMXL10-8,FXK11
AWMXL10-8,SPBS8AR
CTLUV761,CTC772A
CTLUV761,CTB8174
CTLUV761,CTB185
CTLUV761,CTR861AK2
CTLUV761,CTSG861DB
CTLUV761,PTC250
CTLUV761,AT5500
CTLUV761,PH3050BR
CTLUV761,CTINF9010
CTLUV761,AT2050
307IPLMY,307IPLY
307IPLMY,BPPC1878
307IPLMY,IPL22C
307IPLMY,IPL20C
307IPLMY,IPL18C
307IPLMY,IPL28C
307IPLMY,IPL24C
307IPLMY,IPL36C
307IPLMY,IPL30C
307IPLMY,206SFSUM
AWMEF7K,PKNG90
AWMEF7K,SWM251
AWMEF7K,FSLF80
AWMEF7K,107ATMPB
AWMEF7K,TMM4.5
AWMEF7K,210AFLEY
AWMEF7K,BF620C
AWMEF7K,313SMYA
AWMEF7K,FTX60E
AWMEF7K,OFW3
SHLX80AO,THLX72
SHLX80AO,THRLX72
SHLX80AO,SHN36
SHLX80AO,312IPLM
SHLX80AO,IPLM16C
SHLX80AO,IPLM12C
SHLX80AO,IPLM13C
SHLX80AO,THLL72
SHLX80AO,PHG1055BK
SHLX80AO,325SIMM
PLRK30,PLRK27
PLRK30,PLRK21
PLRK30,YA389A
PLRK30,KACKMCFIBER1
PLRK30,KAERNADD6RD
PLRK30,MRB12B
PLRK30,KRSC430APBO7
PLRK30,KWSN2455AST
PLRK30,KRSC326FPBO
PLRK30,KWSN2455ABL
TMMS4,TMMS4.5
TMMS4,STMM4.5
TMMS4,TMMS8
TMMS4,TMMS9
TMMS4,TMMS6
TMMS4,TMMS14
TMMS4,TMMS12
TMMS4,112TMMY
TMMS4,112STMMY
TMMS4,SPBS24AR
206EFABL,FA12LE
206EFABL,FRX181
206EFABL,GF22
206EFABL,TW481
206EFABL,KAC1224TCA
206EFABL,HD6529
206EFABL,STX70E
206EFABL,YA2850A
206EFABL,SA16E
206EFABL,RC980
CTR817DB,CT9080K2
CTR817DB,MG325
CTR817DB,AT700F
CTR817DB,PTGR110
CTR817DB,CTC131A
CTR817DB,CTR862DB
CTR817DB,MG725A
CTR817DB,PH3050BR
CTR817DB,CTR861AK2
CTR817DB,CT825DB
AWS13-5,FHLF80A
AWS13-5,TMXK2
AWS13-5,A2A
AWS13-5,47ACF
AWS13-5,SIMM160A
AWS13-5,T72
AWS13-5,SGDP31IRBR
AWS13-5,SPBS18AR
AWS13-5,SPBS24AR
AWS13-5,SIMM180
F18LA,SGD155CR
F18LA,SGD153BR
F18LA,PTIM5
F18LA,FZ7A
F18LA,BHS13A
F18LA,211EFAMY
F18LA,BHM9A
F18LA,SOEXM8
F18LA,110TMY
F18LA,PPC110LA
CTS861MDB,MG725A
CTS861MDB,CT9080K2
CTS861MDB,DB129C
CTS861MDB,PDR3000A
CTS861MDB,PTR2505
CTS861MDB,CTR861AK2
CTS861MDB,PT850
CTS861MDB,PTR72
CTS861MDB,PTGR110
CTS861MDB,CTC772A
PTGR100O,PTGR110
PTGR100O,SAG03S12
PTGR100O,PTGR450
PTGR100O,PTC250
PTGR100O,VWB4B
PTGR100O,PDR3000A
PTGR100O,PTR2505
PTGR100O,SAG03S20
PTGR100O,PSO4625
PTGR100O,PTR72
211FCOA,BLPTE3816
211FCOA,BLPTE3814
211FCOA,BLPTE3812
211FCOA,BLPTE3810
211FCOA,OXIM6B
211FCOA,210FCOMA
211FCOA,OEX080B
211FCOA,IPL38C
211FCOA,OEXSM710B
211FCOA,314SCOA
SIM380,SIM340
SIM380,SIM180A
SIM380,SIM220
SIM380,SIM200
SIM380,SIM320
SIM380,SIM280
SIM380,SOEX40
SIM380,IM120A
SIM380,IM140A
SIM380,IM160A
RXFMS606B,2004BSKA
RXFMS606B,OEXM8B
RXFMS606B,PK53A
RXFMS606B,RXFS605B
RXFMS606B,RXFS2836B
RXFMS606B,SN25A
RXFMS606B,OEXM7B
RXFMS606B,SIMM340
RXFMS606B,ACT1370
RXFMS606B,BTK5
HBBD16O,222SFFSFR
HBBD16O,PK52A
HBBD16O,PPB826A
HBBD16O,TFM7530B
HBBD16O,HBBD8
HBBD16O,HBPT24
HBBD16O,AD10C
HBBD16O,PTIM5
HBBD16O,S9704KR
HBBD16O,SOEXM8
STMM11,STMM6
STMM11,STMM12
STMM11,STMM5
STMM11,STMM5.5
STMM11,STMM7
STMM11,STMM8
STMM11,STMM10
STMM11,TMM9
STMM11,TMM11
STMM11,TMM12
STARTERSET5,TMM16
STARTERSET5,BOERM22
STARTERSET5,131TMPB
STARTERSET5,BOERM21
STARTERSET5,PPCL60BK
STARTERSET5,SFSM21
STARTERSET5,US712
STARTERSET5,222AFSP
STARTERSET5,317AMMPC
STARTERSET5,117TMM
GAX36,S3624
GAX36,SWM111A
GAX36,222AFSP
GAX36,SWM101A
GAX36,OEXM9B
GAX36,OEXM8B
GAX36,LSRM2000
GAX36,SIMM320
GAX36,SOEXM705
GAX36,OFW2
IPDLM12,IPSM18
IPDLM12,IPSM15
IPDLM12,IPLM22C
IPDLM12,IPL24C
IPDLM12,106IPTMMA
IPDLM12,IPL30C
IPDLM12,IPLM14C
IPDLM12,IPLM19C
IPDLM12,TMUSM11A
IPDLM12,312IMMS
SX80B,TX72
SX80B,TXM72
SX80B,YA4250
SX80B,TRX72
SX80B,OEX44B
SX80B,SN36
SX80B,FF80A
SX80B,313TSMYA
SX80B,313TWYA
SX80B,SLL80A
SF181,SF261
SF181,SF241
SF181,SF221
SF181,SF201
SF181,F261
SF181,F281
SF181,SF121
SF181,SF141
SF181,F221
SF181,SF161
SOEX40,SOEX38
SOEX40,PKNC150
SOEX40,UPTM65K
SOEX40,SOEX36
SOEX40,AWMEF8K
SOEX40,AWP160
SOEX40,SOEX30
SOEX40,TF5A
SOEX40,SIMM350
SOEX40,LDH482
PTGR450G,PT450-WH
PTGR450G,PDR5000A
PTGR450G,DB129C
PTGR450G,PH3050BR
PTGR450G,CTC772A
PTGR450G,MG325
PTGR450G,CT9010K2
PTGR450G,PTC250
PTGR450G,CTCO861K2
PTGR450G,CTR867AK2
TMMDS10,TMMDS12
TMMDS10,TMMDS5.5
TMMDS10,TMMDS9
TMMDS10,TMMDS5
TMMDS10,TMMDS11
TMMDS10,TMMDS15
TMMDS10,TMMDS7
TMMDS10,TMMDS6
TMMDS10,TMMDS13
TMMDS10,TMMDS14
OEXM80B,OEXM90B
OEXM80B,218AFSP
OEXM80B,PKNC200
OEXM80B,FTX60E
OEXM80B,TWM30
OEXM80B,PKNC125C2
OEXM80B,PKRS1
OEXM80B,TFM7530B
OEXM80B,PPB826A
OEXM80B,RXS605B
LDH402,LDH342
LDH402,LDH462
LDH402,LDH442
LDH402,LDH602
LDH402,LDH422A
LDH402,LDH562
LDH402,L122
LDH402,L62
LDH402,L872RJ
LDH402,YA4275
KRSC323PBO,KRSC430APBO1
KRSC323PBO,TB20AC
KRSC323PBO,YA438B
KRSC323PBO,KRA6200FPBO
KRSC323PBO,YA389A
KRSC323PBO,KWSN2455ABL
KRSC323PBO,KCP2422PBO
KRSC323PBO,KRSC46HPBO
KRSC323PBO,KACKCAREKIT
KRSC323PBO,KACKMCFIBER1
111STMMDY,111TMMDY
111STMMDY,TMMD11
111STMMDY,TMMD5
111STMMDY,TMMD12
111STMMDY,TMMD9
111STMMDY,TMMD6
111STMMDY,TMMD5.5
111STMMDY,TMMD7
111STMMDY,TMMD8
111STMMDY,TMMD10
PKNC125C2,2005BSKA
PKNC125C2,AC5C
PKNC125C2,B260A
PKNC125C2,PHT5
PKNC125C2,B1461
PKNC125C2,BTC7B
PKNC125C2,S6118A
PKNC125C2,AW1015DK
PKNC125C2,OEXM90B
PKNC125C2,OEXM80B
211FSY,FA12LE
211FSY,FRX181
211FSY,317MSPC
211FSY,HD6529
211FSY,KAC1224TCA
211FSY,AWM110DK
211FSY,TW481
211FSY,211SFSY
211FSY,114ATMP
211FSY,TWM31
FHBB12A,FTX60E
FHBB12A,OFW3
FHBB12A,AF102
FHBB12A,SN15B
FHBB12A,210AFLEY
FHBB12A,BP24B
FHBB12A,AC58E
FHBB12A,BT11
FHBB12A,FM16
FHBB12A,FM18
PPC203A,PPC1A
PPC203A,PPC206A
PPC203A,PPC210A
PPC203A,PPC820B
PPC203A,PPC816B
PPC203A,PPC105LA
PPC203A,PPC204A
PPC203A,PPC106LA
PPC203A,PPC103A
PPC203A,AWMG9
CTC131A,CTB185
CTC131A,CTINF9010
CTC131A,CTB8187
CTC131A,CTSG861DB
CTC131A,CTB8174
CTC131A,CT9080K2
CTC131A,CT9010K2
CTC131A,CT825DB
CTC131A,CTR862DB
CTC131A,CTR861AK2
F281,F261
F281,F101
F281,F201
F281,XS1416A
F281,XS1214A
F281,F161
F281,VO2628B
F281,VO2224B
F281,VO1820B
F281,TM408
RXSM605B,RXS605B
RXSM605B,SOEX707
RXSM605B,BTC3A
RXSM605B,AC5C
RXSM605B,207EFTXY
RXSM605B,112SIMTMM
RXSM605B,BLPH14964
RXSM605B,BLPH14732
RXSM605B,BLPH1418
RXSM605B,BLPH1414
KRSC4130PJJ,KRA2007FPBO
KRSC4130PJJ,KRSC430APBO1
KRSC4130PJJ,KRSC430APBO7
KRSC4130PJJ,KCP1422PBO
KRSC4130PJJ,KWSP2455AST
KRSC4130PJJ,KRSC326FPBO
KRSC4130PJJ,KRSC46HPBO
KRSC4130PJJ,KRA2411PBO
KRSC4130PJJ,KASS13
KRSC4130PJJ,A277
HBBT16,RXS605B
HBBT16,RXFS2836B
HBBT16,HBPT24
HBBT16,PKNC300
HBBT16,PPB30AK
HBBT16,BP40B
HBBT16,HBBD8
HBBT16,311IMFSY
HBBT16,TF1124B
HBBT16,TFM7530B
196ANCFG,SPBS18AR
196ANCFG,SGDP31IRBR
196ANCFG,FU8A
196ANCFG,TMXK2
196ANCFG,GFAT1E
196ANCFG,91ACP
196ANCFG,TMU8B
196ANCFG,SGD8BR
196ANCFG,SIMM160A
196ANCFG,SRPCR4700
SHD4R,SHDP31IRR
SHD4R,SHD2R
SHD4R,SHD6R
SHD4R,SHDP42IRR
SHD4R,SHDP63IRR
SHD4R,10R
SHD4R,SHD1R
SHD4R,AW1013DK
SHD4R,8HR
SHD4R,GA98A
TPMB25ORG,TPM16EM
TPMB25ORG,UTK100
TPMB25ORG,TPM16
TPMB25ORG,TPMB25EMGRN
TPMB25ORG,FB316B
TPMB25ORG,ECHDF042
TPMB25ORG,UTK150
TPMB25ORG,FB336
TPMB25ORG,EECT400
TPMB25ORG,ECHDD012A
SIM300,SIM160A
SIM300,SIM200
SIM300,SIM320
SIM300,SIM240
SIM300,SIM360
SIM300,IM120A
SIM300,IM140A
SIM300,IM280
SIM300,IM200
SIM300,IM300
MAGMINI,MAGMICRO
MAGMINI,MAGSTRIP
MAGMINI,MAGTRAY
MAGMINI,MAGMAT
MAGMINI,MAGDISH
MAGMINI,ECARL032R
MAGMINI,AT4101
MAGMINI,GLASS50R
MAGMINI,ECPRA072
MAGMINI,JCK7DBL
AWP45,SOEX38
AWP45,LP7R
AWP45,LP6LN
AWP45,LP7WR
AWP45,SOEX40
AWP45,LP10R
AWP45,VGP104
AWP45,LP5WR
AWP45,PKNC150
AWP45,LP10WR
KRA4810FPC,KRA4107FPBO
KRA4810FPC,KRA4813FPBO
KRA4810FPC,KAERNADD6RD
KRA4810FPC,KRSC430APBO7
KRA4810FPC,KRA2411PBO
KRA4810FPC,KRA6200FPBO
KRA4810FPC,KA2422SETPJJ
KRA4810FPC,PLRK21
KRA4810FPC,PLRK27
KRA4810FPC,KCP2422PBO
PTR2505,PTR2500
PTR2505,PDR5000A
PTR2505,PDR3000A
PTR2505,MG325
PTR2505,PT338
PTR2505,PTC250
PTR2505,PTGR100
PTR2505,PTR72
PTR2505,AT2050
PTR2505,PTGR110
MTTL700,ACT925
MTTL700,EEDM503D
MTTL700,MTIND683A
MTTL700,MTTL7005PK
MTTL700,RTEMP8
MTTL700,TIF160
MTTL700,RADKITULTRA
MTTL700,GLOVE309L
MTTL700,SVTS264
MTTL700,YAKS42
CDR4P11K3DB,AT118
CDR4P11K3DB,PTR72
CDR4P11K3DB,AT109
CDR4P11K3DB,MG725A
CDR4P11K3DB,DB129C
CDR4P11K3DB,DB121C
CDR4P11K3DB,CT9010K2
CDR4P11K3DB,PT338
CDR4P11K3DB,CTNN13KF
CDR4P11K3DB,CTR862DB
CDR4P11K3K2,CTR867AK2
CDR4P11K3K2,VWB8B
CDR4P11K3K2,DB129C
CDR4P11K3K2,PSO4525
CDR4P11K3K2,CT9080K2
CDR4P11K3K2,CT825DB
CDR4P11K3K2,CTR862DB
CDR4P11K3K2,AT109
CDR4P11K3K2,CTS561CHUCK
CDR4P11K3K2,PDR5000A
CDR4P44L3K2,DB121C
CDR4P44L3K2,PTGR110
CDR4P44L3K2,CT9010K2
CDR4P44L3K2,PH3050BR
CDR4P44L3K2,CTS561BITSET
CDR4P44L3K2,CTS561CHUCK
CDR4P44L3K2,MG725A
CDR4P44L3K2,CTB8174
CDR4P44L3K2,CTCO861K2
CDR4P44L3K2,PTR2505
1206GS,SOEX38
1206GS,SR40K
1206GS,SOEX40
1206GS,AWP160
1206GS,BTC7B
1206GS,SOEX704
1206GS,TMMD9
1206GS,TMMD7
1206GS,TMMD6
1206GS,TMMD8
FHNF100O,PL400B
FHNF100O,SPBS12AR
FHNF100O,96ACF
FHNF100O,SGDX80BR
FHNF100O,FXK3
FHNF100O,SGDP42IRBR
FHNF100O,SIMM150A
FHNF100O,TMXK60
FHNF100O,SIMM240
FHNF100O,PPC4A
EARPLUGBAND,ECARA052A
EARPLUGBAND,GLASS30R
EARPLUGBAND,PG160
EARPLUGBAND,RULER602
EARPLUGBAND,JT13B
EARPLUGBAND,GLOVE300BL
EARPLUGBAND,SOSG01BKCL01
EARPLUGBAND,GLOVE1100L
EARPLUGBAND,GLOVE900LR
EARPLUGBAND,GLOVEORIGPLUSL
ECFDF108,EECT900
ECFDF108,ECPNG032
ECFDF108,FB361A
ECFDF108,EEDM596FK
ECFDF108,ECHDF042
ECFDF108,IM1PT
ECFDF108,EEDM525F
ECFDF108,MAGDISH
ECFDF108,FB336
ECFDF108,TDG2
PPB826A,PK52A
PPB826A,222SFFSFR
PPB826A,224SFFSMFR
PPB826A,SRP2A
PPB826A,RXFS2836B
PPB826A,317MPC
PPB826A,OFW4
PPB826A,212EFTAY
PPB826A,MS800
PPB826A,PK50A
PPC104A,PPC108LA
PPC104A,PPC110LA
PPC104A,PPC208A
PPC104A,PPC210A
PPC104A,PPC3A
PPC104A,RXS605B
PPC104A,PPC105LA
PPC104A,PPC106LA
PPC104A,AWM140DK
PPC104A,PPC103A
CT861MK2,PTGR110
CT861MK2,CTB185
CT861MK2,CTR867AK2
CT861MK2,DBTB121
CT861MK2,MG725A
CT861MK2,AT2050
CT861MK2,CT9080K2
CT861MK2,CTSG861DB
CT861MK2,PSO4625
CT861MK2,PTGR100
SGD2BR,SGD6BR
SGD2BR,SGDP63IRBR
SGD2BR,SGD8BR
SGD2BR,OEXM6B
SGD2BR,AC58E
SGD2BR,OFW2
SGD2BR,SN25A
SGD2BR,206EAU
SGD2BR,218AFP
SGD2BR,PT28E
KRA5311FPCM,KRSC46HPBO
KRA5311FPCM,TB40C
KRA5311FPCM,KRA2406BPBO
KRA5311FPCM,KRA2422PBO
KRA5311FPCM,YA389A
KRA5311FPCM,KACKFLTCLNR
KRA5311FPCM,KRWT2411
KRA5311FPCM,KRA2055FPBO
KRA5311FPCM,KRSC2460PWZ7
KRA5311FPCM,KRA25D
PPSG203,PPSG205
PPSG203,PPSG206
PPSG203,PPSG106
PPSG203,PCSG820
PPSG203,PCSG812
PPSG203,PPSG105
PPSG203,PPSG103
PPSG203,PCSG816
PPSG203,YA900
PPSG203,SHDX80R
THL72G,AWMBPH9
THL72G,AWBPH13
THL72G,FHL80
THL72G,SN15B
THL72G,OXIM6B
THL72G,HSPD16
THL72G,FHBB12A
THL72G,SFSM21
THL72G,BP24B
THL72G,SHLL80A
TA360,BTK7A
TA360,B1458C
TA360,YA824C
TA360,210AFLEY
TA360,SPRG625R
TA360,AWM110DHK
TA360,QD2R100A
TA360,BT518
TA360,CJ2001P
TA360,PPC5A
PSO4625,AT408
PSO4625,AT475A
PSO4625,PDR3000A
PSO4625,PSO4525
PSO4625,AT425R
PSO4625,CTR861AK2
PSO4625,VWB5B
PSO4625,DB121C
PSO4625,AT2050
PSO4625,PTC250
MGM10C,103UFTS
MGM10C,S8
MGM10C,214IMFMYA
MGM10C,214SIMFMYA
MGM10C,IMM200
MGM10C,IMM210
MGM10C,IMM190
MGM10C,SIMM200
MGM10C,TMU8B
MGM10C,SIMM210
EXD35A,A36A
EXD35A,TDTDM117B
EXD35A,TAP1
EXD35A,BEXD10A
EXD35A,AWSG800A
EXD35A,BLPPB704
EXD35A,213TFSYA
EXD35A,307ESAY
EXD35A,307ESAMY
EXD35A,CJ2001P
AWSG08A,TMU8B
AWSG08A,SGD6BR
AWSG08A,A2A
AWSG08A,SPBS24AR
AWSG08A,SRPCR3800
AWSG08A,PPC106LA
AWSG08A,TMXK2
AWSG08A,SIMM150A
AWSG08A,ATECH2FR125B
AWSG08A,SIMM160A
AWS13-3,PPC103A
AWS13-3,SIMM180
AWS13-3,FU8A
AWS13-3,TMU8B
AWS13-3,SGD2BR
AWS13-3,PPC4A
AWS13-3,ATECH2FR125B
AWS13-3,SIMM190
AWS13-3,SGDP42IRBR
AWS13-3,SIMM200
212SFSMY,317AMMPC
212SFSMY,117TMM
212SFSMY,206EAU
212SFSMY,212FSMY
212SFSMY,LP10WR
212SFSMY,AWM110DHK
212SFSMY,AC5C
212SFSMY,211FSY
212SFSMY,112TMMY
212SFSMY,211SFSY
AWBSGM8A,F80
AWBSGM8A,SPBS18AR
AWBSGM8A,PPC103A
AWBSGM8A,FXK6
AWBSGM8A,PPC106LA
AWBSGM8A,FXK3
AWBSGM8A,SGD2BR
AWBSGM8A,SGDP42IRBR
AWBSGM8A,SPBS8AR
AWBSGM8A,PL400B
ASGP102BR,A161B
ASGP102BR,A179A
ASGP102BR,GA358B
ASGP102BR,SGA1714B
ASGP102BR,SGA1713B
ASGP102BR,SPRG625R
ASGP102BR,SGTT8B
ASGP102BR,SGTT7B
ASGP102BR,SGTT2B
ASGP102BR,SGTT3B
A3046,A3042
A3046,GMB3042
A3046,GFAT1E
A3046,GSAF1F
A3046,VO1416B
A3046,VO1012B
A3046,VO1820B
A3046,VO2224B
A3046,VO3032B
A3046,TM84
KRA2422PCM,KRWT2411
KRA2422PCM,KWSN2455AST
KRA2422PCM,KWSP2455ABL
KRA2422PCM,KWSP2455AST
KRA2422PCM,KWSN2455ABL
KRA2422PCM,KCP1422PBO
KRA2422PCM,KRA2411PBO
KRA2422PCM,MRB12B
KRA2422PCM,YA450B
KRA2422PCM,KRA2055FPBO
AWBSG06A,TMXK2
AWBSG06A,PL400B
AWBSG06A,96ACF
AWBSG06A,PPC105LA
AWBSG06A,SGD4BR
AWBSG06A,SPBS24AR
AWBSG06A,SPBS8AR
AWBSG06A,SGD6BR
AWBSG06A,GFAT1E
AWBSG06A,FHLF80A
SGDXL80BR,SGDXXL20BR
SGDXL80BR,SGDX40BR
SGDXL80BR,SGDTX90BR
SGDXL80BR,PPC210BK
SGDXL80BR,PTM30
SGDXL80BR,PWZ4
SGDXL80BR,SRP3A
SGDXL80BR,218AFP
SGDXL80BR,RBM1011SC
SGDXL80BR,DS806AK
AWBMCG1605,SIMM200
AWBMCG1605,SGD6BR
AWBMCG1605,91ACP
AWBMCG1605,SPBS12AR
AWBMCG1605,SGDP31IRBR
AWBMCG1605,SGD2BR
AWBMCG1605,96ACF
AWBMCG1605,PPC103A
AWBMCG1605,PPC106LA
AWBMCG1605,SIMM240
AWS13-13,TMXK60
AWS13-13,SHD1R
AWS13-13,F80
AWS13-13,ATECH2FR125B
AWS13-13,SGDP42IRBR
AWS13-13,SIMM190
AWS13-13,FXK3
AWS13-13,91ACP
AWS13-13,SIMM200
AWS13-13,SPBS12AR
PTGR100,SAG03S12
PTGR100,PTGR450
PTGR100,PTC250
PTGR100,VWB4B
PTGR100,PDR3000A
PTGR100,VWB8B
PTGR100,PTR2500
PTGR100,DBTB121
PTGR100,PT338
PTGR100,AT2050
TMD9,XS2024A
TMD9,SPBS8AR
TMD9,TMXK4
TMD9,FU8A
TMD9,SGD6BR
TMD9,GFAT1E
TMD9,SGDP42IRBR
TMD9,T72
TMD9,SGD8BR
TMD9,SGD4BR
FBST338,FB361A
FBST338,SVTS272A
FBST338,TDG1
FBST338,BB9008
FBST338,ECPNI032R
FBST338,EEDM504F
FBST338,EEPV509
FBST338,YA1050B
FBST338,EECT400
FBST338,RULER600
IM140A,IM120A
IM140A,IM160A
IM140A,IM260
IM140A,IM300
IM140A,BLPTE3814
IM140A,SIM160A
IM140A,SIM320
IM140A,SIM280
IM140A,BLPTE3812
IM140A,BLPTE3810
KCP1422PWZ,KWSP2455AST
KCP1422PWZ,KWSN2455ABL
KCP1422PWZ,KWSN2455AST
KCP1422PWZ,KWSP2455ABL
KCP1422PWZ,KRWT2411
KCP1422PWZ,KCP2422PBO
KCP1422PWZ,SNA-TBP14
KCP1422PWZ,A277
KCP1422PWZ,KRSC430APBO1
KCP1422PWZ,KRSC46HPBO
MG325,PTR2500
MG325,PTR72
MG325,PTR2505
MG325,MG725A
MG325,MG1250
MG325,PT850
MG325,SAG03S20
MG325,PDR3000A
MG325,PTB32K
MG325,CTQ838DB
TW261,TW121A
TW261,TW141A
TW261,TW241
TW261,TW221
TW261,TW281
TW261,TW161A
TW261,TW181A
TW261,TW341
TW261,BHS7A
TW261,313TSYA
SGD4BR,SGD6BR
SGD4BR,SGD2BR
SGD4BR,SGD8BR
SGD4BR,SGDP31IRBR
SGD4BR,OEXM6B
SGD4BR,OFW3
SGD4BR,AC58E
SGD4BR,TMM4
SGD4BR,222AFSP
SGD4BR,OFW2
SGTT3B,SGTT9B
SGTT3B,SGTT8B
SGTT3B,SGTT2B
SGTT3B,SGTT7B
SGTT3B,SGTT1B
SGTT3B,SGTT10B
SGTT3B,SGTT4B
SGTT3B,SGA1714B
SGTT3B,SGA102BR
SGTT3B,PL5ESWIRESTRIP
CAL6EBR,GA3634A
CAL6EBR,CAL6EA
CAL6EBR,RADKITULTRA
CAL6EBR,OC5A
CAL6EBR,GA460B
CAL6EBR,PGP50
CAL6EBR,EEDM504F
CAL6EBR,UTK150
CAL6EBR,FB336
CAL6EBR,RULER601
FHBB12AG,FTX60E
FHBB12AG,OFW3
FHBB12AG,AF102
FHBB12AG,210AFLEY
FHBB12AG,OFW2
FHBB12AG,BP24B
FHBB12AG,PT28E
FHBB12AG,FHBB18A
FHBB12AG,AC58E
FHBB12AG,FM18
PKN10,TMXK60
PKN10,96ACF
PKN10,ATECH2FR125B
PKN10,SIMM190
PKN10,SIMM170
PKN10,SPBS8AR
PKN10,SGD2BR
PKN10,T72
PKN10,SHD1R
PKN10,SGDP31IRBR
PPB30AK,BLPHS1414
PPB30AK,BTWSMPK
PPB30AK,BLPH1219
PPB30AK,110ETMAY
PPB30AK,XO605
PPB30AK,SSFP1
PPB30AK,214SFY
PPB30AK,SSFP2
PPB30AK,TDM99117C
PPB30AK,SGDMRCE44
PKN1,TMXK4
PKN1,47ACF
PKN1,SIMM220
PKN1,TMXK60
PKN1,SRPCR4700
PKN1,SGD6BR
PKN1,BLPTHC87
PKN1,PL400B
PKN1,GFAT1E
PKN1,FXK6
LP5WR,LP6LN
LP5WR,LP7R
LP5WR,LP7WR
LP5WR,LP10R
LP5WR,LIL59000
LP5WR,HBBD8
LP5WR,LP10WR
LP5WR,HBBT16
LP5WR,SSDMR4BR
LP5WR,VS814A
PPC208A,PPC210A
PPC208A,PPC204A
PPC208A,PPC104LA
PPC208A,PPC108LA
PPC208A,PPC3A
PPC208A,PPC110LA
PPC208A,PPC203A
PPC208A,PPC206A
PPC208A,BLPPB704
PPC208A,PPC1A
TW401,TW381
TW401,FA12LE
TW401,TW481
TW401,TW461
TW401,FRX181
TW401,TW421
TW401,HD6529
TW401,STX70E
TW401,218AFSP
TW401,SA16E
MS4A,TMXK60
MS4A,SGD2BR
MS4A,FU8A
MS4A,91ACP
MS4A,SIMM220
MS4A,SPBS704AR
MS4A,SPBS24AR
MS4A,PPC4A
MS4A,SGASA204CR
MS4A,ATECH2FR125B
TMA2.5E,TMA3.5E
TMA2.5E,SGASA204CR
TMA2.5E,FU8A
TMA2.5E,SGD6BR
TMA2.5E,SPBS24AR
TMA2.5E,SRPCR3800
TMA2.5E,A2A
TMA2.5E,SIMM170
TMA2.5E,SHD1R
TMA2.5E,SIMM200
XFRRM705,XFRR704
XFRRM705,SGA1714B
XFRRM705,312IPLM
XFRRM705,IPLM11C
XFRRM705,IPLM10C
XFRRM705,IPLM12C
XFRRM705,SGA102BR
XFRRM705,IPLM16C
XFRRM705,SGA1713B
XFRRM705,210FCOMA
SGDP31IRBG,SGDP42IRBR
SGDP31IRBG,SGDP63IRBR
SGDP31IRBG,SHD1R
SGDP31IRBG,OFW3
SGDP31IRBG,AC58E
SGDP31IRBG,OFW2
SGDP31IRBG,AWS13
SGDP31IRBG,AWMG9
SGDP31IRBG,218AFP
SGDP31IRBG,STMM5
SGASA204CO,AWM110DHK
SGASA204CO,AC5C
SGASA204CO,LP10WR
SGASA204CO,HD6529
SGASA204CO,2004BSKA
SGASA204CO,117TMM
SGASA204CO,IMM360
SGASA204CO,RC980
SGASA204CO,FAML6E
SGASA204CO,STX70E
TM77,XS1416A
TM77,XS2226A
TM77,TM84
TM77,VO2224B
TM77,VO2628B
TM77,VO1416B
TM77,VO1820B
TM77,TM408
TM77,SGDEL10ESD
TM77,TMC104E
FHNF100G,SHD1R
FHNF100G,SPBS24AR
FHNF100G,FXK3
FHNF100G,FU8A
FHNF100G,SGASA204CR
FHNF100G,SIMM160A
FHNF100G,SIMM190
FHNF100G,SIMM240
FHNF100G,SIMM210
FHNF100G,PPC103A
PWZ1A,PWZ3A
PWZ1A,PWZ5
PWZ1A,PWZ4
PWZ1A,LSR1450
PWZ1A,TWM27
PWZ1A,BTCP500
PWZ1A,UTS105A
PWZ1A,LSR1000EXT
PWZ1A,208EFTAMXSY
PWZ1A,S3624
OEX714KB,218AFSP
OEX714KB,222AFSP
OEX714KB,TWM31
OEX714KB,PKNC200
OEX714KB,ACT1370
OEX714KB,SWM101A
OEX714KB,TWM29
OEX714KB,AWM140DK
OEX714KB,OEXM7B
OEX714KB,206AFSA
ECFDF108G,EEDM596FK
ECFDF108G,FB336
ECFDF108G,ECHDD012AR
ECFDF108G,ECARL032R
ECFDF108G,JCK7DBL
ECFDF108G,EEPV500
ECFDF108G,RULER602
ECFDF108G,BB9008
ECFDF108G,SVTS272A
ECFDF108G,EECT900
ECPRL092,ECPNJ032
ECPRL092,ECARL032R
ECPRL092,ECPNI032R
ECPRL092,GLOVE300BL
ECPRL092,ECHDF042
ECPRL092,TPGDL2000
ECPRL092,TDG2
ECPRL092,MAGDISH
ECPRL092,JCK8
ECPRL092,ECPRA072
IMM230,IMM240
IMM230,IMM220
IMM230,IMM210
IMM230,IMM100A
IMM230,IMM130A
IMM230,IMM160A
IMM230,IMM140A
IMM230,IM280
IMM230,IM260
IMM230,IM300
MRB15B,MRB10B
MRB15B,MRB5B
MRB15B,MAGMAT
MRB15B,MAGDISH
MRB15B,MAGMICRO
MRB15B,MAGMINI
MRB15B,MAGSTRIP
MRB15B,LBUK1
MRB15B,JCW80AR
MRB15B,EECT424HD
WHM1,207IMFLE
WHM1,IMFLE80A
WHM1,TR117O
WHM1,BTCP2SA
WHM1,HCP10
WHM1,SIMM360
WHM1,213AFLEY
WHM1,THRLX72
WHM1,FLE140A
WHM1,BTCP600
PCSG820,PPSG206
PCSG820,PPSG205
PCSG820,PPSG106
PCSG820,PPSG203
PCSG820,PPSG105
PCSG820,PCSG812
PCSG820,PPSG4
PCSG820,YA900
PCSG820,SGDMRC108A
PCSG820,808CF
PBN7,SRPCR3800
PBN7,ATECH3FR300B
PBN7,FU8A
PBN7,BLPTHC87
PBN7,SIMM180
PBN7,SGD8BR
PBN7,SGD2BR
PBN7,FX1
PBN7,SIMM220
PBN7,F80
AWMG9-5,PPC105LA
AWMG9-5,47ACF
AWMG9-5,SGD8BR
AWMG9-5,SGD4BR
AWMG9-5,PPC4A
AWMG9-5,SIMM180
AWMG9-5,96ACF
AWMG9-5,SIMM200
AWMG9-5,SPBS24AR
AWMG9-5,FU8A
AWBCG1608,AWBCG1612
AWBCG1608,AWBCG1610
AWBCG1608,96ACF
AWBCG1608,SGD4BR
AWBCG1608,SPBS8AR
AWBCG1608,SPBS12AR
AWBCG1608,SGD8BR
AWBCG1608,SRPCR4700
AWBCG1608,SIMM160A
AWBCG1608,SIMM180
DBTB121,CTS561BITSET
DBTB121,PT850
DBTB121,PH1050
DBTB121,PTR72
DBTB121,PSO4625
DBTB121,CTB8187
DBTB121,CTQ838DB
DBTB121,MG725A
DBTB121,CT9080K2
DBTB121,CTC131A
IPL18C,IPL32C
IPL18C,IPL34C
IPL18C,IPL36C
IPL18C,IPL30C
IPL18C,IPL42C
IPL18C,BPPC1878
IPL18C,IPLM11C
IPL18C,IPLM16C
IPL18C,IPLM18C
IPL18C,IPLM17C
PPSG205,PPSG206
PPSG205,PPSG203
PPSG205,PPSG106
PPSG205,PCSG820
PPSG205,PCSG812
PPSG205,PPSG103
PPSG205,PPSG4
PPSG205,PCSG816
PPSG205,UIM225
PPSG205,TMX1
FM17,FM16
FM17,FM18
FM17,FM11
FM17,FM19
FM17,FM15
FM17,FM13
FM17,FM12
FM17,FM10
FM17,340SSDP
FM17,218AFSP
210RAFSMA,112RTMA
210RAFSMA,112RTSMA
210RAFSMA,XDLRM11A
210RAFSMA,111STMMDY
210RAFSMA,SGDP42IRBR
210RAFSMA,SGASA204CR
210RAFSMA,FXK3
210RAFSMA,TMXK60
210RAFSMA,SIMM160A
210RAFSMA,BLPTHC87
HBBD32,PKNC150
HBBD32,UPTM65K
HBBD32,SOEX40
HBBD32,LDH362
HBBD32,HBBD16
HBBD32,LDH342
HBBD32,LDH442
HBBD32,LDH422A
HBBD32,LDH562
HBBD32,SOEX30
HBFE32,HBFE48
HBFE32,HBFE24
HBFE32,FZ7A
HBFE32,309SIMYA
HBFE32,TWM26
HBFE32,SGD153BR
HBFE32,OEX42B
HBFE32,SW341
HBFE32,218AFP
HBFE32,UTS105A
PTR2505O,PTR2505
PTR2505O,PDR3000A
PTR2505O,PTR72
PTR2505O,MG325
PTR2505O,AT700F
PTR2505O,PTC250
PTR2505O,PT338
PTR2505O,PTGR100
PTR2505O,PTGR110
PTR2505O,PDR5000A
AWBMCG1600,AWBCG1600
AWBMCG1600,SRPCR105
AWBMCG1600,HBBD32
AWBMCG1600,SRPCR4700
AWBMCG1600,SRPCR3800
AWBMCG1600,96ACF
AWBMCG1600,47ACF
AWBMCG1600,91ACP
AWBMCG1600,SPBS24AR
AWBMCG1600,SPBS8AR
FSM71,AW4-1/2D
FSM71,AW8D
FSM71,AW4D
FSM71,AW7D
FSM71,AW6D
FSM71,FSM61
FSM71,AW12D
FSM71,AW5D
FSM71,SFSM7
FSM71,SFSM20
KRSC326FPDG,KRA2007FPBO
KRSC326FPDG,KCP1422PBO
KRSC326FPDG,YA389A
KRSC326FPDG,KRA2422PBO
KRSC326FPDG,KWSN2455AST
KRSC326FPDG,KRSC323PBO
KRSC326FPDG,SNA-TBP14
KRSC326FPDG,KRA6200FPBO
KRSC326FPDG,KCP2422PBO
KRSC326FPDG,KRSC46HPBO
TMM5.5,TMM5
TMM5.5,TMM7
TMM5.5,STMM14
TMM5.5,STMM6
TMM5.5,STMM12
TMM5.5,STMM13
TMM5.5,STMM7
TMM5.5,STMM8
TMM5.5,FRX181
TMM5.5,STMM5
TMUS141A,TMUS181A
TMUS141A,TMUS161A
TMUS141A,FA12LE
TMUS141A,FRX181
TMUS141A,TW481
TMUS141A,KAC1224TCA
TMUS141A,STX70E
TMUS141A,YA2850A
TMUS141A,RC980
TMUS141A,206EFABL
307ESAMY,307ESAY
307ESAMY,SA16E
307ESAMY,STX60E
307ESAMY,206EFAML
307ESAMY,303SXWKL
307ESAMY,210EFTAMY
307ESAMY,IPL42C
307ESAMY,IPL40C
307ESAMY,IPL38C
307ESAMY,IPL34C
VWBL400,CTC772A
VWBL400,MG725A
VWBL400,CTR861AK2
VWBL400,PTR2505
VWBL400,PT850
VWBL400,PTGR100
VWBL400,CTR862DB
VWBL400,PTC250
VWBL400,CT9080K2
VWBL400,CTCO861K2
312IMM,TFM7530B
312IMM,TWM30
312IMM,TWM32
312IMM,312SIMM
312IMM,VGP12412
312IMM,206EFABLM
312IMM,TF1124B
312IMM,TF1127B
312IMM,SEPSTARTERA
312IMM,305SIMMY
9100GSM,FA12LE
9100GSM,KAC1224TCA
9100GSM,GF22
9100GSM,FRX181
9100GSM,FAML6E
9100GSM,YA2850A
9100GSM,SA16E
9100GSM,IMM360
9100GSM,206EFABL
9100GSM,SAM19E
LN47ACF,HL138ACP
LN47ACF,PKNC150
LN47ACF,912AEP
LN47ACF,612AEP
LN47ACF,LP6LN
LN47ACF,PPC5A
LN47ACF,PWCSS7ACF
LN47ACF,FKF80A
LN47ACF,FCF72
LN47ACF,411CF
A161B,S9538A
A161B,S9614A
A161B,A179A
A161B,A159
A161B,YA109C
A161B,GA243
A161B,BF775C-A
A161B,PK50A
A161B,A177A
A161B,224SFFSMFR
QD3250A,OEXL707B
QD3250A,IPL26C
QD3250A,IPL32C
QD3250A,IPL34C
QD3250A,IPL38C
QD3250A,QD1R50A
QD3250A,QD1R200A
QD3250A,IPL20C
QD3250A,IPL28C
QD3250A,IPL36C
PL330ACFO,PL803A
PL330ACFO,HBBD56
PL330ACFO,SGDXL80BR
PL330ACFO,PBMP703A
PL330ACFO,BDGPL300HG
PL330ACFO,SGD4120BR
PL330ACFO,490CF
PL330ACFO,PL344BCF
PL330ACFO,HBFE103
PL330ACFO,912AEP
YA4190A,IM1PT
YA4190A,SVTS272A
YA4190A,ECHDD012A
YA4190A,FB336
YA4190A,TDG2
YA4190A,ECPNG032
YA4190A,GLASS50R
YA4190A,EECT400
YA4190A,EECT200
YA4190A,EEPV500
IMM360,FA12LE
IMM360,FRX181
IMM360,GF22
IMM360,KAC1224TCA
IMM360,STX70E
IMM360,FAML6E
IMM360,YA2850A
IMM360,SAM19E
IMM360,RC980
IMM360,206EFABL
A2A,XS2024A
A2A,XS2226A
A2A,XS1012A
A2A,TM84
A2A,XS67A
A2A,VO1416B
A2A,VO1012B
A2A,TM412
A2A,TM65
A2A,GFAT1E
PKN2,SIM200
PKN2,SIM260
PKN2,SIM320
PKN2,SIM240
PKN2,SIM280
PKN2,IM280
PKN2,IM260
PKN2,IM300
PKN2,SIM360
PKN2,SIM160A
KRA4114FPJJ,KRA4107FPBO
KRA4114FPJJ,KRA4813FPBO
KRA4114FPJJ,KRA2422PBO
KRA4114FPJJ,KWSN2455ABL
KRA4114FPJJ,KRSC46HPBO
KRA4114FPJJ,TB20AC
KRA4114FPJJ,KRSC326FPBO
KRA4114FPJJ,KRA2407PBO
KRA4114FPJJ,KACKFLTCLNR
KRA4114FPJJ,KWSP2455AST
OEXSM710B,TFM7530B
OEXSM710B,TWM30
OEXSM710B,TWM32
OEXSM710B,OEXS709B
OEXSM710B,OEX080B
OEXSM710B,OXIM710B
OEXSM710B,RBM78SC
OEXSM710B,OXI707BK
OEXSM710B,OXIM707SBK
OEXSM710B,107ATMPB
AWML2D,SGDP31IRBR
AWML2D,SPBS704AR
AWML2D,SPBS18AR
AWML2D,FXK11
AWML2D,SHD1R
AWML2D,SIMM160A
AWML2D,SGASA204CR
AWML2D,PPC105LA
AWML2D,SPBS12AR
AWML2D,SRPCR4700
AWML6D,FU8A
AWML6D,SGDX80BR
AWML6D,SGD6BR
AWML6D,91ACP
AWML6D,PL400B
AWML6D,SGD4BR
AWML6D,FHLF80A
AWML6D,SGDP42IRBR
AWML6D,SIMM240
AWML6D,PPC106LA
PL1000STARTG,SVSM807A
PL1000STARTG,ATECHFSET01R
PL1000STARTG,LSRM2000
PL1000STARTG,LSR1580
PL1000STARTG,LSR1450
PL1000STARTG,LSR1000EXT
PL1000STARTG,SOXRR707A
PL1000STARTG,SIMM230
PL1000STARTG,SIMM200
PL1000STARTG,SIMM240
OEX707B,VGP12412
OEX707B,PK50A
OEX707B,OXIM7B
OEX707B,1210B
OEX707B,AWMEF8K
OEX707B,206AFSP
OEX707B,AWEF9K
OEX707B,FS221
OEX707B,FS241
OEX707B,FS161
S6103A,S9538A
S6103A,S9614A
S6103A,A179A
S6103A,A159
S6103A,GA243
S6103A,14V
S6103A,BF775C-A
S6103A,A161B
S6103A,209TFSMYA
S6103A,LDT8
AWBSGM10A,SPBS12AR
AWBSGM10A,SGDP31IRBR
AWBSGM10A,T72
AWBSGM10A,SIMM160A
AWBSGM10A,GFAT1E
AWBSGM10A,SRPCR4700
AWBSGM10A,FX1
AWBSGM10A,91ACP
AWBSGM10A,SGDX80BR
AWBSGM10A,SIMM170
SW381,XS1012A
SW381,SW401
SW381,TM84
SW381,VO1416B
SW381,VO1012B
SW381,VO1820B
SW381,TM408
SW381,XS810A
SW381,SGDEL10ESD
SW381,TMC104E
SIMM340,SIMM290
SIMM340,SIMM300
SIMM340,SIMM360
SIMM340,ACT1370
SIMM340,OFW3
SIMM340,OEXM8B
SIMM340,OFW1
SIMM340,OEXM7B
SIMM340,UPTM65K
SIMM340,OEXM6B
IMM200,IMM230
IMM200,IMM210
IMM200,IMM220
IMM200,IMM120A
IMM200,IMM160A
IMM200,IMM180
IMM200,IMM170A
IMM200,IMM140A
IMM200,IM160A
IMM200,IM260
TMMS5.5,TMMS5
TMMS5.5,TMMS9
TMMS5.5,TMMS12
TMMS5.5,TMMS7
TMMS5.5,TMMS8
TMMS5.5,TMMS10
TMMS5.5,TMMS4.5
TMMS5.5,TMMS4
TMMS5.5,110TMSY
TMMS5.5,212FSMSY
TPGDL2000,CAL6EBR
TPGDL2000,ACT73A
TPGDL2000,EECS150
TPGDL2000,ECHDD012A
TPGDL2000,EEBC30A12V
TPGDL2000,TDG1
TPGDL2000,EECT900
TPGDL2000,EEDM525F
TPGDL2000,SVTS272A
TPGDL2000,EECT200
TW141A,TW121A
TW141A,TW201
TW141A,TW161A
TW141A,TW261
TW141A,TW181A
TW141A,TW361
TW141A,TW341
TW141A,BHS7A
TW141A,TWM31
TW141A,313TSYA
SGTT9B,SGTT1B
SGTT9B,SGTT2B
SGTT9B,SGTT8B
SGTT9B,SGTT10B
SGTT9B,SGTT5B
SGTT9B,SGTT3B
SGTT9B,SGTT7B
SGTT9B,SGTT4B
SGTT9B,SGA1714B
SGTT9B,PHP3A
1512B,PW18C
1512B,SWM291
1512B,BPPC1878
1512B,SWM281
1512B,SW381
1512B,SWM301
1512B,PPC20LB
1512B,A177A
1512B,AW1020DK
1512B,SWM271
ECPNJ032,ECPRL092
ECPNJ032,ECHDG052
ECPNJ032,ECPNI032R
ECPNJ032,TIF160
ECPNJ032,GLOVE300BL
ECPNJ032,MAGSTRIP
ECPNJ032,ECARL032R
ECPNJ032,ECHDD012AR
ECPNJ032,YAKS42
ECPNJ032,ECHDD012A
GLOVE600LG,GLOVE505RL
GLOVE600LG,GLOVE309L
GLOVE600LG,GLOVE300BL
GLOVE600LG,GLASS90BYEAR
GLOVE600LG,GLOVE1100L
GLOVE600LG,GLASS50R
GLOVE600LG,SOSG01BKCL01
GLOVE600LG,CLRPW75
GLOVE600LG,EECR5A
GLOVE600LG,EARPLUGBAND
HBFE103,PBMP703A
HBFE103,PBS704
HBFE103,HBBD32
HBFE103,PPC715BK
HBFE103,SRPCR112
HBFE103,SGASA104BR
HBFE103,HBBD24
HBFE103,PPC210BK
HBFE103,PPC208A
HBFE103,CJ2001P
PBN2,SW221
PBN2,SW201
PBN2,SW141A
PBN2,SW181A
PBN2,SW241
PBN2,TM83A
PBN2,VO2628B
PBN2,SW361
PBN2,SW301
PBN2,VO3032B
GSAF1F,XS1416A
GSAF1F,XS1820A
GSAF1F,XS2226A
GSAF1F,GLAS1F
GSAF1F,VO1012B
GSAF1F,TM412
GSAF1F,XS810A
GSAF1F,TMC105E
GSAF1F,AC5C
GSAF1F,TMC106E
ACT1290A,AT4124
ACT1290A,AT4135
ACT1290A,ACT9103
ACT1290A,ACT2105
ACT1290A,EC-USB-C-3A
ACT1290A,TPMC25
ACT1290A,ACT925
ACT1290A,RULER602
ACT1290A,MRB5B
ACT1290A,ACT1297
AWL3-1/2D,96ACF
AWL3-1/2D,SGDX80BR
AWL3-1/2D,SGDP42IRBR
AWL3-1/2D,T72
AWL3-1/2D,SGD2BR
AWL3-1/2D,PPC106LA
AWL3-1/2D,FXK6
AWL3-1/2D,SIMM160A
AWL3-1/2D,SIMM170
AWL3-1/2D,ATECH3FR300B
CGRS865DB,CTB8174
CGRS865DB,AT118
CGRS865DB,PTR2505
CGRS865DB,PTB32K
CGRS865DB,CT9080K2
CGRS865DB,CTR867AK2
CGRS865DB,CT825DB
CGRS865DB,CTS561BITSET
CGRS865DB,CTC131A
CGRS865DB,AT700F
CDR4P11L3DB,CTSG861DB
CDR4P11L3DB,PSO4625
CDR4P11L3DB,PH3050BR
CDR4P11L3DB,CTB8174
CDR4P11L3DB,CTS561BITSET
CDR4P11L3DB,MG1250
CDR4P11L3DB,AT109
CDR4P11L3DB,PTC250
CDR4P11L3DB,CTINF9010
CDR4P11L3DB,SAG03S20
PBMP8A,PBMP16A
PBMP8A,PBMP12A
PBMP8A,305ASX
PBMP8A,SN24C
PBMP8A,SX2
PBMP8A,SGHF616BR
PBMP8A,SXK3
PBMP8A,TMM8
PBMP8A,SXK11
PBMP8A,SXK5
ACTR4151A,ACT9103
ACTR4151A,ACTR1234YF
ACTR4151A,ACT1297
ACTR4151A,ACT413A
ACTR4151A,TEMP200
ACTR4151A,ACT407
ACTR4151A,RTEMP8
ACTR4151A,ACT1290A
ACTR4151A,SVTS264
ACTR4151A,ACT73A
2003LN,PPCSG710
2003LN,LSR1580
2003LN,LSR1000EXT
2003LN,FTX50E
2003LN,FTX45E
2003LN,FTX40E
2003LN,411CF
2003LN,HBBD16
2003LN,S9706KRA
2003LN,TTX8E
S261,S321
S261,XS1820A
S261,XS1012A
S261,XS2226A
S261,XS1618A
S261,VO2628B
S261,VO1820B
S261,VO1416B
S261,XS67A
S261,TM408
TMD8,XS2024A
TMD8,FA12LE
TMD8,FAML6E
TMD8,FRX181
TMD8,SA16E
TMD8,HD6529
TMD8,SAM19E
TMD8,KAC1224TCA
TMD8,TW481
TMD8,TMUS161A
CGG861DB,CTRS761ADB
CGG861DB,CTCO861K2
CGG861DB,CT825DB
CGG861DB,CTB8174
CGG861DB,CTS561BITSET
CGG861DB,MG325
CGG861DB,AT700F
CGG861DB,CTC772A
CGG861DB,CTB185
CGG861DB,CTR867AK2
KRA5311FPC,KRA4813FPBO
KRA5311FPC,KRSC430APBO1
KRA5311FPC,KRSC323PBO
KRA5311FPC,PLRK21
KRA5311FPC,KRWT2411
KRA5311FPC,KRSC430APBO7
KRA5311FPC,KCP2422PBO
KRA5311FPC,KRSC326FPBO
KRA5311FPC,YA389A
KRA5311FPC,KRA4810FPBO
PTGR110G,PTC250
PTGR110G,PDR3000A
PTGR110G,PTGR450
PTGR110G,PTR2500
PTGR110G,PSO4625
PTGR110G,PTR2505
PTGR110G,MG325
PTGR110G,PT338
PTGR110G,PH3050BR
PTGR110G,DBTB121
PT5C,FA12LE
PT5C,BHS7A
PT5C,GF22
PT5C,FRX181
PT5C,TW481
PT5C,HD6529
PT5C,AWM110DK
PT5C,AWL1010DK
PT5C,114ATMP
PT5C,YA2850A
QD3R250A,TWM26
QD3R250A,PKNC150
QD3R250A,UPTM65K
QD3R250A,QD2R100A
QD3R250A,SN25A
QD3R250A,TWM28
QD3R250A,SIMM340
QD3R250A,414AHD
QD3R250A,TW421
QD3R250A,SIMM290
SFSM14,SFSM11
SFSM14,SFSM17
SFSM14,SFSM19
SFSM14,SFSM9
SFSM14,SFSM18
SFSM14,SFSM15
SFSM14,SFSM12
SFSM14,SFSM13
SFSM14,SFSM8
SFSM14,SFSM10
CDR9015DB,DB121C
CDR9015DB,CTQ838DB
CDR9015DB,CTB8187
CDR9015DB,VWB8B
CDR9015DB,MG325
CDR9015DB,CTB185
CDR9015DB,CT9080K2
CDR9015DB,CTS561BITSET
CDR9015DB,CTNN13KF
CDR9015DB,PH3050BR
KRA2422PU,KRWT2411
KRA2422PU,KWSN2455AST
KRA2422PU,KWSP2455ABL
KRA2422PU,KWSP2455AST
KRA2422PU,KWSN2455ABL
KRA2422PU,KCP1422PBO
KRA2422PU,KRA2411PBO
KRA2422PU,YA389A
KRA2422PU,KRSC326FPBO
KRA2422PU,KRSC46HPBO
HL138ACP,912AEP
HL138ACP,388ACF
HL138ACP,AWP45
HL138ACP,LN46ACF
HL138ACP,915CF
HL138ACP,PL803A
HL138ACP,LN47ACF
HL138ACP,415CF
HL138ACP,AD12C
HL138ACP,SGA1713B
SW301,XS2024A
SW301,XS1820A
SW301,XS2226A
SW301,XS1618A
SW301,VO2224B
SW301,TM84
SW301,VO2628B
SW301,VO1416B
SW301,VO1820B
SW301,XS67A
IMM240,IMM230
IMM240,IMM210
IMM240,IMM160A
IMM240,IMM150A
IMM240,IMM190
IMM240,IMM140A
IMM240,IM280
IMM240,IM320
IMM240,IM140A
IMM240,IM160A
AWBS13,AWMBS9
AWBS13,AWTXL8
AWBS13,AWTR8
AWBS13,BHM9A
AWBS13,AWEF9K
AWBS13,TMP23E
AWBS13,OEX080B
AWBS13,AF102
AWBS13,ADCF8
AWBS13,PPC210A
IMM110A,IMM130A
IMM110A,IMM140A
IMM110A,IMM160A
IMM110A,IMM150A
IMM110A,IMM200
IMM110A,IMM180
IMM110A,IMM190
IMM110A,IM180A
IMM110A,IM200
IMM110A,IM240
FA10E,FA8E
FA10E,FA12E
FA10E,FA12LE
FA10E,HD6529
FA10E,TW481
FA10E,KAC1224TCA
FA10E,TMA3.5E
FA10E,TMA2.5E
FA10E,TMA3E
FA10E,FAML6E
ECHDF042O,ECPNJ032
ECHDF042O,ECPNI032R
ECHDF042O,ECPNH012
ECHDF042O,JCK7DBL
ECHDF042O,MAGMAT
ECHDF042O,ECHDD012AR
ECHDF042O,MAGDISH
ECHDF042O,TPGDL2000
ECHDF042O,AT4101
ECHDF042O,ECSPH271
ASGP102BG,A161B
ASGP102BG,A177A
ASGP102BG,SGA102BR
ASGP102BG,GA358B
ASGP102BG,SPRG625R
ASGP102BG,SGTT110B
ASGP102BG,SGTT2B
ASGP102BG,SGTT6B
ASGP102BG,PPCSG710
ASGP102BG,CSSD50R
KRA2422PJJ,KRWT2411
KRA2422PJJ,KWSN2455AST
KRA2422PJJ,KWSP2455ABL
KRA2422PJJ,KWSP2455AST
KRA2422PJJ,KWSN2455ABL
KRA2422PJJ,KCP1422PBO
KRA2422PJJ,KRA2411PBO
KRA2422PJJ,KRA4107FPBO
KRA2422PJJ,KACKMCFIBER1
KRA2422PJJ,KRA2407PBO
BB9008,SOSG01BKCL01
BB9008,EECT400
BB9008,MTTL800
BB9008,EECT900
BB9008,TDG2
BB9008,AT4101
BB9008,JCK8
BB9008,MAGMAT
BB9008,ECSPH271
BB9008,YA4000B
AWBCG1624,AWBCG1620
AWBCG1624,FU8A
AWBCG1624,91ACP
AWBCG1624,SGDX80BR
AWBCG1624,ATECH2FR125B
AWBCG1624,SIMM160A
AWBCG1624,SHD1R
AWBCG1624,A2A
AWBCG1624,TMXK2
AWBCG1624,SIMM180
SW221,SW141A
SW221,SW261
SW221,SW161A
SW221,SW201
SW221,SW281
SW221,SW361
SW221,340SSDP
SW221,SW341
SW221,218AFSP
SW221,SWM251
AWBPH13,AWMBPH9
AWBPH13,OXIM6B
AWBPH13,AWBMXL9
AWBPH13,SFSM21
AWBPH13,HSPD16
AWBPH13,TWM25
AWBPH13,AWL1010DK
AWBPH13,SN15B
AWBPH13,TW401
AWBPH13,TWM27
SHD6G,SHD2R
SHD6G,SHDP31IRR
SHD6G,SHD4R
SHD6G,SHDP63IRR
SHD6G,SHD1R
SHD6G,313SYA
SHD6G,BP8B
SHD6G,TW401
SHD6G,AW1015DHK
SHD6G,313SMYA
SHD6O,SHD2R
SHD6O,SHDP31IRR
SHD6O,SHDP42IRR
SHD6O,SHDP63IRR
SHD6O,TWM25
SHD6O,TWM26
SHD6O,BP8B
SHD6O,TW401
SHD6O,AW1015DHK
SHD6O,313SMYA
XB605A,XBM605A
XB605A,OXIM9B
XB605A,OXIM8B
XB605A,OXIM7B
XB605A,XO605
XB605A,RXS605B
XB605A,OEX44B
XB605A,AWBSG800A
XB605A,307IPLY
XB605A,AWBSGM800A
AWTXL8-T15,PPC103A
AWTXL8-T15,FHLF80A
AWTXL8-T15,47ACF
AWTXL8-T15,SRPCR4700
AWTXL8-T15,A2A
AWTXL8-T15,TMXK60
AWTXL8-T15,96ACF
AWTXL8-T15,FX1
AWTXL8-T15,SIMM220
AWTXL8-T15,91ACP
YA427B,BLP15HVLP
YA427B,EARPLUGBAND
YA427B,JT13B
YA427B,UTK100
YA427B,SVTS272A
YA427B,GA296B
YA427B,TPGDL2000
YA427B,RULER601
YA427B,TDG2
YA427B,ECPRA072
KCP1422PDG,KWSP2455AST
KCP1422PDG,KWSN2455ABL
KCP1422PDG,KWSN2455AST
KCP1422PDG,KWSP2455ABL
KCP1422PDG,KRWT2411
KCP1422PDG,KCP2422PBO
KCP1422PDG,KAERNADD6RD
KCP1422PDG,KRA2411PBO
KCP1422PDG,TB50WC
KCP1422PDG,SNA-TBP14
MG325GMG,PTR2500
MG325GMG,PTR72
MG325GMG,PTR2505
MG325GMG,MG725A
MG325GMG,MG1250
MG325GMG,PT850
MG325GMG,SAG03S20
MG325GMG,PDR3000A
MG325GMG,CTNN13KF
MG325GMG,CTQ838DB
LDH482,LDH442
LDH482,LDH362
LDH482,LDH342
LDH482,LDH402
LDH482,LDH602
LDH482,L62
LDH482,L872RJ
LDH482,SOEX707
LDH482,YA4275
LDH482,AWP160
GLOVE400L,MAGMAT
GLOVE400L,TPGDL2000
GLOVE400L,MTTL800
GLOVE400L,JT13B
GLOVE400L,EEDM503D
GLOVE400L,YA4000B
GLOVE400L,TPMC25
GLOVE400L,EEPV509
GLOVE400L,TDG1
GLOVE400L,GLASS30R
SWR1A,415CF
SWR1A,BJP1
SWR1A,HCP10
SWR1A,SOEXM705
SWR1A,BLPTORX1410
SWR1A,BTCP600
SWR1A,SGA1711BR
SWR1A,SGA1712BR
SWR1A,SGA174BR
SWR1A,207IPFM
MTTL433,MTTL750
MTTL433,MTTL7005PK
MTTL433,YA1175KIT
MTTL433,MTTL800
MTTL433,EEDM596FK
MTTL433,JCK7DBL
MTTL433,EEPV509
MTTL433,ASTFUN19KIT
MTTL433,MTEE6
MTTL433,PGP120
PPC816B,PPC1A
PPC816B,PPC205A
PPC816B,PPC206A
PPC816B,PPC4A
PPC816B,PPC106LA
PPC816B,AWMG9
PPC816B,PKNC150
PPC816B,OEXM6B
PPC816B,PPC104LA
PPC816B,PPC108LA
STMD7,XS2024A
STMD7,TMU8B
STMD7,TMXK4
STMD7,SPBS12AR
STMD7,91ACP
STMD7,SRPCR4700
STMD7,FXK3
STMD7,TMXK60
STMD7,PPC106LA
STMD7,GFAT1E
OEXL707B,OEXLM710B
OEXL707B,OEXS709B
OEXL707B,OEX080B
OEXL707B,QD3250A
OEXL707B,107ATMPB
OEXL707B,OEXSM710B
OEXL707B,S6106KA
OEXL707B,196ACF
OEXL707B,OEX711B
OEXL707B,AW1013DK
SFSM7,SFSM6
SFSM7,FSM61
SFSM7,TMM16
SFSM7,SFSM21
SFSM7,STMM4.5
SFSM7,BOERM22
SFSM7,TMM4.5
SFSM7,BOERM21
SFSM7,131TMPB
SFSM7,STMM4
THRLX72O,FHOF80A
THRLX72O,THR72
THRLX72O,FHLX80B
THRLX72O,SHX80B
THRLX72O,FHR80
THRLX72O,FH80MP
THRLX72O,THLL72
THRLX72O,FHBF80A
THRLX72O,111STMMDY
THRLX72O,BLPEXTF146
TMMS13,TMMS5
TMMS13,TMMS9
TMMS13,TMMS5.5
TMMS13,TMMS6
TMMS13,TMMS15
TMMS13,TMMS12
TMMS13,TMMS7
TMMS13,TMMS10
TMMS13,TMMS4.5
TMMS13,TMMS4
EECR5A,EEJP201MBKA-NA
EECR5A,ECPNH012UV
EECR5A,MRB5B
EECR5A,ECHDG052
EECR5A,GLOVE309L
EECR5A,MTIND683A
EECR5A,GLOVEORIGPLUSL
EECR5A,SOSG01BKCL01
EECR5A,MTTL800
EECR5A,JCW62R
AWTXL8-T9,ATECH3FR300B
AWTXL8-T9,SGD8BR
AWTXL8-T9,SGD6BR
AWTXL8-T9,SGD2BR
AWTXL8-T9,SPBS18AR
AWTXL8-T9,SPBS24AR
AWTXL8-T9,TMXK4
AWTXL8-T9,91ACP
AWTXL8-T9,PL400B
AWTXL8-T9,F80
IMM140A,IMM110A
IMM140A,IMM130A
IMM140A,IMM200
IMM140A,IMM220
IMM140A,IMM210
IMM140A,IM160A
IMM140A,IM200
IMM140A,IM280
IMM140A,IM260
IMM140A,IM240
AWSGM2A,PPC106LA
AWSGM2A,SGDP42IRBR
AWSGM2A,FHLF80A
AWSGM2A,TMXK2
AWSGM2A,F80
AWSGM2A,SRPCR3800
AWSGM2A,SHD1R
AWSGM2A,SGD8BR
AWSGM2A,SIMM170
AWSGM2A,SGD4BR
AWL1010DHK,211SFY
AWL1010DHK,SF261
AWL1010DHK,SF181
AWL1010DHK,SF121
AWL1010DHK,SF221
AWL1010DHK,SF241
AWL1010DHK,SF201
AWL1010DHK,10MA
AWL1010DHK,STMD11
AWL1010DHK,STMD7
110MGMM,106IPTMMA
110MGMM,112SIMTMM
110MGMM,TMM16
110MGMM,BOERM22
110MGMM,BOERM21
110MGMM,131TMPB
110MGMM,PPCL60BK
110MGMM,SFSM21
110MGMM,FSM61
110MGMM,SFSM6
SHLF80A,FHLLF80
SHLF80A,THLF72
SHLF80A,FHLF80A
SHLF80A,THLLF72
SHLF80A,FHBF80A
SHLF80A,312IMMS
SHLF80A,SH80A
SHLF80A,325SIMM
SHLF80A,304IMX
SHLF80A,SHL80A
DPT7A,GA243
DPT7A,14V
DPT7A,BF775C-A
DPT7A,OXIM7B
DPT7A,PK50A
DPT7A,PKRS1
DPT7A,OXIM6B
DPT7A,AD10C
DPT7A,FTX60E
DPT7A,SGDMRC108A
S6106KA,10R
S6106KA,AVSNP01160
S6106KA,OEX080B
S6106KA,GA98A
S6106KA,YA337A
S6106KA,BF620C
S6106KA,BP12B
S6106KA,BP8B
S6106KA,ST50A
S6106KA,TM10G
SR40K,AWTEF8K
SR40K,TF5A
SR40K,111TMMDY
SR40K,TMMD11
SR40K,TMMD5
SR40K,TMMD12
SR40K,TMMD6
SR40K,TMMD7
SR40K,TMMD8
SR40K,SPBS24A
AWBSG09A,TMXK4
AWBSG09A,SIMM160A
AWBSG09A,SIMM200
AWBSG09A,SGD8BR
AWBSG09A,SGD2BR
AWBSG09A,FXK6
AWBSG09A,PPC105LA
AWBSG09A,SIMM150A
AWBSG09A,BLPTHC87
AWBSG09A,SGASA204CR
FA12E,FA10E
FA12E,FA12LE
FA12E,FRX181
FA12E,GF22
FA12E,HD6529
FA12E,TW481
FA12E,STX70E
FA12E,TMA3.5E
FA12E,FAML6E
FA12E,TW381
AWBCG1616,SGD6BR
AWBCG1616,SIMM200
AWBCG1616,96ACF
AWBCG1616,FX1
AWBCG1616,SPBS12AR
AWBCG1616,PPC105LA
AWBCG1616,TMXK4
AWBCG1616,SGDP42IRBR
AWBCG1616,SRPCR4700
AWBCG1616,SPBS18AR
AWBMCG1610,SPBS12AR
AWBMCG1610,PPC106LA
AWBMCG1610,SGDP31IRBR
AWBMCG1610,SIMM240
AWBMCG1610,SIMM220
AWBMCG1610,SPBS24AR
AWBMCG1610,BLPTHC87
AWBMCG1610,SRPCR3800
AWBMCG1610,47ACF
AWBMCG1610,SGASA204CR
SGA102BR,SGAS102BR
SGA102BR,LDT40
SGA102BR,BRHC2PK
SGA102BR,SGTT4B
SGA102BR,PHP2A
SGA102BR,SGTT9B
SGA102BR,SGTT3B
SGA102BR,SGTT7B
SGA102BR,SGTT2B
SGA102BR,SGTT6B
SWM201,SWM221
SWM201,SWM241
SWM201,SWM161
SWM201,SWM191
SWM201,SWM131A
SWM201,SWM141A
SWM201,SWM281
SWM201,SWM111A
SWM201,SWM101A
SWM201,SWM301
SWM221,SWM201
SWM221,SWM211
SWM221,SWM161
SWM221,SWM131A
SWM221,SWM171
SWM221,SWM121A
SWM221,340SSDP
SWM221,SWM291
SWM221,218AFSP
SWM221,SWM281
911ACF,490CF
911ACF,411CF
911ACF,912AEP
911ACF,908CF
911ACF,312CF
911ACF,612AEP
911ACF,BDGPL300HG
911ACF,86EP
911ACF,SHCP1B
911ACF,PL1000START
KRA1421PWZ,SNA-TBP14
KRA1421PWZ,KRBC100ABN
KRA1421PWZ,KASS13
KRA1421PWZ,KACKMCFIBER1
KRA1421PWZ,TB20AC
KRA1421PWZ,KRSC326FPBO
KRA1421PWZ,TB40C
KRA1421PWZ,KRA4107FPBO
KRA1421PWZ,KRSC46HPBO
KRA1421PWZ,KRSC430APBO1
TPGIF1600A,MRB5B
TPGIF1600A,FB360C
TPGIF1600A,GLASS50R
TPGIF1600A,CAL6DA
TPGIF1600A,ECFLD030
TPGIF1600A,MTTL700
TPGIF1600A,AT4135
TPGIF1600A,EEPV509
TPGIF1600A,EEDM504F
TPGIF1600A,EEBC30A12V
PL330ACFG,PL803A
PL330ACFG,84CF
PL330ACFG,SGDXL80BR
PL330ACFG,BDGPL300HG
PL330ACFG,SGD4120BR
PL330ACFG,SGDP162BR
PL330ACFG,PWZ0A
PL330ACFG,490CF
PL330ACFG,PL344BCF
PL330ACFG,HBFE103
YA4190FAR,YA4190A
YA4190FAR,IM1PT
YA4190FAR,SVTS272A
YA4190FAR,ECHDD012A
YA4190FAR,ECARL032R
YA4190FAR,EECT200
YA4190FAR,ECPNG032
YA4190FAR,RULER6
YA4190FAR,BB9008
YA4190FAR,MTTL800
EECT400R,TPM16
EECT400R,EC-USB-C-3A
EECT400R,FB360C
EECT400R,OC5A
EECT400R,GA460B
EECT400R,TPMC25
EECT400R,PGP50
EECT400R,FB316B
EECT400R,FB361A
EECT400R,ECFLD030
TMU81B,PPC105LA
TMU81B,SPBS18AR
TMU81B,SGD8BR
TMU81B,A2A
TMU81B,SIMM180
TMU81B,PL400B
TMU81B,SIMM170
TMU81B,SPBS704AR
TMU81B,SHD1R
TMU81B,96ACF
SOEXM150,SOEXM170
SOEXM150,SOEXM140
SOEXM150,SOEXM120
SOEXM150,SOEXM130
SOEXM150,SOEXM110
SOEXM150,SOEXM100
SOEXM150,FM19
SOEXM150,FM16
SOEXM150,FM18
SOEXM150,FM15
AWMBPH9,AWBPH13
AWMBPH9,OXIM6B
AWMBPH9,SFSM21
AWMBPH9,STMM4
AWMBPH9,HSPD16
AWMBPH9,TWM25
AWMBPH9,AWTPH8
AWMBPH9,TW401
AWMBPH9,BHS13A
AWMBPH9,307IPLY
FCF72,FC72
FCF72,TFY72
FCF72,FKF80A
FCF72,TM72
FCF72,TLLF72
FCF72,FLLF80
FCF72,FHOF80A
FCF72,SF80A
FCF72,TRX72
FCF72,FHBF80A
YA4609,BB9008
YA4609,ECPNG032
YA4609,ECHDD012AR
YA4609,TPGDL2000
YA4609,EEPV500
YA4609,EECT200
YA4609,EECT900
YA4609,RULER6
YA4609,TDG2
YA4609,IM1PT
205IPF,BPPC1878
205IPF,SW421
205IPF,IPL22C
205IPF,IPL24C
205IPF,IPL16C
205IPF,IPL30C
205IPF,IPL36C
205IPF,OEX42B
205IPF,IPL38C
205IPF,IPL34C
209FUMY,TW421
209FUMY,AW1013DK
209FUMY,BP8B
209FUMY,111TMUSMA
209FUMY,AWM110DHK
209FUMY,TMUSM11A
209FUMY,PK53A
209FUMY,207EFTXY
209FUMY,LP7WR
209FUMY,313TSYA
29ACFO,SS5A
29ACFO,BTC7B
29ACFO,FZ7A
29ACFO,PT28E
29ACFO,AWMCG1600B
29ACFO,111TMMDY
29ACFO,TMMD11
29ACFO,TMMD6
29ACFO,TMMD8
29ACFO,TMMD10
ATECH4RS600,429IM
ATECH4RS600,OFWHD1
ATECH4RS600,AWBMCG1603
ATECH4RS600,IM140A
ATECH4RS600,OFW3
ATECH4RS600,HBFE16
ATECH4RS600,PBS704
ATECH4RS600,650
ATECH4RS600,1250
ATECH4RS600,SGASA104BR
SHLX80AG,FHLX80B
SHLX80AG,THLX72
SHLX80AG,SHN36
SHLX80AG,IPL18C
SHLX80AG,IPL30C
SHLX80AG,IPL36C
SHLX80AG,FHBF80A
SHLX80AG,312IPLM
SHLX80AG,IPLM12C
SHLX80AG,PHG1055BK
PLRK27,PLRK30
PLRK27,PLRK21
PLRK27,KAERNADD6RD
PLRK27,YA389A
PLRK27,KACKMCFIBER1
PLRK27,A277
PLRK27,KRSC326FPBO
PLRK27,KCP2422PBO
PLRK27,KWSP2455AST
PLRK27,KRSC46HPBO
TMMS4.5,TMMS4
TMMS4.5,TMM4.5
TMMS4.5,STMM4.5
TMMS4.5,TMMS5
TMMS4.5,TMMS5.5
TMMS4.5,TMMS8
TMMS4.5,TMMS10
TMMS4.5,TMMS11
TMMS4.5,TMMS12
TMMS4.5,IP80D
SRP2A,PPB826A
SRP2A,PK52A
SRP2A,YA4250
SRP2A,GAJ12A
SRP2A,AWS13
SRP2A,1210B
SRP2A,OEXM90B
SRP2A,OEXM320B
SRP2A,OEXM80B
SRP2A,OEX714KB
STMM4.5,STMM4
STMM4.5,SFSM6
STMM4.5,SFSM20
STMM4.5,SFSM7
STMM4.5,FSM61
STMM4.5,TM05
STMM4.5,TWM26
STMM4.5,SFSM21
STMM4.5,SN15B
STMM4.5,SWM101A
112SIMTMM,106IPTMMA
112SIMTMM,110MGMM
112SIMTMM,SW321
112SIMTMM,SW281
112SIMTMM,VO2628B
112SIMTMM,VO1416B
112SIMTMM,VO1012B
112SIMTMM,SW361
112SIMTMM,TM84
112SIMTMM,SW221
OEX8B,OEXM707B
OEX8B,OEX10B
OEX8B,PT5C
OEX8B,206AFSP
OEX8B,PTIM5
OEX8B,OEX11B
OEX8B,211SFY
OEX8B,OEX080B
OEX8B,F4LBK
OEX8B,AWL1010DK
MTEE6,CAL6V
MTEE6,GA1D
MTEE6,GA3634A
MTEE6,CAL6EA
MTEE6,EEPV503
MTEE6,CAL6DA
MTEE6,FB336
MTEE6,EECS150
MTEE6,ACTUVPROKT
MTEE6,ACT9103
OEXM320B,OEXM290B
OEXM320B,OEXM260B
OEXM320B,S9724RHS
OEXM320B,OEX44B
OEXM320B,OEX42B
OEXM320B,SWM261
OEXM320B,YA4250
OEXM320B,OEX38B
OEXM320B,1210B
OEXM320B,210EFTAMY
SOEXM110,SOEXM150
SOEXM110,SOEXM100
SOEXM110,FS241
SOEXM110,SIM200
SOEXM110,FS161
SOEXM110,SIM260
SOEXM110,SIM320
SOEXM110,FS181
SOEXM110,FS221
SOEXM110,FS201
SIM180A,SIM200
SIM180A,SIM320
SIM180A,SIM260
SIM180A,SIM280
SIM180A,SIM340
SIM180A,SIM380
SIM180A,SIM360
SIM180A,IM180A
SIM180A,IM240
SIM180A,IM300
CTLFD761,UTK150
CTLFD761,RULER6
CTLFD761,BB9008
CTLFD761,TDG1
CTLFD761,ECARL032R
CTLFD761,JCK7DBL
CTLFD761,YA4000B
CTLFD761,MTTL800
CTLFD761,TPMC25
CTLFD761,EEDM503D
KRBC100ABN,KRA2411PBO
KRBC100ABN,KAERNADD6RD
KRBC100ABN,KCP1422PBO
KRBC100ABN,KRA4107FPBO
KRBC100ABN,KRA4008FPBO
KRBC100ABN,KRA4810FPBO
KRBC100ABN,KRSC46HPBO
KRBC100ABN,KRSC430APBO7
KRBC100ABN,KRSC323PBO
KRBC100ABN,KRSC326FPBO
AWML12D,SPBS704AR
AWML12D,SIMM170
AWML12D,F80
AWML12D,SIMM210
AWML12D,TMXK2
AWML12D,SPBS18AR
AWML12D,SRPCR4700
AWML12D,ATECH3FR300B
AWML12D,FXK11
AWML12D,SIMM220
106BTMX,206AFX
106BTMX,120STTM
106BTMX,208AFX
106BTMX,110ETMAY
106BTMX,FXK4
106BTMX,PTIM5
106BTMX,212EFTAY
106BTMX,SX2
106BTMX,TMA5E
106BTMX,TMA8E
124STTMM,222SFFSFR
124STTMM,120STTM
124STTMM,110STMY
124STTMM,110TMY
124STTMM,PTIM5
124STTMM,SGD153BR
124STTMM,PK52A
124STTMM,211EFAMY
124STTMM,FZ7A
124STTMM,S9704KR
415CF,915CF
415CF,SWR1A
415CF,BEXD10A
415CF,AWPBX10
415CF,912AEP
415CF,PBFT50R
415CF,490CF
415CF,411CF
415CF,HBBD56
415CF,SGA1713B
SWM261,SWM251
SWM261,SWM281
SWM261,AWEF6K
SWM261,SWM301
SWM261,AWMEF8K
SWM261,S9724RHS
SWM261,SWM111A
SWM261,PK52A
SWM261,SW381
SWM261,SWM221
S9538A,S9614A
S9538A,S6103A
S9538A,A159
S9538A,GA243
S9538A,OXIM7B
S9538A,PK50A
S9538A,PKRS1
S9538A,OXIM6B
S9538A,AD10C
S9538A,LDT8
SGA1713B,SGA1714B
SGA1713B,SGAS102BR
SGA1713B,SHP10
SGA1713B,206SFSUM
SGA1713B,SGAS102BG
SGA1713B,PKNC300
SGA1713B,LDT40
SGA1713B,PHP3A
SGA1713B,ASGP1BR
SGA1713B,SHP2KT
GLOVE600L,GLOVE505RL
GLOVE600L,GLOVE309L
GLOVE600L,GLOVE300BL
GLOVE600L,GLASS90BYEAR
GLOVE600L,GLOVE1100L
GLOVE600L,GLASS50R
GLOVE600L,CLRPW75
GLOVE600L,ECFLD030
GLOVE600L,GLOVE900LR
GLOVE600L,EARPLUGBAND
GLOVE600LO,GLOVE309L
GLOVE600LO,GLOVE300BL
GLOVE600LO,GLASS90BYEAR
GLOVE600LO,GLOVE1100L
GLOVE600LO,GLASS50R
GLOVE600LO,SOSG01BKCL01
GLOVE600LO,CLRPW75
GLOVE600LO,GLOVE900LR
GLOVE600LO,EECR5A
GLOVE600LO,EARPLUGBAND
AWM110DHK,340SSDP
AWM110DHK,AC5C
AWM110DHK,2004BSKA
AWM110DHK,PK53A
AWM110DHK,AW1015DHK
AWM110DHK,SEPPT850KA
AWM110DHK,TW461
AWM110DHK,TW421
AWM110DHK,S9704KA
AWM110DHK,PRH57A
CTPSK8174,PH3050BR
CTPSK8174,AT109
CTPSK8174,CTR862DB
CTPSK8174,MG1250
CTPSK8174,CTR867AK2
CTPSK8174,CT825DB
CTPSK8174,PSO4625
CTPSK8174,CTB8187
CTPSK8174,CTC772A
CTPSK8174,CTNN13KF
AWTR8-3,SGDP42IRBR
AWTR8-3,TMXK4
AWTR8-3,FHLF80A
AWTR8-3,A2A
AWTR8-3,F80
AWTR8-3,FU8A
AWTR8-3,BLPTHC87
AWTR8-3,SGD4BR
AWTR8-3,91ACP
AWTR8-3,PPC103A
8R,VO2224B
8R,TM84
8R,VO2628B
8R,VO1012B
8R,XS67A
8R,TM408
8R,SGDEL10ESD
8R,TM65
8R,SGHF616BR
8R,PPC905B
TM65,XS2024A
TM65,XS1012A
TM65,XS1214A
TM65,VO2224B
TM65,VO1012B
TM65,VO3032B
TM65,TM408
TM65,XS810A
TM65,SGDEL10ESD
TM65,TM5
PPC210BK,AWM140DK
PPC210BK,VGP12509
PPC210BK,VGP104
PPC210BK,VGP12808
PPC210BK,BLPPB704
PPC210BK,218AFP
PPC210BK,AD12C
PPC210BK,PKNC300
PPC210BK,317MPC
PPC210BK,VGP12412
AWXL13-5/64,TMU8B
AWXL13-5/64,96ACF
AWXL13-5/64,PL400B
AWXL13-5/64,F80
AWXL13-5/64,SIMM240
AWXL13-5/64,FXK11
AWXL13-5/64,SPBS704AR
AWXL13-5/64,91ACP
AWXL13-5/64,SGD4BR
AWXL13-5/64,PPC105LA
PPSG206,PPSG205
PPSG206,PPSG203
PPSG206,PCSG812
PPSG206,PPSG106
PPSG206,PCSG820
PPSG206,PPSG103
PPSG206,PPSG4
PPSG206,PPSG105
PPSG206,PCSG816
PPSG206,BTWSMPK
DBT25,PPC4A
DBT25,PPC105LA
DBT25,FX1
DBT25,SIMM240
DBT25,SIMM170
DBT25,FXK3
DBT25,SPBS24AR
DBT25,SGDP42IRBR
DBT25,BLPTHC87
DBT25,SIMM160A
CDR861GK2,CTB8174
CDR861GK2,PH3050BR
CDR861GK2,AT5500
CDR861GK2,CTR867AK2
CDR861GK2,MG325
CDR861GK2,DB129C
CDR861GK2,CTB8187
CDR861GK2,AT109
CDR861GK2,PTGR100
CDR861GK2,PTC250
MG725A,MG325
MG725A,PTR72
MG725A,PTR2500
MG725A,PTR2505
MG725A,PDR3000A
MG725A,PDR5000A
MG725A,SAG03S20
MG725A,PT850
MG725A,PT338
MG725A,AT2050
PPC205A,PPC203A
PPC205A,PPC820B
PPC205A,PPC816B
PPC205A,PPC4A
PPC205A,PPC204A
PPC205A,PPC106LA
PPC205A,AWM140DK
PPC205A,AWMG9
PPC205A,OEXM6B
PPC205A,PPC5A
ACT73A,FB303B
ACT73A,ACT2105
ACT73A,ACT413A
ACT73A,JCW62R
ACT73A,RULER601
ACT73A,ACT51234A
ACT73A,ACT9103
ACT73A,ACTR4151A
ACT73A,FB305A
ACT73A,FB361A
B260A,SPBS24A
B260A,208CCP
B260A,BTC7B
B260A,PKNC125C2
B260A,SEPPT850KA
B260A,FTX60E
B260A,R404
B260A,AC5C
B260A,BTK5
B260A,S6110A
411CF,490CF
411CF,912AEP
411CF,908CF
411CF,97ACF
411CF,PWCS7ACF
411CF,SRPCR4700
411CF,915CF
411CF,AWP45
411CF,91ACP
411CF,HL138ACP
TRSLF72,FSLF80
TRSLF72,FHBF80A
TRSLF72,103TMXKLA
TRSLF72,TMS4E
TRSLF72,214SFY
TRSLF72,YA824C
TRSLF72,SSFP2
TRSLF72,FRW10
TRSLF72,F4LBK
TRSLF72,FK80
PTC250O,SAG03S12
PTC250O,SDG10S25F
PTC250O,PSO4525
PTC250O,SAG03S20
PTC250O,PTGR110
PTC250O,PSO4625
PTC250O,PTR2500
PTC250O,PTR2505
PTC250O,AT109
PTC250O,PT338
210FRHMA,OFW4
210FRHMA,208EFTABMY
210FRHMA,211FCOA
210FRHMA,S6112
210FRHMA,B1467A
210FRHMA,S6110A
210FRHMA,210FCOMA
210FRHMA,S6111
210FRHMA,XBM605A
210FRHMA,XO605
TMR4,S4
TMR4,303SXWKL
TMR4,OXIM707SBK
TMR4,FZ80
TMR4,TNF72
TMR4,TZERO
TMR4,ST50A
TMR4,OXI707BK
TMR4,PWC52A
TMR4,TMS4E
TMS4E,XS1416A
TMS4E,XS1012A
TMS4E,TM84
TMS4E,XS1214A
TMS4E,VO2628B
TMS4E,VO1012B
TMS4E,VO1820B
TMS4E,XS67A
TMS4E,TM410
TMS4E,TM5
GAW1908,SGD2BR
GAW1908,ATECH3FR300B
GAW1908,SIMM150A
GAW1908,PPC103A
GAW1908,SPBS18AR
GAW1908,SIMM190
GAW1908,FXK11
GAW1908,BLPTHC87
GAW1908,SGDP31IRBR
GAW1908,SRPCR3800
STMM14,STMM6
STMM14,STMM11
STMM14,STMM5
STMM14,STMM13
STMM14,STMM8
STMM14,STMM15
STMM14,STMM10
STMM14,TMM9
STMM14,TMM14
STMM14,TMM12
SWM231,SWM241
SWM231,SWM161
SWM231,SWM191
SWM231,SWM121A
SWM231,SWM251
SWM231,AWEF6K
SWM231,SWM291
SWM231,SWM271
SWM231,218AFSP
SWM231,SN25A
208FRDHM,208FRDH
208FRDHM,SRES306
208FRDHM,SRES22
208FRDHM,SRES20
208FRDHM,SRES18
208FRDHM,SRES28
208FRDHM,SRES26
208FRDHM,SRES24
208FRDHM,210FCOMA
208FRDHM,FAML6E
SHDX60O,414AHD
SHDX60O,PKNC150
SHDX60O,UPTM65K
SHDX60O,LDH402
SHDX60O,LDH462
SHDX60O,LDH482
SHDX60O,LDH602
SHDX60O,LDH562
SHDX60O,SOEX38
SHDX60O,PPCD70BK
AWBMCG16025,SIMM240
AWBMCG16025,96ACF
AWBMCG16025,SPBS18AR
AWBMCG16025,SIMM210
AWBMCG16025,PPC106LA
AWBMCG16025,GFAT1E
AWBMCG16025,T72
AWBMCG16025,SGDX80BR
AWBMCG16025,FXK6
AWBMCG16025,PPC4A
AWBMCG1604,AWBMCG1603
AWBMCG1604,SPBS12AR
AWBMCG1604,96ACF
AWBMCG1604,SRPCR4700
AWBMCG1604,TMXK60
AWBMCG1604,PPC106LA
AWBMCG1604,A2A
AWBMCG1604,GFAT1E
AWBMCG1604,SIMM200
AWBMCG1604,SGDP42IRBR
AWSG09A,FXK6
AWSG09A,SPBS8AR
AWSG09A,SIMM160A
AWSG09A,FXK3
AWSG09A,SRPCR4700
AWSG09A,SIMM190
AWSG09A,96ACF
AWSG09A,SIMM210
AWSG09A,SIMM180
AWSG09A,ATECH3FR300B
F10LD,BHS7A
F10LD,R1618SC
F10LD,PKNC200
F10LD,OFW3
F10LD,SWM111A
F10LD,SWM101A
F10LD,OEXM8B
F10LD,SW421
F10LD,144TMPB
F10LD,DS806AK
IPLM11C,IPLM10C
IPLM11C,IPL32C
IPLM11C,IPL38C
IPLM11C,IPLM14C
IPLM11C,IPLM18C
IPLM11C,IPLM21C
IPLM11C,IPLM19C
IPLM11C,IPL22C
IPLM11C,IPL30C
IPLM11C,IPLM22C
MAGBOWLXL,YA4000B
MAGBOWLXL,EECT400
MAGBOWLXL,UTK150
MAGBOWLXL,EEPV500
MAGBOWLXL,MAGMAT
MAGBOWLXL,FB361A
MAGBOWLXL,EEPV509
MAGBOWLXL,TDG2
MAGBOWLXL,ECHDF042
MAGBOWLXL,TDG1
211FSSY,110TMSY
211FSSY,212FSMSY
211FSSY,112TMMSY
211FSSY,212IMFMSYA
211FSSY,TMMS4.5
211FSSY,TMMS4
211FSSY,111STMMDY
211FSSY,TMMDS11
211FSSY,TMMDS12
211FSSY,TMMDS5
SHCP1B,BLPBSS40
SHCP1B,SHP2KT
SHCP1B,PHP2A
SHCP1B,HCP10
SHCP1B,PHP3A
SHCP1B,SGRHT6BR
SHCP1B,SGA1711BR
SHCP1B,SGA175BR
SHCP1B,HCP48BCF
SHCP1B,LSR1500
GAW1907,SIMM160A
GAW1907,SPBS8AR
GAW1907,FX1
GAW1907,BLPTHC87
GAW1907,ATECH3FR300B
GAW1907,SIMM150A
GAW1907,PPC105LA
GAW1907,47ACF
GAW1907,91ACP
GAW1907,SGD2BR
PTR72,PTR2500
PTR72,PDR3000A
PTR72,MG325
PTR72,SAG03S20
PTR72,PTR2505
PTR72,PDR5000A
PTR72,PT338
PTR72,MG725A
PTR72,PTGR110
PTR72,AT2050
SGDEP21ESD,SPBS12AR
SGDEP21ESD,SPBS18AR
SGDEP21ESD,ATECH2FR125B
SGDEP21ESD,FU8A
SGDEP21ESD,SGDP42IRBR
SGDEP21ESD,F80
SGDEP21ESD,ATECH3FR300B
SGDEP21ESD,SIMM180
SGDEP21ESD,T72
SGDEP21ESD,FXK3
SIMM350,SIMM290
SIMM350,SIMM340
SIMM350,SIMM300
SIMM350,OFW2
SIMM350,UPTM65K
SIMM350,SOEX38
SIMM350,L872RM
SIMM350,OFW4
SIMM350,AWP160
SIMM350,SOEX704
FHBB18AG,SHBB24
FHBB18AG,FHBB12A
FHBB18AG,SHN36
FHBB18AG,103UFTS
FHBB18AG,208AFX
FHBB18AG,THLL72
FHBB18AG,FHLL80
FHBB18AG,SH80A
FHBB18AG,S8
FHBB18AG,TFTFM932A
MAGMAT,MAGMINI
MAGMAT,MAGSTRIP
MAGMAT,MAGTRAY
MAGMAT,MAGDISH
MAGMAT,MRB5B
MAGMAT,EECS150
MAGMAT,LBUK1
MAGMAT,YA1175KIT
MAGMAT,JCK7DBL
MAGMAT,YAKS42
AT4101O,AT4124
AT4101O,AT4135
AT4101O,ACT1290A
AT4101O,EC-USB-C-3A
AT4101O,EEBC30A12V
AT4101O,EECT424HD
AT4101O,TPGDL2000
AT4101O,JT13B
AT4101O,EEPV500
AT4101O,EECT200
PWZ0A,PWZ5
PWZ0A,PWZ3A
PWZ0A,PWZ1A
PWZ0A,PWZ4
PWZ0A,BEXD10A
PWZ0A,SBT26
PWZ0A,VSC4KT
PWZ0A,IPL34C
PWZ0A,OEXM320B
PWZ0A,BLPEXTF388
LTAM811,VS814A
LTAM811,XFRM705
LTAM811,LDTJT538
LTAM811,LDTJT512
LTAM811,OEX42B
LTAM811,111TMUSMA
LTAM811,TW421
LTAM811,AW1013DK
LTAM811,BP8B
LTAM811,AWM110DHK
PPC3A,XS2024A
PPC3A,XS1820A
PPC3A,XS1416A
PPC3A,XS2226A
PPC3A,XS1618A
PPC3A,VO2224B
PPC3A,XS1214A
PPC3A,VO1416B
PPC3A,PPC905B
PPC3A,SGDEL10ESD
PL400B,317AMMPC
PL400B,PK23A
PL400B,PK52A
PL400B,206EAU
PL400B,LP10WR
PL400B,PRH57A
PL400B,OFW3
PL400B,222AFSP
PL400B,S9704KA
PL400B,SGT4BR
KRSC430APU1,KRSC323PBO
KRSC430APU1,MRB12B
KRSC430APU1,KRA5311FPBO
KRSC430APU1,KRA2411PBO
KRSC430APU1,KASS13
KRSC430APU1,KRA2422PBO
KRSC430APU1,PLRK30
KRSC430APU1,KCP2422PBO
KRSC430APU1,KRBC100ABN
KRSC430APU1,PLRK21
SHX80B,THLX72
SHX80B,THRLX72
SHX80B,FHLX80B
SHX80B,SH80A
SHX80B,SHBB24
SHX80B,FHOF80A
SHX80B,SHN36
SHX80B,305SXWP
SHX80B,FHLF80A
SHX80B,313SMYA
IMX32B,A98M
IMX32B,AWCGT500
IMX32B,SIMM350
IMX32B,305SIMMY
IMX32B,SIMM290
IMX32B,PKNC150
IMX32B,SGDTX50BR
IMX32B,SIMM340
IMX32B,312IMM
IMX32B,312SIMM
STMD10,XS2024A
STMD10,GFAT1E
STMD10,SGD6BR
STMD10,FU8A
STMD10,PPC106LA
STMD10,SRPCR3800
STMD10,PPC105LA
STMD10,SGDX80BR
STMD10,SRPCR4700
STMD10,SGD2BR
RADKITULTRA,SVTA9100
RADKITULTRA,SVTS264
RADKITULTRA,TA32A
RADKITULTRA,SVTS272A
RADKITULTRA,CAL6EBR
RADKITULTRA,RTEMP8
RADKITULTRA,MTTL700
RADKITULTRA,ACTR4151A
RADKITULTRA,EEBC30A12V
RADKITULTRA,EEPV500
AWBSGM6A,SIMM180
AWBSGM6A,SRPCR4700
AWBSGM6A,SGD8BR
AWBSGM6A,TMXK4
AWBSGM6A,47ACF
AWBSGM6A,SGD2BR
AWBSGM6A,SPBS704AR
AWBSGM6A,FX1
AWBSGM6A,SIMM170
AWBSGM6A,SIMM190
10MA,XS2024A
10MA,VO2628B
10MA,TM84
10MA,VO1012B
10MA,TM408
10MA,XS810A
10MA,TM412
10MA,TM65
10MA,TMC106E
10MA,PPC905B
AWL18D,SRPCR3800
AWL18D,SPBS18AR
AWL18D,FX1
AWL18D,SPBS8AR
AWL18D,SGDX80BR
AWL18D,SHD1R
AWL18D,PL400B
AWL18D,FHLF80A
AWL18D,SGDP31IRBR
AWL18D,SGDP42IRBR
QD2R100A,SN25A
QD2R100A,OEXM9B
QD2R100A,ACT1370
QD2R100A,OEXM8B
QD2R100A,OFW3
QD2R100A,SWM111A
QD2R100A,SWM101A
QD2R100A,OEXM7B
QD2R100A,TMM16
QD2R100A,BOERM22
AWBSG08A,SIMM170
AWBSG08A,SGASA204CR
AWBSG08A,FXK11
AWBSG08A,96ACF
AWBSG08A,47ACF
AWBSG08A,SPBS8AR
AWBSG08A,PPC4A
AWBSG08A,SGD6BR
AWBSG08A,PPC105LA
AWBSG08A,PPC103A
IP80D,OFW2
IP80D,SIMM340
IP80D,OFW3
IP80D,SIMM290
IP80D,SIMM350
IP80D,204IMXA
IP80D,SWM101A
IP80D,UPTM65K
IP80D,OEXM8B
IP80D,PKNC150
FHBF80A,FHOF80A
FHBF80A,TRSLF72
FHBF80A,SGTT110B
FHBF80A,SGTT8B
FHBF80A,SGTT9B
FHBF80A,SGTT7B
FHBF80A,SGTT2B
FHBF80A,SGTT5B
FHBF80A,SHN36
FHBF80A,SGTT6B
BTCP600,BTCWSO16KT
BTCP600,BTCP400
BTCP600,BRHC2PK
BTCP600,LSR1500
BTCP600,A129
BTCP600,OFCA2
BTCP600,A106
BTCP600,A127
BTCP600,B1356E
BTCP600,S6110A
HBFE32G,HBFE48
HBFE32G,HBFE24
HBFE32G,QD3RN350A
HBFE32G,309SIMYA
HBFE32G,TWM26
HBFE32G,SGD153BR
HBFE32G,TWM27
HBFE32G,AWMG9
HBFE32G,SW341
HBFE32G,UTS105A
HBFE48,HBFE24
HBFE48,PPB826A
HBFE48,SR40K
HBFE48,HBFE32
HBFE48,PK52A
HBFE48,AWMG9
HBFE48,317MPC
HBFE48,AC58E
HBFE48,AWS13
HBFE48,SW421
AWSGT20A,SHBB24
AWSGT20A,IMM120A
AWSGT20A,IMM130A
AWSGT20A,IMM140A
AWSGT20A,IMM230
AWSGT20A,IMM200
AWSGT20A,IMM220
AWSGT20A,IMM210
AWSGT20A,IMM240
AWSGT20A,IMM160A
PTB32K,CT861K2
PTB32K,CTS561BITSET
PTB32K,CTC772A
PTB32K,PSO4525
PTB32K,CTS561CHUCK
PTB32K,PDR3000A
PTB32K,AT5500
PTB32K,VWB8B
PTB32K,AT2050
PTB32K,AT118
SGDMRC11A,110ETMAY
SGDMRC11A,XO605
SGDMRC11A,BTWS
SGDMRC11A,BTWOS
SGDMRC11A,SGDMRCE44
SGDMRC11A,214SFY
SGDMRC11A,F4LBK
SGDMRC11A,WTG10A
SGDMRC11A,808CF
SGDMRC11A,REX13C
STMD18,XS2024A
STMD18,SPBS704AR
STMD18,SPBS8AR
STMD18,SGD4BR
STMD18,SGDP42IRBR
STMD18,FXK6
STMD18,SGD6BR
STMD18,SRPCR4700
STMD18,SPBS12AR
STMD18,91ACP
RXFS605B,340SSDP
RXFS605B,10SSD
RXFS605B,BPPC1878
RXFS605B,317MPC
RXFS605B,218AFP
RXFS605B,SW421
RXFS605B,TF5A
RXFS605B,RXFMS606B
RXFS605B,PPB826A
RXFS605B,AWMG9
BT4651,305SIMMY
BT4651,PKNC150
BT4651,310TWMYA
BT4651,BTGHD9
BT4651,SIMM300
BT4651,AD8C
BT4651,SIMM360
BT4651,SOEX36
BT4651,AWP160
BT4651,1512B
PGP50,OC5A
PGP50,GA460B
PGP50,GA296B
PGP50,PGP120
PGP50,FB305A
PGP50,MTTL300
PGP50,FB361A
PGP50,ITHE100
PGP50,FB316B
PGP50,ACT83A
EECT413,PGP120
EECT413,EEDM596FK
EECT413,YA1050B
EECT413,JCK8
EECT413,EEPV509
EECT413,SVTS272A
EECT413,EECT200
EECT413,TDG1
EECT413,ECSPH271
EECT413,ECHDD012A
TMA8E,91ACP
TMA8E,TMXK2
TMA8E,F80
TMA8E,A2A
TMA8E,SIMM170
TMA8E,SGD2BR
TMA8E,BLPTHC87
TMA8E,TMU8B
TMA8E,PPC4A
TMA8E,SPBS18AR
IPL26C,IPL16C
IPL26C,IPL34C
IPL26C,IPL38C
IPL26C,IPL22C
IPL26C,IPL40C
IPL26C,IPL24C
IPL26C,IPL30C
IPL26C,IPLM16C
IPL26C,IPLM18C
IPL26C,IPLM17C
IPL36C,IPL18C
IPL36C,IPL24C
IPL36C,IPL32C
IPL36C,IPL28C
IPL36C,IPL16C
IPL36C,IPL38C
IPL36C,IPL30C
IPL36C,312IPLM
IPL36C,IPLM13C
IPL36C,IPLM16C
IPLM12C,IPLM13C
IPLM12C,312IPL
IPLM12C,IPLM14C
IPLM12C,IPLM24C
IPLM12C,IPL22C
IPLM12C,IPL20C
IPLM12C,IPL18C
IPLM12C,IPL28C
IPLM12C,IPL30C
IPLM12C,IPLM22C
AWM3D,FU8A
AWM3D,TMXK2
AWM3D,SIMM210
AWM3D,SGD4BR
AWM3D,SIMM240
AWM3D,SIMM180
AWM3D,SGDX80BR
AWM3D,SPBS704AR
AWM3D,SRPCR4700
AWM3D,SRPCR3800
AWMXL10-7,T72
AWMXL10-7,F80
AWMXL10-7,47ACF
AWMXL10-7,SPBS8AR
AWMXL10-7,SIMM210
AWMXL10-7,FXK11
AWMXL10-7,SGD6BR
AWMXL10-7,A2A
AWMXL10-7,SIMM170
AWMXL10-7,SRPCR4700
CTR862K2,CTSG861DB
CTR862K2,CT9010K2
CTR862K2,CT9080K2
CTR862K2,CT825DB
CTR862K2,AT109
CTR862K2,CTB8174
CTR862K2,DBTB121
CTR862K2,PSO4625
CTR862K2,PH3050BR
CTR862K2,VWB8B
CT9038K2,CTS561BITSET
CT9038K2,MG1250
CT9038K2,VWB8B
CT9038K2,PH3050BR
CT9038K2,PTGR450
CT9038K2,DB121C
CT9038K2,PSO4525
CT9038K2,CTR861AK2
CT9038K2,CT9010K2
CT9038K2,CTB8174
HSPD16,30SSD
HSPD16,TTX27E
HSPD16,AWMBPH9
HSPD16,AWBPH13
HSPD16,TTX30E
HSPD16,OXIM6B
HSPD16,SFSM21
HSPD16,STMM4
HSPD16,SN15B
HSPD16,TWM27
AW1020DK,US712
AW1020DK,AWM140DK
AW1020DK,2420A
AW1020DK,SWM281
AW1020DK,SWM301
AW1020DK,SWM261
AW1020DK,210AFLEY
AW1020DK,222AFSMP
AW1020DK,SWM251
AW1020DK,SWM271
310IMMYA,BLPTE3816
310IMMYA,BLPTE3812
310IMMYA,BLPTE3810
310IMMYA,AW1020DK
310IMMYA,OXIM6B
310IMMYA,310SIMMYA
310IMMYA,311IMYA
310IMMYA,OEXM8B
310IMMYA,IM220
310IMMYA,IM120A
CT9050GK2,PT850
CT9050GK2,DB121C
CT9050GK2,PTB32K
CT9050GK2,AT2050
CT9050GK2,PSO4525
CT9050GK2,MG325
CT9050GK2,PTGR110
CT9050GK2,CT9080K2
CT9050GK2,CTR861AK2
CT9050GK2,PSO4625
KRSC46HPCM,KRSC430APBO7
KRSC46HPCM,KRSC326FPBO
KRSC46HPCM,KRA2407PBO
KRSC46HPCM,KRSC430APBO1
KRSC46HPCM,KRA4813FPBO
KRSC46HPCM,KCP2422PBO
KRSC46HPCM,KRA2411PBO
KRSC46HPCM,KRA2422PBO
KRSC46HPCM,KACKMCFIBER1
KRSC46HPCM,KRA2007FPBO
SGDMRCE44,BTWSMPK
SGDMRCE44,110ETMAY
SGDMRCE44,XO605
SGDMRCE44,SSFP1
SGDMRCE44,214SFY
SGDMRCE44,SSFP2
SGDMRCE44,PPB30AK
SGDMRCE44,SSDMRT8A
SGDMRCE44,SGDMRC4A
SGDMRCE44,SDMT20D
SGDMRCE44O,BTWSMPK
SGDMRCE44O,110ETMAY
SGDMRCE44O,XO605
SGDMRCE44O,214SFY
SGDMRCE44O,SSFP2
SGDMRCE44O,PPB30AK
SGDMRCE44O,SGDMRC11A
SGDMRCE44O,SSDMRT8A
SGDMRCE44O,TL72
SGDMRCE44O,SGDMRC4A
CTR825HVDB,PT850
CTR825HVDB,MG725A
CTR825HVDB,CTB185
CTR825HVDB,PTR2500
CTR825HVDB,PTGR450
CTR825HVDB,MG1250
CTR825HVDB,AT118
CTR825HVDB,PTR2505
CTR825HVDB,PH1050
CTR825HVDB,CTR867AK2
CSA12CR,218AFSP
CSA12CR,PKNC200
CSA12CR,SS5A
CSA12CR,TF5A
CSA12CR,RXS605B
CSA12CR,RC980
CSA12CR,BTC7B
CSA12CR,S9704KR
CSA12CR,TW441
CSA12CR,AWSGM800A
CTLAR761,CAL6EA
CTLAR761,EEDM525F
CTLAR761,EECT400
CTLAR761,BB9008
CTLAR761,JCK7DBL
CTLAR761,ECHDF042
CTLAR761,TPGDL2000
CTLAR761,EEDM504F
CTLAR761,GLASS50R
CTLAR761,MAGDISH
SRP400B,BLPPB704
SRP400B,SRPCR112
SRP400B,PHP2A
SRP400B,L8112A
SRP400B,SRP2A
SRP400B,BLPXZNM389
SRP400B,ATECH4RS600
SRP400B,PWZ4
SRP400B,SRP3A
SRP400B,PPC210BK
112RTMA,210RAFSMA
112RTMA,111STMMDY
112RTMA,112RTSMA
112RTMA,RAF80A
112RTMA,208EFTABMY
112RTMA,XDLRM11A
112RTMA,BTCP400
112RTMA,206EFABLM
112RTMA,PWZ4
112RTMA,SHP2KT
CTR869DB,PT850
CTR869DB,CTR867AK2
CTR869DB,PSO4525
CTR869DB,CTB8174
CTR869DB,CT825DB
CTR869DB,SAG03S20
CTR869DB,PDR5000A
CTR869DB,CT9080K2
CTR869DB,AT5500
CTR869DB,MG1250
CTR869GMDB,CTS561CHUCK
CTR869GMDB,PTGR100
CTR869GMDB,CTNN13KF
CTR869GMDB,PTR2505
CTR869GMDB,CTR861AK2
CTR869GMDB,PSO4625
CTR869GMDB,CT9010K2
CTR869GMDB,CT9080K2
CTR869GMDB,CTB185
CTR869GMDB,CTQ838DB
SGDMRC103AG,TZERO
SGDMRC103AG,SGDMRC11A
SGDMRC103AG,BTWSMPK
SGDMRC103AG,WTG10A
SGDMRC103AG,BLPBTWSET
SGDMRC103AG,TMR4
SGDMRC103AG,WTG8A
SGDMRC103AG,SDMT25D
SGDMRC103AG,SDMT10D
SGDMRC103AG,SDMT20D
S9614A,S9538A
S9614A,S6103A
S9614A,A179A
S9614A,A159
S9614A,GA243
S9614A,14V
S9614A,OXIM7B
S9614A,PKRS1
S9614A,144TMPB
S9614A,LDT8
TM408,XS1820A
TM408,XS1416A
TM408,TM412
TM408,XS1012A
TM408,VO2224B
TM408,TM410
TM408,XS67A
TM408,VO3032B
TM408,SGDEL10ESD
TM408,TM5
TWM30,TWM32
TWM30,TWM29
TWM30,TWM28
TWM30,TW461
TWM30,TWM26
TWM30,TW421
TWM30,TWM25
TWM30,1210B
TWM30,TWM27
TWM30,TMC105E
SGDX60BG,206EAU
SGDX60BG,317AMMPC
SGDX60BG,117TMM
SGDX60BG,UIM225
SGDX60BG,LP10WR
SGDX60BG,TMM4
SGDX60BG,PRH57A
SGDX60BG,SGT4BR
SGDX60BG,SOEX707
SGDX60BG,BOERM712
SGDX60BO,206EAU
SGDX60BO,UIM225
SGDX60BO,TMM4
SGDX60BO,UPT35
SGDX60BO,PRH57A
SGDX60BO,207EFAMY
SGDX60BO,SGT4BR
SGDX60BO,SOEX707
SGDX60BO,BOERM712
SGDX60BO,SGDMRC44B
GLOVE900XLO,GLOVE505RL
GLOVE900XLO,GLOVE300BL
GLOVE900XLO,YA427B
GLOVE900XLO,GLOVE309L
GLOVE900XLO,GLASS50R
GLOVE900XLO,SOSG01BKCL01
GLOVE900XLO,GLOVEORIGPLUSL
GLOVE900XLO,JCW62R
GLOVE900XLO,ACT51234A
GLOVE900XLO,JCK7DBL
SIMM190,SIMM130A
SIMM190,SIMM120A
SIMM190,SIMM140A
SIMM190,SIMM200
SIMM190,SIMM240
SIMM190,SIMM220
SIMM190,SIMM210
SIMM190,SIM300
SIMM190,SIM400
SIMM190,SIM340
KRA2407POT,KRSC46HPBO
KRA2407POT,KRSC326FPBO
KRA2407POT,PLRK30
KRA2407POT,KRA6200FPBO
KRA2407POT,MRB12B
KRA2407POT,YA438B
KRA2407POT,KRA2422PBO
KRA2407POT,KRA2055FPBO
KRA2407POT,KRSC430APBO1
KRA2407POT,KRA4107FPBO
GLOVE307XL,ECPRA072
GLOVE307XL,EEDM596FK
GLOVE307XL,EEDM525F
GLOVE307XL,RULER602
GLOVE307XL,TDG2
GLOVE307XL,GLASS50R
GLOVE307XL,FB361A
GLOVE307XL,GLASS30R
GLOVE307XL,GA296B
GLOVE307XL,TPGDL2000
SHDP31IRO,SHD2R
SHDP31IRO,SHD4R
SHDP31IRO,SHD6R
SHDP31IRO,SHDP42IRR
SHDP31IRO,10R
SHDP31IRO,BF620C
SHDP31IRO,TWM25
SHDP31IRO,AW1013DK
SHDP31IRO,8HR
SHDP31IRO,TWM26
TQSG4R600,MAGDISH
TQSG4R600,FB361A
TQSG4R600,RULER600
TQSG4R600,EEPV500
TQSG4R600,FB336
TQSG4R600,IM1PT
TQSG4R600,ECPNG032
TQSG4R600,EEPV509
TQSG4R600,TDG1
TQSG4R600,EEDM525F
2006IT,TM65
2006IT,VO2628B
2006IT,VO1416B
2006IT,VO1012B
2006IT,TM84
2006IT,TMC104E
2006IT,VO1820B
2006IT,TM82
2006IT,TM5
2006IT,TMC106E
AWCGT45,AWCGT40
AWCGT45,AWCGT27
AWCGT45,AWCGT500
AWCGT45,SGDP31IRBR
AWCGT45,SPBS24AR
AWCGT45,SGD6BR
AWCGT45,SGDP42IRBR
AWCGT45,BLPTHC87
AWCGT45,SIMM160A
AWCGT45,SPBS12AR
AWEF11K,AWMEF10K
AWEF11K,SGDMRC11A
AWEF11K,HBBD16
AWEF11K,47ACF
AWEF11K,BLPHL145
AWEF11K,BLPHL146
AWEF11K,PPSG205
AWEF11K,PPSG203
AWEF11K,PCSG812
AWEF11K,PPSG106
SGD8BR,SHD1R
SGD8BR,OEXM6B
SGD8BR,SGD6BR
SGD8BR,SGD4BR
SGD8BR,SN25A
SGD8BR,222AFSP
SGD8BR,SGDP31IRBR
SGD8BR,SGDP42IRBR
SGD8BR,218AFP
SGD8BR,OEXM9B
SGDE220ESD,SRPCR4700
SGDE220ESD,SGDP31IRBR
SGDE220ESD,96ACF
SGDE220ESD,SRPCR3800
SGDE220ESD,SPBS24AR
SGDE220ESD,SGDP42IRBR
SGDE220ESD,SPBS12AR
SGDE220ESD,FX1
SGDE220ESD,ATECH3FR300B
SGDE220ESD,SIMM210
AWEF9K,AWTEF8K
AWEF9K,SPBS24A
AWEF9K,VGP12412
AWEF9K,VGP104
AWEF9K,AWEF6K
AWEF9K,AWEFBH9K
AWEF9K,AWEF6M6K
AWEF9K,1210B
AWEF9K,107ATMPB
AWEF9K,PT28E
AWT55A,SIMM200
AWT55A,SGD8BR
AWT55A,SPBS12AR
AWT55A,SGDP31IRBR
AWT55A,SIMM190
AWT55A,SGD2BR
AWT55A,BLPTHC87
AWT55A,FXK3
AWT55A,SPBS704AR
AWT55A,TMXK4
786CFO,411CF
786CFO,YA2019
786CFO,10R
786CFO,ST50A
786CFO,GA98A
786CFO,8HR
786CFO,YA337A
786CFO,BP12B
786CFO,91ACP
786CFO,TMU141A
KRA2411POT,KRA6210FPBO
KRA2411POT,KRWT2411
KRA2411POT,KWSN2455AST
KRA2411POT,KWSP2455ABL
KRA2411POT,KRA2422PBO
KRA2411POT,KCP1422PBO
KRA2411POT,PLRK30
KRA2411POT,KRSC430APBO7
KRA2411POT,KRA25D
KRA2411POT,KA2422SETPJH
AW4D,AW8D
AW4D,AW4-1/2D
AW4D,AW7D
AW4D,AW6D
AW4D,AW12D
AW4D,AW5D
AW4D,AW10D
AW4D,10SSD
AW4D,FSM61
AW4D,AWM110DK
AWCGT20,SGD2BR
AWCGT20,SGDX80BR
AWCGT20,SIMM170
AWCGT20,SPBS24AR
AWCGT20,47ACF
AWCGT20,SPBS12AR
AWCGT20,PPC106LA
AWCGT20,SIMM210
AWCGT20,SPBS8AR
AWCGT20,SIMM240
KRA2411PU,KRA6210FPBO
KRA2411PU,KRWT2411
KRA2411PU,KWSN2455AST
KRA2411PU,KWSP2455ABL
KRA2411PU,KRA2422PBO
KRA2411PU,KCP1422PBO
KRA2411PU,KRSC430APBO7
KRA2411PU,KRSC326FPBO
KRA2411PU,YA389A
KRA2411PU,KACKCAREKIT
SOEXM130,SOEXM120
SOEXM130,SOEXM170
SOEXM130,SOEXM150
SOEXM130,SOEXM140
SOEXM130,SOEXM100
SOEXM130,OEXM8B
SOEXM130,TMM9
SOEXM130,TMM6
SOEXM130,TMM11
SOEXM130,TMM12
313SWMYA,AWEF6K
313SWMYA,340SSDP
313SWMYA,SWM251
313SWMYA,SWM261
313SWMYA,SWM101A
313SWMYA,SN25A
313SWMYA,222AFSP
313SWMYA,10SSD
313SWMYA,ACT1370
313SWMYA,AWMEF8K
CT861GDB,AT109
CT861GDB,CTC772A
CT861GDB,PH3050BR
CT861GDB,CTINF9010
CT861GDB,PTB32K
CT861GDB,PTGR100
CT861GDB,MG725A
CT861GDB,CTS561BITSET
CT861GDB,CTB8187
CT861GDB,AT700F
KRSC430APC7,KAERNADD6RD
KRSC430APC7,KRSC326FPBO
KRSC430APC7,KRA2407PBO
KRSC430APC7,KRSC430APBO1
KRSC430APC7,KRA4813FPBO
KRSC430APC7,KCP2422PBO
KRSC430APC7,TB40C
KRSC430APC7,A277
KRSC430APC7,KRA4107FPBO
KRSC430APC7,KACKMCFIBER1
PWCS9ACFO,29ACF
PWCS9ACFO,SRP3A
PWCS9ACFO,218AFP
PWCS9ACFO,206AFSA
PWCS9ACFO,PPC20LB
PWCS9ACFO,317MPC
PWCS9ACFO,DS806AK
PWCS9ACFO,PPK300
PWCS9ACFO,313SYA
PWCS9ACFO,PWZ3A
FA12LE,FRX181
FA12LE,TW481
FA12LE,KAC1224TCA
FA12LE,HD6529
FA12LE,FAML6E
FA12LE,STX70E
FA12LE,SA16E
FA12LE,TW381
FA12LE,IMM360
FA12LE,SAM19E
JCW80AR,JCW62R
JCW80AR,VAC201
JCW80AR,ASTFUN19KIT
JCW80AR,YA427B
JCW80AR,ECHDG052
JCW80AR,MAGTRAY
JCW80AR,MRB10B
JCW80AR,ACT73A
JCW80AR,ACT413A
JCW80AR,FB303B
FB336,FB307RNB
FB336,GA3634A
FB336,MTEE6
FB336,SVTA9100
FB336,CAL6EBR
FB336,CAL6EA
FB336,AT4124
FB336,AT4135
FB336,SVTS264
FB336,PGP50
BTCP400,BTCWSO16KT
BTCP400,PK70
BTCP400,BTCP600
BTCP400,BRHC2PK
BTCP400,S6111
BTCP400,VSC4KT
BTCP400,LIL59000
BTCP400,S6118A
BTCP400,BT11
BTCP400,112RTMA
AWMG9-4,96ACF
AWMG9-4,PPC4A
AWMG9-4,SIMM220
AWMG9-4,SIMM200
AWMG9-4,SGDP42IRBR
AWMG9-4,PL400B
AWMG9-4,TMXK60
AWMG9-4,SGDX80BR
AWMG9-4,SRPCR3800
AWMG9-4,SRPCR4700
BOERM16,BOERM17
BOERM16,BOERM14
BOERM16,BOERM12
BOERM16,BOERM10
BOERM16,SIM220
BOERM16,SIM300
BOERM16,SIM180A
BOERM16,BOERM19
BOERM16,SIM320
BOERM16,BOERM8
CDR9050DB,PDR5000A
CDR9050DB,CTR861AK2
CDR9050DB,CTS561BITSET
CDR9050DB,MG725A
CDR9050DB,DB121C
CDR9050DB,PT850
CDR9050DB,AT118
CDR9050DB,CTR862DB
CDR9050DB,PTB32K
CDR9050DB,CT9010K2
ACTUVLITE4,ECPNH012UV
ACTUVLITE4,FB316B
ACTUVLITE4,YAKS42
ACTUVLITE4,MAGMAT
ACTUVLITE4,FB336
ACTUVLITE4,GLASS50R
ACTUVLITE4,EEDM503D
ACTUVLITE4,TPGDL2000
ACTUVLITE4,IM1PT
ACTUVLITE4,MTTL800
ACTUVPROKT,ACT1297
ACTUVPROKT,ACT925
ACTUVPROKT,ACT407
ACTUVPROKT,ACT1290A
ACTUVPROKT,ACT51234A
ACTUVPROKT,ACT73A
ACTUVPROKT,ECPRA072
ACTUVPROKT,FB316B
ACTUVPROKT,GLASS50R
ACTUVPROKT,EECT400
109STMML,BLPTHC87
109STMML,SIMM170
109STMML,91ACP
109STMML,SIMM180
109STMML,TMXK2
109STMML,SPBS24AR
109STMML,SGD4BR
109STMML,F80
109STMML,PPC103A
109STMML,ATECH2FR125B
CDR4P32L3DB,CTB8187
CDR4P32L3DB,CT825DB
CDR4P32L3DB,CT9010K2
CDR4P32L3DB,PDR5000A
CDR4P32L3DB,PTB32K
CDR4P32L3DB,MG725A
CDR4P32L3DB,PH3050BR
CDR4P32L3DB,MG325
CDR4P32L3DB,CTC772A
CDR4P32L3DB,AT5500
CDR4P63K3DB,SAG03S20
CDR4P63K3DB,PH3050BR
CDR4P63K3DB,CTNN13KF
CDR4P63K3DB,PT850
CDR4P63K3DB,CTR861AK2
CDR4P63K3DB,CT9080K2
CDR4P63K3DB,AT2050
CDR4P63K3DB,PH1038
CDR4P63K3DB,PDR5000A
CDR4P63K3DB,VWB8B
TMXK2,TMX1
TMXK2,XS1618A
TMXK2,XS1012A
TMXK2,XS2226A
TMXK2,TMXK110
TMXK2,VO2224B
TMXK2,XS1214A
TMXK2,TMXK4
TMXK2,VO3032B
TMXK2,VO2628B
CTR825DB,DB129C
CTR825DB,PH1050
CTR825DB,PT850
CTR825DB,CTR861AK2
CTR825DB,PSO4625
CTR825DB,CTNN13KF
CTR825DB,PTGR110
CTR825DB,PH3050BR
CTR825DB,PTC250
CTR825DB,CTR867AK2
CSA14CO,2420A
CSA14CO,AW1020DK
CSA14CO,AWM140DK
CSA14CO,310IMMYA
CSA14CO,SOEX38
CSA14CO,SOEX40
CSA14CO,TMMD5
CSA14CO,TMMD7
CSA14CO,TMMD5.5
CSA14CO,TMMD10
CSSD50O,CSSD1R
CSSD50O,PKNC300
CSSD50O,CSA14CR
CSSD50O,AWPBX10
CSSD50O,SGAS102BG
CSSD50O,PKN500
CSSD50O,SGAS102BR
CSSD50O,CSA12CR
CSSD50O,208FRDHM
CSSD50O,PPB30AK
ECFLD030,TIF160
ECFLD030,CAL6DA
ECFLD030,EECT400
ECFLD030,EECT424HD
ECFLD030,ECSPH271
ECFLD030,GLASS50R
ECFLD030,EEPV509
ECFLD030,SVTSRAD272U
ECFLD030,MAGDISH
ECFLD030,ECHDF042
FTX45E,FTX50E
FTX45E,TTX8E
FTX45E,TTX10E
FTX45E,TTX15E
FTX45E,TTX25E
FTX45E,FTX40E
FTX45E,FTX60E
FTX45E,AW1020DK
FTX45E,AWM140DK
FTX45E,TWM31
GLAS1F,SOEX38
GLAS1F,AWM140DK
GLAS1F,SR40K
GLAS1F,A2A
GLAS1F,BTC7B
GLAS1F,SIMM350
GLAS1F,SIMM290
GLAS1F,TMMD12
GLAS1F,TMMD6
GLAS1F,TMMD5.5
ASGP2BR,ASGP1BR
ASGP2BR,A177A
ASGP2BR,A179A
ASGP2BR,UTS105A
ASGP2BR,BRHC2PK
ASGP2BR,GA358B
ASGP2BR,SPRG625R
ASGP2BR,SGTT1B
ASGP2BR,SGTT2B
ASGP2BR,SGTT6B
1412A,2420A
1412A,A50A
1412A,PPC210A
1412A,OEX714KB
1412A,1250
1412A,S8
1412A,SHLF80A
1412A,PPC203A
1412A,FXK4
1412A,PPC205A
TMS70A,XS2024A
TMS70A,XS1820A
TMS70A,XS1618A
TMS70A,VO3032B
TMS70A,TM408
TMS70A,TM65
TMS70A,TM82
TMS70A,TMC104E
TMS70A,TM410
TMS70A,TM5
10SSD,AW8D
10SSD,AW4-1/2D
10SSD,AW7D
10SSD,AW6D
10SSD,AW4D
10SSD,AW10D
10SSD,AW5D
10SSD,313SWYA
10SSD,PPB1002A
10SSD,SWM221
30SSD,HSPD16
30SSD,120SSDP
30SSD,AW1013DK
30SSD,GA98A
30SSD,214SFY
30SSD,8HR
30SSD,HBFE16
30SSD,TMUS181A
30SSD,TMUS161A
30SSD,SOEX30
FCOM9A,FXK6
FCOM9A,ATECH3FR300B
FCOM9A,SPBS24AR
FCOM9A,SIMM210
FCOM9A,A2A
FCOM9A,91ACP
FCOM9A,SGD2BR
FCOM9A,FXK11
FCOM9A,GFAT1E
FCOM9A,PPC105LA
KRA6200FPBO,KRSC326FPBO
KRA6200FPBO,KCP1422PBO
KRA6200FPBO,YA450B
KRA6200FPBO,KRA2411PBO
KRA6200FPBO,KRSC430APBO7
KRA6200FPBO,TB40C
KRA6200FPBO,YA438B
KRA6200FPBO,KASS13
KRA6200FPBO,KRA2055FPBO
KRA6200FPBO,TB20AC
SHDP63IRO,SHD2R
SHDP63IRO,SHD4R
SHDP63IRO,LDH462
SHDP63IRO,LDH442
SHDP63IRO,LDH342
SHDP63IRO,LDH482
SHDP63IRO,LDH602
SHDP63IRO,OXIM6B
SHDP63IRO,L122
SHDP63IRO,L8112A
FS201,FS241
FS201,FS221
FS201,FS121
FS201,FS181
FS201,FS141
FS201,FS161
FS201,BHS7A
FS201,SN25A
FS201,TWM31
FS201,ACT1370
SH80A,THL72
SH80A,FHR80
SH80A,SN15B
SH80A,FHL80
SH80A,OFW3
SH80A,FTX60E
SH80A,SHBB24
SH80A,SHX80B
SH80A,313SMYA
SH80A,305ASX
SH80AO,THL72
SH80AO,SN15B
SH80AO,THLL72
SH80AO,SHLL80A
SH80AO,SHL80A
SH80AO,FHL80
SH80AO,OFW3
SH80AO,FTX60E
SH80AO,SHBB24
SH80AO,SHX80B
GLOVE900XXB,GLOVE505RL
GLOVE900XXB,GLOVE300BL
GLOVE900XXB,YA427B
GLOVE900XXB,GLOVE309L
GLOVE900XXB,GLOVE1100L
GLOVE900XXB,GLASS50R
GLOVE900XXB,JCW62R
GLOVE900XXB,ACT51234A
GLOVE900XXB,GLASS30R
GLOVE900XXB,JCK7DBL
GLOVE900XXR,GLOVE505RL
GLOVE900XXR,GLOVE300BL
GLOVE900XXR,YA427B
GLOVE900XXR,GLOVE309L
GLOVE900XXR,GLOVE1100L
GLOVE900XXR,GLASS50R
GLOVE900XXR,JCW62R
GLOVE900XXR,GLASS30R
GLOVE900XXR,JCK7DBL
GLOVE900XXR,ECPNG032
IMM150A,IMM160A
IMM150A,IMM180
IMM150A,IMM170A
IMM150A,IMM100A
IMM150A,IM220
IMM150A,IM120A
IMM150A,IM180A
IMM150A,IM320
IMM150A,IM160A
IMM150A,IM280
KRA2407PBO,KRSC46HPBO
KRA2407PBO,KACKMCFIBER1
KRA2407PBO,KRA2422PBO
KRA2407PBO,PLRK21
KRA2407PBO,KA2422SETPJH
KRA2407PBO,KCP2422PBO
KRA2407PBO,KRSC326FPBO
KRA2407PBO,KRA2055FPBO
KRA2407PBO,KCP1422PBO
KRA2407PBO,KAERNADD6RD
S9704KA,BHS7A
S9704KA,AWM110DHK
S9704KA,AC5C
S9704KA,SN25A
S9704KA,PRH57A
S9704KA,ACT1370
S9704KA,S9706KRA
S9704KA,S9714MK
S9704KA,F10LD
S9704KA,207EFAMY
310TWMYA,SIMM350
310TWMYA,SIMM290
310TWMYA,UPTM65K
310TWMYA,SOEX40
310TWMYA,YA4275
310TWMYA,SIMM300
310TWMYA,L872RM
310TWMYA,TWM26
310TWMYA,BT4651
310TWMYA,313SMYA
SIM320,SIM160A
SIM320,SIM300
SIM320,SIM280
SIM320,SIM340
SIM320,IM220
SIM320,IM200
SIM320,IM260
SIM320,IM240
SIM320,IM300
SIM320,311IMYA
SIM340,SIM360
SIM340,SIM400
SIM340,SIM220
SIM340,SIM200
SIM340,SIM320
SIM340,SIM300
SIM340,SIM260
SIM340,SOEX40
SIM340,305SIMMY
SIM340,IM280
AWMG9-1,SPBS12AR
AWMG9-1,FXK6
AWMG9-1,SGD8BR
AWMG9-1,SPBS704AR
AWMG9-1,SIMM170
AWMG9-1,SIMM180
AWMG9-1,FXK11
AWMG9-1,SIMM190
AWMG9-1,47ACF
AWMG9-1,SGD6BR
TM82,XS1416A
TM82,XS1012A
TM82,TM84
TM82,VO2224B
TM82,VO1820B
TM82,VO1416B
TM82,XS67A
TM82,XS810A
TM82,TM412
TM82,TM5
TMC105E,XS1416A
TMC105E,XS2226A
TMC105E,XS1012A
TMC105E,XS1618A
TMC105E,XS1214A
TMC105E,VO2628B
TMC105E,VO3032B
TMC105E,XS810A
TMC105E,TM82
TMC105E,TMP12E
LP7WR,AWTEF8K
LP7WR,AWMEF6K
LP7WR,LP5WR
LP7WR,SPBS24A
LP7WR,AWM140DK
LP7WR,LP7R
LP7WR,AD10C
LP7WR,OEXM8B
LP7WR,GCP10
LP7WR,BTC3A
BLP14CONV,EEDM504F
BLP14CONV,ECPRA072
BLP14CONV,EEPV509
BLP14CONV,RULER601
BLP14CONV,RULER600
BLP14CONV,YA1050B
BLP14CONV,EECT400
BLP14CONV,ECHDD012A
BLP14CONV,FB336
BLP14CONV,BB9008
PBMS5,PBMA5
PBMS5,PBMA5G
PBMS5,PBMB5O
PBMS5,PBMA5O
PBMS5,PBMMA5
PBMS5,PBMMA5R
PBMS5,PBMMA5G
PBMS5,PBMMS5G
PBMS5,PBMMS5R
PBMS5,TW381
TECH3FR250,TECH2FR100
TECH3FR250,TECH1FR240
TECH3FR250,SBT26
TECH3FR250,LDH462
TECH3FR250,LDH442
TECH3FR250,LDH602
TECH3FR250,LDH522
TECH3FR250,LDH562
TECH3FR250,XB605A
TECH3FR250,L62
TTX40E,TTX30E
TTX40E,PPCS60BK
TTX40E,HSPD16
TTX40E,FTX60E
TTX40E,TW401
TTX40E,PPC210A
TTX40E,B1461
TTX40E,AC58E
TTX40E,BT11
TTX40E,309SIMYA
XS2024A,XS1416A
XS2024A,XS1618A
XS2024A,XS1214A
XS2024A,VO2224B
XS2024A,VO1416B
XS2024A,VO1012B
XS2024A,VO1820B
XS2024A,TM65
XS2024A,TMC106E
XS2024A,TM410
YA450B,YA438B
YA450B,KRSC430APBO7
YA450B,SNA-TBP14
YA450B,KWSN2455AST
YA450B,KRA5311FPBO
YA450B,KRSC46HPBO
YA450B,KWSN2455ABL
YA450B,YA389A
YA450B,KACKFLTCLNR
YA450B,KRSC326FPBO
DBBPT13,PSO4525
DBBPT13,PTB32K
DBBPT13,CTS561CHUCK
DBBPT13,PDR3000A
DBBPT13,AT5500
DBBPT13,CTS561BITSET
DBBPT13,VWB8B
DBBPT13,AT2050
DBBPT13,AT118
DBBPT13,PSO4625
GAW1912,SGDP42IRBR
GAW1912,SPBS18AR
GAW1912,FXK11
GAW1912,PPC103A
GAW1912,SRPCR3800
GAW1912,SIMM190
GAW1912,FXK6
GAW1912,F80
GAW1912,47ACF
GAW1912,PPC4A
AWBSGM800A,AWBSG800A
AWBSGM800A,AWSGT800A
AWBSGM800A,AWSG800A
AWBSGM800A,XB605A
AWBSGM800A,PALMRAT
AWBSGM800A,208FRDHM
AWBSGM800A,GF22
AWBSGM800A,210RAFSMA
AWBSGM800A,AWSGM800A
AWBSGM800A,AWSG24A
AWTEFBH11K,AWMEFBH10K
AWTEFBH11K,AWEFBH11K
AWTEFBH11K,R404
AWTEFBH11K,RBYA605
AWTEFBH11K,TLLF72
AWTEFBH11K,106ATMXW
AWTEFBH11K,AWP120
AWTEFBH11K,206AFXW
AWTEFBH11K,PWCS9ACF
AWTEFBH11K,SGD2BR
9000GS3O,SHBB24
9000GS3O,IMM120A
9000GS3O,IMM130A
9000GS3O,IMM140A
9000GS3O,IMM230
9000GS3O,IMM200
9000GS3O,IMM220
9000GS3O,IMM210
9000GS3O,IMM240
9000GS3O,IMM160A
GLOVE505RL,GLOVEORIGPLUSL
GLOVE505RL,SOSG01BKCL01
GLOVE505RL,GLOVE900LR
GLOVE505RL,GLOVE1100L
GLOVE505RL,GLOVE300BL
GLOVE505RL,JCK7DBL
GLOVE505RL,IM1PT
GLOVE505RL,EECT200
GLOVE505RL,ECSPH271
GLOVE505RL,YAKS42
313SWYA,340SSDP
313SWYA,AWEF6K
313SWYA,218AFSP
313SWYA,SWM251
313SWYA,AWMEF8K
313SWYA,10SSD
313SWYA,SWM261
313SWYA,SWM271
313SWYA,PKNC200
313SWYA,313SYA
KRA4107FPBO,KRA4114FPBO
KRA4107FPBO,KRA4810FPBO
KRA4107FPBO,KCP1422PBO
KRA4107FPBO,KCP2422PBO
KRA4107FPBO,A277
KRA4107FPBO,KRSC326FPBO
KRA4107FPBO,KRSC46HPBO
KRA4107FPBO,TB40C
KRA4107FPBO,MRB12B
KRA4107FPBO,KA2422SETPJH
PWCSS7ACF,PWCS7ACF
PWCSS7ACF,UPTM65K
PWCSS7ACF,317AMMPC
PWCSS7ACF,IM120A
PWCSS7ACF,IM180A
PWCSS7ACF,IM280
PWCSS7ACF,IM260
PWCSS7ACF,IM240
PWCSS7ACF,IM300
PWCSS7ACF,311IMYA
AW7D,AW4D
AW7D,AW6D
AW7D,AW8D
AW7D,AW12D
AW7D,AW10D
AW7D,AW5D
AW7D,10SSD
AW7D,YA2020
AW7D,TW381
AW7D,LP6LN
KRSC430APJJ7,KAERNADD6RD
KRSC430APJJ7,KRSC326FPBO
KRSC430APJJ7,KRA2407PBO
KRSC430APJJ7,KRSC430APBO1
KRSC430APJJ7,KRA4813FPBO
KRSC430APJJ7,KCP2422PBO
KRSC430APJJ7,YA389A
KRSC430APJJ7,KRA2055FPBO
KRSC430APJJ7,KRSC46HPBO
KRSC430APJJ7,KCP1422PBO
KRSC430APWZ1,KAERNADD6RD
KRSC430APWZ1,KRSC326FPBO
KRSC430APWZ1,KRA2407PBO
KRSC430APWZ1,KRSC430APBO1
KRSC430APWZ1,KRA4813FPBO
KRSC430APWZ1,KCP2422PBO
KRSC430APWZ1,A277
KRSC430APWZ1,YA389A
KRSC430APWZ1,KRA4059FPBO
KRSC430APWZ1,KRA2007FPBO
KRA62D,KWSN2455ABL
KRA62D,KA2422SETPJJ
KRA62D,KRA2422PBO
KRA62D,YA450B
KRA62D,KRA2407PBO
KRA62D,SNA-TBP14
KRA62D,KRSC46HPBO
KRA62D,KRSC430APBO7
KRA62D,KRSC430APBO1
KRA62D,KA2422SETPJH
IMFLE180A,IMSLE242A
IMFLE180A,IMFLE80A
IMFLE180A,IMSLEPL240
IMFLE180A,STX60E
IMFLE180A,XLE605
IMFLE180A,WHM1
IMFLE180A,TMR4
IMFLE180A,OXKRM705
IMFLE180A,210EFTXRY
IMFLE180A,BLPHSM145
GA1D,MTEE6
GA1D,CAL6DA
GA1D,EECT200
GA1D,FB336
GA1D,ACTUVPROKT
GA1D,ACT1297
GA1D,ACT9103
GA1D,ACTR4151A
GA1D,ACT1290A
GA1D,ACT51234A
106ATMXW,305SXWP
106ATMXW,BTWSMPK
106ATMXW,206AFXW
106ATMXW,110ETMAY
106ATMXW,XO605
106ATMXW,214SFY
106ATMXW,PPB30AK
106ATMXW,SSFP1
106ATMXW,SSFP2
106ATMXW,SHLF80A
BOERM9,BOERM8
BOERM9,IP80D
BOERM9,SOXRRM710A
BOERM9,BOERM14
BOERM9,BOERM17
BOERM9,BOERM12
BOERM9,BOERM10
BOERM9,BOERM22
BOERM9,BOERM24
BOERM9,BOERM21
BT101,AF102
BT101,BTC8A
BT101,212SIMFYA
BT101,RXFS605B
BT101,SGASA104BR
BT101,SG7ASABR
BT101,SG4ASHBR
BT101,SG4ASABR
BT101,IM180A
BT101,IM300
BOER708,UTV614A
BOER708,UTV615A
BOER708,BOERM712
BOER708,BP8B
BOER708,317AMMPC
BOER708,PK500A
BOER708,SN18B
BOER708,TWM20
BOER708,8HR
BOER708,TMM4
CLRPW75,ASTFUN19KIT
CLRPW75,GLOVE1100L
CLRPW75,GLOVEORIGPLUSL
CLRPW75,MAGDISH
CLRPW75,IM1PT
CLRPW75,JCK7DBL
CLRPW75,RULER6
CLRPW75,MAGMAT
CLRPW75,ECHDF042
CLRPW75,EECT200
61CF,PT5C
61CF,PTIM5
61CF,OEX11B
61CF,211SFY
61CF,OEX8B
61CF,F4LBK
61CF,20SSD
61CF,BTWSMPK
61CF,GA53A
61CF,120SSDP
AT4124,AT4135
AT4124,ACT1290A
AT4124,EC-USB-C-3A
AT4124,ECARA052A
AT4124,BLP15HVLP
AT4124,ACT413A
AT4124,FB303B
AT4124,BLP18HVLP
AT4124,GA296B
AT4124,RULER6
2004BSKA,AC5C
2004BSKA,AWM110DHK
2004BSKA,PK53A
2004BSKA,BTK5
2004BSKA,TF5A
2004BSKA,S6110A
2004BSKA,S6118A
2004BSKA,STMM4
2004BSKA,10R
2004BSKA,B1461
144TMPB,US712
144TMPB,222AFSP
144TMPB,ACT1370
144TMPB,TTX40E
144TMPB,SWM111A
144TMPB,SWM101A
144TMPB,OEXM9B
144TMPB,OEXM7B
144TMPB,14V
144TMPB,OEXM8B
XS1618A,XS2024A
XS1618A,XS1416A
XS1618A,XS1820A
XS1618A,TM84
XS1618A,VO2628B
XS1618A,VO1820B
XS1618A,VO3032B
XS1618A,TM65
XS1618A,TM82
XS1618A,TMC104E
SFSM6,FSM61
SFSM6,SFSM20
SFSM6,TMM16
SFSM6,STMM4.5
SFSM6,BOERM22
SFSM6,TMM4.5
SFSM6,BOERM21
SFSM6,TTX27E
SFSM6,131TMPB
SFSM6,STMM4
SW361,SW221
SW361,SW141A
SW361,SW181A
SW361,XS1820A
SW361,XS2226A
SW361,XS1214A
SW361,TM84
SW361,VO2224B
SW361,VO1416B
SW361,XS67A
AT109,PSO4525
AT109,AT408
AT109,PDR3000A
AT109,AT425R
AT109,PTGR450
AT109,AT380A
AT109,PSO4625
AT109,SDG10S25F
AT109,PTR2505
AT109,PTC250
303SXWKL,103TMXKLA
303SXWKL,204FXKLA
303SXWKL,S4
303SXWKL,SX24
303SXWKL,307ESAMY
303SXWKL,305SXWP
303SXWKL,TMR4
303SXWKL,TRX72
303SXWKL,SAM19E
303SXWKL,LDH562
KRA6200FPC,KRSC430APBO7
KRA6200FPC,KRSC343PBO
KRA6200FPC,KRA24
KRA6200FPC,KWSN2455ABL
KRA6200FPC,KRA2411PBO
KRA6200FPC,KRSC430APBO1
KRA6200FPC,KRSC323PBO
KRA6200FPC,KRSC46HPBO
KRA6200FPC,TB20AC
KRA6200FPC,KCP2422PBO
304IMX,SIMM350
304IMX,204IMXA
304IMX,305SIMMY
304IMX,SIMM290
304IMX,UPTM65K
304IMX,QD3RN350A
304IMX,310TWMYA
304IMX,TF5A
304IMX,SGDTX50BR
304IMX,312SIMM
TMM14,TMM11
TMM14,TMM13
TMM14,TMM5.5
TMM14,TMM8
TMM14,TMM10
TMM14,STMM11
TMM14,STMM7
TMM14,STMM8
TMM14,STMM10
TMM14,STMM5
FB361A,TPM16
FB361A,EC-USB-C-3A
FB361A,FB360C
FB361A,GA296B
FB361A,TPMC25
FB361A,FB316B
FB361A,RTEMPB7
FB361A,PGP50
FB361A,PGP120
FB361A,FB305A
SIMM200,SIMM220
SIMM200,SIMM100A
SIMM200,SIMM120A
SIMM200,SIMM150A
SIMM200,SIMM140A
SIMM200,SIM160A
SIMM200,SIM320
SIMM200,SIM380
SIMM200,SIM340
SIMM200,SIM360
PPCSG710,AWMCG1600B
PPCSG710,AWM140DK
PPCSG710,TF528D
PPCSG710,103TMXKLA
PPCSG710,S9711KA
PPCSG710,MSKM10
PPCSG710,PTM30
PPCSG710,SGHBF500A
PPCSG710,A161B
PPCSG710,208AFX
TMMS6,TMMS5
TMMS6,TMMS5.5
TMMS6,TMMS11
TMMS6,TMMS7
TMMS6,TMMS14
TMMS6,TMMS13
TMMS6,TMMS8
TMMS6,TMMS10
TMMS6,TMMS4
TMMS6,212FSMSY
QD1RN25B,QD2RN100A
QD1RN25B,UTV617A
QD1RN25B,QD3RN350A
QD1RN25B,UTV616A
QD1RN25B,208EFTAMXSY
QD1RN25B,FTXB55E
QD1RN25B,209EFTXBY
QD1RN25B,FTXB45E
QD1RN25B,FTXB50E
QD1RN25B,213AFLEY
PWCS7ACFO,AWM110DHK
PWCS7ACFO,PK52A
PWCS7ACFO,786CF
PWCS7ACFO,2004BSKA
PWCS7ACFO,AWCGT500
PWCS7ACFO,PPB826A
PWCS7ACFO,PRH57A
PWCS7ACFO,PK53A
PWCS7ACFO,411CF
PWCS7ACFO,PWCSS7ACF
SOEXM710,SOEXM9
SOEXM710,SOEX38
SOEXM710,SOEXM8
SOEXM710,317AMMPC
SOEXM710,SOEX707
SOEXM710,206EAU
SOEXM710,PKNC150
SOEXM710,LP10WR
SOEXM710,SOEX36
SOEXM710,SOEXM705
STMM7,STMM6
STMM7,STMM14
STMM7,STMM11
STMM7,STMM5.5
STMM7,STMM8
STMM7,STMM10
STMM7,222AFSP
STMM7,TMM9
STMM7,TMM6
STMM7,TMM12
STMM8,STMM7
STMM8,STMM5
STMM8,STMM10
STMM8,TMM4
STMM8,222AFSP
STMM8,TMM9
STMM8,TMM6
STMM8,TMM11
STMM8,TMM13
STMM8,TMM12
SW421,SW381
SW421,SW401
SW421,OEX42B
SW421,317MPC
SW421,SGDP64IRBR
SW421,OEX38B
SW421,SW181A
SW421,SW161A
SW421,PPB826A
SW421,SW361
SWM101A,SWM251
SWM101A,AWEF6K
SWM101A,OEXM9B
SWM101A,SWM301
SWM101A,SWM131A
SWM101A,SWM161
SWM101A,SWM141A
SWM101A,SWM121A
SWM101A,SWM181
SWM101A,SIMM320
SWM181,SWM151A
SWM181,SWM121A
SWM181,SWM211
SWM181,SWM241
SWM181,SWM101A
SWM181,AWEF6K
SWM181,SWM271
SWM181,SN25A
SWM181,222AFSP
SWM181,10SSD
SWM161,SWM151A
SWM161,SWM221
SWM161,SWM141A
SWM161,SWM121A
SWM161,SWM231
SWM161,SWM211
SWM161,SWM111A
SWM161,SWM101A
SWM161,SN25A
SWM161,10SSD
VO2224B,XS2024A
VO2224B,VO2628B
VO2224B,XS1012A
VO2224B,VO1416B
VO2224B,VO1820B
VO2224B,XS1214A
VO2224B,TM84
VO2224B,TM408
VO2224B,TM65
VO2224B,TM82
TMM9,TMM6
TMM9,TMM12
TMM9,TMM13
TMM9,TMM8
TMM9,FA12LE
TMM9,STMM6
TMM9,STMM13
TMM9,STMM5.5
TMM9,STMM7
TMM9,FRX181
IM1PT,YA4190DIS
IM1PT,YA105013
IM1PT,OC5A
IM1PT,GA460B
IM1PT,ACT73A
IM1PT,JCW62R
IM1PT,PGP50
IM1PT,TPGIF1600A
IM1PT,YA1050B
IM1PT,EFPHANNIBALB
OEXM270B,OEXM290B
OEXM270B,OEXM260B
OEXM270B,OEXM250B
OEXM270B,AWCGT500
OEXM270B,QD3RN350A
OEXM270B,BOERM21
OEXM270B,TWM27
OEXM270B,SGDTX50BR
OEXM270B,OEXM230B
OEXM270B,OXIM7B
XFR704,XFRM705
XFR704,AWCG1600B
XFR704,BDGPL412HG
XFR704,TFY72
XFR704,WTG10A
XFR704,BDGPL410HG
XFR704,PALMRAT
XFR704,XO605
XFR704,208FRDH
XFR704,ADCF8
OXRM710A,OXKRM705
OXRM710A,SFSM21
OXRM710A,SFSM20
OXRM710A,BEXD10A
OXRM710A,310IMMYA
OXRM710A,A159
OXRM710A,311IMFSY
OXRM710A,US712
OXRM710A,222AFSP
OXRM710A,144TMPB
786CFG,AW1013DK
786CFG,ST50A
786CFG,97ACF
786CFG,S6106KA
786CFG,TMU181A
786CFG,SRPCR4700
786CFG,YA337A
786CFG,AD12C
786CFG,BP12B
786CFG,OXI707BK
KRA2411PBO,KRA6210FPBO
KRA2411PBO,KRWT2411
KRA2411PBO,KWSN2455AST
KRA2411PBO,KWSP2455ABL
KRA2411PBO,KRA2422PBO
KRA2411PBO,KCP1422PBO
KRA2411PBO,KACKMCFIBER1
KRA2411PBO,KRA6200FPBO
KRA2411PBO,KASS13
KRA2411PBO,KACKCAREKIT
GAW1914,PPC4A
GAW1914,TMU8B
GAW1914,SIMM170
GAW1914,SPBS8AR
GAW1914,96ACF
GAW1914,FU8A
GAW1914,SPBS12AR
GAW1914,SIMM210
GAW1914,47ACF
GAW1914,SPBS704AR
AW24D,PPC4A
AW24D,SRPCR3800
AW24D,SIMM240
AW24D,FU8A
AW24D,SPBS18AR
AW24D,FHLF80A
AW24D,ATECH2FR125B
AW24D,SPBS12AR
AW24D,SIMM160A
AW24D,SIMM190
IM300,IM320
IM300,IM160A
IM300,IM120A
IM300,IM280
IM300,IM140A
IM300,IM200
IM300,SIM180A
IM300,SIM200
IM300,SIM240
IM300,BLPTE3812
KRA2411PWZ,KRA6210FPBO
KRA2411PWZ,KRWT2411
KRA2411PWZ,KWSN2455AST
KRA2411PWZ,KWSP2455ABL
KRA2411PWZ,KRA2422PBO
KRA2411PWZ,KCP1422PBO
KRA2411PWZ,KCP2422PBO
KRA2411PWZ,PLRK30
KRA2411PWZ,KRSC326FPBO
KRA2411PWZ,KRA2007FPBO
ACTR1234YF,ACT51234A
ACTR1234YF,ACTR4151A
ACTR1234YF,ACT1297
ACTR1234YF,ACT413A
ACTR1234YF,ACT9103
ACTR1234YF,ACT1290A
ACTR1234YF,ACT407
ACTR1234YF,ACT925
ACTR1234YF,ACT2105
ACTR1234YF,ACT73A
KRA4107FPJJ,KRA4114FPBO
KRA4107FPJJ,KRA4810FPBO
KRA4107FPJJ,KRSC326FPBO
KRA4107FPJJ,KAERNADD6RD
KRA4107FPJJ,KRSC430APBO7
KRA4107FPJJ,KRSC46HPBO
KRA4107FPJJ,KCP2422PBO
KRA4107FPJJ,KWSN2455ABL
KRA4107FPJJ,KRBC100ABN
KRA4107FPJJ,A277
B1458C,B1467A
B1458C,S6112
B1458C,B1461
B1458C,BT11
B1458C,A3042
B1458C,BCT1050
B1458C,BCS70A
B1458C,BP8B
B1458C,LDT40
B1458C,AWM110DK
B1461,B1458C
B1461,B1467A
B1461,S6110A
B1461,131A
B1461,PKNC125C2
B1461,OEXM9B
B1461,B3404B
B1461,B1356E
B1461,TF5A
B1461,BTC3A
AWCG1600B,AWCG1624B
AWCG1600B,AWCG1620B
AWCG1600B,AWCGT30
AWCG1600B,AWMCG1600B
AWCG1600B,AWCGT500
AWCG1600B,AWCPEF16K
AWCG1600B,REX13C
AWCG1600B,XFR704
AWCG1600B,PWC52A
AWCG1600B,TMS4E
AWCGT15,FXK6
AWCGT15,91ACP
AWCGT15,SGD8BR
AWCGT15,FHLF80A
AWCGT15,SIMM200
AWCGT15,FXK3
AWCGT15,F80
AWCGT15,TMXK4
AWCGT15,TMU8B
AWCGT15,SIMM190
KRSC430APET7,KAERNADD6RD
KRSC430APET7,KRSC326FPBO
KRSC430APET7,KRA2407PBO
KRSC430APET7,KRSC430APBO1
KRSC430APET7,KRA4813FPBO
KRSC430APET7,KCP2422PBO
KRSC430APET7,PLRK21
KRSC430APET7,TB50WC
KRSC430APET7,KWSP2455ABL
KRSC430APET7,KACKMCFIBER1
ECFB200BL,LBUK1
ECFB200BL,OC5A
ECFB200BL,PG160
ECFB200BL,PGP120
ECFB200BL,FB360C
ECFB200BL,ITHE100
ECFB200BL,JT13B
ECFB200BL,EECT200
ECFB200BL,FB316B
ECFB200BL,MAGDISH
ECFLJ092,FB361A
ECFLJ092,ECHDD012A
ECFLJ092,EEDM504F
ECFLJ092,RULER601
ECFLJ092,TDG2
ECFLJ092,YA1050B
ECFLJ092,SVTSRAD272U
ECFLJ092,ECPNG032
ECFLJ092,GA296B
ECFLJ092,EECT424HD
AC5C,AW8D
AC5C,AW4-1/2D
AC5C,AW4D
AC5C,AW7D
AC5C,AW12D
AC5C,AW5D
AC5C,AWM110DHK
AC5C,2004BSKA
AC5C,VGP12418
AC5C,VGP12808
ECPRN062,MAGMAT
ECPRN062,ECARL032R
ECPRN062,SVTS264
ECPRN062,ACT407
ECPRN062,MAGTRAY
ECPRN062,JCK8
ECPRN062,EECT424HD
ECPRN062,TPGDL2000
ECPRN062,FB336
ECPRN062,JCK7DBL
ECSPN108,CTLMAG-BOOTM
ECSPN108,UTK150
ECSPN108,EECT900
ECSPN108,ECARL032R
ECSPN108,ECHDD012AR
ECSPN108,MTTL800
ECSPN108,MAGMAT
ECSPN108,ECHDD012A
ECSPN108,YAKS42
ECSPN108,JCK7DBL
BLPTS1447,ATECH2FR125B
BLPTS1447,SRPCR4700
BLPTS1447,SGDX80BR
BLPTS1447,SGASA204CR
BLPTS1447,91ACP
BLPTS1447,FXK3
BLPTS1447,FXK11
BLPTS1447,TMXK2
BLPTS1447,ATECH3FR300B
BLPTS1447,TMXK4
BLPBTW8,BLPBTW4
BLPBTW8,BLPBTW6
BLPBTW8,BTWROS
BLPBTW8,BTWS
BLPBTW8,TFY72
BLPBTW8,AWP45
BLPBTW8,PPB30AK
BLPBTW8,PPK15
BLPBTW8,SGDMRC11A
BLPBTW8,SSFP2
BLPBTWKIT,SDMEXT19K
BLPBTWKIT,222AFSP
BLPBTWKIT,TNF72
BLPBTWKIT,PL803A
BLPBTWKIT,112RTSMA
BLPBTWKIT,XOM605
BLPBTWKIT,BLPBTWSET
BLPBTWKIT,SGDMRC108A
BLPBTWKIT,OFC14KT
BLPBTWKIT,210EFTXRY
BLPEXTF146,BLPEXTF388
BLPEXTF146,206SFSUM
BLPEXTF146,XLE605
BLPEXTF146,TZERO
BLPEXTF146,TL72FOD
BLPEXTF146,TMR4
BLPEXTF146,BLPBTWSET
BLPEXTF146,PPK15
BLPEXTF146,TXM72
BLPEXTF146,SDMV208
BLPEXTF388,BLPEXTF146
BLPEXTF388,206SFSUM
BLPEXTF388,TM61A
BLPEXTF388,208AFX
BLPEXTF388,FZ80
BLPEXTF388,MS3000
BLPEXTF388,PTM2
BLPEXTF388,LDT8
BLPEXTF388,SX24
BLPEXTF388,BLPBTWSET
BLPH14732,BLPH1418
BLPH14732,BLPH14316
BLPH14732,BLPH14964
BLPH14732,BLPH1414
BLPH14732,BLPH14532
BLPH14732,BLPH3838
BLPH14732,BLPT1255
BLPH14732,BLPH386
BLPH14732,BLPT3850
BLPH14732,BLPT3840
BLPHL14316,BLPHL1418
BLPHL14316,BLPHL14532
BLPHL14316,BLPT1430
BLPHL14316,BLPH1418
BLPHL14316,BLPH14316
BLPHL14316,BLPH14964
BLPHL14316,BLPH14732
BLPHL14316,BLPH1414
BLPHL14316,BLPH14532
BLPHL14316,BLPH3838
FCT706,SGD4BR
FCT706,PPC103A
FCT706,SPBS704AR
FCT706,SHD1R
FCT706,SGD6BR
FCT706,SRPCR3800
FCT706,SGD8BR
FCT706,FXK11
FCT706,PPC105LA
FCT706,SPBS18AR
BLPSM1410,BLPSM149
BLPSM1410,BLPSM1413
BLPSM1410,BLPSM146
BLPSM1410,BLPSM1411
BLPSM1410,BLPSM145
BLPSM1410,BLPSM148
BLPSM1410,BLPTXK4
BLPSM1410,BLPTL1425
BLPSM1410,TK72
BLPSM1410,SN24C
BLPSM145,BLPSM146
BLPSM145,BLPSM144
BLPSM145,BLPSM149
BLPSM145,BLPSM1411
BLPSM145,BLPSM147
BLPSM145,BLPSM1413
BLPSM145,BLPSM1412
BLPSM145,BLPSM148
BLPSM145,BLPSM1410
BLPSM145,FHR80
BLPT1260,BLPT1255
BLPT1260,BLPT1427
BLPT1260,BLPT3845
BLPT1260,BLPT1410
BLPT1260,BLPT3850
BLPT1260,BLPT3840
BLPT1260,BLPT1415
BLPT1260,BLPT1420
BLPT1260,BLPT1425
BLPT1260,BLPT1430
BLPTL1260,BLPTL3850
BLPTL1260,BLPTL3845
BLPTL1260,BLPTL1427
BLPTL1260,BLPTL1420
BLPTL1260,BLPTL1425
BLPTL1260,BLPTL147
BLPTL1260,BLPTL148
BLPTL1260,BLPTL146
BLPTL1260,BLPTL149
BLPTL1260,BLPTL1255
BLPTL146,BLPTL147
BLPTL146,BLPTL149
BLPTL146,BLPTL148
BLPTL146,BLPTL1427
BLPTL146,BLPTL1415
BLPTL146,BLPTL1410
BLPTL146,BLPTL3840
BLPTL146,BLPTL1420
BLPTL146,BLPTL1425
BLPTL146,BLPTL1430
BLPTL3850,BLPTL1260
BLPTL3850,BLPTL1255
BLPTL3850,BLPTL148
BLPTL3850,BLPTL3845
BLPTL3850,BLPTL1427
BLPTL3850,BLPTL1410
BLPTL3850,BLPTL1420
BLPTL3850,BLPTL1425
BLPTL3850,BLPT3850
BLPTL3850,BLPT3840
BLPBTW6,BLPBTW8
BLPBTW6,BLPBTW4
BLPBTW6,SSR7
BLPBTW6,SSDMRT8A
BLPBTW6,SGDMRC11A
BLPBTW6,SSFP1
BLPBTW6,GMB3042
BLPBTW6,SGDMRC103A
BLPBTW6,HCP10
BLPBTW6,TMS4E
BLPH1219,BLPHS1414
BLPH1219,BLPH1214
BLPH1219,SN25A
BLPH1219,210EFTAMY
BLPH1219,STX70E
BLPH1219,SA16E
BLPH1219,212EFTAY
BLPH1219,FABLM5E
BLPH1219,QD1R200A
BLPH1219,TMA3E
BLPH14316,BLPH14732
BLPH14316,BLPH14964
BLPH14316,BLPH1414
BLPH14316,BLPH14532
BLPH14316,BLPH126
BLPH14316,BLPH3838
BLPH14316,BLPH124
BLPH14316,BLPH125
BLPH14316,BLPT3850
BLPH14316,BLPT3840
BLPH389,BLPH387
BLPH389,BLPH38516
BLPH389,BLPH388
BLPH389,BLPH3814
BLPH389,BLPH124
BLPH389,BLPH125
BLPH389,BLPH3810
BLPH389,BLPT3845
BLPH389,BLPT3840
BLPH389,OXIM7B
BLPHS1418,SPBS18AR
BLPHS1418,SIMM240
BLPHS1418,47ACF
BLPHS1418,GFAT1E
BLPHS1418,PPC106LA
BLPHS1418,FXK6
BLPHS1418,BLPTHC87
BLPHS1418,SIMM180
BLPHS1418,SPBS704AR
BLPHS1418,F80
KRA25D,TB20AC
KRA25D,KRA4107FPBO
KRA25D,KRA2422PBO
KRA25D,KRA4810FPBO
KRA25D,KCP2422PBO
KRA25D,KWSP2455AST
KRA25D,KACKMCFIBER1
KRA25D,KRSC430APBO1
KRA25D,KAERNADD6RD
KRA25D,A277
KRSC343PCM,KCP1422PBO
KRSC343PCM,KRSC46HPBO
KRSC343PCM,KA2422SETPJH
KRSC343PCM,KACKMCFIBER1
KRSC343PCM,KWSN2455ABL
KRSC343PCM,KRSC430APBO1
KRSC343PCM,KRA2407PBO
KRSC343PCM,YA389A
KRSC343PCM,KRA4059FPBO
KRSC343PCM,TB20AC
KRSC343PDG,KRSC46HPBO
KRSC343PDG,KWSP2455AST
KRSC343PDG,KRA2407PBO
KRSC343PDG,KAERNADD6RD
KRSC343PDG,KRSC430APBO7
KRSC343PDG,KA2422SETPJH
KRSC343PDG,KWSN2455ABL
KRSC343PDG,KRSC326FPBO
KRSC343PDG,KACKMCFIBER1
KRSC343PDG,A277
IMFLE100A,IMFLE80A
IMFLE100A,IMSLE242A
IMFLE100A,IMSLEPL240
IMFLE100A,STX60E
IMFLE100A,XLE605
IMFLE100A,WHM1
IMFLE100A,TMR4
IMFLE100A,OXKRM705
IMFLE100A,210EFTXRY
IMFLE100A,BLPHSM145
IMFLE120A,IMSLE242A
IMFLE120A,IMFLE80A
IMFLE120A,IMSLEPL240
IMFLE120A,STX60E
IMFLE120A,XLE605
IMFLE120A,WHM1
IMFLE120A,TMR4
IMFLE120A,OXKRM705
IMFLE120A,210EFTXRY
IMFLE120A,BLPHSM145
KRSC4130POT,KRSC2460PWZ7
KRSC4130POT,KRSC46HPBO
KRSC4130POT,KRSC430APBO1
KRSC4130POT,SNA-TBP14
KRSC4130POT,A277
KRSC4130POT,TB40C
KRSC4130POT,KRA4810FPBO
KRSC4130POT,KRA2406BPBO
KRSC4130POT,KRSC326FPBO
KRSC4130POT,KACKMCFIBER1
EFPBONEHEDB,ECHDD012A
EFPBONEHEDB,BB9008
EFPBONEHEDB,EECT900
EFPBONEHEDB,EEPV509
EFPBONEHEDB,SVTS272A
EFPBONEHEDB,EEDM525F
EFPBONEHEDB,AT4101
EFPBONEHEDB,EECT424HD
EFPBONEHEDB,GLASS30R
EFPBONEHEDB,EEPV500
GA3634A,MTEE6
GA3634A,CAL6EBR
GA3634A,AT4135
GA3634A,CAL6EA
GA3634A,PGP50
GA3634A,CAL6DA
GA3634A,ECFB200BL
GA3634A,OC5A
GA3634A,GA460B
GA3634A,YA4000B
YA4282,ECHDD012AR
YA4282,ECPNH012
YA4282,EECT200
YA4282,AT4101
YA4282,EECT424HD
YA4282,FB316B
YA4282,EEPV509
YA4282,MTTL800
YA4282,TPMC25
YA4282,EEDM525F
A106,A129
A106,A127
A106,S3624
A106,S3625
A106,BCS70A
A106,S6111
A106,LSR1500
A106,S9714MK
A106,YA4050B
A106,BTK5
A129,A106
A129,A127
A129,S3624
A129,S3625
A129,BCS70A
A129,BTCP2SA
A129,S6111
A129,S9714MK
A129,OFC14KT
A129,BTK5
AWL5D,FHLF80A
AWL5D,96ACF
AWL5D,FX1
AWL5D,SGDX80BR
AWL5D,SGD4BR
AWL5D,FXK11
AWL5D,ATECH3FR300B
AWL5D,SGASA204CR
AWL5D,91ACP
AWL5D,SIMM220
BOERM15,BOERM13
BOERM15,BOERM14
BOERM15,BOERM12
BOERM15,BOERM17
BOERM15,SIM200
BOERM15,SIM280
BOERM15,BOERM10
BOERM15,SIM260
BOERM15,SIM320
BOERM15,SIM180A
BOERM712,BOER708
BOERM712,BOERM704
BOERM712,309SIMYA
BOERM712,SRPCR105
BOERM712,206EAU
BOERM712,UIM225
BOERM712,TWM23
BOERM712,TWM24
BOERM712,TMM4
BOERM712,SFSM18
BTC7B,SPBS24A
BTC7B,B260A
BTC7B,AWTEF8K
BTC7B,208CCP
BTC7B,SR40K
BTC7B,TMMD11
BTC7B,TMMD12
BTC7B,TMMD5
BTC7B,TMMD9
BTC7B,TMMD6
LDTF2,FXK3
LDTF2,SIMM160A
LDTF2,FX1
LDTF2,TMXK4
LDTF2,SGASA204CR
LDTF2,SGDX80BR
LDTF2,SIMM150A
LDTF2,SGDP31IRBR
LDTF2,PPC105LA
LDTF2,BLPTHC87
FZ4B,UIM2RSLT
FZ4B,YA824C
FZ4B,SSF1
FZ4B,YA900
FZ4B,SSFP2
FZ4B,TR108
FZ4B,SHCP1B
FZ4B,PBN500
FZ4B,911ACF
FZ4B,FHLLF80
HP650M,FXK6
HP650M,TMXK2
HP650M,SGDP31IRBR
HP650M,SIMM240
HP650M,SPBS18AR
HP650M,SGD8BR
HP650M,SPBS24AR
HP650M,SIMM160A
HP650M,SGDX80BR
HP650M,FX1
SEPDIESELADDA,SGD2BR
SEPDIESELADDA,PL400B
SEPDIESELADDA,GFAT1E
SEPDIESELADDA,SPBS18AR
SEPDIESELADDA,SRPCR4700
SEPDIESELADDA,F80
SEPDIESELADDA,SIMM210
SEPDIESELADDA,SIMM160A
SEPDIESELADDA,PPC103A
SEPDIESELADDA,SIMM190
SEPKCAMETPOTA,SPBS8AR
SEPKCAMETPOTA,SIMM210
SEPKCAMETPOTA,SGASA204CR
SEPKCAMETPOTA,SGD4BR
SEPKCAMETPOTA,SRPCR4700
SEPKCAMETPOTA,PPC105LA
SEPKCAMETPOTA,PPC103A
SEPKCAMETPOTA,ATECH3FR300B
SEPKCAMETPOTA,SPBS18AR
SEPKCAMETPOTA,TMU8B
SDMEXT19K,SDMT25D
SDMEXT19K,SDMT10D
SDMEXT19K,SDMT20D
SDMEXT19K,BLPBTWKIT
SDMEXT19K,BTWS
SDMEXT19K,TMBS8A
SDMEXT19K,GMB3042
SDMEXT19K,AWMCG1600B
SDMEXT19K,SDM400A
SDMEXT19K,R404
GA295,AWM110DHK
GA295,FA12LE
GA295,AC5C
GA295,FRX181
GA295,KAC1224TCA
GA295,AW1015DHK
GA295,PK53A
GA295,317MSPC
GA295,114ATMP
GA295,SR40K
GMB3041,SEPSTARTERA
GMB3041,TM10G
GMB3041,STMM5
GMB3041,STMM14
GMB3041,STMM6
GMB3041,STMM12
GMB3041,STMM5.5
GMB3041,STMM8
GMB3041,STMM10
GMB3041,TWM30
SEPPMSER,SPBS12AR
SEPPMSER,PL400B
SEPPMSER,FXK3
SEPPMSER,FU8A
SEPPMSER,BLPTHC87
SEPPMSER,SIMM220
SEPPMSER,SGD2BR
SEPPMSER,F80
SEPPMSER,SHD1R
SEPPMSER,47ACF
SEPPROK1PCA,FXK11
SEPPROK1PCA,A2A
SEPPROK1PCA,SIMM200
SEPPROK1PCA,SGDP42IRBR
SEPPROK1PCA,GFAT1E
SEPPROK1PCA,SGD6BR
SEPPROK1PCA,FXK3
SEPPROK1PCA,BLPTHC87
SEPPROK1PCA,SIMM180
SEPPROK1PCA,SGD2BR
E1020,TW441
E1020,CSA12CR
E1020,RC980
E1020,OEX38B
E1020,MSKM10
E1020,CJ2001P
E1020,S9711KA
E1020,RD8
E1020,TWM26
E1020,FZ7A
ASTFUN19KIT,VAC201
ASTFUN19KIT,CLRPW75
ASTFUN19KIT,JCW80AR
ASTFUN19KIT,GLOVE309L
ASTFUN19KIT,YA427B
ASTFUN19KIT,YA832A
ASTFUN19KIT,ITHE100
ASTFUN19KIT,TPM16EM
ASTFUN19KIT,SVTA9100
ASTFUN19KIT,EEPV500
BLPPKM5-7,ATECH3FR300B
BLPPKM5-7,96ACF
BLPPKM5-7,SPBS8AR
BLPPKM5-7,SPBS12AR
BLPPKM5-7,PPC106LA
BLPPKM5-7,PL400B
BLPPKM5-7,FU8A
BLPPKM5-7,ATECH2FR125B
BLPPKM5-7,FXK11
BLPPKM5-7,SPBS18AR
BLPSM148,BLPSM149
BLPSM148,BLPSM146
BLPSM148,BLPSM1411
BLPSM148,BLPSM145
BLPSM148,BLPSM147
BLPSM148,BLPSM144
BLPSM148,BLPSM1412
BLPSM148,BLPSM1413
BLPSM148,BLPSM1410
BLPSM148,TMMS15
BLPT148,BLPT147
BLPT148,BLPT146
BLPT148,BLPT1427
BLPT148,BLPT1420
BLPT148,BLPT1425
BLPT148,BLPTE1218
BLPT148,BLPTE1220
BLPT148,BLPTE1224
BLPT148,BLPT1430
BLPT148,BLPTE3810
BLPT149,BLPT147
BLPT149,BLPT146
BLPT149,BLPT148
BLPT149,BLPT1410
BLPT149,BLPT1415
BLPT149,BLPT1425
BLPT149,BLPT1420
BLPT149,BLPT3845
BLPT149,BLPT3850
BLPT149,BLPTE3812
BLPTE1224,BLPTE1222
BLPTE1224,BLPTE1220
BLPTE1224,BLPTE144
BLPTE1224,BLPTE146
BLPTE1224,BLPTE145
BLPTE1224,BLPTE148
BLPTE1224,BLPT1255
BLPTE1224,BLPT1427
BLPTE1224,BLPT3850
BLPTE1224,BLPTE3812
BLPTL148,BLPTL146
BLPTL148,BLPTL147
BLPTL148,BLPTL149
BLPTL148,BLPTL3850
BLPTL148,BLPTL1410
BLPTL148,BLPTL1415
BLPTL148,BLPTL1427
BLPTL148,BLPTL1420
BLPTL148,BLPTL1425
BLPTL148,BLPTL1430
BLPTS1430,BLPTS1425
BLPTS1430,BLPTS1420
BLPTS1430,BLPTS1415
BLPTS1430,BLPTS1410
BLPTS1430,RTD48
BLPTS1430,PWCS7ACF
BLPTS1430,SGASA204CR
BLPTS1430,BLPHSM1410
BLPTS1430,BLPHSM146
BLPTS1430,BLPHSM145
BDGPL300HG,PHP2A
BDGPL300HG,SHP2KT
BDGPL300HG,SGA1711BR
BDGPL300HG,SGA174BR
BDGPL300HG,SGA175BR
BDGPL300HG,PWZ0A
BDGPL300HG,SRPCR107
BDGPL300HG,FHBF80A
BDGPL300HG,PWZ3A
BDGPL300HG,210FRHMA
BLPH1234,F80
BLPH1234,SGDP31IRBR
BLPH1234,ATECH2FR125B
BLPH1234,FHLF80A
BLPH1234,SIMM170
BLPH1234,ATECH3FR300B
BLPH1234,SGD6BR
BLPH1234,SGD8BR
BLPH1234,TMXK60
BLPH1234,SPBS24AR
BLPH386,BLPH387
BLPH386,BLPH38732
BLPH386,BLPH388
BLPH386,BLPH3838
BLPH386,BLPH124
BLPH386,BLPT3845
BLPH386,BLPT3850
BLPH386,BLPT3840
BLPH386,PK52A
BLPH386,OEXM270B
BLPHS1414,BLPH1219
BLPHS1414,TWM28
BLPHS1414,SN25A
BLPHS1414,STX70E
BLPHS1414,210EFTAMY
BLPHS1414,FABLM5E
BLPHS1414,212EFTAY
BLPHS1414,BHS13A
BLPHS1414,TMA3E
BLPHS1414,OEXM80B
SRES306,208FRDHM
SRES306,208FRDH
SRES306,L872RM
SRES306,SHN36
SRES306,490CF
SRES306,312CF
SRES306,OEX42B
SRES306,PPC5A
SRES306,315SIMMYA
SRES306,OEX714KB
TF1124B,TF1127B
TF1124B,TFM7530B
TF1124B,PPB816A
TF1124B,SGDTX90BR
TF1124B,SGDTX315BR
TF1124B,SHLF80A
TF1124B,LN46ACF
TF1124B,FHLF80A
TF1124B,IMX32B
TF1124B,LP404
TF5A,AWMG9-7
TF5A,UPTM65K
TF5A,SR40K
TF5A,BTK5
TF5A,TBS200A
TF5A,SGDTX50BR
TF5A,SOEX40
TF5A,PT28E
TF5A,BTC7B
TF5A,AC58E
TFTFM932A,BLPPB704
TFTFM932A,GCP10
TFTFM932A,PWZ5
TFTFM932A,MSKM10
TFTFM932A,BEXD10A
TFTFM932A,SGHBF500A
TFTFM932A,MS3000
TFTFM932A,PBMP703A
TFTFM932A,PKNC300
TFTFM932A,PWZ0A
SRES22,SRES28
SRES22,SRES18
SRES22,SRES26
SRES22,SRES20
SRES22,SRES24
SRES22,208FRDHM
SRES22,208FRDH
SRES22,L872RM
SRES22,SHN36
SRES22,490CF
OFWHD2,OFWHD1
OFWHD2,OFW3
OFWHD2,OFW4KT
OFWHD2,BLPTHC87
OFWHD2,SPBS704AR
OFWHD2,SGD2BR
OFWHD2,PPC103A
OFWHD2,SGDP31IRBR
OFWHD2,PPC105LA
OFWHD2,PPC106LA
PH1038,PH1050
PH1038,VWB8B
PH1038,PH3050BR
PH1038,PTR2505
PH1038,PTC250
PH1038,PTGR450
PH1038,PTGR100
PH1038,PSO4625
PH1038,MG725A
PH1038,MG1250
TB50C,KACKCAREKIT
TB50C,KRA2407PBO
TB50C,YA450B
TB50C,KA2422SETPJH
TB50C,KRA6200FPBO
TB50C,KCP1422PBO
TB50C,KRSC323PBO
TB50C,KCP2422PBO
TB50C,A277
TB50C,SNA-TBP14
TDTDM117B,BF775C-A
TDTDM117B,GA243
TDTDM117B,312IMMS
TDTDM117B,14V
TDTDM117B,DPT7A
TDTDM117B,S6103A
TDTDM117B,S9538A
TDTDM117B,S9614A
TDTDM117B,A179A
TDTDM117B,PKRS1
TD9902C,TDM99117C
TD9902C,PPCS60BK
TD9902C,PPB30AK
TD9902C,IPL36C
TD9902C,IPL38C
TD9902C,IPL24C
TD9902C,IPL30C
TD9902C,IPL42C
TD9902C,IPL40C
TD9902C,PPC203A
PK500A,UTV614A
PK500A,UTV615A
PK500A,14V
PK500A,BF775C-A
PK500A,206EFAML
PK500A,BLPPB704
PK500A,HBPT24
PK500A,TF528D
PK500A,BTK5
PK500A,GA243
PK52A,222SFFSFR
PK52A,SEPPROCORE2A
PK52A,224SFFSMFR
PK52A,SWM261
PK52A,SWM251
PK52A,OXIM7B
PK52A,BLPH389
PK52A,AWS13
PK52A,212EFTAY
PK52A,OXIM6B
TF275A,TC15A
TF275A,TBS200A
TF275A,R404
TF275A,PW18C
TF275A,YA339A
TF275A,PPC110LA
TF275A,PPC104LA
TF275A,PHG1055BK
TF275A,911ACF
TF275A,PWCS9ACF
R2630C,SIMM160A
R2630C,SHD1R
R2630C,SGD6BR
R2630C,SIMM200
R2630C,SIMM240
R2630C,SPBS8AR
R2630C,SPBS704AR
R2630C,PPC4A
R2630C,SGD4BR
R2630C,FXK11
MSKM10,MSK10
MSKM10,A50A
MSKM10,208EFTABMY
MSKM10,PHP2A
MSKM10,CJ2001P
MSKM10,EXD35A
MSKM10,PBMP703A
MSKM10,E1020
MSKM10,TFTFM932A
MSKM10,1412A
OFC14KT,BCS70A
OFC14KT,A129
OFC14KT,A106
OFC14KT,A127
OFC14KT,SBT26
OFC14KT,S3624
OFC14KT,YA4250
OFC14KT,YA9350B
OFC14KT,2005BSKA
OFC14KT,LDT8
OFCA2,OFCADPTR
OFCA2,A129
OFCA2,A127
OFCA2,A106
OFCA2,S3624
OFCA2,PKNC300
OFCA2,LSR1500
OFCA2,BTCP600
OFCA2,PBFT50R
OFCA2,OFW4KT
PBMA5R,PBMA5O
PBMA5R,PBMA5G
PBMA5R,PBMMS5R
PBMA5R,PBMA5
PBMA5R,PBMS5R
PBMA5R,PBMB5R
PBMA5R,PBMMB5
PBMA5R,BJP1
PBMA5R,SGDP162BR
PBMA5R,LN47ACF
PBMMA5R,PBMA5
PBMMA5R,PBMMS5R
PBMMA5R,PBMMB5R
PBMMA5R,PBMA5R
PBMMA5R,PBMMS5O
PBMMA5R,PBMMS5
PBMMA5R,PBMS5R
PBMMA5R,PBMMB5G
PBMMA5R,PBMMS5G
PBMMA5R,PTM2
RBM1213SC,FX1
RBM1213SC,SRPCR3800
RBM1213SC,SIMM150A
RBM1213SC,FHLF80A
RBM1213SC,SIMM210
RBM1213SC,SGD6BR
RBM1213SC,SPBS704AR
RBM1213SC,SPBS12AR
RBM1213SC,SIMM240
RBM1213SC,FU8A
R3436A,T72
R3436A,SGD8BR
R3436A,FHLF80A
R3436A,ATECH2FR125B
R3436A,SPBS704AR
R3436A,FXK11
R3436A,SGD6BR
R3436A,SIMM190
R3436A,SIMM180
R3436A,TMXK60
KA2422SETPJJ,KRA6200FPBO
KA2422SETPJJ,KRSC430APBO7
KA2422SETPJJ,KRA2407PBO
KA2422SETPJJ,KRA25D
KA2422SETPJJ,KCP1422PBO
KA2422SETPJJ,KRA2007FPBO
KA2422SETPJJ,KRA4107FPBO
KA2422SETPJJ,KRSC430APBO1
KA2422SETPJJ,KCP2422PBO
KA2422SETPJJ,KWSP2455AST
SWG10S1245,PT850
SWG10S1245,PTC250
SWG10S1245,CT9080K2
SWG10S1245,CTC131A
SWG10S1245,PTR2500
SWG10S1245,DBTB121
SWG10S1245,CTQ838DB
SWG10S1245,CTC772A
SWG10S1245,CTDFL861
SWG10S1245,DBBPT13
UPTLP2,UIM2LT
UPTLP2,UIM2RSLT
UPTLP2,OFW4KT
UPTLP2,F281
UPTLP2,F081
UPTLP2,F121
UPTLP2,F161
UPTLP2,61CF
UPTLP2,SGDP63IRBR
UPTLP2,T72
UTV618A,SIMM170
UTV618A,F80
UTV618A,FHLF80A
UTV618A,SIMM150A
UTV618A,TMXK4
UTV618A,A2A
UTV618A,FX1
UTV618A,GFAT1E
UTV618A,SRPCR3800
UTV618A,PPC103A
YA6160,SHCP1B
YA6160,SGA1710BR
YA6160,SGHF616BR
YA6160,8R
YA6160,HBBD24
YA6160,SXK5
YA6160,SGD8BR
YA6160,SGASA204CR
YA6160,SGD6BR
YA6160,SGDP42IRBR
WTG8A,GA98A
WTG8A,XS2024A
WTG8A,SGDEL10ESD
WTG8A,XS1416A
WTG8A,XS2226A
WTG8A,XS1012A
WTG8A,TM412
WTG8A,VO2224B
WTG8A,VO1820B
WTG8A,VO1416B
TPMB25EMORG,TPMB25EMGRN
TPMB25EMORG,FB316B
TPMB25EMORG,UTK150
TPMB25EMORG,FB336
TPMB25EMORG,ECHDF042
TPMB25EMORG,EECT400
TPMB25EMORG,TPMB25ORG
TPMB25EMORG,TPM16ORG
TPMB25EMORG,TPM16EM
TPMB25EMORG,TPM16
KRA1421PC,KRA2422PBO
KRA1421PC,KWSP2455ABL
KRA1421PC,KRSC430APBO7
KRA1421PC,KCP1422PBO
KRA1421PC,KRSC326FPBO
KRA1421PC,KRSC46HPBO
KRA1421PC,KRA4107FPBO
KRA1421PC,TB20AC
KRA1421PC,KRA2007FPBO
KRA1421PC,A277
KRA1421POT,KRSC430APBO1
KRA1421POT,KRA2407PBO
KRA1421POT,KRWT2411
KRA1421POT,KRSC326FPBO
KRA1421POT,KRA2422PBO
KRA1421POT,KACKMCFIBER1
KRA1421POT,KRA2411PBO
KRA1421POT,YA438B
KRA1421POT,KRA4810FPBO
KRA1421POT,KRSC343PBO
VGP12509,VGP12808
VGP12509,VGP12412
VGP12509,VGP104
VGP12509,VGP12406
VGP12509,A159
VGP12509,AWEF9K
VGP12509,BP24B
VGP12509,207EFTXY
VGP12509,PK53A
VGP12509,OEXM90B
YA7646,TMXK4
YA7646,ATECH2FR125B
YA7646,FU8A
YA7646,SGASA204CR
YA7646,SPBS704AR
YA7646,FXK3
YA7646,SIMM170
YA7646,TMXK60
YA7646,ATECH3FR300B
YA7646,PPC106LA
YA4050B,YA4250
YA4050B,YA4275
YA4050B,A106
YA4050B,S3624
YA4050B,OFSKIT
YA4050B,OFC14KT
YA4050B,YA824C
YA4050B,B1461
YA4050B,LSR1580
YA4050B,213AFLEY
SAG03S20,PTC250
SAG03S20,VWB8B
SAG03S20,PTR72
SAG03S20,PTGR100
SAG03S20,MG325
SAG03S20,AT408
SAG03S20,PDR3000A
SAG03S20,AT5500
SAG03S20,AT109
SAG03S20,AT2050
XDHF605,XDHFM606K1
XDHF605,XO605
XDHF605,XFRR704
XDHF605,SF121
XDHF605,SF161
XDHF605,SF181
XDHF605,SF141
XDHF605,SF201
XDHF605,SF221
XDHF605,SF241
222SFFS,SEPPROCORE2A
222SFFS,224SFFSMFR
222SFFS,PK52A
222SFFS,AWMG9
222SFFS,120STTM
222SFFS,SOEXM8
222SFFS,SGDMRC4-TM4
222SFFS,FADH12C
222SFFS,103UFTS
222SFFS,LP10WR
FRW10,AWCGT500
FRW10,BFCR708A
FRW10,BFCRM712A
FRW10,TWM27
FRW10,209TFSMYA
FRW10,F80MP
FRW10,RBYAM605
FRW10,B1467A
FRW10,LSR1450
FRW10,S6112
HBBD24G,PK23A
HBBD24G,PRH57A
HBBD24G,TMM4
HBBD24G,AWCGT500
HBBD24G,UPT35
HBBD24G,207EFAMY
HBBD24G,S9704KA
HBBD24G,STMM15
HBBD24G,STMM5
HBBD24G,BTWSMPK
FKF80A,TKF72
FKF80A,PKNC150
FKF80A,TK72
FKF80A,FC72
FKF80A,FLLF80
FKF80A,TRF72
FKF80A,FF80A
FKF80A,FCF72
FKF80A,F80MP
FKF80A,RAF80A
HBFE48O,HBFE32
HBFE48O,PK52A
HBFE48O,BTC7B
HBFE48O,AWMG9
HBFE48O,AC58E
HBFE48O,2050
HBFE48O,AWS13
HBFE48O,TMMD5
HBFE48O,111TMMDY
HBFE48O,TMMD11
S8,TWM31
S8,218AFP
S8,317MPC
S8,TWM25
S8,SW421
S8,206AFSA
S8,1210B
S8,FTX60E
S8,AWM140DK
S8,SGDP64IRBR
ECSPH271,RADKITULTRA
ECSPH271,AT4135
ECSPH271,EEJP201MBKA-NA
ECSPH271,ECPNG032
ECSPH271,EECS150
ECSPH271,EEDM596FK
ECSPH271,ECPNJ032
ECSPH271,ECARL032R
ECSPH271,EEDM525F
ECSPH271,ECPNI032R
TMMDS8,TMMDS5
TMMDS8,TMMDS13
TMMDS8,TMMDS6
TMMDS8,TMMDS7
TMMDS8,TMMDS9
TMMDS8,TMMDS12
TMMDS8,TMMDS11
TMMDS8,TMMDS15
TMMDS8,TMMDS10
TMMDS8,111STMMDY
TM410,TM408
TM410,XS1820A
TM410,XS2226A
TM410,XS1618A
TM410,VO1416B
TM410,VO1820B
TM410,VO1012B
TM410,XS67A
TM410,VO3032B
TM410,SGDEL10ESD
SIMM110A,SIMM120A
SIMM110A,SIMM140A
SIMM110A,SIMM180
SIMM110A,SIMM200
SIMM110A,SIMM170
SIMM110A,309SIMYA
SIMM110A,222AFSP
SIMM110A,AC58E
SIMM110A,IMM100A
SIMM110A,IMM120A
TMUSM13A,OFC7374-14
TMUSM13A,206SFSUM
TMUSM13A,206FSUMA
TMUSM13A,209FUMY
TMUSM13A,ATECH2FR125B
TMUSM13A,PPC103A
TMUSM13A,SIMM240
TMUSM13A,FU8A
TMUSM13A,T72
TMUSM13A,SGD6BR
106TMUSMA,OFC7374-14
106TMUSMA,206FSUMA
106TMUSMA,207IPSFM
106TMUSMA,FZ7A
106TMUSMA,SGD153BR
106TMUSMA,103TMXKLA
106TMUSMA,206AFSA
106TMUSMA,IPSM18
106TMUSMA,IPSM21
106TMUSMA,IPSM22
SGTT1B,SGTT9B
SGTT1B,SGTT8B
SGTT1B,SGTT10B
SGTT1B,SGTT7B
SGTT1B,SGTT5B
SGTT1B,SGTT3B
SGTT1B,SGTT6B
SGTT1B,SGTT4B
SGTT1B,PWC48
SGTT1B,PALMRAT
MTTL7005PK,MTTL433
MTTL7005PK,MTTL750
MTTL7005PK,YA1175KIT
MTTL7005PK,PGP120
MTTL7005PK,MTTL700
MTTL7005PK,MTTL300
MTTL7005PK,RULER602
MTTL7005PK,ACT407
MTTL7005PK,MTTL800
MTTL7005PK,ACT1290A
AWTXL8-T30,SRPCR4700
AWTXL8-T30,SGD4BR
AWTXL8-T30,SPBS18AR
AWTXL8-T30,PPC105LA
AWTXL8-T30,SGD6BR
AWTXL8-T30,SPBS12AR
AWTXL8-T30,SPBS24AR
AWTXL8-T30,TMXK60
AWTXL8-T30,SPBS8AR
AWTXL8-T30,FXK11
AWML5D,FX1
AWML5D,FU8A
AWML5D,SGD2BR
AWML5D,TMXK4
AWML5D,SGDX80BR
AWML5D,47ACF
AWML5D,SGDP42IRBR
AWML5D,SIMM240
AWML5D,SIMM220
AWML5D,FXK3
211FY,AWEF6K
211FY,214SFY
211FY,AW1013DK
211FY,10SSD
211FY,SF261
211FY,SF281
211FY,SF101
211FY,SF121
211FY,SF161
211FY,SF141
SGAS102BR,SGDXXL20BR
SGAS102BR,PTM30
SGAS102BR,SPRG625R
SGAS102BR,HCP48BCF
SGAS102BR,CSSD50R
SGAS102BR,PHP2A
SGAS102BR,SGTT9B
SGAS102BR,SGTT3B
SGAS102BR,SGTT5B
SGAS102BR,SGTT1B
SSFP1,PPN4050
SSFP1,SSF1
SSFP1,SSFP2
SSFP1,OXIM707SBK
SSFP1,TMR4
SSFP1,OEX080B
SSFP1,OEXS709B
SSFP1,OXI707BK
SSFP1,YA2019
SSFP1,BLPEXTF146
TBS100,SIMM180
TBS100,FXK11
TBS100,SIMM150A
TBS100,SHD1R
TBS100,SGD2BR
TBS100,PPC106LA
TBS100,96ACF
TBS100,SGDP42IRBR
TBS100,FX1
TBS100,FXK6
TDTDM500B,TMMD8
TDTDM500B,TMMD11
TDTDM500B,111TMMDY
TDTDM500B,TMMD6
TDTDM500B,TMMD9
TDTDM500B,TMMD12
TDTDM500B,TMMD5
TDTDM500B,TMMD5.5
TDTDM500B,TMMD10
TDTDM500B,111STMMDY
LSR2503,SIMM220
LSR2503,SGD6BR
LSR2503,FX1
LSR2503,96ACF
LSR2503,SGDX80BR
LSR2503,BLPTHC87
LSR2503,SGD4BR
LSR2503,SIMM240
LSR2503,ATECH2FR125B
LSR2503,SPBS24AR
LSRM2000,S3624
LSRM2000,A3042
LSRM2000,GAX36
LSRM2000,TWM27
LSRM2000,SEPIMMSIMMA
LSRM2000,117TMM
LSRM2000,FXWP3
LSRM2000,SN24C
LSRM2000,BTK7A
LSRM2000,B1458C
OFC93-15,SGD4BR
OFC93-15,SIMM220
OFC93-15,FX1
OFC93-15,SPBS704AR
OFC93-15,SIMM190
OFC93-15,SGD6BR
OFC93-15,PL400B
OFC93-15,SGD2BR
OFC93-15,SHD1R
OFC93-15,SIMM210
OFW4KT,OFWHD3KT
OFW4KT,SGD153BR
OFW4KT,309SIMYA
OFW4KT,FZ7A
OFW4KT,210EFTXRY
OFW4KT,SGD155CR
OFW4KT,PPCD70BK
OFW4KT,BTK5
OFW4KT,SW421
OFW4KT,A91F
PPC5A,PPC210A
PPC5A,TWM31
PPC5A,PPC110LA
PPC5A,TWM29
PPC5A,1210B
PPC5A,PPC208A
PPC5A,PPC204A
PPC5A,PPC104LA
PPC5A,PPC3A
PPC5A,MS800
PPK15,PPN4050
PPK15,OXIM707SBK
PPK15,TMR4
PPK15,OEXS709B
PPK15,SSFP2
PPK15,YA2019
PPK15,86EP
PPK15,SSFP1
PPK15,SSF1
PPK15,912AEP
RBPK5,GLASS30R
RBPK5,EEPV500
RBPK5,GLASS50R
RBPK5,SVTS272A
RBPK5,IM1PT
RBPK5,JCK8
RBPK5,TPMC25
RBPK5,EEDM525F
RBPK5,FB336
RBPK5,EECT900
RC980,FA12LE
RC980,GF22
RC980,KAC1224TCA
RC980,HD6529
RC980,TW481
RC980,FAML6E
RC980,STX70E
RC980,TW381
RC980,206EFABL
RC980,SAM19E
R2426C,R2830C
R2426C,R2022C
R2426C,R1618C
R2426C,R1011C
R2426C,R1214C
R2426C,R810C
R2426C,TMUS181A
R2426C,TMUS141A
R2426C,SG5ASABR
R2426C,LP404
CT9080DB,CT9010K2
CT9080DB,CTB185
CT9080DB,CTB8187
CT9080DB,CTINF9010
CT9080DB,CTQ838DB
CT9080DB,CTR867AK2
CT9080DB,CTR862DB
CT9080DB,CTC131A
CT9080DB,CTR861AK2
CT9080DB,CTSG861DB
CDR4P63L3DB,MG725A
CDR4P63L3DB,PTGR100
CDR4P63L3DB,CTC772A
CDR4P63L3DB,DBBPT13
CDR4P63L3DB,CTR861AK2
CDR4P63L3DB,DB121C
CDR4P63L3DB,CTR867AK2
CDR4P63L3DB,AT109
CDR4P63L3DB,AT700F
CDR4P63L3DB,CTNN13KF
KRSC46HPJK,KRSC430APBO7
KRSC46HPJK,KRSC326FPBO
KRSC46HPJK,KRA2407PBO
KRSC46HPJK,KRSC430APBO1
KRSC46HPJK,KRA4813FPBO
KRSC46HPJK,KCP2422PBO
KRSC46HPJK,A277
KRSC46HPJK,PLRK21
KRSC46HPJK,YA389A
KRSC46HPJK,YA438B
CSA12CG,218AFSP
CSA12CG,PKNC200
CSA12CG,SS5A
CSA12CG,TF5A
CSA12CG,RXS605B
CSA12CG,RC980
CSA12CG,S9711KA
CSA12CG,BTC7B
CSA12CG,S9704KR
CSA12CG,AWSGM800A
CSA12CO,218AFSP
CSA12CO,SS5A
CSA12CO,TF5A
CSA12CO,RXS605B
CSA12CO,TW461
CSA12CO,RC980
CSA12CO,S9711KA
CSA12CO,S9704KR
CSA12CO,TW441
CSA12CO,AWSGM800A
CSA14CG,2420A
CSA14CG,AWM140DK
CSA14CG,207EFTXY
CSA14CG,310IMMYA
CSA14CG,SOEX38
CSA14CG,CSSD1R
CSA14CG,CSA12CR
CSA14CG,OEXM6B
CSA14CG,BTC7B
CSA14CG,TMMD9
A98M,A98A
A98M,HBFE16
A98M,313TWYA
A98M,411CF
A98M,TW121A
A98M,TW141A
A98M,TW281
A98M,TW181A
A98M,TW321
A98M,TW361
CTR827HVDB,CTR861AK2
CTR827HVDB,PT850
CTR827HVDB,PTR2505
CTR827HVDB,CTNN13KF
CTR827HVDB,AT700F
CTR827HVDB,CTS561CHUCK
CTR827HVDB,PTC250
CTR827HVDB,CTCO861K2
CTR827HVDB,PTB32K
CTR827HVDB,CTS561BITSET
THLF72,FHLF80A
THLF72,SHLF80A
THLF72,SH80A
THLF72,THL72
THLF72,SHL80A
THLF72,112TMMY
THLF72,208AFX
THLF72,FHL80
THLF72,106BTMX
THLF72,FHBF80A
SGDE225ESD,PL400B
SGDE225ESD,FXK6
SGDE225ESD,SPBS18AR
SGDE225ESD,91ACP
SGDE225ESD,SGDP42IRBR
SGDE225ESD,SGDX80BR
SGDE225ESD,SGD4BR
SGDE225ESD,GFAT1E
SGDE225ESD,SGD6BR
SGDE225ESD,SPBS704AR
EFPADFLENSA,ECHDF042
EFPADFLENSA,RULER601
EFPADFLENSA,ECPRA072
EFPADFLENSA,EEDM504F
EFPADFLENSA,EEDM525F
EFPADFLENSA,RULER600
EFPADFLENSA,EECT900
EFPADFLENSA,EECT424HD
EFPADFLENSA,FB316B
EFPADFLENSA,GLASS50R
FADH704CG,120STTM
FADH704CG,103UFTS
FADH704CG,SH80A
FADH704CG,786CF
FADH704CG,110STMY
FADH704CG,SHLX80A
FADH704CG,FHLX80B
FADH704CG,TWM21
FADH704CG,TWM20
FADH704CG,TWM18
SHDP63IRG,SHD6R
SHDP63IRG,SHD2R
SHDP63IRG,LDH342
SHDP63IRG,LDH442
SHDP63IRG,LDH482
SHDP63IRG,LDH602
SHDP63IRG,LDH522
SHDP63IRG,LDH562
SHDP63IRG,PKNC150
SHDP63IRG,UPTM65K
IMSLE200,IMFLE80A
IMSLE200,IMFLE120A
IMSLE200,IMSLEPL240
IMSLE200,XLE605
IMSLE200,WHM1
IMSLE200,STX60E
IMSLE200,OXKRM705
IMSLE200,210EFTXRY
IMSLE200,47ACF
IMSLE200,PPC4A
GLOVE900LO,GLOVE505RL
GLOVE900LO,GLOVE300BL
GLOVE900LO,YA427B
GLOVE900LO,GLOVE1100L
GLOVE900LO,GLASS50R
GLOVE900LO,JCW62R
GLOVE900LO,ACT51234A
GLOVE900LO,GLASS30R
GLOVE900LO,JCK7DBL
GLOVE900LO,ECPNG032
GLOVE900XXG,GLOVE505RL
GLOVE900XXG,GLOVE300BL
GLOVE900XXG,YA427B
GLOVE900XXG,GLOVE309L
GLOVE900XXG,GLOVE1100L
GLOVE900XXG,SOSG01BKCL01
GLOVE900XXG,GLOVEORIGPLUSL
GLOVE900XXG,JCW62R
GLOVE900XXG,GLASS30R
GLOVE900XXG,ECPNG032
KRA2407PC,KWSN2455AST
KRA2407PC,KAERNADD6RD
KRA2407PC,KRSC46HPBO
KRA2407PC,SNA-TBP14
KRA2407PC,PLRK21
KRA2407PC,KRA2411PBO
KRA2407PC,KWSP2455ABL
KRA2407PC,KRA2007FPBO
KRA2407PC,KRA2406BPBO
KRA2407PC,KRA4107FPBO
S9704RHS,BHS7A
S9704RHS,AWM110DHK
S9704RHS,AC5C
S9704RHS,PK23A
S9704RHS,2004BSKA
S9704RHS,PK53A
S9704RHS,ACT1370
S9704RHS,S9706KRA
S9704RHS,TFM7530B
S9704RHS,S9714MK
TMMD8,TMMD12
TMMD8,TMMD11
TMMD8,TMMD5
TMMD8,TMMD7
TMMD8,TMMD6
TMMD8,111STMMDY
TMMD8,SR40K
TMMD8,AWMG9
TMMD8,2420A
TMMD8,AW1020DK
TMP23E,XS1820A
TMP23E,XS2226A
TMP23E,XS1214A
TMP23E,TM84
TMP23E,TMC106E
TMP23E,VO1416B
TMP23E,VO1012B
TMP23E,XS67A
TMP23E,TMC104E
TMP23E,TM65
SHDP31IRG,SHD2R
SHDP31IRG,SHD4R
SHDP31IRG,SHD6R
SHDP31IRG,SHDP42IRR
SHDP31IRG,SHDP63IRR
SHDP31IRG,SHD1R
SHDP31IRG,8HR
SHDP31IRG,TWM26
SHDP31IRG,GA98A
SHDP31IRG,313SYA
SHDP31IRR,SHD2R
SHDP31IRR,SHD4R
SHDP31IRR,SHD6R
SHDP31IRR,SHDP42IRR
SHDP31IRR,SHDP63IRR
SHDP31IRR,10R
SHDP31IRR,SHD1R
SHDP31IRR,TWM26
SHDP31IRR,S6106KA
SHDP31IRR,313SYA
FABLM5E,BLPHS1414
FABLM5E,FA12LE
FABLM5E,FRX181
FABLM5E,GF22
FABLM5E,TW481
FABLM5E,KAC1224TCA
FABLM5E,HD6529
FABLM5E,FAML6E
FABLM5E,206EFABL
FABLM5E,SA16E
XO605,BTWSMPK
XO605,110ETMAY
XO605,XOM605
XO605,OXIM9B
XO605,PPB30AK
XO605,SSFP1
XO605,214SFY
XO605,XB605A
XO605,OXIM8B
XO605,SSFP2
SGASA104BR,SR80A
SGASA104BR,PHP2A
SGASA104BR,PPK15
SGASA104BR,SGDXL80BR
SGASA104BR,HBPT24
SGASA104BR,SGHBF500A
SGASA104BR,YA824C
SGASA104BR,305TSKTA
SGASA104BR,ST50A
SGASA104BR,BTK7A
AWT30A,FU8A
AWT30A,SPBS18AR
AWT30A,SGD6BR
AWT30A,SIMM200
AWT30A,TMU8B
AWT30A,SIMM170
AWT30A,PPC105LA
AWT30A,SGDP31IRBR
AWT30A,F80
AWT30A,SPBS8AR
GLOVE505RM,GLOVEORIGPLUSL
GLOVE505RM,SOSG01BKCL01
GLOVE505RM,GLOVE900LR
GLOVE505RM,GLOVE1100L
GLOVE505RM,GLOVE300BL
GLOVE505RM,BB9008
GLOVE505RM,EECT900
GLOVE505RM,EEDM596FK
GLOVE505RM,EECT400
GLOVE505RM,FB361A
SIMM150A,SIMM130A
SIMM150A,SIMM100A
SIMM150A,SIMM140A
SIMM150A,SIMM180
SIMM150A,SIMM230
SIMM150A,SIMM200
SIMM150A,SIMM190
SIMM150A,SIMM210
SIMM150A,SIM160A
SIMM150A,SIM340
PDR5000AG,PTGR450
PDR5000AG,PTR2505
PDR5000AG,PTC250
PDR5000AG,PSO4625
PDR5000AG,MG1250
PDR5000AG,PTGR100
PDR5000AG,PTGR110
PDR5000AG,PH3050BR
PDR5000AG,CTR867AK2
PDR5000AG,PH1050
IM320,IM220
IM320,IM120A
IM320,IM280
IM320,IM140A
IM320,IM160A
IM320,IM200
IM320,IM260
IM320,IM240
IM320,IM300
IM320,SIM200
KRA6210FPC,KRA2411PBO
KRA6210FPC,KRSC430APBO1
KRA6210FPC,KRWT2411
KRA6210FPC,KRSC46HPBO
KRA6210FPC,YA389A
KRA6210FPC,YA450B
KRA6210FPC,MRB12B
KRA6210FPC,KWSP2455ABL
KRA6210FPC,KAERNADD6RD
KRA6210FPC,PLRK21
KRA6210FPJK,KRA2411PBO
KRA6210FPJK,SNA-TBP14
KRA6210FPJK,KAERNADD6RD
KRA6210FPJK,KRSC46HPBO
KRA6210FPJK,KRA5311FPBO
KRA6210FPJK,KACKFLTCLNR
KRA6210FPJK,KACKMCFIBER1
KRA6210FPJK,KRSC343PBO
KRA6210FPJK,KCP1422PBO
KRA6210FPJK,KRA4813FPBO
BJP1,PBMA5
BJP1,PBMMA5R
BJP1,LDT40
BJP1,PBMA5R
BJP1,SWR1A
BJP1,BEXD10A
BJP1,TDTDM500B
BJP1,BOERM704
BJP1,STA35
BJP1,TTA35
BST103R,BCT1050
BST103R,BTCW800
BST103R,131A
BST103R,BT518
BST103R,B1356E
BST103R,BTC3A
BST103R,EXDL10A
BST103R,AWMG9
BST103R,UPT2FL
BST103R,S9704KR
AWCGT25,AWCGT27
AWCGT25,SPBS8AR
AWCGT25,SGD6BR
AWCGT25,FU8A
AWCGT25,ATECH2FR125B
AWCGT25,SGD4BR
AWCGT25,BLPTHC87
AWCGT25,47ACF
AWCGT25,SIMM180
AWCGT25,96ACF
AWXL13-7/64,A2A
AWXL13-7/64,SIMM180
AWXL13-7/64,SIMM210
AWXL13-7/64,SGD4BR
AWXL13-7/64,ATECH3FR300B
AWXL13-7/64,PL400B
AWXL13-7/64,SPBS24AR
AWXL13-7/64,TMXK4
AWXL13-7/64,SIMM150A
AWXL13-7/64,SRPCR3800
BOERM12,BOERM14
BOERM12,BOERM17
BOERM12,BOERM10
BOERM12,BOERM8
BOERM12,BOERM19
BOERM12,SIM220
BOERM12,SIM300
BOERM12,SIM180A
BOERM12,SIM320
BOERM12,SIM360
BP24B,AWM12D
BP24B,TWM31
BP24B,UTV615A
BP24B,1210B
BP24B,14V
BP24B,FTX60E
BP24B,OXIM7B
BP24B,TWM28
BP24B,BLPH389
BP24B,BF775C-A
TPGDL2000HD,JCK8
TPGDL2000HD,ECHDD012AR
TPGDL2000HD,EECT400
TPGDL2000HD,RULER601
TPGDL2000HD,YA1050B
TPGDL2000HD,ECHDD012A
TPGDL2000HD,ECHDF042
TPGDL2000HD,EEDM504F
TPGDL2000HD,GLASS50R
TPGDL2000HD,EECT200
UTV614A,UTV615A
UTV614A,14V
UTV614A,BF775C-A
UTV614A,PK500A
UTV614A,BP24B
UTV614A,T72FOD
UTV614A,BOER708
UTV614A,F80FOD
UTV614A,211SFSY
UTV614A,BOERM712
VSC4KT-1,SGDP42IRBR
VSC4KT-1,SGD2BR
VSC4KT-1,SHD1R
VSC4KT-1,SIMM170
VSC4KT-1,SIMM190
VSC4KT-1,TMXK4
VSC4KT-1,47ACF
VSC4KT-1,TMXK2
VSC4KT-1,SPBS24AR
VSC4KT-1,PPC105LA
YA4250,YA4275
YA4250,SRP2A
YA4250,YA4274A
YA4250,SIMM290
YA4250,OEXM9B
YA4250,OEXM8B
YA4250,B260A
YA4250,212EFTAY
YA4250,86EP
YA4250,206AFSA
YA1050B,OC5A
YA1050B,YA105013
YA1050B,PGP120
YA1050B,ACT83A
YA1050B,MTTL300
YA1050B,GA296B
YA1050B,AT4124
YA1050B,ECARA052A
YA1050B,BLP15HVLP
YA1050B,TPM16
YA109C,VGP22418
YA109C,GA243
YA109C,PK50A
YA109C,A159
YA109C,VGP12418
YA109C,A179A
YA109C,A161B
YA109C,VGP12412
YA109C,PKRS1
YA109C,AC5C
ECARN052,MAGMAT
ECARN052,SVTS264
ECARN052,RADKITULTRA
ECARN052,ECHDF042
ECARN052,SVTS272A
ECARN052,EEDM503D
ECARN052,JCK7DBL
ECARN052,RULER601
ECARN052,FB361A
ECARN052,ECPNH012
ECF35,TPMC25
ECF35,UTK100
ECF35,RULER601
ECF35,TPMC25GRN
ECF35,EEDM504F
ECF35,EECT200
ECF35,MTTL800
ECF35,JCK8
ECF35,EEBC30A12V
ECF35,FB361A
ECSPH271O-L,ECSPH271G-L
ECSPH271O-L,ECPRA072
ECSPH271O-L,AT4124
ECSPH271O-L,AT4135
ECSPH271O-L,ECPNG032
ECSPH271O-L,FB361A
ECSPH271O-L,SVTS272A
ECSPH271O-L,ECHDF042
ECSPH271O-L,ECHDD012A
ECSPH271O-L,RULER600
AD6C,AWL1010DK
AD6C,AD8C
AD6C,AD10C
AD6C,SWM301
AD6C,14V
AD6C,AD12C
AD6C,WTG10A
AD6C,SWM261
AD6C,GA98A
AD6C,214SFY
ATI590RGK-4X,214SFY
ATI590RGK-4X,SW361
ATI590RGK-4X,SW321
ATI590RGK-4X,SW341
ATI590RGK-4X,OEX10B
ATI590RGK-4X,SF261
ATI590RGK-4X,STMD9
ATI590RGK-4X,STMD6
ATI590RGK-4X,STMD11
ATI590RGK-4X,STMD7
BLPPKTX5-T45,SPBS24AR
BLPPKTX5-T45,SPBS18AR
BLPPKTX5-T45,FHLF80A
BLPPKTX5-T45,SGDP31IRBR
BLPPKTX5-T45,SGD8BR
BLPPKTX5-T45,FXK3
BLPPKTX5-T45,SIMM200
BLPPKTX5-T45,SPBS12AR
BLPPKTX5-T45,SGASA204CR
BLPPKTX5-T45,F80
BLPPKTX5-T47,SGDP31IRBR
BLPPKTX5-T47,ATECH2FR125B
BLPPKTX5-T47,SPBS18AR
BLPPKTX5-T47,PPC4A
BLPPKTX5-T47,TMU8B
BLPPKTX5-T47,T72
BLPPKTX5-T47,47ACF
BLPPKTX5-T47,SRPCR3800
BLPPKTX5-T47,FHLF80A
BLPPKTX5-T47,SHD1R
BLPT1425,BLPT1427
BLPT1425,BLPT147
BLPT1425,BLPT1415
BLPT1425,BLPT148
BLPT1425,BLPT3845
BLPT1425,BLPTE1218
BLPT1425,BLPT3840
BLPT1425,BLPT1255
BLPT1425,BLPTL3840
BLPT1425,BLPTL1430
BLPTL147,BLPTL146
BLPTL147,BLPTL149
BLPTL147,BLPTL148
BLPTL147,BLPTL1427
BLPTL147,BLPTL1415
BLPTL147,BLPTL1410
BLPTL147,BLPTL3840
BLPTL147,BLPTL1425
BLPTL147,BLPTL1430
BLPTL147,BLPTL1420
BLPH1210,BLPHL145
BLPH1210,BLPHL146
BLPH1210,BLPHL387
BLPH1210,BLPHL3810
BLPH1210,BLPHL388
BLPH1210,BLPH389
BLPH1210,BLPH38732
BLPH1210,BLPH388
BLPH1210,BLPH38516
BLPH1210,BLPH387
BLPH1258,GFAT1E
BLPH1258,TMXK60
BLPH1258,FXK11
BLPH1258,SIMM170
BLPH1258,SGD4BR
BLPH1258,SGD8BR
BLPH1258,T72
BLPH1258,SRPCR3800
BLPH1258,PL400B
BLPH1258,FU8A
BLPH1414,BLPH14732
BLPH1414,BLPH1418
BLPH1414,BLPH14964
BLPH1414,BLPH14532
BLPH1414,BLPH126
BLPH1414,BLPH3838
BLPH1414,BLPH124
BLPH1414,BLPH125
BLPH1414,BLPT1427
BLPH1414,BLPT3850
LIL81200,SRP400B
LIL81200,SRP3B
LIL81200,1206GS
LIL81200,GLAS1F
LIL81200,TA3
LIL81200,GSAF1F
LIL81200,GFAT1E
LIL81200,A2A
LIL81200,SRPCR4700
LIL81200,SRPCR3800
GLOVEORIGPLUSL,GLOVE505RL
GLOVEORIGPLUSL,GLOVE309L
GLOVEORIGPLUSL,GLOVE300BL
GLOVEORIGPLUSL,GLASS90BYEAR
GLOVEORIGPLUSL,GLOVE1100L
GLOVEORIGPLUSL,SOSG01BKCL01
GLOVEORIGPLUSL,CLRPW75
GLOVEORIGPLUSL,ECFLD030
GLOVEORIGPLUSL,EECR5A
GLOVEORIGPLUSL,EARPLUGBAND
SEPACTEST,SIMM210
SEPACTEST,SIMM240
SEPACTEST,PPC103A
SEPACTEST,SGD6BR
SEPACTEST,PPC105LA
SEPACTEST,FXK3
SEPACTEST,SGD8BR
SEPACTEST,FXK6
SEPACTEST,ATECH3FR300B
SEPACTEST,SPBS24AR
SGDP63IRBG,SGDP64IRBR
SGDP63IRBG,PPB826A
SGDP63IRBG,212EFTAY
SGDP63IRBG,PK52A
SGDP63IRBG,OEXM7B
SGDP63IRBG,TW401
SGDP63IRBG,SGDTX90BR
SGDP63IRBG,SOEXM9
SGDP63IRBG,A91F
SGDP63IRBG,GA265A
SEPHDSETAOBA,BLPH1418
SEPHDSETAOBA,BLPH14316
SEPHDSETAOBA,BLPH14732
SEPHDSETAOBA,BLPH14964
SEPHDSETAOBA,BLPH1414
SEPHDSETAOBA,BLPH14532
SEPHDSETAOBA,BLPH3838
SEPHDSETAOBA,BLPH124
SEPHDSETAOBA,BLPH126
SEPHDSETAOBA,BLPH125
SEPKCAMETPCA,FHLF80A
SEPKCAMETPCA,PL400B
SEPKCAMETPCA,91ACP
SEPKCAMETPCA,SGASA204CR
SEPKCAMETPCA,PPC103A
SEPKCAMETPCA,SIMM150A
SEPKCAMETPCA,SGD2BR
SEPKCAMETPCA,47ACF
SEPKCAMETPCA,GFAT1E
SEPKCAMETPCA,SPBS18AR
SEPMG31KA,S6112
SEPMG31KA,B1467A
SEPMG31KA,S6110A
SEPMG31KA,S6111
SEPMG31KA,BT11
SEPMG31KA,SIMM240
SEPMG31KA,96ACF
SEPMG31KA,PPC103A
SEPMG31KA,SIMM210
SEPMG31KA,47ACF
SEPPMINP,SGD2BR
SEPPMINP,FXK3
SEPPMINP,SGDP42IRBR
SEPPMINP,FHLF80A
SEPPMINP,FXK11
SEPPMINP,ATECH3FR300B
SEPPMINP,PPC105LA
SEPPMINP,SIMM180
SEPPMINP,SGDX80BR
SEPPMINP,SGDP31IRBR
SEPPREENTRY,SIMM170
SEPPREENTRY,FXK3
SEPPREENTRY,PL400B
SEPPREENTRY,SPBS704AR
SEPPREENTRY,96ACF
SEPPREENTRY,SHD1R
SEPPREENTRY,SGD4BR
SEPPREENTRY,SIMM180
SEPPREENTRY,SGDP31IRBR
SEPPREENTRY,PPC4A
SEPPREHDA,FXK4
SEPPREHDA,FXK8
SEPPREHDA,FX1
SEPPREHDA,TMXK2
SEPPREHDA,FXK3
SEPPREHDA,FXK6
SEPPREHDA,SHD1R
SEPPREHDA,ATECH2FR125B
SEPPREHDA,SIMM210
SEPPREHDA,SGD2BR
SEPPROK1PCMA,FXK3
SEPPROK1PCMA,SIMM190
SEPPROK1PCMA,SGASA204CR
SEPPROK1PCMA,SIMM150A
SEPPROK1PCMA,PPC4A
SEPPROK1PCMA,TMXK2
SEPPROK1PCMA,SPBS8AR
SEPPROK1PCMA,96ACF
SEPPROK1PCMA,SGDP42IRBR
SEPPROK1PCMA,TMU8B
SEPU38TWA,QD3R250A
SEPU38TWA,QD1R200A
SEPU38TWA,GSAF1F
SEPU38TWA,FXK4
SEPU38TWA,FXK8
SEPU38TWA,FX1
SEPU38TWA,FXK11
SEPU38TWA,TMXK2
SEPU38TWA,FXK3
SEPU38TWA,FXK6
SNA-TBP14,KRSC430APBO1
SNA-TBP14,KRA2007FPBO
SNA-TBP14,KRA4107FPBO
SNA-TBP14,KRSC46HPBO
SNA-TBP14,KAERNADD6RD
SNA-TBP14,KWSP2455ABL
SNA-TBP14,YA389A
SNA-TBP14,KRA2407PBO
SNA-TBP14,KRSC343PBO
SNA-TBP14,PLRK30
SS5A,XS1416A
SS5A,XS1820A
SS5A,XS2226A
SS5A,VO2224B
SS5A,VO2628B
SS5A,VO1820B
SS5A,VO1012B
SS5A,VO1416B
SS5A,XS67A
SS5A,TM408
TB20AC,KAERNADD6RD
TB20AC,KCP2422PBO
TB20AC,PLRK27
TB20AC,KRBC100ABN
TB20AC,PLRK21
TB20AC,KRWT2411
TB20AC,KRA2411PBO
TB20AC,KRA2422PBO
TB20AC,KACKMCFIBER1
TB20AC,KRA6200FPBO
OFC86-16,IMM180
OFC86-16,IMM210
OFC86-16,IMM240
OFC86-16,IMM160A
OFC86-16,IMM150A
OFC86-16,IMM170A
OFC86-16,IMM190
OFC86-16,SIMM170
OFC86-16,BLPTHC87
OFC86-16,ATECH2FR125B
OFW4,OFW1
OFW4,SWM291
OFW4,OFW2
OFW4,SWM281
OFW4,AW1020DK
OFW4,2420A
OFW4,BCS70A
OFW4,AWM140DK
OFW4,SFSM7
OFW4,SIMM290
PKRS1,VGP12418
PKRS1,14V
PKRS1,VGP12808
PKRS1,BF775C-A
PKRS1,FTX60E
PKRS1,S6103A
PKRS1,S9614A
PKRS1,BF620C
PKRS1,A179A
PKRS1,YA109C
PBMMA5,PBMMS5
PBMMA5,PBMMB5
PBMMA5,PBMMA5R
PBMMA5,PBMMA5G
PBMMA5,PBMA5R
PBMMA5,PBMS5R
PBMMA5,PBMMB5R
PBMMA5,PBMMB5G
PBMMA5,PBMB5R
PBMMA5,786CF
PBMMB5G,PBMMA5G
PBMMB5G,PBMMS5G
PBMMB5G,PBMMS5O
PBMMB5G,PBMA5G
PBMMB5G,PBMMA5O
PBMMB5G,PBMMS5
PBMMB5G,PBMMA5R
PBMMB5G,SGAS102BG
PBMMB5G,PBMB5O
PBMMB5G,BHS13A
PK50A,YA109C
PK50A,14V
PK50A,BLPT1255
PK50A,BF775C-A
PK50A,A159
PK50A,OXIM7B
PK50A,A179A
PK50A,S9538A
PK50A,S6103A
PK50A,BLPT3850
PTIM5,222SFFSFR
PTIM5,SEPPROCORE2A
PTIM5,224SFFSMFR
PTIM5,PK52A
PTIM5,212EFTAY
PTIM5,SGD153BR
PTIM5,PT5C
PTIM5,SOEXM8
PTIM5,FZ7A
PTIM5,SGDMRC4-TM4
RBYAM605,RBYA605
RBYAM605,XLE605
RBYAM605,XBM605A
RBYAM605,PPN4050
RBYAM605,RD8
RBYAM605,MSKM10
RBYAM605,SR80A
RBYAM605,TN72
RBYAM605,AWMCG1600B
RBYAM605,FRW10
R2022C,R2428C
R2022C,R2830C
R2022C,R2426C
R2022C,R1618C
R2022C,R1214C
R2022C,R810C
R2022C,R1618SC
R2022C,F80FOD
R2022C,SGDMRC11A
R2022C,SGT4BR
R2428C,R2022C
R2428C,R1618C
R2428C,R1214C
R2428C,R810C
R2428C,R2830C
R2428C,R2426C
R2428C,R1011C
R2428C,R1012C
R2428C,R1618SC
R2428C,SG5ASABR
R2830C,R2426C
R2830C,R2022C
R2830C,R1618C
R2830C,R1214C
R2830C,R810C
R2830C,TMUS181A
R2830C,106TMUSA
R2830C,TMUS141A
R2830C,TMUS161A
R2830C,R2428C
KACKMCFIBER1,KACKFLTCLNR
KACKMCFIBER1,YA389A
KACKMCFIBER1,PLRK21
KACKMCFIBER1,PLRK30
KACKMCFIBER1,TB20AC
KACKMCFIBER1,KAERNADD6RD
KACKMCFIBER1,A277
KACKMCFIBER1,KRA2007FPBO
KACKMCFIBER1,KRWT2411
KACKMCFIBER1,KRA2422PBO
US710,SGDP42IRBR
US710,FXK3
US710,SIMM240
US710,47ACF
US710,SGASA204CR
US710,SIMM220
US710,PPC105LA
US710,FHLF80A
US710,TMXK2
US710,91ACP
UTV617A,UTV616A
UTV617A,QD1RN25B
UTV617A,208EFTAMXSY
UTV617A,FTXB55E
UTV617A,209EFTXBY
UTV617A,PPCL60BK
UTV617A,FTXB45E
UTV617A,FTXB50E
UTV617A,213AFLEY
UTV617A,UTV615A
VSC4KT,S61112
VSC4KT,AF102
VSC4KT,PWZ0A
VSC4KT,BTCP400
VSC4KT,112TMMSY
VSC4KT,TMMS5
VSC4KT,TMMS9
VSC4KT,TMMS6
VSC4KT,TR117O
VSC4KT,BTCP600
XDSG606K1,VGP12808
XDSG606K1,VGP12418
XDSG606K1,VGP12412
XDSG606K1,VGP12406
XDSG606K1,PKB52A
XDSG606K1,VGP104
XDSG606K1,A159
XDSG606K1,SGDXL80BR
XDSG606K1,AWMEF8K
XDSG606K1,AWEF9K
