item_sku,rec_sku
TMMS7,TMMS14
TMMS7,TMMS6
TMMS7,TMMS13
TMMS7,TMMS10
TMMS7,TMMS9
TMMS7,TMMS5.5
TMMS7,TMMS8
TMMS7,TMMS11
TMMS7,TMMS12
TMMS7,TMMS15
FTX40E,FTX45E
FTX40E,FTX50E
FTX40E,TTX8E
FTX40E,TTX10E
FTX40E,TTX20E
FTX40E,TTX25E
FTX40E,TTX15E
FTX40E,FAM8E
FTX40E,AW1020DK
FTX40E,S9704KR
HBBD16,HBBD32
HBBD16,HBBD8
HBBD16,HBFE16
HBBD16,PK52A
HBBD16,2004BSKA
HBBD16,VO806B
HBBD16,SOEXM8
HBBD16,AWS13
HBBD16,BTC3A
HBBD16,ST50A
STMM5.5,TMM5.5
STMM5.5,TMM13
STMM5.5,TMM9
STMM5.5,TMM14
STMM5.5,STMM6
STMM5.5,TMM6
STMM5.5,STMM15
STMM5.5,STMM5
STMM5.5,STMM13
STMM5.5,STMM10
AWTEFTP11K,PPC4A
AWTEFTP11K,47ACF
AWTEFTP11K,SGD4BR
AWTEFTP11K,SGDP42IRBR
AWTEFTP11K,FXK11
AWTEFTP11K,PPC103A
AWTEFTP11K,SIMM190
AWTEFTP11K,TMXK60
AWTEFTP11K,SRPCR3800
AWTEFTP11K,SPBS18AR
TPMB25,TPMB25EM
TPMB25,ECHDF042
TPMB25,EEPV509
TPMB25,FB303B
TPMB25,UTK100
TPMB25,BB9008
TPMB25,ECFB200BL
TPMB25,ACT83A
TPMB25,MTTL300
TPMB25,MRB5B
TMR4R,PK53A
TMR4R,TMS4E
TMR4R,HCP48BCF
TMR4R,TK72
TMR4R,110STMY
TMR4R,FADH12C
TMR4R,305ASX
TMR4R,TTX20E
TMR4R,STMD7
TMR4R,TTX10E
TMXM114,TMC109A
TMXM114,TMBS8A
TMXM114,GMB3042
TMXM114,PBMS5R
TMXM114,PHG1055BK
TMXM114,106TMUSA
TMXM114,LN46ACF
TMXM114,808CF
TMXM114,IP80D
TMXM114,HBFE32
IPDLM17A,IPSM21
IPDLM17A,IPLM21C
IPDLM17A,IPLM18C
IPDLM17A,IPLM19C
IPDLM17A,IPLM24C
IPDLM17A,IPLM17C
IPDLM17A,IPLM13C
IPDLM17A,106IPTMMA
IPDLM17A,207IPSFM
IPDLM17A,TLLF72
R404,TF275A
R404,AWMG9-7
R404,TC15A
R404,SEPPT850KA
R404,AWEFBH11K
R404,BT518
R404,TBS200A
R404,TF5A
R404,BTC7B
R404,OEX38B
SR80A,FR80
SR80A,TR72
SR80A,TRF72
SR80A,310SWMYA
SR80A,313SYA
SR80A,310TWMYA
SR80A,313SMYA
SR80A,313SWYA
SR80A,S261
SR80A,311IMFSY
SFSM11,SFSM16
SFSM11,SFSM17
SFSM11,SFSM18
SFSM11,SFSM19
SFSM11,SFSM15
SFSM11,SFSM8
SFSM11,SFSM13
SFSM11,SFSM9
SFSM11,212FSMY
SFSM11,AWCGT500
SGA173BR,SGA175BR
SGA173BR,SGA174BR
SGA173BR,SGA1710BR
SGA173BR,SGA1711BR
SGA173BR,SGA1712BR
SGA173BR,206EAU
SGA173BR,S9704KA
SGA173BR,PKNC150
SGA173BR,LP10WR
SGA173BR,SOEX707
313TWYA,313TSYA
313TWYA,313TSMYA
313TWYA,313TWMYA
313TWYA,TWM25
313TWYA,TW401
313TWYA,TWM26
313TWYA,TWM29
313TWYA,310SWMYA
313TWYA,TWM30
313TWYA,TW381
FHR80G,THR72
FHR80G,THL72
FHR80G,SH80A
FHR80G,FHBB12A
FHR80G,THRLX72
FHR80G,THLL72
FHR80G,SHL80A
FHR80G,SHLL80A
FHR80G,211FSSY
FHR80G,OXRM710A
F80,S80A
F80,206EAU
F80,317MSPC
F80,114ATMP
F80,FA12LE
F80,117TMM
F80,LP10WR
F80,107ATMPB
F80,211SFSY
F80,UIM225
SIMM170,SIMM190
SIMM170,SIMM220
SIMM170,SIMM210
SIMM170,SIMM180
SIMM170,SIMM200
SIMM170,SIMM240
SIMM170,SIMM230
SIMM170,SIMM160A
SIMM170,SIMM150A
SIMM170,SIM240
SHD4O,SHDP31IRR
SHD4O,SHDP42IRR
SHD4O,SHD2R
SHD4O,SHD6R
SHD4O,SHDP63IRR
SHD4O,SHD1R
SHD4O,10R
SHD4O,BF620C
SHD4O,8HR
SHD4O,313SYA
SGD6BG,SGD4BR
SGD6BG,SGDP31IRBR
SGD6BG,SGDP42IRBR
SGD6BG,SGD2BR
SGD6BG,SGD8BR
SGD6BG,SGDP64IRBR
SGD6BG,SGDP63IRBR
SGD6BG,OEXM6B
SGD6BG,PT28E
SGD6BG,SN18B
FM10,FM12
FM10,FM14
FM10,FM19
FM10,FM11
FM10,FM17
FM10,FM15
FM10,FM16
FM10,218AFSP
FM10,SWM271
FM10,SW261
AWBMXL9,AWBXL13
AWBMXL9,AWBPH13
AWBMXL9,BHS13A
AWBMXL9,BHM9A
AWBMXL9,THRLX72
AWBMXL9,SW261
AWBMXL9,SW141A
AWBMXL9,SW221
AWBMXL9,SW181A
AWBMXL9,SW281
CGRS865K2,CTB8174
CGRS865K2,CT9080K2
CGRS865K2,AT118
CGRS865K2,DBBPT13
CGRS865K2,PTGR100
CGRS865K2,MG725A
CGRS865K2,CTR862DB
CGRS865K2,PTB32K
CGRS865K2,MG325
CGRS865K2,PSO4525
KAC1224TCA,FA12LE
KAC1224TCA,FAML6E
KAC1224TCA,SA16E
KAC1224TCA,GF22
KAC1224TCA,SAM19E
KAC1224TCA,206EFABL
KAC1224TCA,RC980
KAC1224TCA,209EFTXBY
KAC1224TCA,208FRDH
KAC1224TCA,9100GSO
FTA35,STA35
FTA35,TTA35
FTA35,SRES28
FTA35,208FRDH
FTA35,FRW10
FTA35,TKF72
FTA35,808CF
FTA35,HBFE24
FTA35,SGA173BR
FTA35,HBBD32
GLASS50R,GLOVE900LR
GLASS50R,GLOVEORIGPLUSL
GLASS50R,RULER602
GLASS50R,GLOVE300BL
GLASS50R,EARPLUGBAND
GLASS50R,SOSG01BKCL01
GLASS50R,GLOVE1100L
GLASS50R,AT4124
GLASS50R,AT4135
GLASS50R,ACT1290A
SHDX80G,AWM110DHK
SHDX80G,AC5C
SHDX80G,2004BSKA
SHDX80G,PK53A
SHDX80G,AW1015DHK
SHDX80G,FTX60E
SHDX80G,PT5C
SHDX80G,BP16B
SHDX80G,GA295
SHDX80G,HSG319
VO806B,S281
VO806B,VO3032B
VO806B,DS809K
VO806B,107ATMPB
VO806B,ST50A
VO806B,SWM291
VO806B,SWM301
VO806B,SWM251
VO806B,SN15B
VO806B,307ESAY
PTGR110,PTGR100
PTGR110,PTC250
PTGR110,PDR3000A
PTGR110,PSO4625
PTGR110,PTR2500
PTGR110,PTR2505
PTGR110,VWB8B
PTGR110,PTGR450
PTGR110,PTR72
PTGR110,PT338
TW181A,TW281
TW181A,TW221
TW181A,TW161A
TW181A,TW261
TW181A,TW321
TW181A,TW141A
TW181A,TW301
TW181A,TW201
TW181A,TWM29
TW181A,TW401
TA27,TPGDL2000
TA27,ECPNI032R
TA27,UTK100
TA27,SVTSRAD272U
TA27,JCK7DBL
TA27,EECT200
TA27,IM1PT
TA27,EEPV500
TA27,JT13B
TA27,YA4000B
F80MP,FZ80
F80MP,210RAFSMA
F80MP,TRSLF72
F80MP,112RTMA
F80MP,SX80B
F80MP,86EP
F80MP,FRW10
F80MP,TK72
F80MP,TX72
F80MP,112RTSMA
KRA2422PWZ,PLRK21
KRA2422PWZ,KACKMCFIBER1
KRA2422PWZ,KRA2422PBO
KRA2422PWZ,KWSN2455AST
KRA2422PWZ,KRWT2411
KRA2422PWZ,KWSP2455ABL
KRA2422PWZ,KWSN2455ABL
KRA2422PWZ,KWSP2455AST
KRA2422PWZ,KCP1422PBO
KRA2422PWZ,KRA2411PBO
FM18,FM19
FM18,FM15
FM18,FM16
FM18,FM11
FM18,SW141A
FM18,SW181A
FM18,SW241
FM18,FM12
FM18,FM17
FM18,PKNC200
CSSD1G,CSSD50R
CSSD1G,CSA14CR
CSSD1G,PKWSS53A
CSSD1G,CSA12CR
CSSD1G,SGAS102BG
CSSD1G,XFR704
CSSD1G,PHP1A
CSSD1G,HBBT16
CSSD1G,IPL20C
CSSD1G,IPL36C
AWCGT7,T72
AWCGT7,GFAT1E
AWCGT7,ATECH3FR300B
AWCGT7,SRPCR4700
AWCGT7,FU8A
AWCGT7,PL400B
AWCGT7,SIMM240
AWCGT7,A2A
AWCGT7,SIMM210
AWCGT7,SHD1R
BRHC2PK,BTCP400
BRHC2PK,BCS70A
BRHC2PK,BTCP600
BRHC2PK,S6111
BRHC2PK,SGA102BR
BRHC2PK,SGA1714B
BRHC2PK,REX25C
BRHC2PK,ASGP102BR
BRHC2PK,612AEP
BRHC2PK,YA824C
FMAS,SGDP31IRBR
FMAS,TMXK4
FMAS,SPBS8AR
FMAS,FHLF80A
FMAS,SPBS18AR
FMAS,SGD8BR
FMAS,FXK3
FMAS,ATECH2FR125B
FMAS,SIMM240
FMAS,SGDP42IRBR
TMA4E,TMA4.5E
TMA4E,TMA5E
TMA4E,XS2024A
TMA4E,XS1416A
TMA4E,XS1012A
TMA4E,XS2226A
TMA4E,XS1618A
TMA4E,VO2628B
TMA4E,TM84
TMA4E,SGDE215ESD
BB9008KIT,UTK100
BB9008KIT,GLASS30R
BB9008KIT,FB361A
BB9008KIT,YAKS42
BB9008KIT,EECT900
BB9008KIT,FB316B
BB9008KIT,TPGDL2000
BB9008KIT,ECSPH271
BB9008KIT,TDG2
BB9008KIT,EECT200
A3042,A3046
A3042,GMB3042
A3042,F12LB
A3042,B1458C
A3042,B1467A
A3042,PPC715BK
A3042,TQSG3F250
A3042,BOERM712
A3042,PPC204A
A3042,TMM4
CTR817GK2,PSO4625
CTR817GK2,PH3050BR
CTR817GK2,DB129C
CTR817GK2,CTB8174
CTR817GK2,PT850
CTR817GK2,CTR862DB
CTR817GK2,CTR867AK2
CTR817GK2,PTC250
CTR817GK2,AT2050
CTR817GK2,CTS561CHUCK
F081,F101
F081,F181
F081,F141
F081,F281
F081,F261
F081,F121
F081,F201
F081,F221
F081,F241
F081,VO1012B
210FRXM,BTCP2SA
210FRXM,PBMP703A
210FRXM,PBS704
210FRXM,BDGPL300HG
210FRXM,SRPCR112
210FRXM,212FSMSY
210FRXM,IPLM15C
210FRXM,1650
210FRXM,IPLM21C
210FRXM,HBFE103
QD1R200A,QD2R1000A
QD1R200A,BPPC1878
QD1R200A,SS5A
QD1R200A,RC980
QD1R200A,CSA12CR
QD1R200A,PT28E
QD1R200A,TMMD11
QD1R200A,TMMD8
QD1R200A,TMMD5.5
QD1R200A,TMMD10
TNF72,TX72
TNF72,TN72
TNF72,TMR4
TNF72,XO605
TNF72,OXI707BK
TNF72,TMS70A
TNF72,TKF72
TNF72,112RTMA
TNF72,106ATMXW
TNF72,111STMMDY
QD2RN100A,QD1RN25B
QD2RN100A,QD3RN350A
QD2RN100A,SL80A
QD2RN100A,FL80
QD2RN100A,SN24C
QD2RN100A,208EFTAMXSY
QD2RN100A,TTX8E
QD2RN100A,TTX20E
QD2RN100A,FAM8E
QD2RN100A,212EFTXY
PL5ESWIRESTRIP,SGTT110B
PL5ESWIRESTRIP,SGTT6B
PL5ESWIRESTRIP,PTM30
PL5ESWIRESTRIP,SGTT9B
PL5ESWIRESTRIP,SGTT3B
PL5ESWIRESTRIP,SGTT7B
PL5ESWIRESTRIP,SGTT4B
PL5ESWIRESTRIP,PL803A
PL5ESWIRESTRIP,PBMP703A
PL5ESWIRESTRIP,PPCSG710
TW361,TW321
TW361,TW281
TW361,TW261
TW361,TW301
TW361,TW221
TW361,TW341
TW361,TW201
TW361,BHS7A
TW361,TWM25
TW361,313TWMYA
KRSC4130PBO,KRA2411PBO
KRSC4130PBO,KRSC430APBO1
KRSC4130PBO,KRA6200FPBO
KRSC4130PBO,KRA4810FPBO
KRSC4130PBO,KAERNADD6RD
KRSC4130PBO,KRSC430APBO7
KRSC4130PBO,KWSN2455AST
KRSC4130PBO,KACKMCFIBER1
KRSC4130PBO,KCP2422PBO
KRSC4130PBO,KA2422SETPJH
314SCOA,IPL38C
314SCOA,VS814A
314SCOA,211FCOA
314SCOA,210FCOMA
314SCOA,312IPL
314SCOA,IPL26C
314SCOA,IPL32C
314SCOA,IPL16C
314SCOA,SRPCR112
314SCOA,312IPLM
VWB4B,AT425R
VWB4B,DB121C
VWB4B,AT2050
VWB4B,CTDFL861
VWB4B,CTC772A
VWB4B,DBBPT13
VWB4B,CTB8174
VWB4B,PTR2500
VWB4B,CTR861AK2
VWB4B,PTR72
SGDX40BR,RBM1011SC
SGDX40BR,PKWLR53A
SGDX40BR,TW461
SGDX40BR,S9711KA
SGDX40BR,CSA12CR
SGDX40BR,BTC7B
SGDX40BR,TMMD5
SGDX40BR,TMMD6
SGDX40BR,TMMD7
SGDX40BR,TMMD10
FHLL80,SHLL80A
FHLL80,THLL72
FHLL80,FHL80
FHLL80,SHN36
FHLL80,SH80A
FHLL80,THL72
FHLL80,PWZ4
FHLL80,OEXLM710B
FHLL80,111TMUSMA
FHLL80,PBMP703A
TMMS8,TMMS10
TMMS8,TMMS12
TMMS8,TMMS7
TMMS8,TMMS14
TMMS8,TMMS13
TMMS8,TMMS6
TMMS8,TMMS9
TMMS8,TMMS15
TMMS8,TMMS11
TMMS8,TMMS4
SRPCR107,BDGPL300HG
SRPCR107,PPC715BK
SRPCR107,PWZ4
SRPCR107,SRP2A
SRPCR107,CJ2001P
SRPCR107,E1020
SRPCR107,OEXM250B
SRPCR107,IPL28C
SRPCR107,IPL36C
SRPCR107,SGASA104BR
FHNF100,SGDP42IRBR
FHNF100,PL400B
FHNF100,T72
FHNF100,SIMM180
FHNF100,47ACF
FHNF100,SGASA204CR
FHNF100,FHLF80A
FHNF100,FXK11
FHNF100,SPBS18AR
FHNF100,GFAT1E
14V12,14V12
14V12,VGP12412
14V12,VGP12406
14V12,BF775C-A
14V12,SGHBF500A
14V12,SGHF616BR
14V12,8R
14V12,10MA
14V12,14V
14V12,VGP12808
EEJP1224,GA296B
EEJP1224,RULER601
EEJP1224,EEDM525F
EEJP1224,EEDM503D
EEJP1224,EEPV509
EEJP1224,EEPV500
EEJP1224,BLP18HVLP
EEJP1224,BLP13HVLP
EEJP1224,BF555
EEJP1224,ECHDD012A
AWS13-8,SGDP42IRBR
AWS13-8,SPBS704AR
AWS13-8,47ACF
AWS13-8,TMXK4
AWS13-8,GFAT1E
AWS13-8,TMXK2
AWS13-8,FXK6
AWS13-8,BLPTHC87
AWS13-8,T72
AWS13-8,FXK11
110TMY,110STMY
110TMY,211FSY
110TMY,112TMMY
110TMY,313TWYA
110TMY,BHS7A
110TMY,AWBPH13
110TMY,PTIM5
110TMY,FS201
110TMY,TWM25
110TMY,FS161
YA4608,FB361A
YA4608,TDG2
YA4608,TPGDL2000
YA4608,MAGMAT
YA4608,EEPV500
YA4608,EEDM525F
YA4608,GA296B
YA4608,AT4101
YA4608,ECPRA072
YA4608,TDG1
212IMFYA,212SIMFYA
212IMFYA,210IMFSYA
212IMFYA,214IMFMYA
212IMFYA,BLPTE3814
212IMFYA,SOEX38
212IMFYA,BLPTE3812
212IMFYA,AWP160
212IMFYA,IM180A
212IMFYA,IM140A
212IMFYA,IM160A
HBFE48G,HBFE24
HBFE48G,2050
HBFE48G,PK52A
HBFE48G,PPB826A
HBFE48G,SR40K
HBFE48G,BTC7B
HBFE48G,AWMG9
HBFE48G,317MPC
HBFE48G,111TMMDY
HBFE48G,TMMD11
SGDEP20ESD,SGDE225ESD
SGDEP20ESD,SGDE220ESD
SGDEP20ESD,SGDEP200ESD
SGDEP20ESD,SGDE215ESD
SGDEP20ESD,SGDE230ESD
SGDEP20ESD,TMU161A
SGDEP20ESD,TMU101A
SGDEP20ESD,ADCF8
SGDEP20ESD,AWP45
SGDEP20ESD,TMA4E
PBMB5G,PBMS5R
PBMB5G,PBMB5O
PBMB5G,PBMA5R
PBMB5G,PBMA5
PBMB5G,PBMA5G
PBMB5G,PBMMA5R
PBMB5G,PBMMS5O
PBMB5G,PBMMS5G
PBMB5G,PTM2
PBMB5G,SDDDM1AR
KRSC326FPJJ,KRA2007FPBO
KRSC326FPJJ,KA2422SETPJJ
KRSC326FPJJ,TB20AC
KRSC326FPJJ,KRSC430APBO7
KRSC326FPJJ,KRA4813FPBO
KRSC326FPJJ,SNA-TBP14
KRSC326FPJJ,KRSC430APBO1
KRSC326FPJJ,KWSN2455AST
KRSC326FPJJ,KWSP2455ABL
KRSC326FPJJ,KASS13
PCSG816,PCSG820
PCSG816,PPSG106
PCSG816,PPSG203
PCSG816,PPSG205
PCSG816,PPSG105
PCSG816,PCSG812
PCSG816,PPSG4
PCSG816,PPSG103
PCSG816,110TMY
PCSG816,206AFX
9100GSO,FABLM5E
9100GSO,FRX181
9100GSO,SA16E
9100GSO,FAML6E
9100GSO,KAC1224TCA
9100GSO,TW481
9100GSO,STX70E
9100GSO,RC980
9100GSO,TW401
9100GSO,FTXB45E
SGDMRC108A,WTG10A
SGDMRC108A,WTG8A
SGDMRC108A,ST50A
SGDMRC108A,DPT7A
SGDMRC108A,OXIM7B
SGDMRC108A,BF775C-A
SGDMRC108A,SDMEXT19K
SGDMRC108A,FTX60E
SGDMRC108A,BLPBTW4
SGDMRC108A,A161B
CSA8CR,PK23A
CSA8CR,PRH57A
CSA8CR,SOEX38
CSA8CR,PKNC150
CSA8CR,FA12LE
CSA8CR,GF22
CSA8CR,114ATMP
CSA8CR,FRX181
CSA8CR,AWM110DHK
CSA8CR,AWM110DK
AWBMCG1602,A2A
AWBMCG1602,ATECH2FR125B
AWBMCG1602,FU8A
AWBMCG1602,SHD1R
AWBMCG1602,SIMM210
AWBMCG1602,FXK6
AWBMCG1602,SGD4BR
AWBMCG1602,47ACF
AWBMCG1602,91ACP
AWBMCG1602,SRPCR4700
XS67A,XS810A
XS67A,VO1416B
XS67A,XS1214A
XS67A,VO1012B
XS67A,XS1618A
XS67A,XS1012A
XS67A,TM408
XS67A,SGDEL10ESD
XS67A,TM412
XS67A,TMC104E
EECT400BL,EECT400
EECT400BL,TIF160
EECT400BL,CAL6DA
EECT400BL,ECFLD030
EECT400BL,EEDM503D
EECT400BL,TPM16
EECT400BL,FB360C
EECT400BL,OC5A
EECT400BL,GA460B
EECT400BL,PGP50
EECT400O,EECT400
EECT400O,TIF160
EECT400O,CAL6DA
EECT400O,ECFLD030
EECT400O,EEDM503D
EECT400O,TPM16
EECT400O,FB360C
EECT400O,OC5A
EECT400O,GA460B
EECT400O,PGP50
AWMG9-3,FX1
AWMG9-3,FXK6
AWMG9-3,SIMM160A
AWMG9-3,SPBS12AR
AWMG9-3,SIMM150A
AWMG9-3,ATECH3FR300B
AWMG9-3,TMU8B
AWMG9-3,ATECH2FR125B
AWMG9-3,PPC4A
AWMG9-3,SPBS18AR
PKN4,FU8A
PKN4,SGD4BR
PKN4,FXK11
PKN4,SIMM170
PKN4,TMXK60
PKN4,SHD1R
PKN4,SGD6BR
PKN4,A2A
PKN4,SGDX80BR
PKN4,PPC103A
KRA4114FPBO,KRA4107FPBO
KRA4114FPBO,KRA4813FPBO
KRA4114FPBO,KA2422SETPJH
KRA4114FPBO,KRSC326FPBO
KRA4114FPBO,KCP1422PBO
KRA4114FPBO,YA438B
KRA4114FPBO,KAERNADD6RD
KRA4114FPBO,KRSC430APBO1
KRA4114FPBO,KCP2422PBO
KRA4114FPBO,KRA2422PBO
PBN11,PBN10
PBN11,SIMM180
PBN11,FX1
PBN11,SPBS12AR
PBN11,SGDX80BR
PBN11,SGD6BR
PBN11,SHD1R
PBN11,SGD2BR
PBN11,SIMM220
PBN11,SIMM160A
PBN12,TMMDS5.5
PBN12,TMMDS13
PBN12,TMMDS6
PBN12,TWM17
PBN12,TWM18
PBN12,TMMDS10
PBN12,TWM21
PBN12,TWM23
PBN12,TWM24
PBN12,TWM20
AWCGT40,AWCGT30
AWCGT40,AWCGT27
AWCGT40,AWCGT500
AWCGT40,AWCGT45
AWCGT40,AWCG1600B
AWCGT40,AWMCG1600B
AWCGT40,AWCGT25
AWCGT40,PL400B
AWCGT40,SIMM220
AWCGT40,SGASA204CR
AWMXL10-2,FXK11
AWMXL10-2,SGD2BR
AWMXL10-2,BLPTHC87
AWMXL10-2,FHLF80A
AWMXL10-2,SGDP31IRBR
AWMXL10-2,SIMM150A
AWMXL10-2,SPBS18AR
AWMXL10-2,SHD1R
AWMXL10-2,91ACP
AWMXL10-2,PL400B
KRA4008FPBO,KCP1422PBO
KRA4008FPBO,KWSP2455AST
KRA4008FPBO,KRSC2460PWZ7
KRA4008FPBO,KACKMCFIBER1
KRA4008FPBO,YA389A
KRA4008FPBO,KWSN2455ABL
KRA4008FPBO,KRSC430APBO7
KRA4008FPBO,KASS13
KRA4008FPBO,A277
KRA4008FPBO,KCP2422PBO
KRA4008FPCM,YA450B
KRA4008FPCM,KWSP2455AST
KRA4008FPCM,A277
KRA4008FPCM,KCP1422PBO
KRA4008FPCM,KRBC100ABN
KRA4008FPCM,KWSN2455ABL
KRA4008FPCM,PLRK21
KRA4008FPCM,KRA4114FPBO
KRA4008FPCM,KWSP2455ABL
KRA4008FPCM,KRA2422PBO
CTGR-CW50,CTS561CHUCK
CTGR-CW50,AT109
CTGR-CW50,PTGR110
CTGR-CW50,PT850
CTGR-CW50,CT825DB
CTGR-CW50,DBTB121
CTGR-CW50,CTDFL861
CTGR-CW50,CTB8174
CTGR-CW50,PTC250
CTGR-CW50,CTB8187
317MPC,206AFSA
317MPC,SRP3A
317MPC,SEPPROCORE2A
317MPC,218AFP
317MPC,SW421
317MPC,SW401
317MPC,SW381
317MPC,SEPPROCORE1A
317MPC,AWM140DK
317MPC,DS806AK
218AFP,317MPC
218AFP,DS806AK
218AFP,SRP3A
218AFP,SW421
218AFP,AWM140DK
218AFP,SGDP64IRBR
218AFP,PT28E
218AFP,R1618SC
218AFP,SW261
218AFP,PPB1002A
BTK5,2004BSKA
BTK5,BCS70A
BTK5,10R
BTK5,HBPT24
BTK5,2005BSKA
BTK5,PKNC125C2
BTK5,TF5A
BTK5,OEXM7B
BTK5,SN25A
BTK5,PK500A
SL80A,AWEF6K
SL80A,SWM261
SL80A,SWM251
SL80A,2420A
SL80A,218AFSP
SL80A,AWMEF8K
SL80A,OEXM6B
SL80A,AW1020DK
SL80A,TMMD12
SL80A,TMMD6
KRSC2460POT7,KRSC343PBO
KRSC2460POT7,KRSC430APBO1
KRSC2460POT7,KRSC326FPBO
KRSC2460POT7,KAERNADD6RD
KRSC2460POT7,KCP2422PBO
KRSC2460POT7,KRA4008FPBO
KRSC2460POT7,PLRK30
KRSC2460POT7,KRSC46HPBO
KRSC2460POT7,KRA2007FPBO
KRSC2460POT7,KRA2422PBO
TMXK60,TMXK110
TMXK60,XS1618A
TMXK60,TMX1
TMXK60,VO2224B
TMXK60,VO1416B
TMXK60,VO1820B
TMXK60,VO1012B
TMXK60,SGDEL10ESD
TMXK60,TM65
TMXK60,PPC905B
206ESSPKPLG2,A129
206ESSPKPLG2,A127
206ESSPKPLG2,SGD155CR
206ESSPKPLG2,BTG9
206ESSPKPLG2,B1461
206ESSPKPLG2,FRW10
206ESSPKPLG2,BT11
206ESSPKPLG2,B1356E
206ESSPKPLG2,PPC204A
206ESSPKPLG2,BTCP500
TMMD11,TMMD12
TMMD11,TMMD9
TMMD11,TMMD6
TMMD11,111STMMDY
TMMD11,SR40K
TMMD11,2420A
TMMD11,TF5A
TMMD11,SOEX40
TMMD11,B3404B
TMMD11,S9704KR
TMU141A,TMU161A
TMU141A,TMU181A
TMU141A,TMU121A
TMU141A,TMU81B
TMU141A,XS1416A
TMU141A,XS1618A
TMU141A,XS67A
TMU141A,SGDEP200ESD
TMU141A,VO1012B
TMU141A,VO1820B
SLX80A,309SIMYA
SLX80A,SS5A
SLX80A,IM220
SLX80A,IM240
SLX80A,313TWYA
SLX80A,SRPCR105
SLX80A,BOERM712
SLX80A,SIM160A
SLX80A,SIM180A
SLX80A,313SWYA
SW201,SW141A
SW201,SW221
SW201,SW241
SW201,SW161A
SW201,SW181A
SW201,S321
SW201,SW301
SW201,SW281
SW201,SW321
SW201,SWM261
TL72,FL80
TL72,SL80A
TL72,AF102
TL72,214SFY
TL72,PPB30AK
TL72,2005BSKA
TL72,R404
TL72,SGDMRC11A
TL72,84CF
TL72,SLL80A
91ACP,47ACF
91ACP,96ACF
91ACP,317MSPC
91ACP,FRX181
91ACP,PK53A
91ACP,206EAU
91ACP,KAC1224TCA
91ACP,SN25A
91ACP,HD6529
91ACP,317AMMPC
PALMRAT,FZ80
PALMRAT,HD6529
PALMRAT,STX70E
PALMRAT,RAF80A
PALMRAT,FHOF80A
PALMRAT,GF22
PALMRAT,FAML6E
PALMRAT,FK80
PALMRAT,TRX72
PALMRAT,SGTT110B
FHR80,THR72
FHR80,THL72
FHR80,SH80A
FHR80,FHBB12A
FHR80,FHOF80A
FHR80,120STTM
FHR80,211FSSY
FHR80,THNF72
FHR80,TR72
FHR80,OXRM710A
112TMMDSY,TMMD5.5
112TMMDSY,111STMMDY
112TMMDSY,111TMMDY
112TMMDSY,BCS70A
112TMMDSY,110TMSY
112TMMDSY,313SMYA
112TMMDSY,TMMD11
112TMMDSY,TMMD12
112TMMDSY,TMMD9
112TMMDSY,TMMD10
SFSM21,SFSM20
SFSM21,SFSM6
SFSM21,SFSM7
SFSM21,STMM4.5
SFSM21,STMM4
SFSM21,FSM71
SFSM21,TMM4.5
SFSM21,TMM16
SFSM21,BOERM21
SFSM21,AWBPH13
AWTR8-2,TMXK2
AWTR8-2,FU8A
AWTR8-2,SGDP31IRBR
AWTR8-2,FXK11
AWTR8-2,SIMM200
AWTR8-2,FHLF80A
AWTR8-2,SIMM240
AWTR8-2,SGD6BR
AWTR8-2,BLPTHC87
AWTR8-2,ATECH3FR300B
IPL16C,IPL24C
IPL16C,IPL36C
IPL16C,205IPF
IPL16C,IPL32C
IPL16C,IPL38C
IPL16C,IPL18C
IPL16C,IPL40C
IPL16C,312IPLM
IPL16C,IPLM10C
IPL16C,IPLM16C
ACTUVINJKTB,EECT200
ACTUVINJKTB,EEBC30A12V
ACTUVINJKTB,ECPRA072
ACTUVINJKTB,ECHDD012A
ACTUVINJKTB,ECHDD012AR
ACTUVINJKTB,MTTL800
ACTUVINJKTB,UTK100
ACTUVINJKTB,SVTS272A
ACTUVINJKTB,TDG2
ACTUVINJKTB,GLASS50R
SIM200,SIM220
SIM200,SIM300
SIM200,SIM180A
SIM200,SIM320
SIM200,SIM360
SIM200,SIM280
SIM200,SIM160A
SIM200,IM180A
SIM200,IM240
SIM200,SOEX38
SGDMRC4A,SGDMRC4-TM4
SGDMRC4A,SGDMRCE44
SGDMRC4A,SGDMRC11A
SGDMRC4A,SDMT20D
SGDMRC4A,SDMT10D
SGDMRC4A,SDMT25D
SGDMRC4A,SDM400A
SGDMRC4A,BTWSMPK
SGDMRC4A,STMD7
SGDMRC4A,STMD8
SGDEL10ESD,TM62B
SGDEL10ESD,XS1820A
SGDEL10ESD,XS1618A
SGDEL10ESD,XS1214A
SGDEL10ESD,VO1820B
SGDEL10ESD,VO3032B
SGDEL10ESD,XS810A
SGDEL10ESD,TM412
SGDEL10ESD,TM65
SGDEL10ESD,TM82
AWXL13-5/32,SGD4BR
AWXL13-5/32,FU8A
AWXL13-5/32,F80
AWXL13-5/32,ATECH2FR125B
AWXL13-5/32,PPC103A
AWXL13-5/32,96ACF
AWXL13-5/32,FXK6
AWXL13-5/32,SIMM210
AWXL13-5/32,FX1
AWXL13-5/32,SRPCR3800
OEX11B,OEX8B
OEX11B,OEX10B
OEX11B,PKN9
OEX11B,SGDEP20ESD
OEX11B,SGDEP21ESD
OEX11B,TMU181A
OEX11B,ACT1370
OEX11B,PKNC200
OEX11B,YA2020
OEX11B,AW1015DHK
PBN5,XLE605
PBN5,WHM1
PBN5,TMR4
PBN5,PBN1
PBN5,BLPHSM145
PBN5,BLPHSM148
PBN5,BLPHL3810
PBN5,BLPHL388
PBN5,IMSLEPL240
PBN5,SX24
PBN15,RBM1618C
PBN15,BLPTS1420
PBN15,RBM1719C
PBN15,PBN10
PBN15,PBN500
PBN15,SPBS8AR
PBN15,SPBS18AR
PBN15,SPBS704AR
PBN15,SPBS12AR
PBN15,SGASA204CR
95ACF,SGDE230ESD
95ACF,SGDE225ESD
95ACF,PBN2
95ACF,SGDEP21ESD
95ACF,GA53A
95ACF,TMU121A
95ACF,TMU81B
95ACF,TMU161A
95ACF,TMU101A
95ACF,AD6C
MAGDISHGR,MAGMAT
MAGDISHGR,MAGTRAY
MAGDISHGR,MAGMICRO
MAGDISHGR,MAGMINI
MAGDISHGR,MAGSTRIP
MAGDISHGR,CLRPW75
MAGDISHGR,MRB5B
MAGDISHGR,GLOVE300BL
MAGDISHGR,ECPNI032R
MAGDISHGR,FB336
MAGDISHHV,MAGMAT
MAGDISHHV,MAGTRAY
MAGDISHHV,MAGMICRO
MAGDISHHV,MAGMINI
MAGDISHHV,MAGSTRIP
MAGDISHHV,CLRPW75
MAGDISHHV,MRB5B
MAGDISHHV,JCW80AR
MAGDISHHV,GLOVEORIGPLUSL
MAGDISHHV,JCK8
111TMMDY,111STMMDY
111TMMDY,BTC7B
111TMMDY,SR40K
111TMMDY,AWMG9
111TMMDY,2420A
111TMMDY,AC58E
111TMMDY,SOEX38
111TMMDY,PT28E
111TMMDY,AWP160
111TMMDY,S9704KR
HBBD8,PPC905B
HBBD8,PKRS1
HBBD8,BOERM22
HBBD8,PPSG105
HBBD8,PPSG103
HBBD8,131TMPB
HBBD8,PPCL60BK
HBBD8,PPSG106
HBBD8,PPSG4
HBBD8,BF620C
TMX1,SX2
TMX1,TMXK110
TMX1,TMXK2
TMX1,FXK4
TMX1,TMXK4
TMX1,FXK8
TMX1,FX1
TMX1,TMA4.5E
TMX1,TMA5E
TMX1,103UFTS
AWM7D,T72
AWM7D,SGASA204CR
AWM7D,SPBS18AR
AWM7D,SIMM200
AWM7D,SIMM210
AWM7D,TMXK60
AWM7D,GFAT1E
AWM7D,FU8A
AWM7D,PPC103A
AWM7D,SGDP31IRBR
1210B,TWM31
1210B,1512B
1210B,TWM29
1210B,VGP12412
1210B,311IMFSY
1210B,A91F
1210B,TWM28
1210B,TMC105E
1210B,206AFSA
1210B,TWM27
IPSM18,IPSM21
IPSM18,IPSM22
IPSM18,IPLM21C
IPSM18,IPLM12C
IPSM18,IPLM24C
IPSM18,IPLM13C
IPSM18,IPLM11C
IPSM18,IPLM10C
IPSM18,207IPSFM
IPSM18,IPLM14C
FB307RNB,FB307RNB
FB307RNB,GA3634A
FB307RNB,EECT424HD
FB307RNB,FB336
FB307RNB,SVTA9100
FB307RNB,AT4124
FB307RNB,AT4135
FB307RNB,SVTS264
FB307RNB,EEDM596FK
FB307RNB,MTEE6
212FMY,212SFMY
212FMY,313SWYA
212FMY,218AFSP
212FMY,SWM251
212FMY,10SSD
212FMY,SWM261
212FMY,AWM110DK
212FMY,218AFP
212FMY,SWM271
212FMY,RC980
SRPCR105,SW421
SRPCR105,BOER708
SRPCR105,SRP3A
SRPCR105,BOERM712
SRPCR105,AWMG9
SRPCR105,PT28E
SRPCR105,206EAU
SRPCR105,218AFP
SRPCR105,AWS13
SRPCR105,SS5A
KRA2422PBO,YA389A
KRA2422PBO,TB40C
KRA2422PBO,KRA2422PBO
KRA2422PBO,KWSN2455AST
KRA2422PBO,KRWT2411
KRA2422PBO,KWSP2455ABL
KRA2422PBO,KWSN2455ABL
KRA2422PBO,KWSP2455AST
KRA2422PBO,KCP1422PBO
KRA2422PBO,KRA2411PBO
PPC110A,PPC5A
PPC110A,PPC208A
PPC110A,AWM140DK
PPC110A,AWMBPH9
PPC110A,317MSPC
PPC110A,BLPPB704
PPC110A,SFSM21
PPC110A,TMU181A
PPC110A,AD10C
PPC110A,SW341
TWM26,TWM28
TWM26,TWM29
TWM26,TWM31
TWM26,TWM30
TWM26,TWM32
TWM26,TW461
TWM26,206AFSA
TWM26,TW381
TWM26,TMC105E
TWM26,S261
AW8D,10SSD
AW8D,OEX11B
AW8D,AW5D
AW8D,AW7D
AW8D,AW4D
AW8D,AW4-1/2D
AW8D,AW6D
AW8D,AW12D
AW8D,AW10D
AW8D,FSM71
AWS13-4,SHDP42IRR
AWS13-4,AWBCG1608
AWS13-4,AWBCG1612
AWS13-4,SGASA204CR
AWS13-4,PL400B
AWS13-4,TMXK2
AWS13-4,SGDP42IRBR
AWS13-4,TMXK4
AWS13-4,91ACP
AWS13-4,ATECH2FR125B
SPBS704AG,317AMMPC
SPBS704AG,UIM225
SPBS704AG,UPT35
SPBS704AG,LP10WR
SPBS704AG,206EAU
SPBS704AG,117TMM
SPBS704AG,HBBD24
SPBS704AG,207EFAMY
SPBS704AG,SFSM16
SPBS704AG,SFSM9
BF555,MAGDISH
BF555,ECPNH012
BF555,BF555
BF555,BLP14HVLP
BF555,BLP13HVLP
BF555,BLP18HVLP
BF555,JT13B
BF555,EARPLUGBAND
BF555,UTK100
BF555,GA296B
KCP1422POT,KWSN2455ABL
KCP1422POT,KWSN2455AST
KCP1422POT,KWSP2455AST
KCP1422POT,KWSP2455ABL
KCP1422POT,KRWT2411
KCP1422POT,KCP2422PBO
KCP1422POT,TB40C
KCP1422POT,KRA2407PBO
KCP1422POT,KACKMCFIBER1
KCP1422POT,KRA4810FPBO
OXIM8B,OXIM9B
OXIM8B,OXIM7B
OXIM8B,OEXM9B
OXIM8B,OXIM710B
OXIM8B,OXI707BK
OXIM8B,OXIM6B
OXIM8B,XB605A
OXIM8B,OEXM7B
OXIM8B,OEXSM710B
OXIM8B,OEXM6B
QDTPMS,BCS70A
QDTPMS,BTC8A
QDTPMS,BTK5
QDTPMS,OFSKIT
QDTPMS,A106
QDTPMS,CSSD50R
QDTPMS,S3624
QDTPMS,B1461
QDTPMS,BTC7B
QDTPMS,S6118A
SGD4BG,SGDP31IRBR
SGD4BG,SGDP42IRBR
SGD4BG,SGD2BR
SGD4BG,SGD6BR
SGD4BG,SGD8BR
SGD4BG,SGDP64IRBR
SGD4BG,SGDP63IRBR
SGD4BG,SHD1R
SGD4BG,SS5A
SGD4BG,AWMG9
KRSC430APBO1,KRSC323PBO
KRSC430APBO1,MRB12B
KRSC430APBO1,A277
KRSC430APBO1,KRSC430APBO7
KRSC430APBO1,KRSC326FPBO
KRSC430APBO1,TB40C
KRSC430APBO1,KRA2411PBO
KRSC430APBO1,YA389A
KRSC430APBO1,KCP2422PBO
KRSC430APBO1,PLRK30
IM120A,IM180A
IM120A,IM280
IM120A,IM260
IM120A,309SIMYA
IM120A,BLPTE3816
IM120A,SR40K
IM120A,SIM320
IM120A,SIM300
IM120A,SIM260
IM120A,BLPTE3810
FS121,FS241
FS121,FS161
FS121,FS181
FS121,FS221
FS121,FS201
FS121,SN25A
FS121,ACT1370
FS121,211SFSY
FS121,OFW3
FS121,TW401
PPC108A,PPC204A
PPC108A,PPC3A
PPC108A,RXS605B
PPC108A,AWM140DK
PPC108A,PPC103A
PPC108A,BLPPB704
PPC108A,AWMBPH9
PPC108A,PPC1A
PPC108A,AWBPH13
PPC108A,210EFTXRY
TRF72,FR80
TRF72,SR80A
TRF72,TR72
TRF72,TFY72
TRF72,FF80A
TRF72,FC72
TRF72,SF80A
TRF72,LDH462
TRF72,LDH562
TRF72,L122
VO1012B,VO1820B
VO1012B,VO1416B
VO1012B,VO2628B
VO1012B,VO2224B
VO1012B,VO3032B
VO1012B,XS810A
VO1012B,TM65
VO1012B,XS67A
VO1012B,XS1012A
VO1012B,SGDEL10ESD
HBFE24G,HBFE48
HBFE24G,FABLM5E
HBFE24G,FA12LE
HBFE24G,HD6529
HBFE24G,FRX181
HBFE24G,KAC1224TCA
HBFE24G,YA2850A
HBFE24G,STX70E
HBFE24G,SN25A
HBFE24G,OFW3
HBFE24O,HBFE48
HBFE24O,FABLM5E
HBFE24O,FA12LE
HBFE24O,HD6529
HBFE24O,FRX181
HBFE24O,KAC1224TCA
HBFE24O,TW481
HBFE24O,YA2850A
HBFE24O,STX70E
HBFE24O,9100GSM
SGDTX90BO,SGDXL80BR
SGDTX90BO,YA339A
SGDTX90BO,SGDP63IRBG
SGDTX90BO,OEXM6B
SGDTX90BO,144TMPB
SGDTX90BO,TWM26
SGDTX90BO,218AFP
SGDTX90BO,SGDP162BR
SGDTX90BO,OEX714KB
SGDTX90BO,TWM25
TM72,FC72
TM72,TXM72
TM72,103TMXKLA
TM72,TMR4
TM72,S4
TM72,SGA102BR
TM72,TX72
TM72,S80AFOD
TM72,PL803A
TM72,BLPBTWSET
SRPCR112,SRP400B
SRPCR112,PPC715BK
SRPCR112,PPC210BK
SRPCR112,BLPPB704
SRPCR112,VS814A
SRPCR112,307ESAY
SRPCR112,PPC210A
SRPCR112,ATECH4RS600
SRPCR112,OEXSM710B
SRPCR112,PWZ3A
EXDL10A,REX25C
EXDL10A,CSA12CR
EXDL10A,111TMMDY
EXDL10A,TMMD11
EXDL10A,TMMD12
EXDL10A,TMMD6
EXDL10A,TMMD8
EXDL10A,TMMD7
EXDL10A,BEXD10A
EXDL10A,AWMG9
IMM130A,IMM140A
IMM130A,IMM120A
IMM130A,IMM110A
IMM130A,IMM100A
IMM130A,IMM170A
IMM130A,IMM150A
IMM130A,IMM200
IMM130A,IMM230
IMM130A,IMM240
IMM130A,IM180A
PPB816A,B3404B
PPB816A,AWL1010DK
PPB816A,222AFSP
PPB816A,OFW3
PPB816A,SWM111A
PPB816A,AC58E
PPB816A,OEXM9B
PPB816A,SIMM340
PPB816A,BP32B
PPB816A,SIMM320
ATECH2FR125B,ATECH3FR250B
ATECH2FR125B,ATECH3FR300B
ATECH2FR125B,SGD153BR
ATECH2FR125B,GAX36
ATECH2FR125B,208EFTAMXSY
ATECH2FR125B,FZ7A
ATECH2FR125B,IMM360
ATECH2FR125B,206AFSP
ATECH2FR125B,BOER708
ATECH2FR125B,BTCP500
AWBSG10A,SIMM180
AWBSG10A,SPBS12AR
AWBSG10A,SPBS704AR
AWBSG10A,SGDP31IRBR
AWBSG10A,TMXK2
AWBSG10A,SIMM220
AWBSG10A,SGDP42IRBR
AWBSG10A,ATECH3FR300B
AWBSG10A,SGDX80BR
AWBSG10A,SGD2BR
AWBSG12A,SIMM200
AWBSG12A,SIMM220
AWBSG12A,FU8A
AWBSG12A,SIMM180
AWBSG12A,SPBS8AR
AWBSG12A,SGDX80BR
AWBSG12A,SGD8BR
AWBSG12A,SIMM150A
AWBSG12A,FXK3
AWBSG12A,BLPTHC87
PKNC075,SW281
PKNC075,SW161A
PKNC075,SW361
PKNC075,GAJ12A
PKNC075,SGA173BR
PKNC075,SW321
PKNC075,SW221
PKNC075,SW201
PKNC075,SW141A
PKNC075,SW181A
AWBCG1607,SIMM160A
AWBCG1607,T72
AWBCG1607,FXK6
AWBCG1607,SGASA204CR
AWBCG1607,SIMM220
AWBCG1607,SGD4BR
AWBCG1607,SGDP42IRBR
AWBCG1607,SRPCR4700
AWBCG1607,SIMM240
AWBCG1607,SPBS12AR
86EP,912AEP
86EP,612AEP
86EP,EPC160
86EP,PL803A
86EP,YA4250
86EP,RBYA605
86EP,112RTMA
86EP,SSDMRT8A
86EP,MS3000
86EP,808CF
TMMS14,TMMS12
TMMS14,TMMS7
TMMS14,TMMS13
TMMS14,TMMS6
TMMS14,TMMS10
TMMS14,TMMS11
TMMS14,TMMS9
TMMS14,TMMS15
TMMS14,TMMS5.5
TMMS14,TMMS8
FHBF80AG,FHOF80A
FHBF80AG,TRSLF72
FHBF80AG,SHLL80A
FHBF80AG,311IMFSY
FHBF80AG,AWSGT800A
FHBF80AG,SGTT1B
FHBF80AG,SGTT5B
FHBF80AG,YA9350B
FHBF80AG,204FXKLA
FHBF80AG,TRX72
STMD9,STMD6
STMD9,STMD7
STMD9,STMD16
STMD9,STMD14
STMD9,STMD11
STMD9,STMD10
STMD9,STMD12
STMD9,STMD8
STMD9,STMD18
STMD9,XS2226A
HBBD32G,HBBD16
HBBD32G,UPTM65K
HBBD32G,SOEX38
HBBD32G,305SIMMY
HBBD32G,SOEX707
HBBD32G,LDH342
HBBD32G,LDH482
HBBD32G,LDH602
HBBD32G,AWP160
HBBD32G,SOEX30
TA54,TA32A
TA54,EEDM525F
TA54,EEPV509
TA54,EEDM504F
TA54,UTK150
TA54,FB316B
TA54,TPGDL2000
TA54,MAGMAT
TA54,IM1PT
TA54,TDG2
S321,S261
S321,XS1214A
S321,TM84
S321,VO3032B
S321,S281
S321,XS1820A
S321,XS1416A
S321,VO2224B
S321,VO1012B
S321,TM65
KRSC326FPES,KRA2007FPBO
KRSC326FPES,KA2422SETPJH
KRSC326FPES,KWSN2455AST
KRSC326FPES,KRA2407PBO
KRSC326FPES,KRA4813FPBO
KRSC326FPES,KRA2422PBO
KRSC326FPES,TB20AC
KRSC326FPES,KRSC46HPBO
KRSC326FPES,KACKCAREKIT
KRSC326FPES,KWSP2455AST
KRSC326FPJK,KRA2007FPBO
KRSC326FPJK,KRSC323PBO
KRSC326FPJK,KRA2422PBO
KRSC326FPJK,KRA4813FPBO
KRSC326FPJK,KRA2411PBO
KRSC326FPJK,YA389A
KRSC326FPJK,KRA4008FPBO
KRSC326FPJK,SNA-TBP14
KRSC326FPJK,KWSN2455AST
KRSC326FPJK,KCP2422PBO
PWZ3A,PWZ0A
PWZ3A,PWZ4
PWZ3A,PWZ1A
PWZ3A,PWZ5
PWZ3A,PWZ2A
PWZ3A,LIL59000
PWZ3A,PBMP703A
PWZ3A,FH80MP
PWZ3A,IPL30C
PWZ3A,SRPCR112
SGDMRC108AG,WTG10A
SGDMRC108AG,WTG8A
SGDMRC108AG,ST50A
SGDMRC108AG,DPT7A
SGDMRC108AG,OXIM7B
SGDMRC108AG,S9614A
SGDMRC108AG,S6103A
SGDMRC108AG,S9538A
SGDMRC108AG,GA243
SGDMRC108AG,FTX60E
SDM400A,SGDMRC4A
SDM400A,S6103A
SDM400A,A179A
SDM400A,TF528D
SDM400A,PK500A
SDM400A,YA2019
SDM400A,BTWSMPK
SDM400A,ST50A
SDM400A,WTG8A
SDM400A,BLPBTW4
915CF,415CF
915CF,BDGPL411HG
915CF,BDGPL412HG
915CF,BDGPL410HG
915CF,HBBD56
915CF,AWPBX10
915CF,LIL59000
915CF,HL138ACP
915CF,SN25A
915CF,411CF
SIMM180,SIMM200
SIMM180,SIMM220
SIMM180,SIMM230
SIMM180,SIMM190
SIMM180,SIMM240
SIMM180,SIMM170
SIMM180,SIMM210
SIMM180,SIMM150A
SIMM180,SIMM130A
SIMM180,SIMM100A
PL305ACFG,SGD6BR
PL305ACFG,TMXK2
PL305ACFG,SGD8BR
PL305ACFG,ATECH2FR125B
PL305ACFG,SPBS18AR
PL305ACFG,SPBS12AR
PL305ACFG,SIMM150A
PL305ACFG,96ACF
PL305ACFG,91ACP
PL305ACFG,PPC4A
RXS605B,RXSM605B
RXS605B,AWM110DK
RXS605B,311IMFSY
RXS605B,BP40B
RXS605B,2005BSKA
RXS605B,PPC715BK
RXS605B,LIL59000
RXS605B,OEXM90B
RXS605B,OEXM6B
RXS605B,GA294
PL330ACF,PL803A
PL330ACF,HBBD56
PL330ACF,PBMP703A
PL330ACF,490CF
PL330ACF,HBFE103
PL330ACF,912AEP
PL330ACF,29ACF
PL330ACF,SRPCR107
PL330ACF,SG7ASABR
PL330ACF,GA294
AWTXL8-T20,SPBS704AR
AWTXL8-T20,FXK11
AWTXL8-T20,SIMM190
AWTXL8-T20,96ACF
AWTXL8-T20,FHLF80A
AWTXL8-T20,GFAT1E
AWTXL8-T20,SIMM180
AWTXL8-T20,T72
AWTXL8-T20,SGD8BR
AWTXL8-T20,FU8A
PKN13,SPBS12AR
PKN13,FHLF80A
PKN13,SPBS704AR
PKN13,SPBS18AR
PKN13,SIMM240
PKN13,SGD6BR
PKN13,TMU8B
PKN13,GFAT1E
PKN13,FU8A
PKN13,SRPCR3800
SOEXM170,SIMM160A
SOEXM170,SOEXM170
SOEXM170,GFAT1E
SOEXM170,SOEXM120
SOEXM170,SOEXM150
SOEXM170,SOEXM140
SOEXM170,SOEXM100
SOEXM170,SOEXM130
SOEXM170,91ACP
SOEXM170,GSAF1F
AWTXL8-T40,SIMM170
AWTXL8-T40,A2A
AWTXL8-T40,SRPCR4700
AWTXL8-T40,PPC103A
AWTXL8-T40,47ACF
AWTXL8-T40,91ACP
AWTXL8-T40,SIMM150A
AWTXL8-T40,TMXK60
AWTXL8-T40,F80
AWTXL8-T40,FU8A
IPL34C,IPL36C
IPL34C,IPL38C
IPL34C,IPL24C
IPL34C,IPL30C
IPL34C,IPL42C
IPL34C,IPL40C
IPL34C,IPL28C
IPL34C,IPL22C
IPL34C,IPLM11C
IPL34C,IPLM15C
PBN500,UTS105A
PBN500,TWM27
PBN500,OEXM270B
PBN500,GAX36
PBN500,S3624
PBN500,BLPXZNM389
PBN500,SGDTX315BR
PBN500,LSRM2000
PBN500,LSR1580
PBN500,HBPT24
AWMCG1605B,SPBS12AR
AWMCG1605B,PPC4A
AWMCG1605B,F80
AWMCG1605B,FHLF80A
AWMCG1605B,TMXK60
AWMCG1605B,SIMM210
AWMCG1605B,SIMM240
AWMCG1605B,SIMM190
AWMCG1605B,SGD2BR
AWMCG1605B,SGDP42IRBR
AWMCG1606B,SGASA204CR
AWMCG1606B,TMXK2
AWMCG1606B,SGDP42IRBR
AWMCG1606B,SIMM190
AWMCG1606B,PL400B
AWMCG1606B,SIMM220
AWMCG1606B,TMU8B
AWMCG1606B,SGD2BR
AWMCG1606B,96ACF
AWMCG1606B,T72
AWMEF6K,AWTEF8K
AWMEF6K,AWEF9K
AWMEF6K,AWEF6K
AWMEF6K,GCP10
AWMEF6K,PT10C
AWMEF6K,OFW2
AWMEF6K,A177A
AWMEF6K,BTC7B
AWMEF6K,305SXWP
AWMEF6K,FM12
AWMXL10-6,SHD1R
AWMXL10-6,SIMM200
AWMXL10-6,SIMM220
AWMXL10-6,SGDP42IRBR
AWMXL10-6,SGDX80BR
AWMXL10-6,SIMM240
AWMXL10-6,47ACF
AWMXL10-6,SIMM150A
AWMXL10-6,TMXK4
AWMXL10-6,SPBS704AR
CTR867AK2,CTCO861K2
CTR867AK2,CTC131A
CTR867AK2,CTR867AK2
CTR867AK2,CT9080K2
CTR867AK2,CT825DB
CTR867AK2,CTR861AK2
CTR867AK2,CTB8174
CTR867AK2,CTB185
CTR867AK2,CTS561BITSET
CTR867AK2,PTC250
GLASS70BYEAR,ECPNI032R
GLASS70BYEAR,TDG1
GLASS70BYEAR,AT4101
GLASS70BYEAR,YA427B
GLASS70BYEAR,ECHDF042
GLASS70BYEAR,ECHDD012A
GLASS70BYEAR,EECT400
GLASS70BYEAR,SOSG01BKCL01
GLASS70BYEAR,GLOVE900LR
GLASS70BYEAR,GLOVE1100L
GLOVE300BL,GLOVE309L
GLOVE300BL,GLOVEORIGPLUSL
GLOVE300BL,GLASS50R
GLOVE300BL,GLOVE1100L
GLOVE300BL,GLOVE900LR
GLOVE300BL,GLOVE505RL
GLOVE300BL,LBUK1
GLOVE300BL,ECPNH012
GLOVE300BL,GLASS30R
GLOVE300BL,JCK7DBL
206SFSUM,206FSUMA
206SFSUM,111TMUSMA
206SFSUM,206AFSA
206SFSUM,207IPSFM
206SFSUM,307IPLMY
206SFSUM,OXIM710B
206SFSUM,BLPEXTF146
206SFSUM,IPL28C
206SFSUM,IPL24C
206SFSUM,IPLM17C
218AFSP,PKNC200
218AFSP,114ATMP
218AFSP,10R
218AFSP,AWSGM800A
218AFSP,TW381
218AFSP,CSA12CR
218AFSP,S321
218AFSP,SWM221
218AFSP,SWM211
218AFSP,313SWMYA
SDMT20D,SDMT10D
SDMT20D,SDMT25D
SDMT20D,SDM251C
SDMT20D,SDM252C
SDMT20D,TMC109A
SDMT20D,R404
SDMT20D,YA2019
SDMT20D,SDMEXT19K
SDMT20D,OXIM9B
SDMT20D,PK50A
LDH442,LDH482
LDH442,LDH342
LDH442,LDH602
LDH442,LDH422A
LDH442,LDH522
LDH442,L122
LDH442,L8112A
LDH442,SOEX38
LDH442,SOEX40
LDH442,YA4275
SOXRRM710A,SOXRR707A
SOXRRM710A,QD3RN350A
SOXRRM710A,OXIM710B
SOXRRM710A,IMM360
SOXRRM710A,OEXSM710B
SOXRRM710A,312IMM
SOXRRM710A,312SIMM
SOXRRM710A,SOEXM705
SOXRRM710A,786CF
SOXRRM710A,BLPTHC87
EECT200,RTEMP8
EECT200,EECT200
EECT200,FB336
EECT200,EECT424HD
EECT200,ACT1290A
EECT200,EECT900
EECT200,YA1175KIT
EECT200,PGP120
EECT200,RULER602
EECT200,ITHE100
SXK11,SXK5
SXK11,SXK3
SXK11,SX2
SXK11,SWM111A
SXK11,SWM101A
SXK11,SWM251
SXK11,SN18B
SXK11,SW221
SXK11,SN25A
SXK11,TWM19
KRSC2460PC7,KRSC343PBO
KRSC2460PC7,KRSC323PBO
KRSC2460PC7,KRA4813FPBO
KRSC2460PC7,KRA2055FPBO
KRSC2460PC7,KRSC430APBO1
KRSC2460PC7,A277
KRSC2460PC7,KRA4059FPBO
KRSC2460PC7,KRWT2411
KRSC2460PC7,KRSC430APBO7
KRSC2460PC7,MRB12B
OXIM7B,OXIM9B
OXIM7B,OXIM8B
OXIM7B,OXIM6B
OXIM7B,BLPT1255
OXIM7B,PK50A
OXIM7B,BLPH389
OXIM7B,BLPH124
OXIM7B,BLPT3850
OXIM7B,FTX60E
OXIM7B,XB605A
HBBD16G,HBBD32
HBBD16G,HBFE16
HBBD16G,PK52A
HBBD16G,2004BSKA
HBBD16G,PPB826A
HBBD16G,TFM7530B
HBBD16G,SOEXM9
HBBD16G,S9704KR
HBBD16G,AWS13
HBBD16G,BTC3A
STMM10,TMM10
STMM10,STMM8
STMM10,STMM7
STMM10,STMM12
STMM10,TMM8
STMM10,STMM13
STMM10,TMM12
STMM10,STMM14
STMM10,TMM5.5
STMM10,TMM6
DS809K,VO806B
DS809K,BF620C
DS809K,AVSNP01160
DS809K,10R
DS809K,WTG8A
DS809K,F4LB
DS809K,GA98A
DS809K,AW1013DK
DS809K,PT10C
DS809K,BP12B
DB121C,DB121C
DB121C,CTB185
DB121C,CTR861AK2
DB121C,AT408
DB121C,VWB5B
DB121C,AT425R
DB121C,PDR3000A
DB121C,AT475A
DB121C,PSO4625
DB121C,AT118
TMC106E,TM82
TMC106E,TMP23E
TMC106E,TMC105E
TMC106E,TM65
TMC106E,VO3032B
TMC106E,XS2024A
TMC106E,VO1820B
TMC106E,XS67A
TMC106E,SGDEL10ESD
TMC106E,TM412
FAM8E,FTX50E
FAM8E,FTX40E
FAM8E,FTX45E
FAM8E,TTX8E
FAM8E,TWM31
FAM8E,FA12E
FAM8E,TTX25E
FAM8E,212EFTXY
FAM8E,210AFLEY
FAM8E,TFM7530B
AWP120,AWM140DK
AWP120,PT28E
AWP120,SGDP64IRBR
AWP120,TWM26
AWP120,PWCS9ACF
AWP120,OEXM6B
AWP120,SW141A
AWP120,SW221
AWP120,SW181A
AWP120,SW281
388ACF,196ACF
388ACF,PKN90
388ACF,AWTR8
388ACF,HL138ACP
388ACF,912AEP
388ACF,AWP120
388ACF,84CF
388ACF,95ACF
388ACF,SN15B
388ACF,LN47ACF
KRSC323PC,KRSC430APBO1
KRSC323PC,KAERNADD6RD
KRSC323PC,KRA4114FPBO
KRSC323PC,KRSC46HPBO
KRSC323PC,SNA-TBP14
KRSC323PC,KRA4059FPBO
KRSC323PC,KRA6200FPBO
KRSC323PC,KCP1422PBO
KRSC323PC,TB40C
KRSC323PC,KRSC430APBO7
KRSC323PJJ,KRSC430APBO1
KRSC323PJJ,KAERNADD6RD
KRSC323PJJ,A277
KRSC323PJJ,KRA2007FPBO
KRSC323PJJ,YA389A
KRSC323PJJ,KRA2407PBO
KRSC323PJJ,KRSC46HPBO
KRSC323PJJ,KRSC430APBO7
KRSC323PJJ,PLRK21
KRSC323PJJ,MRB12B
AWS13-7,SW181A
AWS13-7,SW241
AWS13-7,SW161A
AWS13-7,VS807B
AWS13-7,61CF
AWS13-7,SRPCR4700
AWS13-7,SRPCR3800
AWS13-7,SHD1R
AWS13-7,91ACP
AWS13-7,47ACF
91ACPO,47ACF
91ACPO,317MSPC
91ACPO,FA12LE
91ACPO,FRX181
91ACPO,2004BSKA
91ACPO,206EAU
91ACPO,GF22
91ACPO,KAC1224TCA
91ACPO,317AMMPC
91ACPO,BP16B
1650,650
1650,1250
1650,AC5C
1650,SW421
1650,SWM251
1650,AC58E
1650,AWM110DHK
1650,PK53A
1650,AWEF6K
1650,SWM261
SWM281,SWM261
SWM281,SWM271
SWM281,SWM201
SWM281,SWM221
SWM281,SWM231
SWM281,SWM241
SWM281,SWM211
SWM281,SWM111A
SWM281,SWM101A
SWM281,TWM31
GLOVE309M,GLOVEORIGPLUSL
GLOVE309M,GLOVE300BL
GLOVE309M,YA427B
GLOVE309M,GLOVE900LR
GLOVE309M,GLASS50R
GLOVE309M,GLASS30R
GLOVE309M,ASTFUN19KIT
GLOVE309M,SOSG01BKCL01
GLOVE309M,YAKS42
GLOVE309M,UTK150
MG1250G,PDR5000A
MG1250G,VWB8B
MG1250G,PTGR100
MG1250G,PH3050BR
MG1250G,DB129C
MG1250G,CT9080K2
MG1250G,AT118
MG1250G,PTC250
MG1250G,CTR862DB
MG1250G,PT850
TPM16EM,TPM16EM
TPM16EM,TPM16
TPM16EM,UTK100
TPM16EM,TPMB25ORG
TPM16EM,FB360C
TPM16EM,FB316B
TPM16EM,FB361A
TPM16EM,EECT400
TPM16EM,TPM16ORG
TPM16EM,AT4124
AT411A,CTS561BITSET
AT411A,PH3050BR
AT411A,CTR867AK2
AT411A,PDR3000A
AT411A,MG1250
AT411A,CT825DB
AT411A,PTGR110
AT411A,CTB8187
AT411A,VWB8B
AT411A,CTB8174
BB71171,EEPV509
BB71171,EEDM503D
BB71171,EEPV500
BB71171,EEBC30A12V
BB71171,ECPRA072
BB71171,ECHDD012A
BB71171,EECT900
BB71171,ECHDD012AR
BB71171,FB361A
BB71171,UTK150
S9724RHS,AD6C
S9724RHS,SGA174BR
S9724RHS,S9711KA
S9724RHS,SWM301
S9724RHS,OEXM320B
S9724RHS,210EFTAMY
S9724RHS,PHP3A
S9724RHS,OEXM80B
S9724RHS,SGDMRC4-TM4
S9724RHS,TTX8E
808CF,908CF
808CF,SGDMRC11A
808CF,SGDE220ESD
808CF,SGDE230ESD
808CF,SGDEP200ESD
808CF,PBN2
808CF,TMU181A
808CF,ADCF8
808CF,TMU141A
808CF,AWP45
EEBC30A12V,TA32A
EEBC30A12V,SVTS272A
EEBC30A12V,EEBC30A12V
EEBC30A12V,RADKITULTRA
EEBC30A12V,EEJP201MBKA-NA
EEBC30A12V,ECUHD218
EEBC30A12V,EEBM600
EEBC30A12V,SVTSRAD272U
EEBC30A12V,SVTS264
EEBC30A12V,YA1175KIT
AWTR8-5,SPBS8AR
AWTR8-5,TMXK4
AWTR8-5,TMXK2
AWTR8-5,SRPCR3800
AWTR8-5,91ACP
AWTR8-5,SPBS704AR
AWTR8-5,ATECH3FR300B
AWTR8-5,SGDX80BR
AWTR8-5,PPC103A
AWTR8-5,A2A
RULER600,RULER6
RULER600,TPM16
RULER600,GLASS30R
RULER600,FB360C
RULER600,MTTL310
RULER600,MTTL300
RULER600,PGP50
RULER600,ITHE100
RULER600,GA296B
RULER600,FB305A
KRA4810FPCM,KRA4107FPBO
KRA4810FPCM,KRA4813FPBO
KRA4810FPCM,KAERNADD6RD
KRA4810FPCM,KRA24
KRA4810FPCM,KRA2422PBO
KRA4810FPCM,KRSC343PBO
KRA4810FPCM,KCP1422PBO
KRA4810FPCM,KRSC326FPBO
KRA4810FPCM,KACKCAREKIT
KRA4810FPCM,KRSC46HPBO
KRA4810FPJK,KRA4107FPBO
KRA4810FPJK,KRA4813FPBO
KRA4810FPJK,KAERNADD6RD
KRA4810FPJK,YA389A
KRA4810FPJK,KRSC326FPBO
KRA4810FPJK,SNA-TBP14
KRA4810FPJK,KCP1422PBO
KRA4810FPJK,KACKMCFIBER1
KRA4810FPJK,KA2422SETPJJ
KRA4810FPJK,KWSP2455ABL
KRA4810FPOT,KRA4107FPBO
KRA4810FPOT,KRA4813FPBO
KRA4810FPOT,KAERNADD6RD
KRA4810FPOT,KRA2422PBO
KRA4810FPOT,KRWT2411
KRA4810FPOT,KA2422SETPJH
KRA4810FPOT,KWSP2455AST
KRA4810FPOT,KRSC430APBO1
KRA4810FPOT,MRB12B
KRA4810FPOT,KCP1422PBO
CDR4P44L3DB,PTGR100
CDR4P44L3DB,CTS561CHUCK
CDR4P44L3DB,CTQ838DB
CDR4P44L3DB,PT850
CDR4P44L3DB,DB129C
CDR4P44L3DB,CTB185
CDR4P44L3DB,CTB8174
CDR4P44L3DB,CTS561BITSET
CDR4P44L3DB,CTC131A
CDR4P44L3DB,CTNN13KF
AWTPEF10K,SGD8BR
AWTPEF10K,F80
AWTPEF10K,FXK3
AWTPEF10K,SPBS8AR
AWTPEF10K,91ACP
AWTPEF10K,TMU8B
AWTPEF10K,PL400B
AWTPEF10K,SGDP42IRBR
AWTPEF10K,A2A
AWTPEF10K,SIMM240
KRA2406BPWZ,KRA2411PBO
KRA2406BPWZ,KRSC326FPBO
KRA2406BPWZ,KRSC430APBO1
KRA2406BPWZ,KAERNADD6RD
KRA2406BPWZ,KRSC430APBO7
KRA2406BPWZ,TB20AC
KRA2406BPWZ,PLRK21
KRA2406BPWZ,KCP2422PBO
KRA2406BPWZ,KRA4813FPBO
KRA2406BPWZ,SNA-TBP14
SN25A,SWM111A
SN25A,SWM101A
SN25A,BLPHS1414
SN25A,SRP3B
SN25A,ACT1370
SN25A,OEXM9B
SN25A,SIMM340
SN25A,BLPH1219
SN25A,LSR1150
SN25A,144TMPB
AWS13-11,SGASA204CR
AWS13-11,FX1
AWS13-11,SGDP42IRBR
AWS13-11,SGD4BR
AWS13-11,FXK3
AWS13-11,96ACF
AWS13-11,SPBS18AR
AWS13-11,91ACP
AWS13-11,SGDX80BR
AWS13-11,SPBS704AR
WELDIGNPHNTM,FB316B
WELDIGNPHNTM,ECHDD012AR
WELDIGNPHNTM,JT13B
WELDIGNPHNTM,JCK8
WELDIGNPHNTM,UTK150
WELDIGNPHNTM,EECT200
WELDIGNPHNTM,EEPV500
WELDIGNPHNTM,TDG2
WELDIGNPHNTM,UTK100
WELDIGNPHNTM,RULER6
PTC250,PTGR100
PTC250,PTGR110
PTC250,PSO4625
PTC250,PDR5000A
PTC250,PSO4525
PTC250,SAG03S12
PTC250,AT118
PTC250,PH3050BR
PTC250,PTR2500
PTC250,PTR2505
IPLM16C,IPLM13C
IPLM16C,IPLM18C
IPLM16C,IPLM12C
IPLM16C,IPLM14C
IPLM16C,IPLM19C
IPLM16C,IPLM15C
IPLM16C,IPL34C
IPLM16C,IPL38C
IPLM16C,IPL28C
IPLM16C,IPL36C
AWT100KA,AWM110DK
AWT100KA,S6110A
AWT100KA,313TSYA
AWT100KA,313TSMYA
AWT100KA,305ASX
AWT100KA,TMM4
AWT100KA,SX2
AWT100KA,206AFX
AWT100KA,TMM9
AWT100KA,TMM11
TWM32,TWM28
TWM32,TWM29
TWM32,TWM26
TWM32,TWM31
TWM32,TW461
TWM32,TW441
TWM32,TW421
TWM32,TFM7530B
TWM32,S9711KA
TWM32,SWM301
OEXM8B,OEXM9B
OEXM8B,OEXM7B
OEXM8B,OEXM6B
OEXM8B,SIMM340
OEXM8B,OXIM8B
OEXM8B,OXIM9B
OEXM8B,PK53A
OEXM8B,SN25A
OEXM8B,OFW3
OEXM8B,SOEXM130
PG160,PG160
PG160,ECSPH271
PG160,EEDM503D
PG160,EFPHANNIBALB
PG160,FB302A
PG160,JT13B
PG160,GA296B
PG160,LBUK1
PG160,RULER602
PG160,FB303B
S281,S321
S281,VO2224B
S281,S261
S281,XS1416A
S281,XS2226A
S281,XS1618A
S281,VO1416B
S281,XS810A
S281,TM412
S281,TMC106E
IM180A,IM200
IM180A,IM160A
IM180A,IM240
IM180A,IM260
IM180A,IM140A
IM180A,IM300
IM180A,IM280
IM180A,IM320
IM180A,SIM180A
IM180A,SIM320
211SFY,211FY
211SFY,110STMDY
211SFY,107ATMPB
211SFY,TWM31
211SFY,SWM261
211SFY,AWMEF8K
211SFY,OEX11B
211SFY,F221
211SFY,TWM29
211SFY,F201
SHDP42IRO,SHD4R
SHDP42IRO,SHDP31IRR
SHDP42IRO,SHD2R
SHDP42IRO,SHD6R
SHDP42IRO,SHDP63IRR
SHDP42IRO,SHD1R
SHDP42IRO,SGDEP20ESD
SHDP42IRO,SGDE230ESD
SHDP42IRO,TWM25
SHDP42IRO,TMU121A
SF101,SF121
SF101,SF181
SF101,SF141
SF101,SF201
SF101,SF221
SF101,STMD6
SF101,SF241
SF101,AWEF6K
SF101,F121
SF101,110STMDY
ECHDF042G,ECPNI032R
ECHDF042G,ECPNJ032
ECHDF042G,GLOVE300BL
ECHDF042G,ECPNH012
ECHDF042G,ECARL032R
ECHDF042G,JCK7DBL
ECHDF042G,TDG2
ECHDF042G,GLASS50R
ECHDF042G,TPGDL2000
ECHDF042G,JCK8
208EPIT,S9711KA
208EPIT,TWM32
208EPIT,E1020
208EPIT,TWM30
208EPIT,TW461
208EPIT,SS5A
208EPIT,CSA12CR
208EPIT,QD1R200A
208EPIT,FABLM5E
208EPIT,PT28E
KRA2422PDG,KRSC326FPBO
KRA2422PDG,KACKFLTCLNR
KRA2422PDG,KRA2422PBO
KRA2422PDG,KWSN2455AST
KRA2422PDG,KRWT2411
KRA2422PDG,KWSP2455ABL
KRA2422PDG,KWSN2455ABL
KRA2422PDG,KWSP2455AST
KRA2422PDG,KCP1422PBO
KRA2422PDG,KRA2411PBO
SHDX60G,222AFSMP
SHDX60G,SOEX707
SHDX60G,414AHD
SHDX60G,PKNC150
SHDX60G,LDH402
SHDX60G,LDH442
SHDX60G,LDH602
SHDX60G,LDH562
SHDX60G,PPCD70BK
SHDX60G,HSPD16
SPBS704AO,317AMMPC
SPBS704AO,UPT35
SPBS704AO,LP10WR
SPBS704AO,309SIMYA
SPBS704AO,BOERM712
SPBS704AO,PRH57A
SPBS704AO,SRPCR105
SPBS704AO,SGT4BR
SPBS704AO,207EFAMY
SPBS704AO,PPC710BK
CTS861MGDB,PTR72
CTS861MGDB,DB129C
CTS861MGDB,CTB8174
CTS861MGDB,PSO4625
CTS861MGDB,CT825DB
CTS861MGDB,VWB8B
CTS861MGDB,CTC772A
CTS861MGDB,PSO4525
CTS861MGDB,AT2050
CTS861MGDB,CTR867AK2
210FCOMA,211FCOA
210FCOMA,210FRHMA
210FCOMA,OXKRM705
210FCOMA,314SCOA
210FCOMA,BFCR708A
210FCOMA,TWM26
210FCOMA,TDM99117C
210FCOMA,206AFSA
210FCOMA,317MPC
210FCOMA,307ESAMY
CTPP861DB,PH3050BR
CTPP861DB,CTB8174
CTPP861DB,PTR2500
CTPP861DB,CTR861AK2
CTPP861DB,PTB32K
CTPP861DB,CT9080K2
CTPP861DB,CTNN13KF
CTPP861DB,PT850
CTPP861DB,MG725A
CTPP861DB,PT338
AWT40A,SGD6BR
AWT40A,A2A
AWT40A,SIMM190
AWT40A,FU8A
AWT40A,SGASA204CR
AWT40A,PPC103A
AWT40A,SGD4BR
AWT40A,T72
AWT40A,96ACF
AWT40A,TMXK4
YA4280,BLP15HVLP
YA4280,EARPLUGBAND
YA4280,JT13B
YA4280,UTK100
YA4280,ECHDD012A
YA4280,EECT424HD
YA4280,GA296B
YA4280,EEDM596FK
YA4280,TDG2
YA4280,YA4000B
TECH2FR100,TECH3FR250
TECH2FR100,TECH1FR240
TECH2FR100,ATECH3FR250B
TECH2FR100,QD1R50A
TECH2FR100,QD3250A
TECH2FR100,FSS181
TECH2FR100,FK80
TECH2FR100,310IMMYA
TECH2FR100,AWM110DK
TECH2FR100,FHBB12A
AT351,CTB8174
AT351,CTR867AK2
AT351,CTR862DB
AT351,CT825DB
AT351,PT850
AT351,CTS561BITSET
AT351,CTNN13KF
AT351,DB129C
AT351,PTGR450
AT351,CTSG861DB
MAGMATG,LBUK1
MAGMATG,SOSG01BKCL01
MAGMATG,MRB5B
MAGMATG,MAGDISH
MAGMATG,MAGMINI
MAGMATG,MAGSTRIP
MAGMATG,MAGMICRO
MAGMATG,MAGTRAY
MAGMATG,ASTFUN19KIT
MAGMATG,YA1175KIT
PPB1001A,DS806AK
PPB1001A,PPC20LB
PPB1001A,SRP3A
PPB1001A,YA2020
PPB1001A,YA2019
PPB1001A,1210B
PPB1001A,10SSD
PPB1001A,AW1015DHK
PPB1001A,2420A
PPB1001A,SW401
SG7ASABR,SG4ASABR
SG7ASABR,SG4ASHBR
SG7ASABR,SG5ASABR
SG7ASABR,SR80A
SG7ASABR,SGHBF500A
SG7ASABR,SGD4120BR
SG7ASABR,E1020
SG7ASABR,PT40B
SG7ASABR,SGDTX90BR
SG7ASABR,SGHF616BR
SGRHT6BR,SHP2KT
SGRHT6BR,SHCP1B
SGRHT6BR,BDGPL300HG
SGRHT6BR,HCP10
SGRHT6BR,SGA102BR
SGRHT6BR,SGA1714B
SGRHT6BR,PHP1A
SGRHT6BR,SGD4120BR
SGRHT6BR,ASGP2BR
SGRHT6BR,ASGP102BR
SF121,SF181
SF121,SF161
SF121,SF281
SF121,SF221
SF121,SF241
SF121,SF201
SF121,SF261
SF121,F221
SF121,SF101
SF121,SGDEP21ESD
S9711KA,TWM30
S9711KA,TWM32
S9711KA,S9724RHS
S9711KA,SS5A
S9711KA,AWEFBH9K
S9711KA,TW461
S9711KA,206EFABLM
S9711KA,CSA12CR
S9711KA,FZ7A
S9711KA,FABLM5E
TMBS8A,TMU81B
TMBS8A,TMA4E
TMBS8A,TMU101A
TMBS8A,SDMT25D
TMBS8A,SGDEP20ESD
TMBS8A,PKN9
TMBS8A,SDMT20D
TMBS8A,SGDEP21ESD
TMBS8A,AWP45
TMBS8A,TMA4.5E
STMD11,STMD7
STMD11,STMD12
STMD11,STMD6
STMD11,STMD10
STMD11,STMD14
STMD11,STMD8
STMD11,STMD18
STMD11,XS1012A
STMD11,XS2226A
STMD11,XS1214A
FHLX80BO,THLX72
FHLX80BO,THRLX72
FHLX80BO,SHX80B
FHLX80BO,SHLX80A
FHLX80BO,FHBF80A
FHLX80BO,THLF72
FHLX80BO,FH80MP
FHLX80BO,FKF80A
FHLX80BO,TKF72
FHLX80BO,FHLLF80
SGD4120BR,SGDP162BR
SGD4120BR,PT10C
SGD4120BR,SGDXXL20BR
SGD4120BR,PWZ4
SGD4120BR,SGDTX315BR
SGD4120BR,OEXS709B
SGD4120BR,103TMXKLA
SGD4120BR,OXI707BK
SGD4120BR,PPCSG710
SGD4120BR,908CF
PPC103A,PPC3A
PPC103A,PPC816B
PPC103A,PPC206A
PPC103A,PPC820B
PPC103A,PPC205A
PPC103A,PPC203A
PPC103A,PPC4A
PPC103A,PPC204A
PPC103A,BTC7B
PPC103A,OFW2
SFSM19,SFSM17
SFSM19,SFSM16
SFSM19,SFSM15
SFSM19,SFSM11
SFSM19,STMM5.5
SFSM19,SFSM13
SFSM19,SFSM12
SFSM19,SFSM8
SFSM19,SFSM9
SFSM19,UIM225
110TMSY,211FSSY
110TMSY,112TMMSY
110TMSY,TMMS6
110TMSY,TMMS14
110TMSY,TMMS15
110TMSY,TMMS13
110TMSY,TMMS7
110TMSY,TMMS8
110TMSY,TMMDS5.5
110TMSY,TMMDS5
AWSGT30A,SGD8BR
AWSGT30A,FX1
AWSGT30A,SGD6BR
AWSGT30A,SRPCR4700
AWSGT30A,SIMM200
AWSGT30A,SPBS18AR
AWSGT30A,47ACF
AWSGT30A,SRPCR3800
AWSGT30A,SPBS8AR
AWSGT30A,SIMM210
AWBCG1612,AWBCG1608
AWBCG1612,AWBCG1610
AWBCG1612,F80
AWBCG1612,SGD2BR
AWBCG1612,SGDX80BR
AWBCG1612,BLPTHC87
AWBCG1612,91ACP
AWBCG1612,SGDP31IRBR
AWBCG1612,SPBS8AR
AWBCG1612,FXK11
SHLF80AG,THLF72
SHLF80AG,FHLLF80
SHLF80AG,312IMMS
SHLF80AG,SHLL80A
SHLF80AG,FLLF80
SHLF80AG,325SIMM
SHLF80AG,SHL80A
SHLF80AG,IP80D
SHLF80AG,PPC715BK
SHLF80AG,FKF80A
S6112,S8184
S6112,B1458C
S6112,B1467A
S6112,S6111
S6112,BCT1050
S6112,B240B
S6112,TA360
S6112,B1461
S6112,B3404B
S6112,BTCW800
AWL14D,SGASA204CR
AWL14D,FXK3
AWL14D,SIMM190
AWL14D,91ACP
AWL14D,SGD8BR
AWL14D,SRPCR3800
AWL14D,SGD2BR
AWL14D,SRPCR4700
AWL14D,SIMM210
AWL14D,SIMM150A
CAL6DA,CAL6DA
CAL6DA,AT4101
CAL6DA,EECS150
CAL6DA,GA1D
CAL6DA,MTEE6
CAL6DA,TIF160
CAL6DA,RTEMP8
CAL6DA,GA3634A
CAL6DA,EECT424HD
CAL6DA,CAL6V
ATECH3FR250B,TECH2FR100
ATECH3FR250B,207EFAMY
ATECH3FR250B,S9704KA
ATECH3FR250B,317AMMPC
ATECH3FR250B,SGT4BR
ATECH3FR250B,S9706KRA
ATECH3FR250B,CSA8CR
ATECH3FR250B,SGDMRC44B
ATECH3FR250B,HBBD24
ATECH3FR250B,PPC710BK
OEXLM710B,OEXL707B
OEXLM710B,XBM605A
OEXLM710B,210FRHMA
OEXLM710B,SR80A
OEXLM710B,XOM605
OEXLM710B,OXIM710B
OEXLM710B,IPLM11C
OEXLM710B,IPLM10C
OEXLM710B,103UFTS
OEXLM710B,208AFX
TPMB25EM,JCK7DBL
TPMB25EM,YA1050B
TPMB25EM,TDG1
TPMB25EM,ECF35
TPMB25EM,TPM16
TPMB25EM,UTK100
TPMB25EM,FB360C
TPMB25EM,FB316B
TPMB25EM,FB361A
TPMB25EM,AT4124
TF72,FF80A
TF72,SF80A
TF72,FLF80A
TF72,TLLF72
TF72,FCF72
TF72,TMMS7
TF72,TMMS5.5
TF72,TMMS15
TF72,111STMMDY
TF72,TKF72
KRSC326FPBO,KRA2007FPBO
KRSC326FPBO,KRA2411PBO
KRSC326FPBO,KASS13
KRSC326FPBO,KACKMCFIBER1
KRSC326FPBO,KRSC46HPBO
KRSC326FPBO,KRA2407PBO
KRSC326FPBO,KCP1422PBO
KRSC326FPBO,KRA4810FPBO
KRSC326FPBO,KAERNADD6RD
KRSC326FPBO,KRA2422PBO
SXK5,SXK11
SXK5,SXK3
SXK5,SX2
SXK5,SWM111A
SXK5,SWM101A
SXK5,TWM17
SXK5,SN18B
SXK5,S80A
SXK5,222AFSP
SXK5,TWM23
SGA1711BR,SGA1712BR
SGA1711BR,SGA1710BR
SGA1711BR,SGA175BR
SGA1711BR,SGA173BR
SGA1711BR,SGA174BR
SGA1711BR,SHP2KT
SGA1711BR,SHCP1B
SGA1711BR,SGA1714B
SGA1711BR,PWZ3A
SGA1711BR,ASGP102BR
THLLF72G,FHLLF80
THLLF72G,THLL72
THLLF72G,SHLX80A
THLLF72G,FH80MP
THLLF72G,THLF72
THLLF72G,PPCSG710
THLLF72G,SH80A
THLLF72G,FHBF80A
THLLF72G,FHBB18A
THLLF72G,FCF72
SGTT2B,SGTT4B
SGTT2B,SGA1714B
SGTT2B,SGTT110B
SGTT2B,SGTT9B
SGTT2B,SGTT1B
SGTT2B,SGTT3B
SGTT2B,SGTT5B
SGTT2B,SGTT7B
SGTT2B,SGTT6B
SGTT2B,BLPPB704
SGTT7B,SGTT8B
SGTT7B,SGTT9B
SGTT7B,SGTT1B
SGTT7B,SGTT3B
SGTT7B,SGTT2B
SGTT7B,SGTT10B
SGTT7B,SGTT6B
SGTT7B,SGTT4B
SGTT7B,SGA1714B
SGTT7B,SRP400B
YA4190DIS,IM1PT
YA4190DIS,SVTS272A
YA4190DIS,ECHDD012A
YA4190DIS,SVTSRAD272U
YA4190DIS,EEPV500
YA4190DIS,MTTL800
YA4190DIS,EEDM504F
YA4190DIS,FB361A
YA4190DIS,YA1050B
YA4190DIS,TDG1
EEFI500ACORE,EEBC30A12V
EEFI500ACORE,UTK150
EEFI500ACORE,GLASS50R
EEFI500ACORE,GA296B
EEFI500ACORE,YA1050B
EEFI500ACORE,ECHDD012AR
EEFI500ACORE,EEDM503D
EEFI500ACORE,JT13B
EEFI500ACORE,MTTL800
EEFI500ACORE,EECT400
IPL40C,IPL42C
IPL40C,IPL38C
IPL40C,IPL34C
IPL40C,IPL24C
IPL40C,312IPL
IPL40C,312IPLM
IPL40C,IPL26C
IPL40C,IPL32C
IPL40C,IPL20C
IPL40C,IPLM16C
AW2D,FXK6
AW2D,SIMM150A
AW2D,SIMM180
AW2D,ATECH3FR300B
AW2D,FXK3
AW2D,SIMM170
AW2D,47ACF
AW2D,SRPCR4700
AW2D,SPBS18AR
AW2D,SIMM190
AW3-1/2D,FXK11
AW3-1/2D,SPBS18AR
AW3-1/2D,T72
AW3-1/2D,SIMM210
AW3-1/2D,SGASA204CR
AW3-1/2D,SGD8BR
AW3-1/2D,SRPCR4700
AW3-1/2D,TMU8B
AW3-1/2D,TMXK4
AW3-1/2D,TMXK60
AWMEF10K,BLPHL145
AWMEF10K,BLPHL146
AWMEF10K,AWMEF10K
AWMEF10K,AWEF11K
AWMEF10K,SSDMR4BR
AWMEF10K,F4LB
AWMEF10K,SGDMRC44B
AWMEF10K,LN46ACF
AWMEF10K,FXK8
AWMEF10K,LN47ACF
AWM110DK,AW1015DK
AWM110DK,RXS605B
AWM110DK,GF22
AWM110DK,FAML6E
AWM110DK,STX70E
AWM110DK,317MSPC
AWM110DK,114ATMP
AWM110DK,TW381
AWM110DK,206EFABL
AWM110DK,BLPH124
AWMCG1604B,TMXK60
AWMCG1604B,T72
AWMCG1604B,F80
AWMCG1604B,BLPTHC87
AWMCG1604B,SGD4BR
AWMCG1604B,47ACF
AWMCG1604B,TMU8B
AWMCG1604B,96ACF
AWMCG1604B,SIMM180
AWMCG1604B,SGDP31IRBR
AWMXL10-4,PL400B
AWMXL10-4,ATECH2FR125B
AWMXL10-4,SRPCR3800
AWMXL10-4,PPC103A
AWMXL10-4,TMXK4
AWMXL10-4,SPBS12AR
AWMXL10-4,A2A
AWMXL10-4,FX1
AWMXL10-4,SIMM180
AWMXL10-4,SIMM240
BLP14HVLP,BLP14HVLP
BLP14HVLP,EECT400
BLP14HVLP,EEPV500
BLP14HVLP,BLP18HVLP
BLP14HVLP,BLP13HVLP
BLP14HVLP,BF555
BLP14HVLP,ECHDD012A
BLP14HVLP,BLP15HVLP
BLP14HVLP,PGP120
BLP14HVLP,GA296B
CT9038DB,MG325
CT9038DB,CTS561BITSET
CT9038DB,PTB32K
CT9038DB,PSO4625
CT9038DB,CTB8174
CT9038DB,CTC772A
CT9038DB,DBTB121
CT9038DB,PT850
CT9038DB,MG725A
CT9038DB,PDR3000A
CTINF9010,CGG861DB
CTINF9010,CTINF9010
CTINF9010,CT825DB
CTINF9010,CTB185
CTINF9010,CTC131A
CTINF9010,CTB8187
CTINF9010,CTSG861DB
CTINF9010,CT9080K2
CTINF9010,CTDFL861
CTINF9010,PTC250
AWL3D,SGDX80BR
AWL3D,FU8A
AWL3D,SPBS8AR
AWL3D,PL400B
AWL3D,SIMM170
AWL3D,TMXK4
AWL3D,SIMM200
AWL3D,FHLF80A
AWL3D,FXK11
AWL3D,SRPCR4700
TMA4.5E,TMA5E
TMA4.5E,XS1820A
TMA4.5E,XS1416A
TMA4.5E,XS1012A
TMA4.5E,XS2226A
TMA4.5E,XS1214A
TMA4.5E,PKN9
TMA4.5E,SGDEP20ESD
TMA4.5E,SGDE225ESD
TMA4.5E,SGDE215ESD
CSSD50G,CSSD1R
CSSD50G,CSA14CR
CSSD50G,CSA12CR
CSSD50G,AWPBX10
CSSD50G,PKN500
CSSD50G,SGAS102BR
CSSD50G,208FRDHM
CSSD50G,86EP
CSSD50G,BT518
CSSD50G,TDTDM500B
CTR869GDB,DB129C
CTR869GDB,PH1050
CTR869GDB,CTB8174
CTR869GDB,CTB185
CTR869GDB,AT109
CTR869GDB,MG325
CTR869GDB,CTC772A
CTR869GDB,PH3050BR
CTR869GDB,CTR861AK2
CTR869GDB,CT9080K2
CTS561BITSET,CTS561BITSET
CTS561BITSET,AT118
CTS561BITSET,PT850
CTS561BITSET,PTB32K
CTS561BITSET,DBTB121
CTS561BITSET,DBBPT13
CTS561BITSET,PSO4525
CTS561BITSET,CTS561CHUCK
CTS561BITSET,PDR3000A
CTS561BITSET,DB121C
SPBS8AR,SPBS12AR
SPBS8AR,SOEX38
SPBS8AR,UPTM65K
SPBS8AR,PKNC150
SPBS8AR,SPBS18AR
SPBS8AR,SOEX40
SPBS8AR,AWP160
SPBS8AR,BTC7B
SPBS8AR,SFSM18
SPBS8AR,SFSM9
THLX72,SHX80B
THLX72,FHLX80B
THLX72,FHOF80A
THLX72,SHLX80A
THLX72,112SIMTMM
THLX72,THLLF72
THLX72,FHBF80A
THLX72,124STTMM
THLX72,FHLL80
THLX72,FH80MP
THNF72,340SSDP
THNF72,SH80A
THNF72,10SSD
THNF72,AWM110DHK
THNF72,313SWYA
THNF72,FHOF80A
THNF72,TMS70A
THNF72,110TMSY
THNF72,SWM221
THNF72,SWM231
S3624,A106
S3624,A127
S3624,LSRM2000
S3624,GAX36
S3624,S3625
S3624,S9704KA
S3624,PWZ2A
S3624,YA4050B
S3624,SOEXM705
S3624,BTCP500
SGDMRC103A,SGDMRC11A
SGDMRC103A,OEX707B
SGDMRC103A,BLPBTWSET
SGDMRC103A,WTG8A
SGDMRC103A,SDMT25D
SGDMRC103A,SDMT10D
SGDMRC103A,110STMDY
SGDMRC103A,106TMUSA
SGDMRC103A,SFSM7
SGDMRC103A,STMD6
SOEX26,SOEX28
SOEX26,SOEX36
SOEX26,SOEX38
SOEX26,SOEX32
SOEX26,PKNC150
SOEX26,414AHD
SOEX26,SOEX40
SOEX26,UPTM65K
SOEX26,AWP160
SOEX26,SOEX704
TMM10,STMM10
TMM10,STMM7
TMM10,TMM12
TMM10,STMM12
TMM10,STMM13
TMM10,STMM8
TMM10,TMM14
TMM10,TMM7
TMM10,STMM14
TMM10,FA12LE
SHDP63IRR,SHD6R
SHDP63IRR,SHDP42IRR
SHDP63IRR,SHDP31IRR
SHDP63IRR,SHD2R
SHDP63IRR,SHD4R
SHDP63IRR,LDH442
SHDP63IRR,LDH602
SHDP63IRR,TWM25
SHDP63IRR,OXIM6B
SHDP63IRR,SOEX707
FADH8C,FADH6C
FADH8C,FADH10C
FADH8C,FADH12C
FADH8C,PKNC300
FADH8C,XLE605
FADH8C,FK80
FADH8C,210FCOMA
FADH8C,IPL22C
FADH8C,IPL18C
FADH8C,IPL28C
TWM28,TWM29
TWM28,TWM31
TWM28,TWM30
TWM28,TWM32
TWM28,TWM25
TWM28,TWM27
TWM28,TW401
TWM28,TW381
TWM28,TMP12E
TWM28,FTX60E
CTC772A,CTC772A
CTC772A,CTR862DB
CTC772A,CTS561BITSET
CTC772A,CTB8174
CTC772A,CTSG861DB
CTC772A,CTDFL861
CTC772A,CT825DB
CTC772A,CTR867AK2
CTC772A,CTB8187
CTC772A,CTC131A
IMM210,IMM220
IMM210,IMM200
IMM210,IMM230
IMM210,IMM240
IMM210,IMM190
IMM210,IMM170A
IMM210,IMM180
IMM210,IMM120A
IMM210,IM320
IMM210,IM280
TWM19,TWM17
TWM19,TWM18
TWM19,TWM21
TWM19,TWM23
TWM19,TWM24
TWM19,TWM20
TWM19,TWM22
TWM19,TWM31
TWM19,TWM25
TWM19,TW221
TWM24,TWM22
TWM24,TWM20
TWM24,TWM23
TWM24,TWM21
TWM24,TWM17
TWM24,TWM26
TWM24,TWM19
TWM24,TW461
TWM24,TWM25
TWM24,TWM30
MS6A,FXK11
MS6A,SGASA204CR
MS6A,SGDX80BR
MS6A,F80
MS6A,91ACP
MS6A,PPC103A
MS6A,SGD2BR
MS6A,PL400B
MS6A,T72
MS6A,SIMM190
EFPBLACKICE,TDG1
EFPBLACKICE,RULER601
EFPBLACKICE,EECT200
EFPBLACKICE,TPGDL2000
EFPBLACKICE,MAGDISH
EFPBLACKICE,AT4101
EFPBLACKICE,FB316B
EFPBLACKICE,EEDM525F
EFPBLACKICE,ECHDD012AR
EFPBLACKICE,JCK8
PWCS7ACFG,PK52A
PWCS7ACFG,AWM110DHK
PWCS7ACFG,AC5C
PWCS7ACFG,AWCGT500
PWCS7ACFG,FADH12C
PWCS7ACFG,PRH57A
PWCS7ACFG,PK53A
PWCS7ACFG,411CF
PWCS7ACFG,SGDTX50BR
PWCS7ACFG,SGD153BR
SIM360,SIM400
SIM360,SIM340
SIM360,SIM320
SIM360,IM320
SIM360,SIM380
SIM360,IM260
SIM360,SIM300
SIM360,SIM200
SIM360,SIM240
SIM360,IM180A
SWM121A,SWM141A
SWM121A,SWM241
SWM121A,SWM221
SWM121A,SWM231
SWM121A,SWM211
SWM121A,SWM151A
SWM121A,SWM101A
SWM121A,SWM251
SWM121A,AWEF6K
SWM121A,340SSDP
TMM6,STMM6
TMM6,TMM11
TMM6,TMM14
TMM6,STMM12
TMM6,TMM7
TMM6,STMM13
TMM6,TMM8
TMM6,STMM5.5
TMM6,STMM5
TMM6,FRX181
PBMP16A,PBMP8A
PBMP16A,PBMP12A
PBMP16A,PHP1A
PBMP16A,HBBD56
PBMP16A,PBS704
PBMP16A,SGA175BR
PBMP16A,SIM380
PBMP16A,SIM400
PBMP16A,SIM360
PBMP16A,IMX32B
PBMS5O,PBMB5R
PBMS5O,PBMB5O
PBMS5O,PBMA5R
PBMS5O,PBMA5
PBMS5O,PBMA5G
PBMS5O,PBMMA5R
PBMS5O,PBMA5O
PBMS5O,PBMMA5
PBMS5O,PBMMB5R
PBMS5O,PBMMS5G
FM12,FM14
FM12,FM19
FM12,FM10
FM12,FM17
FM12,FM18
FM12,FM11
FM12,FM15
FM12,FM13
FM12,10SSD
FM12,SW221
EEDM503D,EEDM503D
EEDM503D,ECPNJ032
EEDM503D,TPM16EM
EEDM503D,MTTL700
EEDM503D,EECT400
EEDM503D,EFPHANNIBALB
EEDM503D,PGP50
EEDM503D,TPM16
EEDM503D,FB360C
EEDM503D,TPMB25EM
AD8C,AD12C
AD8C,AD6C
AD8C,AD10C
AD8C,1512B
AD8C,YA4275
AD8C,BTC7B
AD8C,AWPBX10
AD8C,BHS13A
AD8C,AC58E
AD8C,BHM9A
SF201,SF281
SF201,SF241
SF201,SF261
SF201,SF181
SF201,SF141
SF201,SF121
SF201,SF161
SF201,SF101
SF201,XS2024A
SF201,XS1214A
214SFY,211FY
214SFY,AWL1010DK
214SFY,30SSD
214SFY,110STMDY
214SFY,WTG10A
214SFY,110ETMAY
214SFY,AD6C
214SFY,PPB30AK
214SFY,SSFP2
214SFY,F101
TMMS5,TMMS9
TMMS5,TMMS12
TMMS5,TMMS14
TMMS5,TMMS15
TMMS5,TMMS8
TMMS5,TMMS4
TMMS5,110TMSY
TMMS5,212FSMSY
TMMS5,211FSSY
TMMS5,2005BSKA
AWCG1624B,AWCG1624B
AWCG1624B,SRPCR4700
AWCG1624B,SGD2BR
AWCG1624B,AWCG1620B
AWCG1624B,AWCG1600B
AWCG1624B,AWCGT40
AWCG1624B,AWCGT30
AWCG1624B,AWCGT27
AWCG1624B,AWBCG1608
AWCG1624B,AWBCG1612
KRSC430APCM7,KAERNADD6RD
KRSC430APCM7,KRSC323PBO
KRSC430APCM7,KACKMCFIBER1
KRSC430APCM7,KCP1422PBO
KRSC430APCM7,KRSC326FPBO
KRSC430APCM7,KRA4107FPBO
KRSC430APCM7,KRA2411PBO
KRSC430APCM7,KRA2407PBO
KRSC430APCM7,PLRK27
KRSC430APCM7,KRA2055FPBO
KRSC430APWZ7,KAERNADD6RD
KRSC430APWZ7,KRSC323PBO
KRSC430APWZ7,KRSC46HPBO
KRSC430APWZ7,KRA2411PBO
KRSC430APWZ7,KRSC343PBO
KRSC430APWZ7,KWSP2455ABL
KRSC430APWZ7,PLRK27
KRSC430APWZ7,KRA4813FPBO
KRSC430APWZ7,KWSN2455ABL
KRSC430APWZ7,TB40C
SPBS18AG,SPBS8AR
SPBS18AG,SPBS12AR
SPBS18AG,PKNC150
SPBS18AG,UPTM65K
SPBS18AG,PK52A
SPBS18AG,SOEX40
SPBS18AG,BTC7B
SPBS18AG,AWP160
SPBS18AG,TMM4
SPBS18AG,SFSM12
KRSC343PC,KAERNADD6RD
KRSC343PC,KRSC430APBO7
KRSC343PC,KRA2055FPBO
KRSC343PC,A277
KRSC343PC,KRSC46HPBO
KRSC343PC,KRA2411PBO
KRSC343PC,KRA2407PBO
KRSC343PC,YA438B
KRSC343PC,KRA4059FPBO
KRSC343PC,KACKFLTCLNR
JCW80ABL,MRB10B
JCW80ABL,MAGDISH
JCW80ABL,VAC201
JCW80ABL,JCW62R
JCW80ABL,ASTFUN19KIT
JCW80ABL,ECHDG052
JCW80ABL,EEJP201MBKA-NA
JCW80ABL,TIF160
JCW80ABL,YA105013
JCW80ABL,MAGMICRO
KRA2007FPC,KWSP2455AST
KRA2007FPC,KRSC46HPBO
KRA2007FPC,KASS13
KRA2007FPC,KRA6200FPBO
KRA2007FPC,KAERNADD6RD
KRA2007FPC,KRBC100ABN
KRA2007FPC,KRSC326FPBO
KRA2007FPC,KACKMCFIBER1
KRA2007FPC,KRSC430APBO7
KRA2007FPC,KCP2422PBO
KRA2055FPCM,KRA4107FPBO
KRA2055FPCM,YA450B
KRA2055FPCM,KRSC46HPBO
KRA2055FPCM,KA2422SETPJH
KRA2055FPCM,KRSC326FPBO
KRA2055FPCM,PLRK30
KRA2055FPCM,KRA2411PBO
KRA2055FPCM,KACKMCFIBER1
KRA2055FPCM,KWSN2455AST
KRA2055FPCM,KRSC430APBO1
BTC8A,BL1B
BTC8A,SR40K
BTC8A,BT101
BTC8A,YA9350B
BTC8A,SDMV208
BTC8A,HBPT24
BTC8A,LP10R
BTC8A,207EFTXY
BTC8A,UIM2FL
BTC8A,CSA12CR
110STMDY,110TMDY
110STMDY,211SFY
110STMDY,214SFY
110STMDY,107ATMPB
110STMDY,SF261
110STMDY,SF281
110STMDY,SF141
110STMDY,SF161
110STMDY,TMD9
110STMDY,TMD11
8HR,GA98A
8HR,XS2024A
8HR,VO2628B
8HR,TM84
8HR,VO2224B
8HR,VO3032B
8HR,VO1416B
8HR,VO1820B
8HR,TM65
8HR,TMC106E
CDR4P44K3DB,CTR867AK2
CDR4P44K3DB,CTB8174
CDR4P44K3DB,CTC131A
CDR4P44K3DB,CT9080K2
CDR4P44K3DB,MG725A
CDR4P44K3DB,AT109
CDR4P44K3DB,PH3050BR
CDR4P44K3DB,CTR861AK2
CDR4P44K3DB,CTS561BITSET
CDR4P44K3DB,CT825DB
CDR4P63L3K2,CTC772A
CDR4P63L3K2,CTB185
CDR4P63L3K2,CT9080K2
CDR4P63L3K2,PT850
CDR4P63L3K2,CTR867AK2
CDR4P63L3K2,PH3050BR
CDR4P63L3K2,SAG03S20
CDR4P63L3K2,CT825DB
CDR4P63L3K2,PT338
CDR4P63L3K2,CTB8174
SFSM20,SFSM6
SFSM20,SFSM21
SFSM20,SFSM7
SFSM20,FSM61
SFSM20,FSM71
SFSM20,STMM4.5
SFSM20,TMM4.5
SFSM20,STMM4
SFSM20,PHP2A
SFSM20,FTX60E
SHD2G,SHDP42IRR
SHD2G,SHD6R
SHD2G,SHDP31IRR
SHD2G,SHD4R
SHD2G,SHDP63IRR
SHD2G,SHD1R
SHD2G,SGDE220ESD
SHD2G,SGDEP21ESD
SHD2G,TMU121A
SHD2G,TMU101A
L8112A,L872RJ
L8112A,L872RM
L8112A,L62
L8112A,L122
L8112A,425IMM
L8112A,LDH442
L8112A,LDH602
L8112A,LDH422A
L8112A,LDH562
L8112A,SOEX36
CTSG861DB,CTB8187
CTSG861DB,CTSG861DB
CTSG861DB,CT825DB
CTSG861DB,CTCO861K2
CTSG861DB,CTINF9010
CTSG861DB,CTB185
CTSG861DB,CTC131A
CTSG861DB,CTC772A
CTSG861DB,CTR862DB
CTSG861DB,CTB8174
SW261,SW141A
SW261,SW181A
SW261,SW201
SW261,SW361
SW261,340SSDP
SW261,SWM251
SW261,313SYA
SW261,SWM261
SW261,SWM271
SW261,SW381
209TFSMYA,EXDL10A
209TFSMYA,S6103A
209TFSMYA,LDT8
209TFSMYA,LSR1500
209TFSMYA,SIMM350
209TFSMYA,SIMM290
209TFSMYA,PWZ4
209TFSMYA,YA9350B
209TFSMYA,210IMFSYA
209TFSMYA,SIMM300
FLLF80,TLLF72
FLLF80,SLL80A
FLLF80,SLX80A
FLLF80,FCF72
FLLF80,FLF80A
FLLF80,SF80A
FLLF80,F80MP
FLLF80,FF80A
FLLF80,SX80B
FLLF80,TFY72
THLF72G,FHLF80A
THLF72G,SHLF80A
THLF72G,SHX80B
THLF72G,FHLLF80
THLF72G,FHOF80A
THLF72G,112TMMY
THLF72G,FHLX80B
THLF72G,TMX1
THLF72G,TMXK110
THLF72G,PPCSG710
SAM19E,SA16E
SAM19E,FA12LE
SAM19E,FAML6E
SAM19E,FRX181
SAM19E,HD6529
SAM19E,GF22
SAM19E,STX70E
SAM19E,YA2850A
SAM19E,209EFTXBY
SAM19E,TW481
F181,F141
F181,F121
F181,F261
F181,F201
F181,F281
F181,F101
F181,F241
F181,F081
F181,PKN9
F181,SGDE230ESD
TM83A,TM84
TM83A,VO2628B
TM83A,VO1820B
TM83A,VO1012B
TM83A,XS67A
TM83A,TM408
TM83A,SGDEL10ESD
TM83A,XS810A
TM83A,TM82
TM83A,TMC106E
TMM4.5,STMM4.5
TMM4.5,STMM4
TMM4.5,SFSM6
TMM4.5,SFSM20
TMM4.5,FSM61
TMM4.5,TMMS4.5
TMM4.5,SFSM21
TMM4.5,FSM71
TMM4.5,TM04
TMM4.5,TWM30
KHP415PWZ,PLRK30
KHP415PWZ,KRSC430APBO1
KHP415PWZ,KRA2422PBO
KHP415PWZ,TB20AC
KHP415PWZ,KCP1422PBO
KHP415PWZ,YA450B
KHP415PWZ,KCP2422PBO
KHP415PWZ,KRA4813FPBO
KHP415PWZ,KRA25D
KHP415PWZ,A277
EEDM504F,FB316B
EEDM504F,EEDM504F
EEDM504F,ECF35
EEDM504F,FB360C
EEDM504F,GA296B
EEDM504F,MTTL300
EEDM504F,PGP120
EEDM504F,TPM16
EEDM504F,PGP50
EEDM504F,RULER600
GLOVE1100M,GLOVE1100L
GLOVE1100M,ECFLD030
GLOVE1100M,JCW62R
GLOVE1100M,GLOVEORIGPLUSL
GLOVE1100M,GLOVE300BL
GLOVE1100M,GLOVE505RL
GLOVE1100M,SOSG01BKCL01
GLOVE1100M,GLOVE309L
GLOVE1100M,GLASS90BYEAR
GLOVE1100M,GLASS50R
GLOVE900XLB,JCW62R
GLOVE900XLB,SOSG01BKCL01
GLOVE900XLB,GLASS30R
GLOVE900XLB,GLOVE1100L
GLOVE900XLB,GLOVE505RL
GLOVE900XLB,GLOVE309L
GLOVE900XLB,GLOVE300BL
GLOVE900XLB,GLOVEORIGPLUSL
GLOVE900XLB,GLASS50R
GLOVE900XLB,ACT51234A
JCW62R,JCW62R
JCW62R,MAGTRAY
JCW62R,MRB10B
JCW62R,JCW80AR
JCW62R,ACT73A
JCW62R,ACT413A
JCW62R,FB303B
JCW62R,RULER601
JCW62R,YA427B
JCW62R,VAC201
KRA2407PDG,KWSP2455ABL
KRA2407PDG,KWSN2455AST
KRA2407PDG,KASS13
KRA2407PDG,KRSC430APBO7
KRA2407PDG,KAERNADD6RD
KRA2407PDG,KRA4810FPBO
KRA2407PDG,KCP1422PBO
KRA2407PDG,A277
KRA2407PDG,KRA2422PBO
KRA2407PDG,KRA2411PBO
312CF,86EP
312CF,411CF
312CF,490CF
312CF,911ACF
312CF,612AEP
312CF,912AEP
312CF,FHBF80A
312CF,808CF
312CF,SGDXL80BR
312CF,OXI707BK
GLOVE307M,YAKS42
GLOVE307M,EEDM503D
GLOVE307M,FB336
GLOVE307M,EEBC30A12V
GLOVE307M,ECHDF042
GLOVE307M,SVTSRAD272U
GLOVE307M,GLASS30R
GLOVE307M,JCK8
GLOVE307M,GLASS50R
GLOVE307M,TPGDL2000
GLOVE307XX,EEBC30A12V
GLOVE307XX,EEDM596FK
GLOVE307XX,RULER601
GLOVE307XX,YA1050B
GLOVE307XX,ECPNI032R
GLOVE307XX,ECPNG032
GLOVE307XX,UTK100
GLOVE307XX,EEPV509
GLOVE307XX,ECHDD012A
GLOVE307XX,IM1PT
SIMM220,SIMM190
SIMM220,SIMM210
SIMM220,SIMM170
SIMM220,SIMM180
SIMM220,SIMM200
SIMM220,SIMM240
SIMM220,SIMM230
SIMM220,SIMM150A
SIMM220,SIMM100A
SIMM220,SIMM130A
PPK300,PKN500
PPK300,SGDE230ESD
PPK300,SGDEP20ESD
PPK300,PBN2
PPK300,SGDEP21ESD
PPK300,TMU181A
PPK300,TMU101A
PPK300,TMA4.5E
PPK300,TMA8E
PPK300,TMA4E
SWM241,SWM231
SWM241,SWM221
SWM241,SWM201
SWM241,SWM171
SWM241,SWM141A
SWM241,SWM181
SWM241,SWM291
SWM241,SWM281
SWM241,SWM121A
SWM241,SN25A
ECFD0102,GLOVE900LR
ECFD0102,GLOVE1100L
ECFD0102,GLOVE300BL
ECFD0102,ECPRA072
ECFD0102,ECHDD012AR
ECFD0102,EEDM503D
ECFD0102,ECARL032R
ECFD0102,MAGDISH
ECFD0102,JCK8
ECFD0102,TDG2
PKNC301,PKNC300
PKNC301,PPB30AK
PKNC301,USS103
PKNC301,HBPT24
PKNC301,PPC204A
PKNC301,PBN500
PKNC301,PPC1A
PKNC301,PPC203A
PKNC301,SPBS704AR
PKNC301,SPBS12AR
AWEF6M6K,AWEF9K
AWEF6M6K,112TMMY
AWEF6M6K,SGD8BR
AWEF6M6K,96ACF
AWEF6M6K,FXK3
AWEF6M6K,FXK6
AWEF6M6K,SGASA204CR
AWEF6M6K,SPBS8AR
AWEF6M6K,SPBS12AR
AWEF6M6K,SPBS18AR
YA4616,GLASS50R
YA4616,MTTL800
YA4616,RULER6
YA4616,RULER601
YA4616,FB316B
YA4616,EECT200
YA4616,ECPNH012
YA4616,TDG1
YA4616,IM1PT
YA4616,ECARL032R
SF221,SF281
SF221,SF241
SF221,SF261
SF221,SF201
SF221,SF181
SF221,SF141
SF221,SF161
SF221,SF101
SF221,PKN9
SF221,VO3032B
KRA2411PC,KWSN2455AST
KRA2411PC,KRWT2411
KRA2411PC,KWSP2455ABL
KRA2411PC,KRA6210FPBO
KRA2411PC,KRA2422PBO
KRA2411PC,KCP1422PBO
KRA2411PC,KCP2422PBO
KRA2411PC,PLRK21
KRA2411PC,KRSC326FPBO
KRA2411PC,TB20AC
KRA2411PDC,KAERNADD6RD
KRA2411PDC,KRA2411PBO
KRA2411PDC,KRA2407PBO
KRA2411PDC,KWSN2455AST
KRA2411PDC,KRWT2411
KRA2411PDC,KWSP2455ABL
KRA2411PDC,KRA6210FPBO
KRA2411PDC,KRA2422PBO
KRA2411PDC,KCP1422PBO
KRA2411PDC,KCP2422PBO
AWT8A,SGD4BR
AWT8A,96ACF
AWT8A,SIMM150A
AWT8A,SIMM220
AWT8A,SIMM210
AWT8A,A2A
AWT8A,47ACF
AWT8A,TMXK4
AWT8A,TMU8B
AWT8A,T72
AWMEF8K,AWEF6K
AWMEF8K,SWM251
AWMEF8K,SWM261
AWMEF8K,SWM271
AWMEF8K,SWM111A
AWMEF8K,AWEF9K
AWMEF8K,PK52A
AWMEF8K,PKB52A
AWMEF8K,VGP12509
AWMEF8K,SWM101A
SGD155CR,SGD153BR
SGD155CR,SW341
SGD155CR,FZ7A
SGD155CR,USS103
SGD155CR,F18LA
SGD155CR,PPCD70BK
SGD155CR,SOEXM9
SGD155CR,S9704KR
SGD155CR,110TMY
SGD155CR,PIT120
SIMM360,SIMM300
SIMM360,SIMM320
SIMM360,SIMM340
SIMM360,SIMM350
SIMM360,SIMM290
SIMM360,OEXM9B
SIMM360,SN25A
SIMM360,222AFSP
SIMM360,OFW1
SIMM360,UPTM65K
ACT925,ACTUVPROKT
ACT925,ACT51234A
ACT925,RTEMP8
ACT925,EECT200
ACT925,ACTR4151A
ACT925,MTTL700
ACT925,ACT1290A
ACT925,EECS150
ACT925,CAL6EA
ACT925,EEPV509
GA296B,GA296B
GA296B,ACT83A
GA296B,OC5A
GA296B,PGP50
GA296B,PGP120
GA296B,MTTL300
GA296B,FB361A
GA296B,RTEMPB7
GA296B,PG160
GA296B,FB360C
QD3R150A,QD1R50A
QD3R150A,QD1R200A
QD3R150A,QD2FR75B
QD3R150A,S6110A
QD3R150A,131A
QD3R150A,B1461
QD3R150A,YA4275
QD3R150A,BHM9A
QD3R150A,PK23A
QD3R150A,S9704KR
FRX181,FAML6E
FRX181,FABLM5E
FRX181,KAC1224TCA
FRX181,SAM19E
FRX181,TW481
FRX181,STX70E
FRX181,YA2850A
FRX181,TW381
FRX181,RC980
FRX181,209EFTXBY
AW6D,AW4-1/2D
AW6D,AW8D
AW6D,AW7D
AW6D,AW4D
AW6D,AW12D
AW6D,AW10D
AW6D,AW5D
AW6D,10SSD
AW6D,FSM71
AW6D,SX80B
SDMT10D,SDMT20D
SDMT10D,SDMT25D
SDMT10D,SDM251C
SDMT10D,SDM252C
SDMT10D,R404
SDMT10D,AWEF9K
SDMT10D,SDMEXT19K
SDMT10D,HBPT24
SDMT10D,1210B
SDMT10D,DBHS13
SA16E,FA12LE
SA16E,FRX181
SA16E,FABLM5E
SA16E,HD6529
SA16E,KAC1224TCA
SA16E,GF22
SA16E,STX70E
SA16E,YA2850A
SA16E,9100GSM
SA16E,206EFABL
KRSC430APQD7,KAERNADD6RD
KRSC430APQD7,KRSC323PBO
KRSC430APQD7,TB20AC
KRSC430APQD7,KACKMCFIBER1
KRSC430APQD7,KCP2422PBO
KRSC430APQD7,KRSC46HPBO
KRSC430APQD7,KCP1422PBO
KRSC430APQD7,KA2422SETPJJ
KRSC430APQD7,KRSC326FPBO
KRSC430APQD7,YA389A
PWCS9ACFG,206AFSA
PWCS9ACFG,218AFP
PWCS9ACFG,TWM29
PWCS9ACFG,AWL1010DK
PWCS9ACFG,1210B
PWCS9ACFG,SRP3A
PWCS9ACFG,AWP120
PWCS9ACFG,TWM25
PWCS9ACFG,YA337A
PWCS9ACFG,BTK5
SPBS18A,SPBS8AR
SPBS18A,SPBS12AR
SPBS18A,PKNC150
SPBS18A,SOEX38
SPBS18A,UPTM65K
SPBS18A,PK52A
SPBS18A,SOEX40
SPBS18A,TMM4
SPBS18A,PPC1A
SPBS18A,PPC203A
PH3050BRCH4,PH3050BR
PH3050BRCH4,PSO4625
PH3050BRCH4,PDR3000A
PH3050BRCH4,PTC250
PH3050BRCH4,PTGR100
PH3050BRCH4,MG1250
PH3050BRCH4,VWB8B
PH3050BRCH4,PTGR110
PH3050BRCH4,PTR72
PH3050BRCH4,MG325
BLP13HVLP,BLP13HVLP
BLP13HVLP,GLASS50R
BLP13HVLP,RULER602
BLP13HVLP,BLP14HVLP
BLP13HVLP,BLP18HVLP
BLP13HVLP,BF555
BLP13HVLP,BLP15HVLP
BLP13HVLP,JT13B
BLP13HVLP,PGP120
BLP13HVLP,GA296B
GLOVE502BLB,EEPV503
GLOVE502BLB,TDG1
GLOVE502BLB,JCK7DBL
GLOVE502BLB,TPGDL2000
GLOVE502BLB,ECPNI032R
GLOVE502BLB,GA296B
GLOVE502BLB,TDG2
GLOVE502BLB,IM1PT
GLOVE502BLB,AT4101
GLOVE502BLB,YA1050B
A127,A106
A127,S3625
A127,S3624
A127,BTG9
A127,A129
A127,BTCP2SA
A127,OFC14KT
A127,YA4250
A127,QDTPMS
A127,STARTERSET5
GF22,FRX181
GF22,FA12LE
GF22,FAML6E
GF22,KAC1224TCA
GF22,FABLM5E
GF22,SAM19E
GF22,9100GSM
GF22,TW401
GF22,FTXB55E
GF22,208FRDH
AWCG1610B,47ACF
AWCG1610B,SIMM220
AWCG1610B,PPC4A
AWCG1610B,FXK6
AWCG1610B,BLPTHC87
AWCG1610B,FHLF80A
AWCG1610B,SGD2BR
AWCG1610B,96ACF
AWCG1610B,SPBS704AR
AWCG1610B,SIMM200
BOERM24,BOERM22
BOERM24,BOERM21
BOERM24,BOERM712
BOERM24,IMX32B
BOERM24,SHD4R
BOERM24,SHDP42IRR
BOERM24,PPC4A
BOERM24,TMXK60
BOERM24,47ACF
BOERM24,SGASA204CR
BTCP500,S3624
BTCP500,BTCW800
BTCP500,LSR1000EXT
BTCP500,TWM27
BTCP500,LSRM2000
BTCP500,LSR1580
BTCP500,QD3RN350A
BTCP500,TMM4
BTCP500,PWZ2A
BTCP500,208EFTAMXSY
CT9100K2,PTR2500
CT9100K2,PTB32K
CT9100K2,PH1050
CT9100K2,CT9080K2
CT9100K2,CTC772A
CT9100K2,PTC250
CT9100K2,MG725A
CT9100K2,PTGR110
CT9100K2,PH3050BR
CT9100K2,AT109
XS1012A,XS2226A
XS1012A,VO2628B
XS1012A,XS810A
XS1012A,VO1012B
XS1012A,VO1416B
XS1012A,TM408
XS1012A,TM412
XS1012A,TM82
XS1012A,TMC104E
XS1012A,TM5
XS1214A,XS810A
XS1214A,XS1618A
XS1214A,XS1820A
XS1214A,XS1012A
XS1214A,XS2226A
XS1214A,VO1820B
XS1214A,VO3032B
XS1214A,TM408
XS1214A,TM412
XS1214A,TMC104E
KRSC46HPBO,KCP1422PBO
KRSC46HPBO,KRSC430APBO1
KRSC46HPBO,KWSN2455ABL
KRSC46HPBO,KRA4059FPBO
KRSC46HPBO,KASS13
KRSC46HPBO,KRSC326FPBO
KRSC46HPBO,KAERNADD6RD
KRSC46HPBO,KRA4810FPBO
KRSC46HPBO,KACKCAREKIT
KRSC46HPBO,PLRK30
KRSC46HPJJ,KCP2422PBO
KRSC46HPJJ,KRA4810FPBO
KRSC46HPJJ,KRSC323PBO
KRSC46HPJJ,KRSC343PBO
KRSC46HPJJ,A277
KRSC46HPJJ,KRA2406BPBO
KRSC46HPJJ,KRA2407PBO
KRSC46HPJJ,TB20AC
KRSC46HPJJ,SNA-TBP14
KRSC46HPJJ,KRSC430APBO7
86ACF,XS2024A
86ACF,XS1416A
86ACF,XS1012A
86ACF,VO2224B
86ACF,VO2628B
86ACF,VO3032B
86ACF,XS810A
86ACF,TM412
86ACF,TM65
86ACF,TMC106E
SGDX80BR,XS1820A
SGDX80BR,XS1618A
SGDX80BR,XS1214A
SGDX80BR,VO1416B
SGDX80BR,TM408
SGDX80BR,TM65
SGDX80BR,TM412
SGDX80BR,TM82
SGDX80BR,TMC106E
SGDX80BR,TM410
CSA14CR,CSA12CR
CSA14CR,CSSD50R
CSA14CR,AW1020DK
CSA14CR,AWM140DK
CSA14CR,CSSD1R
CSA14CR,2420A
CSA14CR,111TMMDY
CSA14CR,TMMD5
CSA14CR,TMMD9
CSA14CR,TMMD10
CSSD50R,CSSD1R
CSSD50R,CSA14CR
CSSD50R,CSA12CR
CSSD50R,PKN500
CSSD50R,SGAS102BR
CSSD50R,QDTPMS
CSSD50R,PTM30
CSSD50R,HCP48BCF
CSSD50R,PHP2A
CSSD50R,HBBT16
210AFLEY,FTX60E
210AFLEY,210EFTAMY
210AFLEY,US712
210AFLEY,AWMEF7K
210AFLEY,BF620C
210AFLEY,AW1020DK
210AFLEY,PKNG90
210AFLEY,AWM140DK
210AFLEY,PKRS1
210AFLEY,SWM281
SW341,SW361
SW341,SW321
SW341,SW301
SW341,SW261
SW341,SW181A
SW341,SW281
SW341,XS1618A
SW341,VO2224B
SW341,VO2628B
SW341,VO1012B
SVSM807A,OEXSM710B
SVSM807A,208EPIT
SVSM807A,FC72
SVSM807A,VS807B
SVSM807A,PIT120
SVSM807A,SRPCR3800
SVSM807A,HBFE24
SVSM807A,HBFE32
SVSM807A,SGA1710BR
SVSM807A,SGRHT6BR
112RTSMA,210RAFSMA
112RTSMA,112RTMA
112RTSMA,RAF80A
112RTSMA,XDLRM11A
112RTSMA,BLPBTWKIT
112RTSMA,BTCW800
112RTSMA,A127
112RTSMA,BLPEXTF146
112RTSMA,BLPEXTF388
112RTSMA,OFC14KT
THNF72O,340SSDP
THNF72O,SH80A
THNF72O,10SSD
THNF72O,AWM110DHK
THNF72O,AW1015DHK
THNF72O,FHBB12A
THNF72O,TKF72
THNF72O,PK53A
THNF72O,FHR80
THNF72O,TMMS14
PT850G,PT850
PT850G,MG725A
PT850G,MG1250
PT850G,PT338
PT850G,MG325
PT850G,PTR72
PT850G,PTR2500
PT850G,PTGR450
PT850G,PTR2505
PT850G,PTGR100
KHP415PBO,KRWT2411
KHP415PBO,KRA2411PBO
KHP415PBO,KRSC343PBO
KHP415PBO,KAERNADD6RD
KHP415PBO,KRSC430APBO1
KHP415PBO,PLRK21
KHP415PBO,KRSC46HPBO
KHP415PBO,KASS13
KHP415PBO,A277
KHP415PBO,TB40C
GLOVE900LB,GLOVEORIGPLUSL
GLOVE900LB,GLASS30R
GLOVE900LB,YA427B
GLOVE900LB,GLOVE1100L
GLOVE900LB,GLOVE505RL
GLOVE900LB,GLOVE309L
GLOVE900LB,GLOVE300BL
GLOVE900LB,GLASS50R
GLOVE900LB,SOSG01BKCL01
GLOVE900LB,ACT51234A
PT338,PDR3000A
PT338,PDR5000A
PT338,MG325
PT338,PTR2505
PT338,PTR72
PT338,PTR2500
PT338,PT850
PT338,PTC250
PT338,CTQ838DB
PT338,VWB8B
TMMD9,TMMD7
TMMD9,TMMD5.5
TMMD9,TMMD8
TMMD9,TMMD10
TMMD9,111STMMDY
TMMD9,SR40K
TMMD9,BTC7B
TMMD9,AC58E
TMMD9,SOEX38
TMMD9,SS5A
TMMDS5.5,TMMDS5
TMMDS5.5,TMMDS6
TMMDS5.5,TMMDS12
TMMDS5.5,TMMDS9
TMMDS5.5,TMMDS15
TMMDS5.5,TMMDS13
TMMDS5.5,TMMDS14
TMMDS5.5,TMMDS8
TMMDS5.5,TMMDS10
TMMDS5.5,TMMD7
TA18B,TA32A
TA18B,EEBC30A12V
TA18B,EECT400
TA18B,TDG1
TA18B,RULER601
TA18B,YA1050B
TA18B,ECPNH012
TA18B,EECT424HD
TA18B,YAKS42
TA18B,UTK100
PPC820B,PPC203A
PPC820B,PPC4A
PPC820B,PPC206A
PPC820B,PPC205A
PPC820B,PPC103A
PPC820B,PPC816B
PPC820B,PPC1A
PPC820B,XS1820A
PPC820B,XS1012A
PPC820B,VO3032B
SX24,SX20
SX24,305ASX
SX24,208AFX
SX24,303SXWKL
SX24,103TMXKLA
SX24,ATECH4RS600
SX24,LDT8
SX24,IPL26C
SX24,IPL16C
SX24,SXK3
TTX30E,TTX27E
TTX30E,TTX40E
TTX30E,TTX25E
TTX30E,TTX20E
TTX30E,HSPD16
TTX30E,B1461
TTX30E,AC58E
TTX30E,SIMM320
TTX30E,SIMM300
TTX30E,309SIMYA
SF261,SF281
SF261,SF241
SF261,SF221
SF261,F261
SF261,SF201
SF261,F281
SF261,SF141
SF261,F221
SF261,SF161
SF261,F121
YA4615,TDG2
YA4615,IM1PT
YA4615,ECHDD012A
YA4615,FB361A
YA4615,SVTSRAD272U
YA4615,UTK100
YA4615,FB336
YA4615,MTTL800
YA4615,RULER601
YA4615,ECSPH271
ECPRD068B,EEPV500
ECPRD068B,TDG2
ECPRD068B,FB336
ECPRD068B,EEBC30A12V
ECPRD068B,FB361A
ECPRD068B,ECHDD012A
ECPRD068B,EEDM504F
ECPRD068B,EEDM596FK
ECPRD068B,BB9008
ECPRD068B,GLASS30R
AWMEFBH10K,AWMEFBH10K
AWMEFBH10K,AWMG9
AWMEFBH10K,AWS13
AWMEFBH10K,AWTEFBH11K
AWMEFBH10K,AWEFBH11K
AWMEFBH10K,AWBXL13
AWMEFBH10K,AWMXL10
AWMEFBH10K,AWBS13
AWMEFBH10K,AWXL13
AWMEFBH10K,BHS13A
AWMG9-2,PPC103A
AWMG9-2,ATECH2FR125B
AWMG9-2,SGDP31IRBR
AWMG9-2,BLPTHC87
AWMG9-2,SGDX80BR
AWMG9-2,FHLF80A
AWMG9-2,FU8A
AWMG9-2,SPBS18AR
AWMG9-2,SPBS704AR
AWMG9-2,91ACP
FL80,SL80A
FL80,TL72
FL80,TL72FOD
FL80,SLL80A
FL80,BTC7B
FL80,TMMD5
FL80,TMMD7
FL80,131A
FL80,AWP160
FL80,GAJ12A
KRA4107FPJK,KRA4114FPBO
KRA4107FPJK,KRA4810FPBO
KRA4107FPJK,KAERNADD6RD
KRA4107FPJK,KCP1422PBO
KRA4107FPJK,SNA-TBP14
KRA4107FPJK,KRA2422PBO
KRA4107FPJK,KWSN2455ABL
KRA4107FPJK,PLRK21
KRA4107FPJK,YA389A
KRA4107FPJK,KRSC343PBO
208AFX,305ASX
208AFX,106BTMX
208AFX,SX20
208AFX,103TMXKLA
208AFX,SX24
208AFX,TMX1
208AFX,OXIM710B
208AFX,211EFAMY
208AFX,BLPXZNM389
208AFX,PPCSG710
KCP2422PC,A277
KCP2422PC,KACKMCFIBER1
KCP2422PC,KCP2422PBO
KCP2422PC,KRWT2411
KCP2422PC,KWSN2455ABL
KCP2422PC,KWSP2455AST
KCP2422PC,KWSN2455AST
KCP2422PC,KWSP2455ABL
KCP2422PC,KRA2422PBO
KCP2422PC,KCP1422PBO
KCP2422PDG,KRSC46HPBO
KCP2422PDG,KRA2055FPBO
KCP2422PDG,KCP2422PBO
KCP2422PDG,KRWT2411
KCP2422PDG,KWSN2455ABL
KCP2422PDG,KWSP2455AST
KCP2422PDG,KWSN2455AST
KCP2422PDG,KWSP2455ABL
KCP2422PDG,KRA2422PBO
KCP2422PDG,KCP1422PBO
FS241,FS221
FS241,FS121
FS241,FS141
FS241,FS161
FS241,FS181
FS241,TWM31
FS241,PKNC200
FS241,SWM101A
FS241,OFW3
FS241,OEXM8B
AW5D,AW10D
AW5D,AW7D
AW5D,AW6D
AW5D,AW4-1/2D
AW5D,AW4D
AW5D,10SSD
AW5D,AW12D
AW5D,FSM61
AW5D,AC5C
AW5D,OEXM90B
AWBSGM3A,47ACF
AWBSGM3A,SIMM220
AWBSGM3A,TMXK2
AWBSGM3A,FXK11
AWBSGM3A,PPC103A
AWBSGM3A,PL400B
AWBSGM3A,SPBS18AR
AWBSGM3A,SPBS12AR
AWBSGM3A,ATECH3FR300B
AWBSGM3A,SGDP42IRBR
KRSC430APBO7,KAERNADD6RD
KRSC430APBO7,KRSC323PBO
KRSC430APBO7,KRA4813FPBO
KRSC430APBO7,KCP1422PBO
KRSC430APBO7,KRSC46HPBO
KRSC430APBO7,TB50WC
KRSC430APBO7,KRSC430APBO1
KRSC430APBO7,KA2422SETPJH
KRSC430APBO7,KWSP2455AST
KRSC430APBO7,KCP2422PBO
KRSC343PJJ,KRA2411PBO
KRSC343PJJ,KRA4813FPBO
KRSC343PJJ,MRB12B
KRSC343PJJ,KWSP2455AST
KRSC343PJJ,KCP2422PBO
KRSC343PJJ,KAERNADD6RD
KRSC343PJJ,PLRK27
KRSC343PJJ,YA389A
KRSC343PJJ,KRSC326FPBO
KRSC343PJJ,KRSC430APBO1
F4LBK,TM77
F4LBK,XS1618A
F4LBK,XS1214A
F4LBK,VO2628B
F4LBK,TM408
F4LBK,VO3032B
F4LBK,SGDEL10ESD
F4LBK,TM412
F4LBK,TMC106E
F4LBK,TM82
JCW80AG,YA427B
JCW80AG,MAGMICRO
JCW80AG,MAGDISH
JCW80AG,JCW62R
JCW80AG,VAC201
JCW80AG,ASTFUN19KIT
JCW80AG,ECHDG052
JCW80AG,MAGTRAY
JCW80AG,TIF160
JCW80AG,YA105013
GLOVE502BXXB,EEPV503
GLOVE502BXXB,TDG1
GLOVE502BXXB,YA1050B
GLOVE502BXXB,ECPNG032
GLOVE502BXXB,UTK100
GLOVE502BXXB,ECHDD012A
GLOVE502BXXB,RULER6
GLOVE502BXXB,MTTL800
GLOVE502BXXB,EEPV509
GLOVE502BXXB,EEDM525F
612AEP,912AEP
612AEP,86EP
612AEP,490CF
612AEP,411CF
612AEP,908CF
612AEP,EPC160
612AEP,808CF
612AEP,TK72
612AEP,XO605
612AEP,SSF1
10R,GA98A
10R,AW1013DK
10R,2004BSKA
10R,YA337A
10R,BP12B
10R,BTK5
10R,DS809K
10R,OEX709B
10R,AC5C
10R,OEXM9B
BOERM19,BOERM19
BOERM19,SIM360
BOERM19,SIM280
BOERM19,BOERM14
BOERM19,BOERM18
BOERM19,BOERM10
BOERM19,BOERM8
BOERM19,BOERM17
BOERM19,BOERM12
BOERM19,SIM220
BP32B,B1461
BP32B,VGP104
BP32B,BT11
BP32B,PK53A
BP32B,BHS7A
BP32B,SN25A
BP32B,OEXM9B
BP32B,OEXM8B
BP32B,OFW3
BP32B,S6118A
BTC3A,1512B
BTC3A,208CCP
BTC3A,OFW4
BTC3A,AC5C
BTC3A,PW18C
BTC3A,US712
BTC3A,BLPH124
BTC3A,TF5A
BTC3A,S6110A
BTC3A,STMM4
ECSPL052,TPGIF1600A
ECSPL052,GLASS50R
ECSPL052,MAGMAT
ECSPL052,BB9008
ECSPL052,RULER600
ECSPL052,FB361A
ECSPL052,SVTSRAD272U
ECSPL052,TPGDL2000
ECSPL052,EECT200
ECSPL052,GA296B
ACT1370,SIMM340
ACT1370,SN25A
ACT1370,SWM111A
ACT1370,OEXM9B
ACT1370,222AFSP
ACT1370,OEXM7B
ACT1370,LSR2000
ACT1370,SIMM300
ACT1370,AC58E
ACT1370,OEXM230B
ATI590SMKSP1,R2426C
ATI590SMKSP1,R2022C
ATI590SMKSP1,R1618C
ATI590SMKSP1,STMD9
ATI590SMKSP1,STMD6
ATI590SMKSP1,STMD11
ATI590SMKSP1,STMD7
ATI590SMKSP1,STMD14
ATI590SMKSP1,STMD18
ATI590SMKSP1,STMD16
BLPSM1413,TMMS15
BLPSM1413,BLPTXK4
BLPSM1413,THLX72
BLPSM1413,BLPSM149
BLPSM1413,BLPSM146
BLPSM1413,BLPSM147
BLPSM1413,BLPSM145
BLPSM1413,BLPSM144
BLPSM1413,BLPSM1412
BLPSM1413,BLPSM148
BLPT1427,BLPT148
BLPT1427,BLPT1425
BLPT1427,BLPT149
BLPT1427,BLPH14532
BLPT1427,BLPT3845
BLPT1427,BLPT1255
BLPT1427,BLPT3850
BLPT1427,BLPT1430
BLPT1427,BLPH14732
BLPT1427,BLPH124
BLPT1430,BLPT1420
BLPT1430,BLPT1425
BLPT1430,BLPT1415
BLPT1430,BLPT1427
BLPT1430,BLPT3840
BLPT1430,BLPT1410
BLPT1430,BLPT3850
BLPT1430,BLPH14732
BLPT1430,BLPHL144
BLPT1430,BLPH38516
BLPT146,BLPT3850
BLPT146,BLPT3845
BLPT146,BLPT146
BLPT146,BLPT147
BLPT146,BLPT149
BLPT146,BLPT148
BLPT146,BLPT1410
BLPT146,BLPT1427
BLPT146,BLPT1415
BLPT146,BLPT1425
BLPT3850,BLPT3840
BLPT3850,BLPT1427
BLPT3850,BLPT148
BLPT3850,BLPT1425
BLPT3850,BLPT1410
BLPT3850,BLPT1415
BLPT3850,BLPT1430
BLPT3850,BLPH1418
BLPT3850,BLPH14732
BLPT3850,BLPT1260
BLPTE1218,BLPTE1220
BLPTE1218,BLPTE1224
BLPTE1218,BLPTE144
BLPTE1218,BLPTE148
BLPTE1218,BLPT148
BLPTE1218,BLPT1255
BLPTE1218,BLPTE3810
BLPTE1218,BLPTE3816
BLPTE1218,BLPTE3812
BLPTE1218,BLPTE3814
BLPTE1222,BLPTE1224
BLPTE1222,BLPTE1220
BLPTE1222,BLPTE1218
BLPTE1222,BLPTE144
BLPTE1222,BLPTE145
BLPTE1222,BLPTE146
BLPTE1222,BLPTE147
BLPTE1222,BLPTE148
BLPTE1222,BLPTE3816
BLPTE1222,BLPTE3814
BLPTE147,BLPTE3810
BLPTE147,BLPTE3812
BLPTE147,BLPTE147
BLPTE147,BLPTE145
BLPTE147,BLPTE144
BLPTE147,BLPTE146
BLPTE147,BLPTE148
BLPTE147,BLPTE1222
BLPTE147,BLPTE1218
BLPTE147,BLPTE1220
BLPTE3814,BLPTE3816
BLPTE3814,BLPTE3812
BLPTE3814,BLPTE3810
BLPTE3814,BLPTE1218
BLPTE3814,BLPTE1222
BLPTE3814,310SIMMYA
BLPTE3814,VS807B
BLPTE3814,BLPTE147
BLPTE3814,BLPTE145
BLPTE3814,BLPT1415
BLPTE3816,BLPTE3812
BLPTE3816,BLPTE3810
BLPTE3816,OXIM6B
BLPTE3816,BLPTE1222
BLPTE3816,310IMMYA
BLPTE3816,310SIMMYA
BLPTE3816,VS807B
BLPTE3816,211FCOA
BLPTE3816,BLPT148
BLPTE3816,BLPT1415
BLPTL1427,BLPTL148
BLPTL1427,BLPTL147
BLPTL1427,BLPTL1415
BLPTL1427,BLPTL1410
BLPTL1427,BLPTL149
BLPTL1427,BLPTL1425
BLPTL1427,BLPTL1420
BLPTL1427,BLPTL1260
BLPTL1427,BLPTL3850
BLPTL1427,BLPTL3840
BLPTS1425,BLPTS1425
BLPTS1425,SGASA204CR
BLPTS1425,SIMM160A
BLPTS1425,BLPTS1420
BLPTS1425,BLPTS1430
BLPTS1425,BLPTS1415
BLPTS1425,BLPTS1410
BLPTS1425,BLPHSM1410
BLPTS1425,BLPHSM146
BLPTS1425,BLPHSM145
BDGPL410HG,BDGPL412HG
BDGPL410HG,BDGPL411HG
BDGPL410HG,915CF
BDGPL410HG,HSPD16
BDGPL410HG,XDHF605
BDGPL410HG,HBBT16
BDGPL410HG,PPK300
BDGPL410HG,PWC52A
BDGPL410HG,LP7R
BDGPL410HG,OXRM710A
BDGPL412HG,BDGPL410HG
BDGPL412HG,BDGPL411HG
BDGPL412HG,915CF
BDGPL412HG,PL803A
BDGPL412HG,AWP45
BDGPL412HG,912AEP
BDGPL412HG,490CF
BDGPL412HG,PHP3A
BDGPL412HG,PWC27
BDGPL412HG,EPC160
BFCR708A,BFCRM712A
BFCR708A,XFRR704
BFCR708A,ADCF8
BFCR708A,208FRDH
BFCR708A,210FCOMA
BFCR708A,FRW10
BFCR708A,211FCOA
BFCR708A,XFRRM705
BFCR708A,PPC204A
BFCR708A,STMD7
BLPH12916,TMXK4
BLPH12916,GFAT1E
BLPH12916,PPC4A
BLPH12916,47ACF
BLPH12916,SGDP42IRBR
BLPH12916,FXK11
BLPH12916,SIMM190
BLPH12916,SIMM240
BLPH12916,TMU8B
BLPH12916,SGD4BR
BLPHL38732,BLPTHC87
BLPHL38732,ATECH3FR300B
BLPHL38732,SGD8BR
BLPHL38732,47ACF
BLPHL38732,SPBS704AR
BLPHL38732,GFAT1E
BLPHL38732,SGD2BR
BLPHL38732,SGASA204CR
BLPHL38732,FXK6
BLPHL38732,PPC103A
BLPHL388,BLPHL388
BLPHL388,BLPH38516
BLPHL388,BLPH3814
BLPHL388,BLPHL387
BLPHL388,BLPHL3810
BLPHL388,SPBS12AR
BLPHL388,BLPHL145
BLPHL388,BLPHL144
BLPHL388,BLPHL146
BLPHL388,BLPH387
AOGMHC,PKN9
AOGMHC,SGDE220ESD
AOGMHC,SGDE230ESD
AOGMHC,VO1416B
AOGMHC,VO1012B
AOGMHC,SW321
AOGMHC,VO1820B
AOGMHC,VO2224B
AOGMHC,VO3032B
AOGMHC,RBM1719C
ATKBFL,20SSD
ATKBFL,GA53A
ATKBFL,120SSDP
ATKBFL,AVSNP01160
ATKBFL,VO1820B
ATKBFL,VO2628B
ATKBFL,VO1012B
ATKBFL,VO1416B
ATKBFL,VO3032B
ATKBFL,VO2224B
BLPHSM148,SGD4BR
BLPHSM148,BLPHSM148
BLPHSM148,PPC4A
BLPHSM148,BLPHSM1410
BLPHSM148,BLPHSM145
BLPHSM148,BLPHSM146
BLPHSM148,BLPTS1420
BLPHSM148,BLPTS1415
BLPHSM148,BLPTS1425
BLPHSM148,BLPTS1430
BLPPB704,PWZ5
BLPPB704,PWZ4
BLPPB704,PBMP703A
BLPPB704,PK500A
BLPPB704,PPC905B
BLPPB704,PWZ0A
BLPPB704,IPL26C
BLPPB704,PPC210BK
BLPPB704,IPL32C
BLPPB704,IPL16C
BLPT1255,BLPH14732
BLPT1255,BLPT1260
BLPT1255,BLPT1427
BLPT1255,BLPT148
BLPT1255,BLPTE1218
BLPT1255,BLPTE1220
BLPT1255,BLPT3840
BLPT1255,BLPH14316
BLPT1255,BLPTE1224
BLPT1255,BLPTE146
BLPTE1220,BLPTE1218
BLPTE1220,BLPTE1222
BLPTE1220,BLPTE144
BLPTE1220,BLPTE146
BLPTE1220,BLPTE145
BLPTE1220,BLPTE147
BLPTE1220,BLPT1255
BLPTE1220,BLPTE3812
BLPTE1220,BLPTE3810
BLPTE1220,BLPT3840
BLPTE3810,BLPTE3814
BLPTE3810,BLPTE3812
BLPTE3810,BLPTE148
BLPTE3810,BLPTE1218
BLPTE3810,310IMMYA
BLPTE3810,310SIMMYA
BLPTE3810,VS807B
BLPTE3810,BLPTE1222
BLPTE3810,BLPT1427
BLPTE3810,BLPT1420
BLPTL1255,BLPTL1260
BLPTL1255,BLPTL1255
BLPTL1255,BLPTL1410
BLPTL1255,BLPTL3850
BLPTL1255,BLPTL3840
BLPTL1255,BLPTL3845
BLPTL1255,BLPTL1415
BLPTL1255,BLPTL1425
BLPTL1255,BLPTL1430
BLPTL1255,BLPTL147
BLPXZNM389,BLPBSS40
BLPXZNM389,208EFTAMXSY
BLPXZNM389,LSR1450
BLPXZNM389,BLPHEXS1418
BLPXZNM389,QD3RN350A
BLPXZNM389,HCP10
BLPXZNM389,210EFTAMY
BLPXZNM389,BTWOS
BLPXZNM389,OXIM710B
BLPXZNM389,210AFLEY
BLPBSS40,BLPXZNM389
BLPBSS40,106ATMXW
BLPBSS40,XLE605
BLPBSS40,BP24B
BLPBSS40,HCP10
BLPBSS40,111TMUSMA
BLPBSS40,BTCP2SA
BLPBSS40,PBN500
BLPBSS40,IPLM12C
BLPBSS40,IPLM13C
BLPH1212,SPBS18AR
BLPH1212,SIMM170
BLPH1212,PPC4A
BLPH1212,SIMM240
BLPH1212,91ACP
BLPH1212,ATECH3FR300B
BLPH1212,96ACF
BLPH1212,F80
BLPH1212,A2A
BLPH1212,SGASA204CR
BLPH124,BLPH123
BLPH124,BLPH126
BLPH124,BLPH14732
BLPH124,BLPH389
BLPH124,BLPH387
BLPH124,BLPH388
BLPH124,BLPH14316
BLPH124,BLPH38516
BLPH124,BLPH3838
BLPH124,OEXM250B
BLPH1425,FU8A
BLPH1425,SPBS704AR
BLPH1425,96ACF
BLPH1425,FX1
BLPH1425,A2A
BLPH1425,SPBS18AR
BLPH1425,FXK6
BLPH1425,SGDP42IRBR
BLPH1425,SPBS8AR
BLPH1425,TMXK60
BLPH3810,BLPH388
BLPH3810,BLPH389
BLPH3810,BLPH387
BLPH3810,BLPH386
BLPH3810,BLPHL3810
BLPH3810,BLPH38732
BLPH3810,BLPH38516
BLPH3810,BLPH3838
BLPH3810,BLPH3814
BLPH3810,313TSMYA
BLPHS1438,SGDP42IRBR
BLPHS1438,SIMM240
BLPHS1438,TMXK4
BLPHS1438,PL400B
BLPHS1438,SGDX80BR
BLPHS1438,SGD6BR
BLPHS1438,SIMM170
BLPHS1438,SRPCR4700
BLPHS1438,ATECH2FR125B
BLPHS1438,91ACP
CTTOTEAC,KRA4008FPBO
CTTOTEAC,KWSP2455ABL
CTTOTEAC,KRA4813FPBO
CTTOTEAC,KRA6200FPBO
CTTOTEAC,YA438B
CTTOTEAC,KRSC430APBO7
CTTOTEAC,KRSC46HPBO
CTTOTEAC,KRA2422PBO
CTTOTEAC,KCP2422PBO
CTTOTEAC,MRB12B
BLPPKS5-1/4,TMXK60
BLPPKS5-1/4,SHD1R
BLPPKS5-1/4,96ACF
BLPPKS5-1/4,TMXK4
BLPPKS5-1/4,SGDP31IRBR
BLPPKS5-1/4,ATECH2FR125B
BLPPKS5-1/4,SGD2BR
BLPPKS5-1/4,SRPCR3800
BLPPKS5-1/4,SGDX80BR
BLPPKS5-1/4,SIMM150A
BLPSM144,FHR80
BLPSM144,FLF80A
BLPSM144,GSAF1F
BLPSM144,BLPSM145
BLPSM144,BLPSM146
BLPSM144,BLPSM149
BLPSM144,BLPSM147
BLPSM144,BLPSM1411
BLPSM144,BLPSM1413
BLPSM144,BLPSM1412
BLPT1410,BLPT1415
BLPT1410,BLPT148
BLPT1410,BLPT147
BLPT1410,BLPT1425
BLPT1410,BLPT3850
BLPT1410,BLPT1430
BLPT1410,BLPTL1410
BLPT1410,BLPTL1425
BLPT1410,BLPTE3812
BLPT1410,BLPTE3814
BLPT3845,BLPT3840
BLPT3845,BLPT3850
BLPT3845,BLPT1427
BLPT3845,BLPT1255
BLPT3845,BLPT1415
BLPT3845,BLPT1430
BLPT3845,BLPH3814
BLPT3845,BLPT149
BLPT3845,BLPH389
BLPT3845,BLPTE146
BLPTL3840,BLPTL3845
BLPTL3840,BLPTL3850
BLPTL3840,BLPTL1255
BLPTL3840,BLPTL146
BLPTL3840,BLPTL1415
BLPTL3840,BLPTL149
BLPTL3840,BLPTL1427
BLPTL3840,BLPTL1410
BLPTL3840,BLPTL1425
BLPTL3840,FX1
BLPTS1410,BLPTS1410
BLPTS1410,FAM8E
BLPTS1410,BLPH1219
BLPTS1410,BLPTS1420
BLPTS1410,BLPTS1415
BLPTS1410,BLPTS1425
BLPTS1410,BLPTS1430
BLPTS1410,BLPHSM146
BLPTS1410,BLPHSM1410
BLPTS1410,BLPHSM148
BLPH1217,BLPH1217
BLPH1217,BLPTE144
BLPH1217,BLPTE145
BLPH1217,BLPH1214
BLPH1217,BLPH1219
BLPH1217,207EFAMY
BLPH1217,FAM8E
BLPH1217,GSAF1F
BLPH1217,GFAT1E
BLPH1217,BLPHL144
LBUK1,LBUK1
LBUK1,WELDIGNGRANITE
LBUK1,GLASS70BYEAR
LBUK1,SOSG01BKCL01
LBUK1,GLOVE300BL
LBUK1,MRB10B
LBUK1,PG160
LBUK1,ECFB200BL
LBUK1,RULER6
LBUK1,MTIND683A
GA53A,20SSD
GA53A,TM65
GA53A,XS1012A
GA53A,VO2224B
GA53A,VO1416B
GA53A,VO1012B
GA53A,XS810A
GA53A,SGDEL10ESD
GA53A,TM412
GA53A,TMC104E
GLOVEORIGPLUSXXL,EEDM504F
GLOVEORIGPLUSXXL,EEDM503D
GLOVEORIGPLUSXXL,EECT200
GLOVEORIGPLUSXXL,YA4000B
GLOVEORIGPLUSXXL,YA1050B
GLOVEORIGPLUSXXL,TPGDL2000
GLOVEORIGPLUSXXL,ECHDD012AR
GLOVEORIGPLUSXXL,UTK150
GLOVEORIGPLUSXXL,JCK7DBL
GLOVEORIGPLUSXXL,FB361A
HD6529,FAML6E
HD6529,SA16E
HD6529,FABLM5E
HD6529,SAM19E
HD6529,GF22
HD6529,STX70E
HD6529,YA2850A
HD6529,209EFTXBY
HD6529,208FRDH
HD6529,FTXB50E
SOXRRM704ISS,TMMDS7
SOXRRM704ISS,TMMDS11
SOXRRM704ISS,TMMDS12
SOXRRM704ISS,SOXRR707A
SOXRRM704ISS,106ATMXW
SOXRRM704ISS,SOXRRM710A
SOXRRM704ISS,SHLX80A
SOXRRM704ISS,SGASA204CR
SOXRRM704ISS,TMMDS10
SOXRRM704ISS,TMMDS5
SOXRRM710,SOXRR707A
SOXRRM710,AWCGT500
SOXRRM710,OXIM710B
SOXRRM710,SGDTX50BR
SOXRRM710,STARTERSET5
SOXRRM710,LSR1450
SOXRRM710,312SIMM
SOXRRM710,SOEXM705
SOXRRM710,786CF
SOXRRM710,TMM4
GA98A,AWL1010DK
GA98A,XS1820A
GA98A,XS1012A
GA98A,XS1618A
GA98A,VO1416B
GA98A,XS67A
GA98A,VO3032B
GA98A,TM408
GA98A,TMC106E
GA98A,TM82
SBT26,YA9350B
SBT26,LIL59000
SBT26,OFC14KT
SBT26,SHP2KT
SBT26,LDT8
SBT26,BTC8A
SBT26,TFTFM932A
SBT26,PWZ2A
SBT26,111TMUSMA
SBT26,PHP1A
JT17A,JT17A
JT17A,IM1PT
JT17A,TDG2
JT17A,UTK100
JT17A,GLASS30R
JT17A,PGP50
JT17A,GA296B
JT17A,GLOVE300BL
JT17A,JT13B
JT17A,BLP15HVLP
LDT8,LDT3730
LDT8,YA9350B
LDT8,DPT7A
LDT8,S9614A
LDT8,SIMM290
LDT8,SBT26
LDT8,PK52A
LDT8,209TFSMYA
LDT8,305SIMMY
LDT8,SX24
LDTM3812,TMC106E
LDTM3812,TMP23E
LDTM3812,TM62B
LDTM3812,VO1416B
LDTM3812,VO1012B
LDTM3812,VO1820B
LDTM3812,VO2224B
LDTM3812,VO3032B
LDTM3812,TM84
LDTM3812,TM65
LIL59000,SBT26
LIL59000,TF528D
LIL59000,RXS605B
LIL59000,2005BSKA
LIL59000,BP40B
LIL59000,BDGPL411HG
LIL59000,OFC14KT
LIL59000,112RTMA
LIL59000,SPRG625R
LIL59000,AWPBX10
SEPABODYADD,PK50A
SEPABODYADD,VGP22418
SEPABODYADD,GA243
SEPABODYADD,UTS105A
SEPABODYADD,VGP12418
SEPABODYADD,VGP12808
SEPABODYADD,VGP12406
SEPABODYADD,VGP12412
SEPABODYADD,PKRS1
SEPABODYADD,AC5C
SEPAMTSETA,BTWSMPK
SEPAMTSETA,110ETMAY
SEPAMTSETA,XO605
SEPAMTSETA,SGDMRC108A
SEPAMTSETA,SDM400A
SEPAMTSETA,VO1820B
SEPAMTSETA,VO2628B
SEPAMTSETA,VO1012B
SEPAMTSETA,VO1416B
SEPAMTSETA,PPSG103
SEPAUTOADDA,FX1
SEPAUTOADDA,SGDP42IRBR
SEPAUTOADDA,SHD1R
SEPAUTOADDA,T72
SEPAUTOADDA,SGDX80BR
SEPAUTOADDA,91ACP
SEPAUTOADDA,ATECH3FR300B
SEPAUTOADDA,SPBS704AR
SEPAUTOADDA,FXK6
SEPAUTOADDA,SIMM240
SEPPROK1POTA,SIMM160A
SEPPROK1POTA,SPBS12AR
SEPPROK1POTA,SGDP42IRBR
SEPPROK1POTA,SIMM200
SEPPROK1POTA,SIMM150A
SEPPROK1POTA,BLPTHC87
SEPPROK1POTA,SIMM190
SEPPROK1POTA,FXK6
SEPPROK1POTA,SGASA204CR
SEPPROK1POTA,SPBS18AR
SEPU12TWA,QD3R250A
SEPU12TWA,GSAF1F
SEPU12TWA,FS221
SEPU12TWA,QD1R200A
SEPU12TWA,QD2R100A
SEPU12TWA,F80
SEPU12TWA,S8184
SEPU12TWA,S6112
SEPU12TWA,B1458C
SEPU12TWA,FS241
SRES28,SRES22
SRES28,SRES18
SRES28,SRES26
SRES28,SRES20
SRES28,SRES24
SRES28,FTA35
SRES28,208FRDHM
SRES28,SHN36
SRES28,ATECH3FR300B
SRES28,SRPCR3800
SSR7,SSM5A
SSR7,REX13C
SSR7,PPK15
SSR7,BLPBTW6
SSR7,HBBD8
SSR7,SGDMRC11A
SSR7,F12LB
SSR7,SGDP162BR
SSR7,SOXRR707A
SSR7,106TMUSA
TBS200A,TF528D
TBS200A,TF275A
TBS200A,TC15A
TBS200A,TF5A
TBS200A,AVSNP01160
TBS200A,R404
TBS200A,SRPCR107
TBS200A,312CF
TBS200A,RTD48
TBS200A,SHDX80R
LSR1000EXT,LSR1450
LSR1000EXT,LSR1580
LSR1000EXT,QD3RN350A
LSR1000EXT,LSR1150
LSR1000EXT,SEPIMMSIMMA
LSR1000EXT,LSR1250
LSR1000EXT,SWM101A
LSR1000EXT,PKNC125C2
LSR1000EXT,OEXM7B
LSR1000EXT,S6118A
OFC7374-14,106TMUSMA
OFC7374-14,SGD153BR
OFC7374-14,BHS13A
OFC7374-14,208EFAY
OFC7374-14,FA8E
OFC7374-14,TMUS161A
OFC7374-14,OFW4KT
OFC7374-14,HBFE32
OFC7374-14,S9706KRA
OFC7374-14,SPBS12AR
PBMA5,PBMMB5G
PBMA5,BJP1
PBMA5,PBMP703A
PBMA5,PBMMA5
PBMA5,PBMMA5R
PBMA5,PBMA5R
PBMA5,PBMA5G
PBMA5,PBMMB5R
PBMA5,PBMMS5R
PBMA5,PBMS5R
PBMMB5,PBMMS5
PBMMB5,PBMMA5
PBMMB5,PBMMB5R
PBMMB5,PBMMS5R
PBMMB5,PBMMB5O
PBMMB5,PBMMA5R
PBMMB5,PBMA5R
PBMMB5,PBMMS5O
PBMMB5,PBMMS5G
PBMMB5,PBMA5
PK23A,S9704KA
PK23A,AD12C
PK23A,207EFAMY
PK23A,PRH57A
PK23A,CSA8CR
PK23A,UPT35
PK23A,ST50A
PK23A,SGDMRC44B
PK23A,212FSMY
PK23A,ATECH3FR250B
PK70,SRP400B
PK70,YA339A
PK70,312IMMS
PK70,PK53A
PK70,SIMM320
PK70,SIMM360
PK70,305ASX
PK70,SXK3
PK70,SRPCR105
PK70,GFAT1E
PPK20,SGDP31IRBR
PPK20,TMXK2
PPK20,SGDX80BR
PPK20,SPBS18AR
PPK20,SGASA204CR
PPK20,BLPTHC87
PPK20,FXK11
PPK20,47ACF
PPK20,FXK3
PPK20,TMU8B
R3032C,SGD6BR
R3032C,SGD4BR
R3032C,TMXK4
R3032C,91ACP
R3032C,SHD1R
R3032C,FU8A
R3032C,FXK6
R3032C,SIMM160A
R3032C,SIMM220
R3032C,SRPCR3800
SAG10S18,PT850
SAG10S18,AT109
SAG10S18,AT118
SAG10S18,PH3050BR
SAG10S18,PTR2505
SAG10S18,PTC250
SAG10S18,PTGR450
SAG10S18,PTGR100
SAG10S18,PSO4625
SAG10S18,MG1250
KWSN2455ABL,KCP1422PBO
KWSN2455ABL,KCP2422PBO
KWSN2455ABL,KRA2422PBO
KWSN2455ABL,KRA2411PBO
KWSN2455ABL,PLRK30
KWSN2455ABL,KRSC430APBO1
KWSN2455ABL,KRA5311FPBO
KWSN2455ABL,KA2422SETPJH
KWSN2455ABL,TB20AC
KWSN2455ABL,A277
SOXRR702,SOXRRM710A
SOXRR702,FA12LE
SOXRR702,KAC1224TCA
SOXRR702,FAML6E
SOXRR702,GF22
SOXRR702,FABLM5E
SOXRR702,TW481
SOXRR702,IMM360
SOXRR702,TW381
SOXRR702,AWM110DK
SRPCR3800,SRPCR4700
SRPCR3800,TFM7530B
SRPCR3800,SW421
SRPCR3800,786CF
SRPCR3800,SRP3A
SRPCR3800,222AFSP
SRPCR3800,TWM30
SRPCR3800,SWM111A
SRPCR3800,OFW3
SRPCR3800,YA337A
SSF1,SSFP2
SSF1,SSFP1
SSF1,SGDE230ESD
SSF1,SGDEP20ESD
SSF1,SGDE215ESD
SSF1,SGDEP21ESD
SSF1,TMU181A
SSF1,TMU121A
SSF1,TMA7E
SSF1,TMA4.5E
SRES18,SRES22
SRES18,SRES28
SRES18,SRES26
SRES18,SRES20
SRES18,SRES24
SRES18,208FRDHM
SRES18,L872RM
SRES18,SDDDM1AR
SRES18,ATECH1FS300
SRES18,PWCS7ACF
TB40C,KRA2422PBO
TB40C,KRA4114FPBO
TB40C,KCP1422PBO
TB40C,YA438B
TB40C,A277
TB40C,KRA2407PBO
TB40C,KRSC326FPBO
TB40C,KRSC46HPBO
TB40C,KRWT2411
TB40C,KRA2411PBO
TES8B,F80FOD
TES8B,WTG8A
TES8B,TMUS181A
TES8B,R2022C
TES8B,R2830C
TES8B,R2426C
TES8B,R2428C
TES8B,R1214C
TES8B,R1011C
TES8B,R810C
LSR1250,VGP104
LSR1250,LSR1150
LSR1250,SIMM320
LSR1250,LSR1000EXT
LSR1250,BT11
LSR1250,BP32B
LSR1250,ACT1370
LSR1250,OEXM230B
LSR1250,B3404B
LSR1250,SIMM360
MS800,SW421
MS800,PPC5A
MS800,MS400A
MS800,PPB826A
MS800,PK52A
MS800,212EFTAY
MS800,TMA3E
MS800,AWMG9
MS800,SWM221
MS800,SWM241
PKWLR53A,SOEXM9
PKWLR53A,SGDX40BR
PKWLR53A,SOEXM8
PKWLR53A,312IMM
PKWLR53A,F12LB
PKWLR53A,211FSY
PKWLR53A,FS221
PKWLR53A,FS241
PKWLR53A,HBPT16
PKWLR53A,SOEX28
PBMMS5R,PBMMB5R
PBMMS5R,PBMMA5R
PBMMS5R,PBMMS5G
PBMMS5R,PBMMS5O
PBMMS5R,PBMMB5O
PBMMS5R,PBMMB5G
PBMMS5R,PBMMB5
PBMMS5R,PBMA5R
PBMMS5R,PBMMS5
PBMMS5R,PBFT60R
PK53A,OEXM8B
PK53A,OEXM9B
PK53A,BP32B
PK53A,340SSDP
PK53A,AC5C
PK53A,10SSD
PK53A,SN25A
PK53A,SWM101A
PK53A,OFW3
PK53A,TF5A
PWZ5,PWZ4
PWZ5,BLPPB704
PWZ5,PWZ3A
PWZ5,PWZ0A
PWZ5,PWZ1A
PWZ5,CSSD1R
PWZ5,YA9350B
PWZ5,PHP3A
PWZ5,PBS704
PWZ5,1250
R1214C,R2022C
R1214C,R1618C
R1214C,R2428C
R1214C,R810C
R1214C,R2426C
R1214C,R2830C
R1214C,R1011C
R1214C,R1012C
R1214C,R810SC
R1214C,908CF
R3840A,91ACP
R3840A,SPBS704AR
R3840A,F80
R3840A,TMXK2
R3840A,SHD1R
R3840A,FU8A
R3840A,A2A
R3840A,ATECH2FR125B
R3840A,ATECH3FR300B
R3840A,SGDX80BR
CTR881DB,MG725A
CTR881DB,PSO4625
CTR881DB,PH1050
CTR881DB,AT118
CTR881DB,PTR72
CTR881DB,CTB8174
CTR881DB,PH3050BR
CTR881DB,PTGR100
CTR881DB,CTS561BITSET
CTR881DB,CT9080K2
FSLF80,TRSLF72
FSLF80,FZ80
FSLF80,FC72
FSLF80,FCF72
FSLF80,PKNG90
FSLF80,AWMEF7K
FSLF80,PBFT50R
FSLF80,DS809K
FSLF80,B1356E
FSLF80,FLE140A
SHP253438,EEDM504F
SHP253438,JCK8
SHP253438,GLASS50R
SHP253438,EECT900
SHP253438,JCK7DBL
SHP253438,EEDM503D
SHP253438,AT4101
SHP253438,EECT400
SHP253438,YAKS42
SHP253438,UTK100
TDM99117C,TD9902C
TDM99117C,IPL34C
TDM99117C,IPL30C
TDM99117C,PPB30AK
TDM99117C,IPL36C
TDM99117C,IPLM11C
TDM99117C,IPLM12C
TDM99117C,VSM807B
TDM99117C,IPL24C
TDM99117C,OXRM710A
MS1300,TR108
MS1300,LP404
MS1300,SHLF80A
MS1300,SHLX80A
MS1300,BLPTHC87
MS1300,96ACF
MS1300,SPBS18AR
MS1300,PL400B
MS1300,SPBS8AR
MS1300,SPBS12AR
OFWHD1,SGASA204CR
OFWHD1,OFWHD1
OFWHD1,SHD1R
OFWHD1,OFWHD2
OFWHD1,OFW3
OFWHD1,OFW4KT
OFWHD1,BLPHL145
OFWHD1,BLPHL144
OFWHD1,BLPHL146
OFWHD1,BLPT1420
PHP3A,PHP1A
PHP3A,PHP2A
PHP3A,SGA1714B
PHP3A,HCP10
PHP3A,SGA1713B
PHP3A,SHCP1B
PHP3A,S9724RHS
PHP3A,SWM261
PHP3A,TW421
PHP3A,OEXM320B
PBFT60R,SPBS18AR
PBFT60R,TMMDS10
PBFT60R,PBMMA5R
PBFT60R,PBFT50R
PBFT60R,PBMMS5R
PBFT60R,PBMB5R
PBFT60R,PWCS7ACF
PBFT60R,SPBS12AR
PBFT60R,SPBS704AR
PBFT60R,SPBS8AR
PBMMS5O,PBMMB5O
PBMMS5O,PBMMA5O
PBMMS5O,PBMMB5G
PBMMS5O,PBMMA5G
PBMMS5O,PBMA5O
PBMMS5O,PBMMS5R
PBMMS5O,PBMB5O
PBMMS5O,PBMMB5
PBMMS5O,PBMMS5
PBMMS5O,ATECH1FS300
PKN90,AWTR8
PKN90,PPC1A
PKN90,PKNC150
PKN90,AWMXL10
PKN90,PKN500
PKN90,PSN500
PKN90,PPK300
PKN90,388ACF
PKN90,PPC205A
PKN90,PPC103A
RBM1213C,RBM1213C
RBM1213C,SGASA104BR
RBM1213C,SG7ASABR
RBM1213C,RBM1415C
RBM1213C,RBM1011C
RBM1213C,RBM1618C
RBM1213C,RBM1719C
RBM1213C,RBM910C
RBM1213C,RBM78SC
RBM1213C,SG4ASHBR
R3640SA,SPBS18AR
R3640SA,FXK6
R3640SA,SGD2BR
R3640SA,SIMM220
R3640SA,SIMM190
R3640SA,SIMM200
R3640SA,PPC4A
R3640SA,BLPTHC87
R3640SA,SGD8BR
R3640SA,SGDP42IRBR
YA4618,EEDM503D
YA4618,YA1050B
YA4618,RULER6
YA4618,EECT200
YA4618,RULER600
YA4618,ECARL032R
YA4618,MAGDISH
YA4618,EECT900
YA4618,FB336
YA4618,ECHDF042
SDG10S25F,SDG10S25F
SDG10S25F,AT109
SDG10S25F,DB121C
SDG10S25F,PDR3000A
SDG10S25F,VWB8B
SDG10S25F,PTGR110
SDG10S25F,PTC250
SDG10S25F,PSO4625
SDG10S25F,PH3050BR
SDG10S25F,AT425R
TTA35,FTA35
TTA35,STA35
TTA35,ADCF8
TTA35,208FRDH
TTA35,PWC52A
TTA35,XO605
TTA35,211FCOA
TTA35,F4LBK
TTA35,TKF72
TTA35,SGDMRC4-TM4
VGP12418,VGP12509
VGP12418,VGP12406
VGP12418,VGP12412
VGP12418,YA109C
VGP12418,VGP22412
VGP12418,A159
VGP12418,SG5ASABR
VGP12418,UTS105A
VGP12418,SGDXL80BR
VGP12418,PKRS1
SDG03S25,PT850
SDG03S25,CTDFL861
SDG03S25,PTGR110
SDG03S25,MG725A
SDG03S25,PH3050BR
SDG03S25,AT408
SDG03S25,PTC250
SDG03S25,PSO4625
SDG03S25,PTGR100
SDG03S25,PTR72
UPTM65K,PKNC150
UPTM65K,SOEX36
UPTM65K,SOEX38
UPTM65K,414AHD
UPTM65K,SOEX40
UPTM65K,SOEX707
UPTM65K,SIMM350
UPTM65K,LDH442
UPTM65K,OFW2
UPTM65K,AWP160
VSC4KT-4,SGD4BR
VSC4KT-4,SRPCR3800
VSC4KT-4,SGDP31IRBR
VSC4KT-4,FXK3
VSC4KT-4,SIMM200
VSC4KT-4,47ACF
VSC4KT-4,SGD8BR
VSC4KT-4,PPC103A
VSC4KT-4,GFAT1E
VSC4KT-4,F80
XDLR705A,TMA6E
XDLR705A,TMA8E
XDLR705A,ATKIFL
XDLR705A,XDLRM705K1A
XDLR705A,208FRDH
XDLR705A,XDLRM705K2A
XDLR705A,XDLRM11A
XDLR705A,SOXRR707A
XDLR705A,TMUS181A
XDLR705A,106TMUSA
XDLRM705K1A,XDLRM705K2A
XDLRM705K1A,XDLR705A
XDLRM705K1A,207IPFM
XDLRM705K1A,SHX80B
XDLRM705K1A,IMM110A
XDLRM705K1A,315SIMMYA
XDLRM705K1A,SIMM110A
XDLRM705K1A,IMM160A
XDLRM705K1A,ATECH3FR300B
XDLRM705K1A,IMM180
XDSGM607K1,XDSGM607K1O
XDSGM607K1,XDSGM607K1G
XDSGM607K1,PL5ESWIRESTRIP
XDSGM607K1,CSSD1R
XDSGM607K1,PWCSS7ACF
XDSGM607K1,PWCS7ACF
XDSGM607K1,SHDX80R
XDSGM607K1,97ACF
XDSGM607K1,SHD2R
XDSGM607K1,SPBS12AR
UTS105A,QD3RN350A
UTS105A,VGP12412
UTS105A,14V
UTS105A,VGP12418
UTS105A,LSR1450
UTS105A,BF775C-A
UTS105A,SGDTX50BR
UTS105A,TWM27
UTS105A,IMM360
UTS105A,OXIM710B
VGP22412,VGP22418
VGP22412,VGP12406
VGP22412,VGP12808
VGP22412,VGP12418
VGP22412,VGP12412
VGP22412,LP7WR
VGP22412,AWBPH13
VGP22412,SGHBF500A
VGP22412,61CF
VGP22412,SGASA104BR
VGP22418,SPBS8AR
VGP22418,SEPABODYADD
VGP22418,VGP12509
VGP22418,GA243
VGP22418,VGP22412
VGP22418,YA109C
VGP22418,PK50A
VGP22418,A159
VGP22418,A161B
VGP22418,AC58E
SHLL80AO,FHLL80
SHLL80AO,THLL72
SHLL80AO,FHBF80A
SHLL80AO,FHL80
SHLL80AO,ATECH4RS600
SHLL80AO,SHL80A
SHLL80AO,THLLF72
SHLL80AO,320SIM
SHLL80AO,SHX80B
SHLL80AO,THLX72
SRP3B,SWM111A
SRP3B,SN25A
SRP3B,SWM101A
SRP3B,ACT1370
SRP3B,OEXM8B
SRP3B,SIMM320
SRP3B,SIMM300
SRP3B,LSR2000
SRP3B,LSR1150
SRP3B,PK53A
TMM12,TMM14
TMM12,STMM12
TMM12,TMM6
TMM12,TMM9
TMM12,STMM6
TMM12,TMM8
TMM12,STMM8
TMM12,TMM7
TMM12,TMM5.5
TMM12,STMM10
TPM16GRN,EECT400
TPM16GRN,EEPV509
TPM16GRN,ECPNI032R
TPM16GRN,EEDM596FK
TPM16GRN,ECHDD012AR
TPM16GRN,EEDM525F
TPM16GRN,EEBC30A12V
TPM16GRN,FB361A
TPM16GRN,ECHDD012A
TPM16GRN,MAGDISH
ECPNH012UV,ECPNH012UV
ECPNH012UV,ECFB200BL
ECPNH012UV,LBUK1
ECPNH012UV,ECPNH012
ECPNH012UV,ACTUVLITE4
ECPNH012UV,ECPNJ032
ECPNH012UV,EECR5A
ECPNH012UV,GLOVE300BL
ECPNH012UV,ECARL032R
ECPNH012UV,GLASS50R
206AFSA,206FSUMA
206AFSA,206SFSUM
206AFSA,TWM31
206AFSA,TWM29
206AFSA,TMC105E
206AFSA,317MPC
206AFSA,TWM28
206AFSA,TWM26
206AFSA,AWM140DK
206AFSA,313SYA
207IPSFM,106IPTMMA
207IPSFM,207IPFM
207IPSFM,307IPLMY
207IPSFM,IPSM15
207IPSFM,111TMUSMA
207IPSFM,IPSM18
207IPSFM,206SFSUM
207IPSFM,312IPLM
207IPSFM,BOERM704
207IPSFM,IPLM12C
IPDLM16A,IPSM21
IPDLM16A,IPLM21C
IPDLM16A,IPLM18C
IPDLM16A,IPLM19C
IPDLM16A,IPLM24C
IPDLM16A,IPLM14C
IPDLM16A,IPLM13C
IPDLM16A,106IPTMMA
IPDLM16A,207IPSFM
IPDLM16A,IPL38C
AWBSG20A,SRPCR4700
AWBSG20A,PPC4A
AWBSG20A,47ACF
AWBSG20A,BLPTHC87
AWBSG20A,FU8A
AWBSG20A,SPBS12AR
AWBSG20A,SIMM160A
AWBSG20A,SGDP31IRBR
AWBSG20A,SGD6BR
AWBSG20A,ATECH2FR125B
OEXM300B,OEXM290B
OEXM300B,OEXM320B
OEXM300B,OEXM260B
OEXM300B,OEXM250B
OEXM300B,OEXM270B
OEXM300B,OEXM230B
OEXM300B,OEX44B
OEXM300B,OEX42B
OEXM300B,OEXM240B
OEXM300B,SX20
EETL500,EEPV503
EETL500,EEPV509
EETL500,EEPV500
EETL500,EECT424HD
EETL500,YA4000B
EETL500,JCK7DBL
EETL500,EFPHANNIBALB
EETL500,GA296B
EETL500,ECPNH012
EETL500,JCK8
XDLRM11A,XDLRM705K2A
XDLRM11A,XDLR705A
XDLRM11A,SHX80B
XDLRM11A,IMM140A
XDLRM11A,ATECH2FR125B
XDLRM11A,IMM120A
XDLRM11A,IMM160A
XDLRM11A,SIMM110A
XDLRM11A,SIMM130A
XDLRM11A,SIMM120A
206ESSPKPLG,BTCP2SA
206ESSPKPLG,124STTMM
206ESSPKPLG,TTX8E
206ESSPKPLG,TTX15E
206ESSPKPLG,SGA1711BR
206ESSPKPLG,TTX20E
206ESSPKPLG,FAM8E
206ESSPKPLG,SGA175BR
206ESSPKPLG,SHX80B
206ESSPKPLG,112TMMY
120STTM,124STTMM
120STTM,PTIM5
120STTM,PK52A
120STTM,212EFTAY
120STTM,211EFAMY
120STTM,S9704KR
120STTM,SOEXM8
120STTM,F18LA
120STTM,103UFTS
120STTM,PPCS60BK
AWL4-1/2D,PL400B
AWL4-1/2D,FU8A
AWL4-1/2D,ATECH2FR125B
AWL4-1/2D,FXK3
AWL4-1/2D,TMU8B
AWL4-1/2D,SRPCR4700
AWL4-1/2D,T72
AWL4-1/2D,SIMM180
AWL4-1/2D,BLPTHC87
AWL4-1/2D,ATECH3FR300B
KRBC100ABFI,KRA2411PBO
KRBC100ABFI,KRA2007FPBO
KRBC100ABFI,KWSP2455AST
KRBC100ABFI,KRA2055FPBO
KRBC100ABFI,A277
KRBC100ABFI,KRSC46HPBO
KRBC100ABFI,SNA-TBP14
KRBC100ABFI,KRSC326FPBO
KRBC100ABFI,KRA2422PBO
KRBC100ABFI,KCP2422PBO
EEPV509,YA4000B
EEPV509,EEDMDVA
EEPV509,EEPV509
EEPV509,EEPV500
EEPV509,EEPV503
EEPV509,EETL500
EEPV509,SVTS272A
EEPV509,RTEMPB7
EEPV509,RTEMP8
EEPV509,VAC201
SPBS24AO,SPBS12AR
SPBS24AO,SPBS18AR
SPBS24AO,SR40K
SPBS24AO,317AMMPC
SPBS24AO,TMM4
SPBS24AO,UIM225
SPBS24AO,SRPCR105
SPBS24AO,311IMYA
SPBS24AO,SFSM18
SPBS24AO,IM140A
AD12C,AD8C
AD12C,AD6C
AD12C,AD10C
AD12C,PRH57A
AD12C,PK23A
AD12C,AWM140DK
AD12C,206AFSA
AD12C,PT28E
AD12C,PPC210BK
AD12C,AC5C
OXIM9B,OXIM8B
OXIM9B,OXIM7B
OXIM9B,OXIM6B
OXIM9B,XB605A
OXIM9B,OEXM8B
OXIM9B,XBM605A
OXIM9B,OXIM710B
OXIM9B,OEXM7B
OXIM9B,XO605
OXIM9B,SDMT20D
RD8,RTD48
RD8,FZ80
RD8,QDTPMS
RD8,E1020
RD8,UIM2RSLT
RD8,UTS105A
RD8,PPCSG710
RD8,208EPIT
RD8,CSSD1R
RD8,TECH2FR100
FB302A,BLP18HVLP
FB302A,JT13B
FB302A,BB9008
FB302A,YAKS42
FB302A,SVTS272A
FB302A,MAGDISH
FB302A,EECT900
FB302A,TPGDL2000
FB302A,JCK8
FB302A,EEPV500
SHD4G,SHDP31IRR
SHD4G,SHDP42IRR
SHD4G,SHD2R
SHD4G,SHD6R
SHD4G,SHDP63IRR
SHD4G,SHD1R
SHD4G,10R
SHD4G,BF620C
SHD4G,PPCD70BK
SHD4G,S321
ITHE100,ITHE100
ITHE100,FB316B
ITHE100,RULER6
ITHE100,YA832A
ITHE100,FB360C
ITHE100,OC5A
ITHE100,MTTL300
ITHE100,GA460B
ITHE100,VAC201
ITHE100,PGP50
GLOVE600M,GLOVE300BL
GLOVE600M,GLASS30R
GLOVE600M,EECR5A
GLOVE600M,GLOVE309L
GLOVE600M,GLOVE1100L
GLOVE600M,SOSG01BKCL01
GLOVE600M,GLASS90BYEAR
GLOVE600M,GLOVE900LR
GLOVE600M,GLOVE505RL
GLOVE600M,GLASS50R
GLOVE600XL,SOSG01BKCL01
GLOVE600XL,GLASS50R
GLOVE600XL,EARPLUGBAND
GLOVE600XL,GLOVE309L
GLOVE600XL,GLOVE300BL
GLOVE600XL,GLOVE1100L
GLOVE600XL,GLASS90BYEAR
GLOVE600XL,GLOVE900LR
GLOVE600XL,GLOVE505RL
GLOVE600XL,CLRPW75
AWXL13-3/16,SHD1R
AWXL13-3/16,SIMM220
AWXL13-3/16,TMXK2
AWXL13-3/16,SIMM240
AWXL13-3/16,SPBS18AR
AWXL13-3/16,SGD6BR
AWXL13-3/16,SGDP42IRBR
AWXL13-3/16,47ACF
AWXL13-3/16,SGD2BR
AWXL13-3/16,TMXK4
SGT4BR,S6118A
SGT4BR,117TMM
SGT4BR,PK23A
SGT4BR,B1461
SGT4BR,S9704KA
SGT4BR,SN25A
SGT4BR,222AFSP
SGT4BR,UIM225
SGT4BR,206EAU
SGT4BR,OEXM7B
SHDX80R,2004BSKA
SHDX80R,AW1015DHK
SHDX80R,311IMFSY
SHDX80R,BP8B
SHDX80R,TW381
SHDX80R,313SYA
SHDX80R,BP16B
SHDX80R,SSDMR4BR
SHDX80R,TW401
SHDX80R,HSG319
AWM2-1/2D,F80
AWM2-1/2D,SGDX80BR
AWM2-1/2D,SPBS704AR
AWM2-1/2D,96ACF
AWM2-1/2D,GFAT1E
AWM2-1/2D,SGDP31IRBR
AWM2-1/2D,SGDP42IRBR
AWM2-1/2D,SRPCR4700
AWM2-1/2D,FXK3
AWM2-1/2D,47ACF
IPLM24C,IPLM21C
IPLM24C,IPSM22
IPLM24C,IPLM17C
IPLM24C,IPLM14C
IPLM24C,IPLM22C
IPLM24C,IPLM13C
IPLM24C,IPLM15C
IPLM24C,IPLM11C
IPLM24C,IPLM12C
IPLM24C,IPL24C
AWSGM800A,AWSG800A
AWSGM800A,AWSGT800A
AWSGM800A,AWBSG800A
AWSGM800A,218AFSP
AWSGM800A,10R
AWSGM800A,TW401
AWSGM800A,S321
AWSGM800A,SWM201
AWSGM800A,SWM161
AWSGM800A,SWM151A
FADH704CO,FADH6C
FADH704CO,FADH8C
FADH704CO,FADH10C
FADH704CO,AD8C
FADH704CO,AD12C
FADH704CO,XDSGM607K1G
FADH704CO,AD6C
FADH704CO,AD10C
FADH704CO,XDSGM607K1
FADH704CO,S9724RHS
TMMD10,TMMD9
TMMD10,TMMD12
TMMD10,TMMD5
TMMD10,TMMD5.5
TMMD10,111STMMDY
TMMD10,SR40K
TMMD10,AWMG9
TMMD10,AW1020DK
TMMD10,AC58E
TMMD10,SS5A
OEX10B,OEX8B
OEX10B,OEX11B
OEX10B,OEXM7B
OEX10B,SGDE220ESD
OEX10B,SGDEP20ESD
OEX10B,SGDE215ESD
OEX10B,SGDE225ESD
OEX10B,PBN2
OEX10B,SN25A
OEX10B,ACT1370
MAGDISH10,MAGMAT
MAGDISH10,MAGTRAY
MAGDISH10,MAGMICRO
MAGDISH10,MAGMINI
MAGDISH10,MAGSTRIP
MAGDISH10,CLRPW75
MAGDISH10,MRB5B
MAGDISH10,GLOVE300BL
MAGDISH10,ECPNI032R
MAGDISH10,JCK8
TM61A,20SSD
TM61A,XS67A
TM61A,TM65
TM61A,XS2024A
TM61A,XS1820A
TM61A,XS1012A
TM61A,XS1214A
TM61A,VO2628B
TM61A,XS810A
TM61A,TMC104E
213AFLEY,211EFAMY
213AFLEY,212EFTXY
213AFLEY,SEPPREMETA
213AFLEY,BLPXZNM389
213AFLEY,210EFTAMY
213AFLEY,208EFTAMXSY
213AFLEY,BLPTORX1410
213AFLEY,210EFTXRY
213AFLEY,FTXB55E
213AFLEY,TTX15E
RULER601,RULER602
RULER601,UTK100
RULER601,FB303B
RULER601,GLASS30R
RULER601,EFPHANNIBALB
RULER601,PG160
RULER601,AT4124
RULER601,FB316B
RULER601,ECPNG032
RULER601,OC5A
TMP22E,TMP12E
TMP22E,TMP23E
TMP22E,TMC106E
TMP22E,TM82
TMP22E,TMC105E
TMP22E,VO2628B
TMP22E,XS1820A
TMP22E,XS1012A
TMP22E,VO1820B
TMP22E,XS810A
A159,BF775C-A
A159,VGP12412
A159,VGP12418
A159,14V
A159,GA243
A159,VGP12509
A159,VGP12808
A159,A161B
A159,S9614A
A159,S9538A
S9714MKDEU,S9711KA
S9714MKDEU,S9704KA
S9714MKDEU,110RTSMA
S9714MKDEU,A127
S9714MKDEU,A129
S9714MKDEU,A106
S9714MKDEU,207EFTXY
S9714MKDEU,OFC14KT
S9714MKDEU,XFRRM705
S9714MKDEU,SIMM340
EECT424HD,EECT424HD
EECT424HD,ECHDF042
EECT424HD,FB336
EECT424HD,EECT900
EECT424HD,MRB10B
EECT424HD,MRB15B
EECT424HD,MRB5B
EECT424HD,JCW80AR
EECT424HD,AT4101
EECT424HD,YA4000B
F161,FA12LE
F161,F221
F161,F181
F161,F081
F161,F101
F161,XS2024A
F161,XS1012A
F161,XS1618A
F161,XS1214A
F161,SGDEP20ESD
AWL6D,SIMM190
AWL6D,T72
AWL6D,SIMM210
AWL6D,SGD8BR
AWL6D,SGD4BR
AWL6D,PL400B
AWL6D,SPBS8AR
AWL6D,SPBS18AR
AWL6D,FXK11
AWL6D,SPBS12AR
ECHDF042,ECPNI032R
ECHDF042,ECPNJ032
ECHDF042,GLOVE300BL
ECHDF042,ECPNH012
ECHDF042,ECHDD012A
ECHDF042,MAGMAT
ECHDF042,ECHDD012AR
ECHDF042,MAGDISH
ECHDF042,AT4101
ECHDF042,ECSPH271
ECHDF042B,ECPNI032R
ECHDF042B,ECPNJ032
ECHDF042B,ECPNH012
ECHDF042B,JCK7DBL
ECHDF042B,ECHDD012A
ECHDF042B,TDG2
ECHDF042B,MAGMAT
ECHDF042B,MAGDISH
ECHDF042B,GLASS50R
ECHDF042B,JCK8
PPC106A,PPC1A
PPC106A,PPC206A
PPC106A,PPC820B
PPC106A,PPC816B
PPC106A,PPC208A
PPC106A,PPC204A
PPC106A,PPC210A
PPC106A,PKNC150
PPC106A,PPC3A
PPC106A,OFW2
F101,F081
F101,F181
F101,F261
F101,F141
F101,F281
F101,F121
F101,107ATMPB
F101,211SFY
F101,SF161
F101,SF241
ECUHD218,EECT400
ECUHD218,ECHDD012AR
ECUHD218,YAKS42
ECUHD218,ECPNG032
ECUHD218,EEBC30A12V
ECUHD218,SVTSRAD272U
ECUHD218,YA4000B
ECUHD218,MTTL800
ECUHD218,JCK7DBL
ECUHD218,SVTS272A
OEXM9B,OEXM8B
OEXM9B,OEXM7B
OEXM9B,SIMM340
OEXM9B,OEXM6B
OEXM9B,OXIM9B
OEXM9B,OXIM8B
OEXM9B,SIMM360
OEXM9B,PK53A
OEXM9B,222AFSP
OEXM9B,OFW2
AWT50A,PPC103A
AWT50A,SPBS18AR
AWT50A,FXK3
AWT50A,91ACP
AWT50A,SIMM210
AWT50A,SGD2BR
AWT50A,47ACF
AWT50A,SHD1R
AWT50A,SRPCR3800
AWT50A,ATECH3FR300B
GAW1924,SGDP31IRBR
GAW1924,47ACF
GAW1924,SPBS8AR
GAW1924,SIMM220
GAW1924,TMXK4
GAW1924,FXK11
GAW1924,SGD6BR
GAW1924,PPC103A
GAW1924,SGD2BR
GAW1924,TMXK2
KCP1422BCD,KWSN2455ABL
KCP1422BCD,KWSN2455AST
KCP1422BCD,KWSP2455AST
KCP1422BCD,KWSP2455ABL
KCP1422BCD,KRWT2411
KCP1422BCD,KCP2422PBO
KCP1422BCD,KRA25D
KCP1422BCD,KRA2407PBO
KCP1422BCD,KRA2411PBO
KCP1422BCD,PLRK30
UTK100,UTK100
UTK100,RTEMPB7
UTK100,GA296B
UTK100,ECF35
UTK100,OC5A
UTK100,UTK150
UTK100,MTTL300
UTK100,LBUK1
UTK100,FB303B
UTK100,MTTL310
MS24A,47ACF
MS24A,SGD4BR
MS24A,SIMM210
MS24A,SPBS704AR
MS24A,SRPCR3800
MS24A,SGDP42IRBR
MS24A,SIMM220
MS24A,FHLF80A
MS24A,SGD2BR
MS24A,SIMM180
SGD4BO,SGDP31IRBR
SGD4BO,SGDP42IRBR
SGD4BO,SGD2BR
SGD4BO,SGD6BR
SGD4BO,SGD8BR
SGD4BO,SGDP64IRBR
SGD4BO,SGDP63IRBR
SGD4BO,SN25A
SGD4BO,AWMG9
SGD4BO,206EAU
AWSGT27A,TMMS10
AWSGT27A,TMMS8
AWSGT27A,SIM220
AWSGT27A,BLPTL1427
AWSGT27A,TMMS11
AWSGT27A,TMMS9
AWSGT27A,TMMS6
AWSGT27A,TMMS5.5
AWSGT27A,TMMS13
AWSGT27A,TMMS15
TA50,TA32A
TA50,EFPHANNIBALB
TA50,MAGMAT
TA50,EEDM503D
TA50,TDG2
TA50,EECT400
TA50,RULER600
TA50,EEPV500
TA50,GLASS30R
TA50,FB336
VAC201,ASTFUN19KIT
VAC201,YA427B
VAC201,ITHE100
VAC201,JCW80AR
VAC201,EEPV500
VAC201,BB9008
VAC201,EEPV509
VAC201,ECPNG032
VAC201,MAGMAT
VAC201,JCK8
DBHS13,DBHM9
DBHS13,AWTR8
DBHS13,TMA2.5E
DBHS13,AWXL13
DBHS13,AWTPH8
DBHS13,SDMT25D
DBHS13,AWS13
DBHS13,SDM400A
DBHS13,TK72
DBHS13,TMUS141A
SIM280,SIM240
SIM280,SIM260
SIM280,SIM180A
SIM280,SIM320
SIM280,SIM220
SIM280,SIM200
SIM280,SIM160A
SIM280,SIM300
SIM280,IM280
SIM280,IM200
TR117O,TR108
TR117O,SDMV208
TR117O,WHM1
TR117O,GA358B
TR117O,PTM2
TR117O,SFSM21
TR117O,TR107A
TR117O,FHBF80A
TR117O,BTG9
TR117O,ASGP1BR
TLLF72,FLLF80
TLLF72,PKN9
TLLF72,SGDE225ESD
TLLF72,SGDEP200ESD
TLLF72,SGDE215ESD
TLLF72,PBN2
TLLF72,TMU121A
TLLF72,AWP45
TLLF72,TMA5E
TLLF72,TMA6E
PPC204A,PPC210A
PPC204A,PPC820B
PPC204A,PPC203A
PPC204A,PPC208A
PPC204A,PPC205A
PPC204A,PPC4A
PPC204A,AWMEF8K
PPC204A,PPC816B
PPC204A,BHS7A
PPC204A,SWM251
SFSM16,SFSM18
SFSM16,SFSM17
SFSM16,SFSM11
SFSM16,SFSM19
SFSM16,SFSM12
SFSM16,SFSM13
SFSM16,SFSM8
SFSM16,STMM5.5
SFSM16,SFSM9
SFSM16,SFSM14
THRLX72,FHOF80A
THRLX72,FHLX80B
THRLX72,SHX80B
THRLX72,THR72
THRLX72,FHR80
THRLX72,THLL72
THRLX72,BLPEXTF146
THRLX72,THLLF72
THRLX72,490CF
THRLX72,SH80A
SRPCR4700,SRPCR3800
SRPCR4700,OFW3
SRPCR4700,786CF
SRPCR4700,OEXM9B
SRPCR4700,PPB826A
SRPCR4700,SWM111A
SRPCR4700,OEXM8B
SRPCR4700,SWM101A
SRPCR4700,411CF
SRPCR4700,SIMM340
FHLX80BG,THLX72
FHLX80BG,THRLX72
FHLX80BG,SHX80B
FHLX80BG,SHLX80A
FHLX80BG,FHR80
FHLX80BG,FH80MP
FHLX80BG,FHLL80
FHLX80BG,FHBB18A
FHLX80BG,THL72
FHLX80BG,FK80
OEXM6B,OEXM7B
OEXM6B,OEXM9B
OEXM6B,OEXM8B
OEXM6B,BTC7B
OEXM6B,AWM12D
OEXM6B,SN25A
OEXM6B,AC58E
OEXM6B,2420A
OEXM6B,111TMMDY
OEXM6B,TMMD6
SGTT4B,SGTT6B
SGTT4B,SGTT9B
SGTT4B,SGTT10B
SGTT4B,SGTT7B
SGTT4B,SGTT8B
SGTT4B,SGTT3B
SGTT4B,SGTT5B
SGTT4B,SGA1713B
SGTT4B,SRP400B
SGTT4B,PHP1A
14V,BF775C-A
14V,UTV614A
14V,GA243
14V,UTV615A
14V,DPT7A
14V,PK50A
14V,PK500A
14V,AWM12D
14V,OEXM9B
14V,A161B
PKNC300,PKNC301
PKNC300,MS400A
PKNC300,PKB500A
PKNC300,PK500A
PKNC300,AWPBX10
PKNC300,HBPT24
PKNC300,PPC208A
PKNC300,PPC5A
PKNC300,TFTFM932A
PKNC300,HBBD8
HBBD24O,317AMMPC
HBBD24O,LP10WR
HBBD24O,207EFAMY
HBBD24O,SGDMRC44B
HBBD24O,FADH12C
HBBD24O,STMM5
HBBD24O,TWM27
HBBD24O,212FSMY
HBBD24O,SOEX707
HBBD24O,AD12C
TW421,TW441
TW421,TW461
TW421,TWM28
TW421,TWM31
TW421,TWM29
TW421,TWM30
TW421,TWM32
TW421,AWM110DHK
TW421,FA12LE
TW421,RC980
TMA3E,TMA2.5E
TMA3E,TMA6E
TMA3E,TMA5E
TMA3E,XS2024A
TMA3E,TMA4E
TMA3E,XS2226A
TMA3E,SGDE220ESD
TMA3E,VO2628B
TMA3E,VO2224B
TMA3E,SGDE215ESD
EFP2WFLAME,TPGDL2000
EFP2WFLAME,EECT200
EFP2WFLAME,GLASS50R
EFP2WFLAME,EECT424HD
EFP2WFLAME,EEDM503D
EFP2WFLAME,RULER601
EFP2WFLAME,TDG2
EFP2WFLAME,FB336
EFP2WFLAME,SVTS272A
EFP2WFLAME,EEDM596FK
TDG1,TDG1
TDG1,TPMB25EM
TDG1,ECFB200BL
TDG1,AT4124
TDG1,AT4135
TDG1,PGP50
TDG1,ACT73A
TDG1,ACT1290A
TDG1,ACT83A
TDG1,TDG2
KRSC326FPCM,KRA2007FPBO
KRSC326FPCM,KACKMCFIBER1
KRSC326FPCM,A277
KRSC326FPCM,KRA2407PBO
KRSC326FPCM,KACKFLTCLNR
KRSC326FPCM,MRB12B
KRSC326FPCM,KRSC430APBO7
KRSC326FPCM,KRSC46HPBO
KRSC326FPCM,KA2422SETPJJ
KRSC326FPCM,KA2422SETPJH
212FSMSY,211FSSY
212FSMSY,112TMMSY
212FSMSY,110TMSY
212FSMSY,TMMS5
212FSMSY,TMMS9
212FSMSY,TMMS5.5
212FSMSY,TMMS6
212FSMSY,TMMS10
212FSMSY,TMMDS12
212FSMSY,TMMDS11
SWM211,SWM231
SWM211,SWM241
SWM211,SWM201
SWM211,SWM181
SWM211,SWM141A
SWM211,SWM291
SWM211,SWM281
SWM211,SWM301
SWM211,SWM121A
SWM211,SWM111A
SGTT6B,SGTT4B
SGTT6B,PL5ESWIRESTRIP
SGTT6B,SGTT9B
SGTT6B,SGTT7B
SGTT6B,SGTT1B
SGTT6B,SGTT8B
SGTT6B,SGTT10B
SGTT6B,SGTT3B
SGTT6B,SGA1714B
SGTT6B,PWC48
EECT400,EECT400
EECT400,TIF160
EECT400,CAL6DA
EECT400,ECFLD030
EECT400,EEDM503D
EECT400,TPM16
EECT400,FB360C
EECT400,OC5A
EECT400,GA460B
EECT400,PGP50
TW241,TW341
TW241,TW281
TW241,TW221
TW241,TW261
TW241,TW161A
TW241,TW121A
TW241,TW201
TW241,TW361
TW241,TW401
TW241,TW381
IPL42C,IPL40C
IPL42C,IPL38C
IPL42C,IPL34C
IPL42C,IPL36C
IPL42C,IPL22C
IPL42C,IPL20C
IPL42C,IPL18C
IPL42C,IPLM15C
IPL42C,IPLM17C
IPL42C,IPLM21C
AWMCG1610B,SPBS8AR
AWMCG1610B,96ACF
AWMCG1610B,SIMM180
AWMCG1610B,SIMM220
AWMCG1610B,BLPTHC87
AWMCG1610B,TMXK4
AWMCG1610B,SPBS704AR
AWMCG1610B,TMXK60
AWMCG1610B,FXK3
AWMCG1610B,SIMM160A
CTR814DB,MG725A
CTR814DB,PTGR110
CTR814DB,AT109
CTR814DB,PT338
CTR814DB,AT700F
CTR814DB,CT825DB
CTR814DB,PH3050BR
CTR814DB,CTB8187
CTR814DB,PTGR100
CTR814DB,CTQ838DB
CTR862DB,CTB185
CTR862DB,DBBPT13
CTR862DB,PTGR110
CTR862DB,CTSG861DB
CTR862DB,CT9080K2
CTR862DB,CT825DB
CTR862DB,AT109
CTR862DB,CTB8174
CTR862DB,PDR3000A
CTR862DB,PTB32K
CTR867AGK2,CTCO861K2
CTR867AGK2,CTC131A
CTR867AGK2,CTR867AK2
CTR867AGK2,CT9080K2
CTR867AGK2,CT825DB
CTR867AGK2,CTR861AK2
CTR867AGK2,CTB8174
CTR867AGK2,CTB185
CTR867AGK2,CTS561BITSET
CTR867AGK2,PTC250
AW14D,SRPCR4700
AW14D,SGD4BR
AW14D,SHD1R
AW14D,SGD2BR
AW14D,TMXK4
AW14D,T72
AW14D,SPBS704AR
AW14D,SIMM150A
AW14D,47ACF
AW14D,F80
317AMMPC,117TMM
317AMMPC,206EAU
317AMMPC,414AHD
317AMMPC,LP10WR
317AMMPC,AWM110DHK
317AMMPC,AC5C
317AMMPC,309SIMYA
317AMMPC,FADH12C
317AMMPC,PRH57A
317AMMPC,BOERM712
CT9050DB,CTNN13KF
CT9050DB,PSO4625
CT9050DB,VWB8B
CT9050DB,PH3050BR
CT9050DB,AT2050
CT9050DB,AT109
CT9050DB,CTR867AK2
CT9050DB,AT5500
CT9050DB,DBBPT13
CT9050DB,CT9080K2
CTNN13KF,DBH7B
CTNN13KF,PTB32K
CTNN13KF,CTR867AK2
CTNN13KF,CTB8174
CTNN13KF,DBBPT13
CTNN13KF,DBTB121
CTNN13KF,CTINF9010
CTNN13KF,PT850
CTNN13KF,PH3050BR
CTNN13KF,PSO4625
2005BSKA,AF102
2005BSKA,AWM110DK
2005BSKA,RXS605B
2005BSKA,BTK5
2005BSKA,FTX60E
2005BSKA,R404
2005BSKA,AC5C
2005BSKA,OEXM6B
2005BSKA,B1461
2005BSKA,BP40B
CDR4P44K3K2,CTQ838DB
CDR4P44K3K2,DB129C
CDR4P44K3K2,AT109
CDR4P44K3K2,CTS561BITSET
CDR4P44K3K2,CT825DB
CDR4P44K3K2,CTR867AK2
CDR4P44K3K2,PSO4525
CDR4P44K3K2,SAG03S20
CDR4P44K3K2,PH3050BR
CDR4P44K3K2,PTC250
AT2050,AT700F
AT2050,AT109
AT2050,AT5500
AT2050,PTR2505
AT2050,AT425R
AT2050,VWB5B
AT2050,VWB8B
AT2050,PTGR100
AT2050,DBBPT13
AT2050,DBTB121
SHD2O,SHDP42IRR
SHD2O,SHD6R
SHD2O,SHDP31IRR
SHD2O,SHD4R
SHD2O,SHDP63IRR
SHD2O,SHD1R
SHD2O,SGDEP20ESD
SHD2O,SGDE215ESD
SHD2O,SGDEP21ESD
SHD2O,BP8B
47ACF,96ACF
47ACF,91ACP
47ACF,TMM4
47ACF,PTIM5
47ACF,SN25A
47ACF,OFW3
47ACF,SOEX38
47ACF,SN18B
47ACF,GAJ12A
47ACF,AWP160
STMM15,TMM15
STMM15,TMM5.5
STMM15,TMM14
STMM15,STMM14
STMM15,STMM12
STMM15,STMM5.5
STMM15,TMM11
STMM15,TMM13
STMM15,STMM7
STMM15,TMM5
HBBD56O,915CF
HBBD56O,415CF
HBBD56O,PL330ACF
HBBD56O,HBBD8
HBBD56O,PTM2
HBBD56O,FADH6C
HBBD56O,PPC204A
HBBD56O,911ACF
HBBD56O,HCP48BCF
HBBD56O,HBFE48
THLX72G,SHX80B
THLX72G,FHLX80B
THLX72G,SHLX80A
THLX72G,SHLL80A
THLX72G,FHBF80A
THLX72G,PWZ3A
THLX72G,FHBB18A
THLX72G,106ATMXW
THLX72G,THR72
THLX72G,103UFTS
TMD7,TMD9
TMD7,TMD16
TMD7,TMD11
TMD7,TMD6
TMD7,TMD14
TMD7,TMD18
TMD7,TMD10
TMD7,XS2024A
TMD7,XS1416A
TMD7,SGDE220ESD
TMM15,STMM15
TMM15,TMM14
TMM15,TMM9
TMM15,TMM11
TMM15,TMM13
TMM15,TMM6
TMM15,STMM14
TMM15,TMM12
TMM15,STMM5
TMM15,TMM5
IPSM21,IPSM15
IPSM21,IPLM24C
IPSM21,IPLM18C
IPSM21,IPLM19C
IPSM21,IPLM14C
IPSM21,IPDLM13A
IPSM21,IPLM13C
IPSM21,IPLM17C
IPSM21,IPLM22C
IPSM21,IPLM15C
IPSM22,IPSM21
IPSM22,IPLM21C
IPSM22,IPLM19C
IPSM22,IPSM18
IPSM22,IPLM17C
IPSM22,IPLM14C
IPSM22,IPLM18C
IPSM22,IPSM15
IPSM22,IPLM22C
IPSM22,207IPSFM
GLOVE900XLR,GLOVE1100L
GLOVE900XLR,GLASS30R
GLOVE900XLR,JCK7DBL
GLOVE900XLR,GLOVE505RL
GLOVE900XLR,GLOVE309L
GLOVE900XLR,GLOVE300BL
GLOVE900XLR,GLOVEORIGPLUSL
GLOVE900XLR,GLASS50R
GLOVE900XLR,YA427B
GLOVE900XLR,SOSG01BKCL01
PWCS7ACF,PK52A
PWCS7ACF,AWM110DHK
PWCS7ACF,AC5C
PWCS7ACF,786CF
PWCS7ACF,PRH57A
PWCS7ACF,PK53A
PWCS7ACF,SGDTX50BR
PWCS7ACF,PTIM5
PWCS7ACF,AWMG9
PWCS7ACF,SGD153BR
BCT1050,S6112
BCT1050,BST103R
BCT1050,BTK7A
BCT1050,B1458C
BCT1050,PPC210BK
BCT1050,B1461
BCT1050,PPC210A
BCT1050,BTCP600
BCT1050,PPC204A
BCT1050,ATECH1FS300
TMMD12,TMMD11
TMMD12,TMMD5
TMMD12,TMMD9
TMMD12,TMMD8
TMMD12,BTC7B
TMMD12,AW1020DK
TMMD12,SOEX38
TMMD12,SOEX40
TMMD12,PT28E
TMMD12,AWP160
PBMS5G,PBMB5R
PBMS5G,PBMB5O
PBMS5G,PBMA5R
PBMS5G,PBMA5
PBMS5G,PBMA5G
PBMS5G,PBMMA5R
PBMS5G,PBMA5O
PBMS5G,PBMMA5
PBMS5G,PBMMB5R
PBMS5G,PBMMB5G
XFRM705,XFR704
XFRM705,OEXLM710B
XFRM705,XFRR704
XFRM705,OXKRM705
XFRM705,111TMUSMA
XFRM705,IPLM12C
XFRM705,IPLM16C
XFRM705,IMFLE120A
XFRM705,IPLM15C
XFRM705,IPLM21C
206AFX,106BTMX
206AFX,305ASX
206AFX,103UFTS
206AFX,120STTM
206AFX,PK52A
206AFX,212EFTAY
206AFX,211EFAMY
206AFX,S8
206AFX,S9704KR
206AFX,TMXK4
SF241,SF281
SF241,SF221
SF241,SF261
SF241,SF181
SF241,SF121
SF241,SF141
SF241,SF161
SF241,SF101
SF241,TM84
SF241,VO2224B
AWCGT8,SGD2BR
AWCGT8,T72
AWCGT8,SRPCR4700
AWCGT8,BLPTHC87
AWCGT8,TMXK2
AWCGT8,SGDP42IRBR
AWCGT8,SPBS8AR
AWCGT8,SHD1R
AWCGT8,ATECH2FR125B
AWCGT8,GFAT1E
AWSGTRP20A,SIMM220
AWSGTRP20A,91ACP
AWSGTRP20A,SGDP31IRBR
AWSGTRP20A,TMXK2
AWSGTRP20A,TMU8B
AWSGTRP20A,FXK11
AWSGTRP20A,SGD6BR
AWSGTRP20A,SIMM240
AWSGTRP20A,SIMM180
AWSGTRP20A,SPBS18AR
ECPRD068O,IM1PT
ECPRD068O,EECT200
ECPRD068O,JT13B
ECPRD068O,MAGDISH
ECPRD068O,ECHDD012A
ECPRD068O,ECARL032R
ECPRD068O,FB361A
ECPRD068O,EEDM596FK
ECPRD068O,TPGDL2000
ECPRD068O,ECPRA072
AWSG24A,SWM291
AWSG24A,SWM281
AWSG24A,SWM301
AWSG24A,AWSG20A
AWSG24A,AWSG800A
AWSG24A,SWM221
AWSG24A,SWM201
AWSG24A,SWM231
AWSG24A,SWM241
AWSG24A,SWM211
AWS13,AWMG9
AWS13,PK52A
AWS13,PPB826A
AWS13,AWM12D
AWS13,TWM31
AWS13,1210B
AWS13,TMMD11
AWS13,TMMD6
AWS13,TMMD7
AWS13,BF775C-A
AW4-1/2D,AW7D
AW4-1/2D,AW4D
AW4-1/2D,AW6D
AW4-1/2D,AW8D
AW4-1/2D,AW12D
AW4-1/2D,AW5D
AW4-1/2D,AW10D
AW4-1/2D,AC5C
AW4-1/2D,SX80B
AW4-1/2D,OEXM90B
LP10R,LP7R
LP10R,LP6LN
LP10R,LP7WR
LP10R,LP5WR
LP10R,US712
LP10R,PPCD70BK
LP10R,AWL1010DK
LP10R,317MSPC
LP10R,114ATMP
LP10R,OFW3
112TMMSY,110TMSY
112TMMSY,212FSMSY
112TMMSY,211FSSY
112TMMSY,TMMS4.5
112TMMSY,TMMS4
112TMMSY,RXS605B
112TMMSY,FSS181
112TMMSY,TMMDS12
112TMMSY,TMMDS5
112TMMSY,TMMDS11
KRA4107FPOT,KRA4114FPBO
KRA4107FPOT,KRA4810FPBO
KRA4107FPOT,KAERNADD6RD
KRA4107FPOT,YA389A
KRA4107FPOT,KRSC323PBO
KRA4107FPOT,YA450B
KRA4107FPOT,KRSC46HPBO
KRA4107FPOT,KRWT2411
KRA4107FPOT,KRSC430APBO7
KRA4107FPOT,KRA2411PBO
KRA4107FPWZ,KRA4114FPBO
KRA4107FPWZ,KRA4810FPBO
KRA4107FPWZ,KAERNADD6RD
KRA4107FPWZ,KRSC326FPBO
KRA4107FPWZ,KACKMCFIBER1
KRA4107FPWZ,KRA4813FPBO
KRA4107FPWZ,A277
KRA4107FPWZ,KRA2007FPBO
KRA4107FPWZ,KRSC46HPBO
KRA4107FPWZ,KRA2407PBO
208EFAY,206EFABL
208EFAY,SAM19E
208EFAY,209EFTXBY
208EFAY,FAML6E
208EFAY,HD6529
208EFAY,STX70E
208EFAY,TW381
208EFAY,RC980
208EFAY,SR40K
208EFAY,FTXB45E
KCP2422PCM,A277
KCP2422PCM,KCP2422PBO
KCP2422PCM,KRSC46HPBO
KCP2422PCM,KRWT2411
KCP2422PCM,KWSN2455ABL
KCP2422PCM,KWSP2455AST
KCP2422PCM,KWSN2455AST
KCP2422PCM,KWSP2455ABL
KCP2422PCM,KRA2422PBO
KCP2422PCM,KCP1422PBO
BK3000-55A,ECHDD012A
BK3000-55A,ECPNI032R
BK3000-55A,FB336
BK3000-55A,EEDM525F
BK3000-55A,ECSPH271
BK3000-55A,ECHDF042
BK3000-55A,SVTS272A
BK3000-55A,EECT200
BK3000-55A,AT4101
BK3000-55A,UTK100
CTRS761AK2,CT9080K2
CTRS761AK2,PDR5000A
CTRS761AK2,PSO4625
CTRS761AK2,DB129C
CTRS761AK2,CTSG861DB
CTRS761AK2,PH1050
CTRS761AK2,CTR861AK2
CTRS761AK2,PT850
CTRS761AK2,CTB8187
CTRS761AK2,CTINF9010
PGP120,PGP120
PGP120,RTEMPB7
PGP120,PG160
PGP120,GA296B
PGP120,MTTL300
PGP120,ACT83A
PGP120,PGP50
PGP120,FB361A
PGP120,TPM16
PGP120,FB360C
AWCG1607B,A2A
AWCG1607B,SIMM210
AWCG1607B,TMXK60
AWCG1607B,SGDP31IRBR
AWCG1607B,SIMM170
AWCG1607B,SGDX80BR
AWCG1607B,SIMM200
AWCG1607B,47ACF
AWCG1607B,GFAT1E
AWCG1607B,SGD2BR
AWCG1614B,TMU8B
AWCG1614B,SPBS12AR
AWCG1614B,PL400B
AWCG1614B,GFAT1E
AWCG1614B,96ACF
AWCG1614B,A2A
AWCG1614B,SIMM170
AWCG1614B,BLPTHC87
AWCG1614B,SGDP42IRBR
AWCG1614B,SIMM180
KRSC430APJK7,KAERNADD6RD
KRSC430APJK7,KRSC323PBO
KRSC430APJK7,SNA-TBP14
KRSC430APJK7,KACKMCFIBER1
KRSC430APJK7,KRA4114FPBO
KRSC430APJK7,KRA2055FPBO
KRSC430APJK7,KRSC430APBO1
KRSC430APJK7,KRA6200FPBO
KRSC430APJK7,KRSC46HPBO
KRSC430APJK7,KRA4008FPBO
KRA4059FPBO,KRSC326FPBO
KRA4059FPBO,KRA2406BPBO
KRA4059FPBO,KRSC2460PWZ7
KRA4059FPBO,KRSC46HPBO
KRA4059FPBO,KWSP2455AST
KRA4059FPBO,KCP2422PBO
KRA4059FPBO,KRA2007FPBO
KRA4059FPBO,A277
KRA4059FPBO,KRA2422PBO
KRA4059FPBO,KCP1422PBO
KRSC343PES,KAERNADD6RD
KRSC343PES,KRSC430APBO1
KRSC343PES,KRA25D
KRSC343PES,KWSN2455ABL
KRSC343PES,KWSN2455AST
KRSC343PES,KRA2411PBO
KRSC343PES,KRSC430APBO7
KRSC343PES,KCP2422PBO
KRSC343PES,KASS13
KRSC343PES,KA2422SETPJH
FB336ORG,FB336
FB336ORG,PGP50
FB336ORG,CAL6DA
FB336ORG,FB307RNB
FB336ORG,GA3634A
FB336ORG,MTEE6
FB336ORG,CAL6EA
FB336ORG,MAGMAT
FB336ORG,SVTA9100
FB336ORG,CAL6EBR
212EFTAY,210EFTAMY
212EFTAY,211EFAMY
212EFTAY,307ESAY
212EFTAY,BLPHS1414
212EFTAY,BLPH1219
212EFTAY,PPB826A
212EFTAY,AWEFBH9K
212EFTAY,SOEXM9
212EFTAY,FAM8E
212EFTAY,S9704KR
BP12B,XS1820A
BP12B,XS1012A
BP12B,XS2226A
BP12B,VO2628B
BP12B,VO1820B
BP12B,VO1012B
BP12B,XS67A
BP12B,20SSD
BP12B,TM82
BP12B,TM410
BTG9,S6112
BTG9,STARTERSET5
BTG9,A127
BTG9,FTX60E
BTG9,FXWP3
BTG9,HBBD8
BTG9,LSRM2000
BTG9,FLE140A
BTG9,OEXM90B
BTG9,TR107A
E1025,103UFTS
E1025,AD10C
E1025,SAM19E
E1025,111TMUSMA
E1025,325SIMM
E1025,312IPLM
E1025,IPLM11C
E1025,IPLM10C
E1025,SRPCR112
E1025,SHN36
ECHDG052,ECHDG052
ECHDG052,ACT1290A
ECHDG052,GLOVEORIGPLUSL
ECHDG052,GLOVE1100L
ECHDG052,ECPNJ032
ECHDG052,EECR5A
ECHDG052,JCW80AR
ECHDG052,TPMB25EM
ECHDG052,ECPNH012
ECHDG052,EECT200
ECSPM052,MAGMAT
ECSPM052,ECHDF042
ECSPM052,BLP14HVLP
ECSPM052,BLP13HVLP
ECSPM052,BLP18HVLP
ECSPM052,ECPRA072
ECSPM052,ECPNG032
ECSPM052,ECSPH271
ECSPM052,ECARL032R
ECSPM052,EECT424HD
BLPHSM143,PPC103A
BLPHSM143,FU8A
BLPHSM143,GFAT1E
BLPHSM143,TMXK2
BLPHSM143,SIMM200
BLPHSM143,SIMM220
BLPHSM143,SPBS704AR
BLPHSM143,SIMM170
BLPHSM143,TMXK60
BLPHSM143,SGDP31IRBR
BLPHSM146,TMU8B
BLPHSM146,47ACF
BLPHSM146,SIMM170
BLPHSM146,BLPHSM145
BLPHSM146,BLPHL145
BLPHSM146,BLPHL144
BLPHSM146,BLPHSM148
BLPHSM146,BLPHL146
BLPHSM146,BLPHL3810
BLPHSM146,BLPHL388
BLPPKS5-3/8,BLPTHC87
BLPPKS5-3/8,SPBS18AR
BLPPKS5-3/8,FU8A
BLPPKS5-3/8,PPC103A
BLPPKS5-3/8,SGD2BR
BLPPKS5-3/8,SRPCR4700
BLPPKS5-3/8,TMXK4
BLPPKS5-3/8,47ACF
BLPPKS5-3/8,91ACP
BLPPKS5-3/8,SGDP42IRBR
BLPPKTX5-T50,96ACF
BLPPKTX5-T50,SGASA204CR
BLPPKTX5-T50,FXK6
BLPPKTX5-T50,F80
BLPPKTX5-T50,SPBS704AR
BLPPKTX5-T50,A2A
BLPPKTX5-T50,SIMM220
BLPPKTX5-T50,SIMM210
BLPPKTX5-T50,SGD8BR
BLPPKTX5-T50,SGDP42IRBR
BLPTE145,BLPTE144
BLPTE145,BLPTE3814
BLPTE145,BLPTE145
BLPTE145,BLPTE147
BLPTE145,BLPTE146
BLPTE145,BLPTE148
BLPTE145,BLPTE1222
BLPTE145,BLPTE1218
BLPTE145,BLPTE1220
BLPTE145,BLPTE1224
BLPTL3845,BLPTL1425
BLPTL3845,BLPTORX1410
BLPTL3845,BLPTL147
BLPTL3845,BLPTL3840
BLPTL3845,BLPTL3850
BLPTL3845,BLPTL1260
BLPTL3845,BLPTL1415
BLPTL3845,BLPTL1255
BLPTL3845,BLPTL1410
BLPTL3845,BLPTL1427
BLPTS1415,T72
BLPTS1415,BLPTS1415
BLPTS1415,PPC103A
BLPTS1415,BLPTS1420
BLPTS1415,BLPTS1410
BLPTS1415,BLPTS1425
BLPTS1415,BLPTS1430
BLPTS1415,BLPHSM1410
BLPTS1415,BLPHSM145
BLPTS1415,RTD48
BLPH38516,BLPH38732
BLPH38516,BLPH3838
BLPH38516,BLPH389
BLPH38516,BLPH386
BLPH38516,BLPH3810
BLPH38516,BLPH388
BLPH38516,BLPH125
BLPH38516,BLPT1427
BLPH38516,BLPT3850
BLPH38516,BLPT3840
BLPH38732,BLPH38732
BLPH38732,BLPT147
BLPH38732,BLPT149
BLPH38732,BLPH3814
BLPH38732,BLPH38516
BLPH38732,BLPH3838
BLPH38732,BLPH387
BLPH38732,BLPH389
BLPH38732,BLPH388
BLPH38732,BLPH386
BLPHL389,FU8A
BLPHL389,SGDP31IRBR
BLPHL389,TMXK60
BLPHL389,PPC4A
BLPHL389,96ACF
BLPHL389,SGDX80BR
BLPHL389,SIMM150A
BLPHL389,F80
BLPHL389,SIMM210
BLPHL389,SGD2BR
FZ7A,FZ4B
FZ7A,SGD153BR
FZ7A,SW341
FZ7A,SGD155CR
FZ7A,PPCD70BK
FZ7A,S9711KA
FZ7A,FADH10C
FZ7A,BTC7B
FZ7A,110STMY
FZ7A,TW421
GA294,RBM1011SC
GA294,PT40B
GA294,UIM2FL
GA294,AWM110DK
GA294,BP40B
GA294,AWTEF8K
GA294,BOERM21
GA294,RXFS2836B
GA294,AWCGT500
GA294,BTK5
SEPCOREA,A2A
SEPCOREA,SPBS12AR
SEPCOREA,SIMM150A
SEPCOREA,SPBS8AR
SEPCOREA,PPC103A
SEPCOREA,FHLF80A
SEPCOREA,SIMM210
SEPCOREA,PPC4A
SEPCOREA,SIMM180
SEPCOREA,SIMM220
SEPIMMSIMMA,TWM27
SEPIMMSIMMA,TMM4
SEPIMMSIMMA,208EFTAMXSY
SEPIMMSIMMA,SEPIMFMSIMFMA
SEPIMMSIMMA,LSR1450
SEPIMMSIMMA,FRW10
SEPIMMSIMMA,QD3RN350A
SEPIMMSIMMA,UTS105A
SEPIMMSIMMA,IMM360
SEPIMMSIMMA,SN24C
SEPPMACC,TMU8B
SEPPMACC,SGDP42IRBR
SEPPMACC,SPBS18AR
SEPPMACC,SGD4BR
SEPPMACC,SIMM150A
SEPPMACC,96ACF
SEPPMACC,SIMM170
SEPPMACC,47ACF
SEPPMACC,TMXK2
SEPPMACC,SGD2BR
SEPPT850KA,AWM110DHK
SEPPT850KA,317MSPC
SEPPT850KA,206AFSP
SEPPT850KA,AW1015DHK
SEPPT850KA,R404
SEPPT850KA,OEX38B
SEPPT850KA,208CCP
SEPPT850KA,144TMPB
SEPPT850KA,S9704KA
SEPPT850KA,F10LD
SOSGFLXCLR,SOSGFLXCLR
SOSGFLXCLR,GLOVE300BL
SOSGFLXCLR,GLOVEORIGPLUSL
SOSGFLXCLR,ECFLK078
SOSGFLXCLR,ECPNH012
SOSGFLXCLR,FB336
SOSGFLXCLR,BLP14HVLP
SOSGFLXCLR,BLP13HVLP
SOSGFLXCLR,BLP15HVLP
SOSGFLXCLR,BF555
SRES20,SL80A
SRES20,SRES22
SRES20,SRES18
SRES20,SRES28
SRES20,SRES26
SRES20,SRES24
SRES20,208FRDHM
SRES20,L872RM
SRES20,211FCOA
SRES20,IPF800B
SSM5A,SSR7
SSM5A,AWCG1600B
SSM5A,SS5A
SSM5A,OEXM9B
SSM5A,OEXS709B
SSM5A,GA265A
SSM5A,TWM27
SSM5A,OEXM7B
SSM5A,196ACF
SSM5A,FHR80
TD2425A,XO605
TD2425A,TF528D
TD2425A,305SXWP
TD2425A,SOEX40
TD2425A,S321
TD2425A,SHBB24
TD2425A,PPC204A
TD2425A,RTD48
TD2425A,106TMUSA
TD2425A,ATECH1FS300
TFY72,TRF72
TFY72,XFR704
TFY72,SR80A
TFY72,FF80A
TFY72,LDH362
TFY72,LDH342
TFY72,LDH422A
TFY72,LDH482
TFY72,TXM72
TFY72,XDHF605
T72FOD,XS2024A
T72FOD,XS1820A
T72FOD,XS1416A
T72FOD,XS2226A
T72FOD,XS1012A
T72FOD,XS1618A
T72FOD,VO1012B
T72FOD,XS810A
T72FOD,TM82
T72FOD,TM410
LSR1150,LSR1250
LSR1150,LSR1000EXT
LSR1150,ACT1370
LSR1150,SWM111A
LSR1150,SWM101A
LSR1150,OFW3
LSR1150,OEXM8B
LSR1150,PKNC125C2
LSR1150,OFW2
LSR1150,OEXM230B
MS400A,MS800
MS400A,PKNC300
MS400A,PBMMS5R
MS400A,UIM2RSLT
MS400A,PBMP703A
MS400A,AC58E
MS400A,PHP3A
MS400A,SGA1714B
MS400A,HBBT16
MS400A,SRPCR112
OFC65-14,FM13
OFC65-14,FM10
OFC65-14,BF775C-A
OFC65-14,SPBS18AR
OFC65-14,FM12
OFC65-14,FM17
OFC65-14,FM16
OFC65-14,FM14
OFC65-14,FM15
OFC65-14,FM18
OFC6567-14,PPC103A
OFC6567-14,FU8A
OFC6567-14,TMXK2
OFC6567-14,91ACP
OFC6567-14,SGD8BR
OFC6567-14,FXK6
OFC6567-14,SGASA204CR
OFC6567-14,SGDP42IRBR
OFC6567-14,SIMM240
OFC6567-14,PL400B
OFCADPTR,TMD18
OFCADPTR,SF101
OFCADPTR,OFCA2
OFCADPTR,GFAT1E
OFCADPTR,GSAF1F
OFCADPTR,PL344BCF
OFCADPTR,TA3
OFCADPTR,SGHBF500A
OFCADPTR,SF121
OFCADPTR,TWM23
PKWHD53A,210FRHMA
PKWHD53A,RXFS605B
PKWHD53A,PWZ4
PKWHD53A,RXFS2836B
PKWHD53A,PPK300
PKWHD53A,HBPT24
PKWHD53A,PBMP703A
PKWHD53A,PPC20LB
PKWHD53A,212SIMFYA
PKWHD53A,PPC208A
PH1050,PH1050
PH1050,CTB8174
PH1050,CTC131A
PH1050,PH1038
PH1050,PH3050BR
PH1050,VWB8B
PH1050,PTR2505
PH1050,PTC250
PH1050,PTGR450
PH1050,PTGR100
PKB500A,HBBT16
PKB500A,USS103
PKB500A,PKNC300
PKB500A,PPC206A
PKB500A,PPC820B
PKB500A,PPC4A
PKB500A,PPC103A
PKB500A,SHD1R
PKB500A,SGDP42IRBR
PKB500A,SPBS704AR
PWC52A,RBYA605
PWC52A,BTWSMPK
PWC52A,XDHF605
PWC52A,TMBS8A
PWC52A,OXI707BK
PWC52A,TMMDS10
PWC52A,TMMDS11
PWC52A,TMMDS7
PWC52A,TMMDS13
PWC52A,PWC48
PWZ4,PWZ3A
PWZ4,PWZ0A
PWZ4,PWZ1A
PWZ4,PWZ5
PWZ4,PWZ2A
PWZ4,BLPPB704
PWZ4,CJ2001P
PWZ4,A36A
PWZ4,L122
PWZ4,86EP
RBM910C,RBM1415C
RBM910C,RBM78SC
RBM910C,RBM1618C
RBM910C,RBM1213C
RBM910C,RBM1719C
RBM910C,RBM1011C
RBM910C,RBM78C
RBM910C,SG5ASABR
RBM910C,313SIMA
RBM910C,SIM200
R1012C,R1011C
R1012C,R1214C
R1012C,R1618C
R1012C,TK72
R1012C,STMD11
R1012C,STMD16
R1012C,STMD8
R1012C,110TMDY
R1012C,TMD6
R1012C,TMD10
R810C,R1214C
R810C,R2022C
R810C,R1618C
R810C,R2426C
R810C,R2428C
R810C,R2830C
R810C,R1011C
R810C,TM61A
R810C,SDM400A
R810C,WTG8A
KACKCAREKIT,KRSC46HPBO
KACKCAREKIT,TB40C
KACKCAREKIT,KRSC323PBO
KACKCAREKIT,KRA2407PBO
KACKCAREKIT,KRSC343PBO
KACKCAREKIT,YA389A
KACKCAREKIT,KRA4813FPBO
KACKCAREKIT,MRB12B
KACKCAREKIT,KRA2422PBO
KACKCAREKIT,KWSN2455ABL
YA4619,FB361A
YA4619,ECHDD012AR
YA4619,YA4000B
YA4619,FB316B
YA4619,SVTSRAD272U
YA4619,ECPNI032R
YA4619,ECHDD012A
YA4619,UTK150
YA4619,RULER601
YA4619,UTK100
KRA1421PCM,KRA2007FPBO
KRA1421PCM,YA389A
KRA1421PCM,KRSC46HPBO
KRA1421PCM,TB20AC
KRA1421PCM,KRSC343PBO
KRA1421PCM,YA438B
KRA1421PCM,KRSC323PBO
KRA1421PCM,KRSC430APBO1
KRA1421PCM,TB40C
KRA1421PCM,KWSP2455ABL
UIM2LT,UIM2RSLT
UIM2LT,GA265A
UIM2LT,UPTLP2
UIM2LT,BLPTL1425
UIM2LT,HR-26PKC
UIM2LT,AWCG1600B
UIM2LT,YA2019
UIM2LT,BDGPL410HG
UIM2LT,BLPBTWSET
UIM2LT,ST50A
US711,SGD6BR
US711,GFAT1E
US711,SGASA204CR
US711,SPBS18AR
US711,BLPTHC87
US711,SRPCR3800
US711,SIMM180
US711,SPBS8AR
US711,SGDX80BR
US711,PL400B
YA4274A,YA4250
YA4274A,LSR1150
YA4274A,ACT1370
YA4274A,OEXM9B
YA4274A,OEXM7B
YA4274A,131TMPB
YA4274A,LSR2000
YA4274A,S6118A
YA4274A,SIMM360
YA4274A,AD8C
XDSG606K1O,SGASA204CR
XDSG606K1O,GFAT1E
XDSG606K1O,SIMM150A
XDSG606K1O,SRPCR3800
XDSG606K1O,SGDP42IRBR
XDSG606K1O,SGDX80BR
XDSG606K1O,SPBS8AR
XDSG606K1O,SGDP31IRBR
XDSG606K1O,47ACF
XDSG606K1O,SPBS704AR
YA105013,YA105013
YA105013,OC5A
YA105013,PGP120
YA105013,YA1050B
YA105013,AT4124
YA105013,AT4101
YA105013,RTEMPB7
YA105013,JT13B
YA105013,ACT1290A
YA105013,AT4135
YA339A,AWL1010DK
YA339A,GA98A
YA339A,AW1013DK
YA339A,SRP3A
YA339A,AWEF9K
YA339A,AD6C
YA339A,AVSNP01160
YA339A,PT28E
YA339A,TM10G
YA339A,BHS13A
IPF800B,10SSD
IPF800B,PK52A
IPF800B,AWMG9
IPF800B,PPB826A
IPF800B,AC58E
IPF800B,TMMD12
IPF800B,TMMD5
IPF800B,TMMD5.5
IPF800B,TMMD8
IPF800B,OEXM6B
LDH522,LDH562
LDH522,LDH482
LDH522,L62
LDH522,LDH362
LDH522,LDH462
LDH522,LDH342
LDH522,LDH402
LDH522,L872RJ
LDH522,UPTM65K
LDH522,AWP160
GA3200B,RTEMP8
GA3200B,EECT200
GA3200B,FB336
GA3200B,EECT424HD
GA3200B,ACT1290A
GA3200B,EECT900
GA3200B,YA1175KIT
GA3200B,PGP120
GA3200B,RULER602
GA3200B,ITHE100
KRSC2460PWZ7,KRA2422PBO
KRSC2460PWZ7,KRA5311FPBO
KRSC2460PWZ7,KRSC326FPBO
KRSC2460PWZ7,KASS13
KRSC2460PWZ7,KRSC46HPBO
KRSC2460PWZ7,KRSC343PBO
KRSC2460PWZ7,KCP2422PBO
KRSC2460PWZ7,KWSN2455AST
KRSC2460PWZ7,A277
KRSC2460PWZ7,KACKMCFIBER1
PL1000START,SGDMRC108A
PL1000START,ATECHFSET02R
PL1000START,SVSM807A
PL1000START,ATECHFSET01R
PL1000START,SOXRRM710A
PL1000START,120STTM
PL1000START,FADH10C
PL1000START,HBBD56
PL1000START,313TWYA
PL1000START,HBFE103
STMM13,STMM7
STMM13,STMM12
STMM13,STMM14
STMM13,STMM6
STMM13,STMM8
STMM13,TMM12
STMM13,TMM13
STMM13,TMM6
STMM13,STMM10
STMM13,TMM10
STMM6,TMM9
STMM6,TMM6
STMM6,TMM13
STMM6,STMM11
STMM6,TMM11
STMM6,TMM14
STMM6,TMM7
STMM6,STMM5.5
STMM6,STMM8
STMM6,STMM5
117TMM,317AMMPC
117TMM,QD3RN350A
117TMM,206EAU
117TMM,SGT4BR
117TMM,AWM110DHK
117TMM,AC5C
117TMM,2004BSKA
117TMM,PRH57A
117TMM,PK23A
117TMM,STMM15
KRSC2460BCD7,PLRK21
KRSC2460BCD7,KRA2055FPBO
KRSC2460BCD7,KCP2422PBO
KRSC2460BCD7,A277
KRSC2460BCD7,KRSC326FPBO
KRSC2460BCD7,KRSC430APBO7
KRSC2460BCD7,KAERNADD6RD
KRSC2460BCD7,PLRK30
KRSC2460BCD7,PLRK27
KRSC2460BCD7,TB20AC
SF80A,FF80A
SF80A,TF72
SF80A,FLF80A
SF80A,TRF72
SF80A,STMM4
SF80A,10R
SF80A,BTK5
SF80A,SGDTX50BR
SF80A,AC5C
SF80A,2004BSKA
S9706KRA,S9704KR
S9706KRA,S9704KA
S9706KRA,TW481
S9706KRA,FRX181
S9706KRA,GF22
S9706KRA,KAC1224TCA
S9706KRA,AWM110DHK
S9706KRA,IMM360
S9706KRA,RC980
S9706KRA,FAML6E
OXIM707SBK,OXIM710B
OXIM707SBK,RBM78SC
OXIM707SBK,OXI707BK
OXIM707SBK,RBM1618C
OXIM707SBK,RBM1719C
OXIM707SBK,OEXSM710B
OXIM707SBK,OEXS709B
OXIM707SBK,OEXM260B
OXIM707SBK,210EFTAMY
OXIM707SBK,TMMS9
ADCF8,TMU81B
ADCF8,PKN9
ADCF8,SGDE225ESD
ADCF8,SGDE215ESD
ADCF8,TMU181A
ADCF8,TMU161A
ADCF8,TMU141A
ADCF8,TMU101A
ADCF8,TMA6E
ADCF8,SSF1
KRA5311FPBO,KAERNADD6RD
KRA5311FPBO,KWSN2455AST
KRA5311FPBO,KRSC46HPBO
KRA5311FPBO,KRA2406BPBO
KRA5311FPBO,KRA24
KRA5311FPBO,TB40C
KRA5311FPBO,KACKMCFIBER1
KRA5311FPBO,KCP1422PBO
KRA5311FPBO,KWSP2455ABL
KRA5311FPBO,YA450B
KRA5311FPOT,KAERNADD6RD
KRA5311FPOT,KCP1422PBO
KRA5311FPOT,KRSC326FPBO
KRA5311FPOT,KRA2407PBO
KRA5311FPOT,KA2422SETPJJ
KRA5311FPOT,YA389A
KRA5311FPOT,KRA2422PBO
KRA5311FPOT,A277
KRA5311FPOT,KRSC46HPBO
KRA5311FPOT,KACKMCFIBER1
208EFTAMXSY,LSR1450
208EFTAMXSY,QD3RN350A
208EFTAMXSY,BLPXZNM389
208EFTAMXSY,BLPTORX1410
208EFTAMXSY,206EFAML
208EFTAMXSY,SGDTX50BR
208EFTAMXSY,AWCGT500
208EFTAMXSY,209EFTXBY
208EFTAMXSY,UTV617A
208EFTAMXSY,BOERM21
HPR400,EEDM504F
HPR400,TPGDL2000
HPR400,GLASS30R
HPR400,GLASS50R
HPR400,IM1PT
HPR400,ECARL032R
HPR400,EECT400
HPR400,EECT200
HPR400,FB361A
HPR400,MAGDISH
YA389ABL,PLRK21
YA389ABL,KACKMCFIBER1
YA389ABL,PLRK30
YA389ABL,KAERNADD6RD
YA389ABL,A277
YA389ABL,PLRK27
YA389ABL,MRB12B
YA389ABL,KRSC343PBO
YA389ABL,KRSC46HPBO
YA389ABL,KWSN2455ABL
233FSMBFR,FSS141
233FSMBFR,FSS121
233FSMBFR,FSS181
233FSMBFR,SGDEP200ESD
233FSMBFR,SGDE220ESD
233FSMBFR,SGDE225ESD
233FSMBFR,SGDE230ESD
233FSMBFR,SGDEP20ESD
233FSMBFR,SGDEP21ESD
233FSMBFR,GA243
OEX38B,OEX42B
OEX38B,OEX44B
OEX38B,OEXM290B
OEX38B,OEXM250B
OEX38B,OEXM320B
OEX38B,OEXM300B
OEX38B,TW461
OEX38B,TW421
OEX38B,TWM31
OEX38B,TW381
STX70E,SA16E
STX70E,FRX181
STX70E,KAC1224TCA
STX70E,FAML6E
STX70E,FA12LE
STX70E,SAM19E
STX70E,206EFABL
STX70E,IMM360
STX70E,BLPHS1414
STX70E,STX55E
AWL16D,SPBS8AR
AWL16D,91ACP
AWL16D,ATECH2FR125B
AWL16D,BLPTHC87
AWL16D,SPBS18AR
AWL16D,SGDP31IRBR
AWL16D,FX1
AWL16D,FXK11
AWL16D,SIMM220
AWL16D,SIMM210
CTDFL861,DB129C
CTDFL861,CTR862DB
CTDFL861,MG725A
CTDFL861,CTINF9010
CTDFL861,CTC772A
CTDFL861,PSO4625
CTDFL861,CTB8174
CTDFL861,PTGR110
CTDFL861,CTR861AK2
CTDFL861,VWB8B
110RTSMA,HD6529
110RTSMA,RC980
110RTSMA,TMMS9
110RTSMA,TMMS11
110RTSMA,TMMS14
110RTSMA,TMMS13
110RTSMA,TMMS7
110RTSMA,S9711KA
110RTSMA,PPCSG710
110RTSMA,317MSPC
210AFSP,114ATMP
210AFSP,PT5C
210AFSP,PL307ACF
210AFSP,SHDX60R
210AFSP,110TMY
210AFSP,HBBD16
210AFSP,SHDP31IRR
210AFSP,SHDP42IRR
210AFSP,TMD16
210AFSP,TMD11
FADH704C,110ETMAY
FADH704C,208FRDH
FADH704C,TMA4.5E
FADH704C,TMA8E
FADH704C,TMA6E
FADH704C,OFWHD3KT
FADH704C,ATECHFSET02R
FADH704C,214SFY
FADH704C,LP6LN
FADH704C,205IPF
PIT120,HD6529
PIT120,FAML6E
PIT120,FRX181
PIT120,STX70E
PIT120,KAC1224TCA
PIT120,FABLM5E
PIT120,206EFABL
PIT120,9100GSM
PIT120,TWM30
PIT120,TW441
315IMMYA,311IMYA
315IMMYA,311IMFSY
315IMMYA,IM220
315IMMYA,IM120A
315IMMYA,IM180A
315IMMYA,IM200
315IMMYA,IM260
315IMMYA,IM240
315IMMYA,IM300
315IMMYA,TF5A
AWMCG16025B,SGD8BR
AWMCG16025B,SGD2BR
AWMCG16025B,PPC4A
AWMCG16025B,91ACP
AWMCG16025B,TMXK4
AWMCG16025B,TMXK60
AWMCG16025B,SPBS18AR
AWMCG16025B,SPBS12AR
AWMCG16025B,FU8A
AWMCG16025B,SIMM170
TW221,TW161A
TW221,TW281
TW221,TW261
TW221,TW141A
TW221,TW241
TW221,TW181A
TW221,TW341
TW221,TW361
TW221,TW301
TW221,TWM29
IM260,IM300
IM260,IM240
IM260,IM320
IM260,IM180A
IM260,IM160A
IM260,IM140A
IM260,SIM300
IM260,SIM400
IM260,SIM360
IM260,SIM380
SIMM300,SIMM340
SIMM300,SIMM360
SIMM300,SIMM320
SIMM300,SIMM290
SIMM300,SIMM350
SIMM300,OEXM9B
SIMM300,OEXM8B
SIMM300,SN25A
SIMM300,ACT1370
SIMM300,S6118A
CTPSK185,CTNN13KF
CTPSK185,CTB8174
CTPSK185,CTC772A
CTPSK185,PTGR450
CTPSK185,CTR867AK2
CTPSK185,CTR862DB
CTPSK185,CTR861AK2
CTPSK185,PH3050BR
CTPSK185,CTCO861K2
CTPSK185,PT850
AWM9D,FX1
AWM9D,SGDX80BR
AWM9D,GFAT1E
AWM9D,SPBS704AR
AWM9D,FXK6
AWM9D,SIMM200
AWM9D,SGD8BR
AWM9D,47ACF
AWM9D,SIMM180
AWM9D,SGD4BR
PCSG812,YA900
PCSG812,SOEX28
PCSG812,PPSG4
PCSG812,PPSG206
PCSG812,PPSG203
PCSG812,PPSG205
PCSG812,PCSG816
PCSG812,PPSG106
PCSG812,PPSG105
PCSG812,PCSG820
AW2-1/2D,BLPTHC87
AW2-1/2D,SIMM150A
AW2-1/2D,SPBS8AR
AW2-1/2D,PL400B
AW2-1/2D,SPBS704AR
AW2-1/2D,T72
AW2-1/2D,SGD2BR
AW2-1/2D,ATECH2FR125B
AW2-1/2D,SGDP42IRBR
AW2-1/2D,SHD1R
TM05,TM04
TM05,TM408
TM05,TM412
TM05,XS1416A
TM05,XS1820A
TM05,XS1214A
TM05,VO2628B
TM05,VO1820B
TM05,XS67A
TM05,TMC104E
KRA4810FPWZ,KRA4107FPBO
KRA4810FPWZ,KRA4813FPBO
KRA4810FPWZ,KAERNADD6RD
KRA4810FPWZ,KRSC323PBO
KRA4810FPWZ,KASS13
KRA4810FPWZ,KRA2422PBO
KRA4810FPWZ,KCP2422PBO
KRA4810FPWZ,KCP1422PBO
KRA4810FPWZ,KRSC46HPBO
KRA4810FPWZ,SNA-TBP14
BT518,BT4651
BT518,BTGHD9
BT518,TAP1
BT518,BT1360
BT518,BT15
BT518,2005BSKA
BT518,BST103R
BT518,TA360
BT518,YA4274A
BT518,OEX38B
SGT4BG,S6118A
SGT4BG,117TMM
SGT4BG,S6110A
SGT4BG,2004BSKA
SGT4BG,AWM110DHK
SGT4BG,317AMMPC
SGT4BG,B1461
SGT4BG,UIM225
SGT4BG,OEXM8B
SGT4BG,206EAU
CDR861GDB,PTGR110
CDR861GDB,DBBPT13
CDR861GDB,CT825DB
CDR861GDB,PTR72
CDR861GDB,MG1250
CDR861GDB,CT9080K2
CDR861GDB,PSO4625
CDR861GDB,SAG03S20
CDR861GDB,MG725A
CDR861GDB,CTR867AK2
312IPL,312IPLM
312IPL,IPL40C
312IPL,205IPF
312IPL,IPLM10C
312IPL,IPLM13C
312IPL,IPLM16C
312IPL,IPLM14C
312IPL,IPLM18C
312IPL,IPLM24C
312IPL,314SCOA
AWS13-12,SHD1R
AWS13-12,SIMM160A
AWS13-12,PPC103A
AWS13-12,SRPCR3800
AWS13-12,ATECH3FR300B
AWS13-12,SIMM210
AWS13-12,SGASA204CR
AWS13-12,SGD4BR
AWS13-12,SGDP42IRBR
AWS13-12,PL400B
SWM291,SWM301
SWM291,SWM271
SWM291,SWM251
SWM291,SWM201
SWM291,SWM111A
SWM291,SWM101A
SWM291,AW1020DK
SWM291,SW401
SWM291,VO806B
SWM291,OEXM260B
HBPT24,BTK5
HBPT24,BOERM22
HBPT24,PKNC301
HBPT24,BOERM21
HBPT24,FSM61
HBPT24,UPTM65K
HBPT24,207EFTXY
HBPT24,FSM71
HBPT24,S6118A
HBPT24,CSA12CR
PH3045A,PH3050BR
PH3045A,PTGR100
PH3045A,MG1250
PH3045A,PSO4625
PH3045A,CTB8174
PH3045A,PDR3000A
PH3045A,CTB8187
PH3045A,PDR5000A
PH3045A,DB121C
PH3045A,MG325
313TSYA,313TWYA
313TSYA,313TWMYA
313TSYA,TWM25
313TSYA,TW401
313TSYA,313SMYA
313TSYA,TTX40E
313TSYA,TW241
313TSYA,TW201
313TSYA,TW361
313TSYA,TWM26
TPMBM5,EECT424HD
TPMBM5,EEDM525F
TPMBM5,TPM16EM
TPMBM5,BB9008
TPMBM5,TPM16ORG
TPMBM5,TPM16
TPMBM5,RULER602
TPMBM5,ECPNG032
TPMBM5,JT13B
TPMBM5,FB316B
AWS13-10,TMXK2
AWS13-10,SGD4BR
AWS13-10,TMXK60
AWS13-10,SIMM210
AWS13-10,PL400B
AWS13-10,ATECH2FR125B
AWS13-10,FHLF80A
AWS13-10,SGD2BR
AWS13-10,GFAT1E
AWS13-10,SIMM160A
SHLL80AG,FHLL80
SHLL80AG,THLL72
SHLL80AG,FHBF80A
SHLL80AG,FHL80
SHLL80AG,THL72
SHLL80AG,FHLLF80
SHLL80AG,103TMXKLA
SHLL80AG,THLX72
SHLL80AG,THR72
SHLL80AG,312IPLM
YA427BBLK,SOSG01BKCL01
YA427BBLK,FB336
YA427BBLK,ITHE100
YA427BBLK,WELDIGNGRANITE
YA427BBLK,GLASS70BYEAR
YA427BBLK,GLOVE309L
YA427BBLK,EFPHANNIBALB
YA427BBLK,VAC201
YA427BBLK,YAKS42
YA427BBLK,MTTL300
IPL28C,IPL34C
IPL28C,IPL36C
IPL28C,IPL26C
IPL28C,IPL20C
IPL28C,IPL32C
IPL28C,IPL16C
IPL28C,IPL38C
IPL28C,IPL42C
IPL28C,BPPC1878
IPL28C,IPLM14C
222AFSMP,PWC48
222AFSMP,F10LD
222AFSMP,S9704KA
222AFSMP,US712
222AFSMP,222AFSP
222AFSMP,317MPC
222AFSMP,144TMPB
222AFSMP,AW1020DK
222AFSMP,AWM140DK
222AFSMP,B1458C
FF80A,SF80A
FF80A,TF72
FF80A,TRF72
FF80A,SX80B
FF80A,TLLF72
FF80A,FLF80A
FF80A,FLLF80
FF80A,TMM16
FF80A,FSM61
FF80A,PPCL60BK
OEXM290B,OEXM300B
OEXM290B,OEXM260B
OEXM290B,OEXM250B
OEXM290B,OEX44B
OEXM290B,OEXM230B
OEXM290B,OEX42B
OEXM290B,OEX38B
OEXM290B,OEXM80B
OEXM290B,OEXM90B
OEXM290B,TWM29
BEXD10A,REX25C
BEXD10A,IPL26C
BEXD10A,IPL32C
BEXD10A,IPL16C
BEXD10A,IPL38C
BEXD10A,210FCOMA
BEXD10A,PHP2A
BEXD10A,E1020
BEXD10A,IPL24C
BEXD10A,BJP1
AWMXL10-5,A2A
AWMXL10-5,SRPCR4700
AWMXL10-5,SGD2BR
AWMXL10-5,96ACF
AWMXL10-5,FXK6
AWMXL10-5,SGDP42IRBR
AWMXL10-5,F80
AWMXL10-5,SGASA204CR
AWMXL10-5,SIMM150A
AWMXL10-5,SGDP31IRBR
KRA2422PJK,SNA-TBP14
KRA2422PJK,KRA2422PBO
KRA2422PJK,KRA6200FPBO
KRA2422PJK,KWSN2455AST
KRA2422PJK,KRWT2411
KRA2422PJK,KWSP2455ABL
KRA2422PJK,KWSN2455ABL
KRA2422PJK,KWSP2455AST
KRA2422PJK,KCP1422PBO
KRA2422PJK,KRA2411PBO
SLL80A,LDH482
SLL80A,LDH522
SLL80A,FLLF80
SLL80A,FL80
SLL80A,FK80
SLL80A,TLLF72
SLL80A,L62
SLL80A,SF80A
SLL80A,S4
SLL80A,OXIM710B
PL1000STARTO,SGDMRC108A
PL1000STARTO,ATECHFSET02R
PL1000STARTO,SVSM807A
PL1000STARTO,SOXRRM710A
PL1000STARTO,FADH8C
PL1000STARTO,OEXSM710B
PL1000STARTO,120STTM
PL1000STARTO,SGDMRC4-TM4
PL1000STARTO,SIM360
PL1000STARTO,HBFE103
FZ80,PALMRAT
FZ80,TMR4
FZ80,FSLF80
FZ80,F80MP
FZ80,FHOF80A
FZ80,RD8
FZ80,FC72
FZ80,TK72
FZ80,SGTT9B
FZ80,SGTT2B
SGDP162BR,SGD4120BR
SGDP162BR,SS5A
SGDP162BR,EXDL10A
SGDP162BR,FZ7A
SGDP162BR,TMMD5
SGDP162BR,TMMD9
SGDP162BR,TMMD5.5
SGDP162BR,TMMD7
SGDP162BR,PT28E
SGDP162BR,313SWYA
RTD48,RD8
RTD48,SR40K
RTD48,KAC1224TCA
RTD48,FABLM5E
RTD48,FAML6E
RTD48,TW481
RTD48,RC980
RTD48,206EFABL
RTD48,TW401
RTD48,9100GSM
TWM31,TWM28
TWM31,TWM25
TWM31,TWM30
TWM31,TW461
TWM31,TMC105E
TWM31,SWM301
TWM31,1210B
TWM31,311IMFSY
TWM31,206AFSA
TWM31,206FSUMA
AWT27A,SGDP31IRBR
AWT27A,TMXK60
AWT27A,47ACF
AWT27A,SRPCR3800
AWT27A,GFAT1E
AWT27A,SIMM210
AWT27A,SGD8BR
AWT27A,SGDX80BR
AWT27A,SPBS18AR
AWT27A,SPBS704AR
OXIM6B,BLPTE3814
OXIM6B,BLPTE3816
OXIM6B,BLPTE3812
OXIM6B,BLPTE3810
OXIM6B,OXIM7B
OXIM6B,OXIM9B
OXIM6B,310IMMYA
OXIM6B,BLPH389
OXIM6B,S6103A
OXIM6B,S9614A
103UFTS,1206GS
103UFTS,305ASX
103UFTS,206AFX
103UFTS,PK52A
103UFTS,212EFTAY
103UFTS,211EFAMY
103UFTS,SX2
103UFTS,S9704KR
103UFTS,TMX1
103UFTS,TMXK110
GLASS30R,GLASS30R
GLASS30R,GLOVE900LR
GLASS30R,GLASS50R
GLASS30R,EARPLUGBAND
GLASS30R,RULER602
GLASS30R,JT17A
GLASS30R,EFPHANNIBALB
GLASS30R,JT13B
GLASS30R,PGP50
GLASS30R,GA460B
SWM251,SWM261
SWM251,SWM271
SWM251,SWM281
SWM251,SWM301
SWM251,AWEF6K
SWM251,AWMEF8K
SWM251,SWM101A
SWM251,SW401
SWM251,SW381
SWM251,313SWMYA
ECUHD218HV,ECHDD012AR
ECUHD218HV,YA4000B
ECUHD218HV,BB9008
ECUHD218HV,ECPNG032
ECUHD218HV,EEBC30A12V
ECUHD218HV,EECT400
ECUHD218HV,EECT900
ECUHD218HV,MTTL800
ECUHD218HV,JCK7DBL
ECUHD218HV,SVTS272A
PTGR100G,PTGR110
PTGR100G,PTC250
PTGR100G,PSO4625
PTGR100G,SAG03S12
PTGR100G,PDR3000A
PTGR100G,SAG03S20
PTGR100G,VWB8B
PTGR100G,PTGR450
PTGR100G,VWB4B
PTGR100G,AT109
SHD6R,SHD2R
SHD6R,SHDP42IRR
SHD6R,SHDP31IRR
SHD6R,SHD4R
SHD6R,SHDP63IRR
SHD6R,SHD1R
SHD6R,AW1015DHK
SHD6R,BP24B
SHD6R,SN15B
SHD6R,313SWYA
ECPRA072O,ECPRA072
ECPRA072O,MAGMINI
ECPRA072O,ECHDF042
ECPRA072O,ECARL032R
ECPRA072O,ECFD0102
ECPRA072O,YA105013
ECPRA072O,GLOVE1100L
ECPRA072O,ECSPH271
ECPRA072O,ECPNH012
ECPRA072O,ECSPH271O-L
KRSC323PCM,KRSC430APBO1
KRSC323PCM,KAERNADD6RD
KRSC323PCM,KWSP2455ABL
KRSC323PCM,KASS13
KRSC323PCM,KRSC343PBO
KRSC323PCM,TB20AC
KRSC323PCM,KRA4810FPBO
KRSC323PCM,PLRK30
KRSC323PCM,KCP1422PBO
KRSC323PCM,PLRK27
HBFE16,30SSD
HBFE16,HBBD16
HBFE16,A3042
HBFE16,HSPD16
HBFE16,B1458C
HBFE16,HBBD8
HBFE16,B1467A
HBFE16,120SSDP
HBFE16,AD10C
HBFE16,UIM2FL
IPLM13C,IPLM12C
IPLM13C,IPLM11C
IPLM13C,IPLM16C
IPLM13C,IPLM14C
IPLM13C,IPLM21C
IPLM13C,IPLM19C
IPLM13C,IPLM24C
IPLM13C,IPLM17C
IPLM13C,IPLM22C
IPLM13C,IPL32C
STMM5,TMM9
STMM5,TMM15
STMM5,TMM6
STMM5,TMM11
STMM5,STMM5.5
STMM5,OEXM9B
STMM5,SN25A
STMM5,ACT1370
STMM5,SWM111A
STMM5,SWM101A
KCP1422PCM,KWSN2455ABL
KCP1422PCM,KWSN2455AST
KCP1422PCM,KWSP2455AST
KCP1422PCM,KWSP2455ABL
KCP1422PCM,KRWT2411
KCP1422PCM,KCP2422PBO
KCP1422PCM,KRA4114FPBO
KCP1422PCM,KRA2422PBO
KCP1422PCM,KRA4813FPBO
KCP1422PCM,KRSC343PBO
PTM2,PBMMB5G
PTM2,SGAS102BG
PTM2,PBMMS5G
PTM2,PBMMB5R
PTM2,PBMMA5R
PTM2,PBMMS5R
PTM2,FHOF80A
PTM2,UIM2LT
PTM2,HCP48BCF
PTM2,PHT5
PPSG106,PPSG105
PPSG106,PPSG103
PPSG106,PPSG206
PPSG106,PPSG203
PPSG106,PPSG205
PPSG106,PCSG820
PPSG106,PCSG816
PPSG106,PCSG812
PPSG106,HBBD8
PPSG106,YA900
A50A,A36A
A50A,1412A
A50A,MSKM10
A50A,STMM4
A50A,IPLM11C
A50A,IPLM12C
A50A,IPLM16C
A50A,SHN36
A50A,IPLM15C
A50A,305ASX
QE2R100,FHLF80A
QE2R100,SPBS12AR
QE2R100,A2A
QE2R100,SHD1R
QE2R100,SRPCR4700
QE2R100,SIMM180
QE2R100,PL400B
QE2R100,SGD4BR
QE2R100,BLPTHC87
QE2R100,SPBS8AR
LDH562,LDH482
LDH562,LDH522
LDH562,L122
LDH562,L62
LDH562,LDH442
LDH562,LDH402
LDH562,LDH342
LDH562,L872RJ
LDH562,SOEX30
LDH562,SOEX32
TW481,FA12LE
TW481,FAML6E
TW481,FRX181
TW481,FABLM5E
TW481,HD6529
TW481,IMM360
TW481,YA2850A
TW481,TW421
TW481,RC980
TW481,206EFABL
SGD6BO,SGD4BR
SGD6BO,SGDP31IRBR
SGD6BO,SGDP42IRBR
SGD6BO,SGD2BR
SGD6BO,SGD8BR
SGD6BO,SGDP64IRBR
SGD6BO,SGDP63IRBR
SGD6BO,TMM4
SGD6BO,SN25A
SGD6BO,PT28E
SGD6BR,SGD4BR
SGD6BR,SGDP31IRBR
SGD6BR,SGDP42IRBR
SGD6BR,SGD2BR
SGD6BR,SGD8BR
SGD6BR,SGDP64IRBR
SGD6BR,SGDP63IRBR
SGD6BR,OEXM6B
SGD6BR,SN25A
SGD6BR,SOEX38
BLP10MHVLP,ECHDD012A
BLP10MHVLP,FB361A
BLP10MHVLP,TPGDL2000
BLP10MHVLP,BLP14HVLP
BLP10MHVLP,BLP18HVLP
BLP10MHVLP,BLP13HVLP
BLP10MHVLP,BLP15HVLP
BLP10MHVLP,BF555
BLP10MHVLP,JT13B
BLP10MHVLP,PGP120
AW3D,TMXK60
AW3D,SGD2BR
AW3D,SIMM190
AW3D,SRPCR4700
AW3D,PPC103A
AW3D,FXK3
AW3D,SPBS12AR
AW3D,SIMM200
AW3D,FX1
AW3D,SIMM180
PPSG103,PPSG205
PPSG103,61CF
PPSG103,PCSG812
PPSG103,PPSG105
PPSG103,PPSG106
PPSG103,PPSG206
PPSG103,PCSG820
PPSG103,PPSG203
PPSG103,PCSG816
PPSG103,PPSG4
AW12D,AW4D
AW12D,AW6D
AW12D,AW4-1/2D
AW12D,AW8D
AW12D,AW7D
AW12D,AW5D
AW12D,10SSD
AW12D,BTC3A
AW12D,OEXM90B
AW12D,HBFE16
TMM7,TMM13
TMM7,STMM6
TMM7,TMM9
TMM7,TMM14
TMM7,TMM8
TMM7,TMM11
TMM7,STMM12
TMM7,STMM10
TMM7,TMM4
TMM7,STMM8
KRA4810FPJJ,KRA4107FPBO
KRA4810FPJJ,KRA4813FPBO
KRA4810FPJJ,KAERNADD6RD
KRA4810FPJJ,KCP2422PBO
KRA4810FPJJ,KRSC430APBO7
KRA4810FPJJ,KRA2411PBO
KRA4810FPJJ,PLRK27
KRA4810FPJJ,KRA2055FPBO
KRA4810FPJJ,KRSC430APBO1
KRA4810FPJJ,KRSC326FPBO
210EFTAMY,212EFTAY
210EFTAMY,210AFLEY
210EFTAMY,BLPHS1414
210EFTAMY,208EFTABMY
210EFTAMY,307ESAMY
210EFTAMY,210EFTXRY
210EFTAMY,BLPH1219
210EFTAMY,TMA2.5E
210EFTAMY,SN25A
210EFTAMY,OEXM320B
SGT4BO,S6118A
SGT4BO,117TMM
SGT4BO,2004BSKA
SGT4BO,LP10WR
SGT4BO,ACT1370
SGT4BO,OEXM9B
SGT4BO,UIM225
SGT4BO,OEXM8B
SGT4BO,206EAU
SGT4BO,OEXM7B
OFSKIT,OFC14KT
OFSKIT,OFCA2
OFSKIT,BCS70A
OFSKIT,YA4050B
OFSKIT,BTCP2SA
OFSKIT,BTCW800
OFSKIT,BTCP600
OFSKIT,206ESSPKPLG2
OFSKIT,QDTPMS
OFSKIT,BTK5
KRSC430APJK1,KRSC323PBO
KRSC430APJK1,MRB12B
KRSC430APJK1,KRSC430APBO7
KRSC430APJK1,KRSC46HPBO
KRSC430APJK1,KRA4813FPBO
KRSC430APJK1,KCP2422PBO
KRSC430APJK1,KRA2422PBO
KRSC430APJK1,KRA2411PBO
KRSC430APJK1,YA389A
KRSC430APJK1,KAERNADD6RD
IMFLE80A,IMFLE120A
IMFLE80A,IMSLEPL240
IMFLE80A,XLE605
IMFLE80A,STX60E
IMFLE80A,112SIMTMM
IMFLE80A,TMR4
IMFLE80A,IPL38C
IMFLE80A,208EFTAMXSY
IMFLE80A,IPL24C
IMFLE80A,FAM8E
SWR102,HCP10
SWR102,S9704KR
SWR102,SOEXM705
SWR102,PHG1055BK
SWR102,IMM160A
SWR102,FAM8E
SWR102,IMM220
SWR102,IMM240
SWR102,IMM140A
SWR102,STMM8
SGDMRC44B,XS1820A
SGDMRC44B,XS1618A
SGDMRC44B,VO2224B
SGDMRC44B,PKN9
SGDMRC44B,SGDEP20ESD
SGDMRC44B,SGDE230ESD
SGDMRC44B,VO2628B
SGDMRC44B,SGDE225ESD
SGDMRC44B,SGDEP200ESD
SGDMRC44B,VO1012B
BT1360,LDTJT512
BT1360,BT1360
BT1360,S6112
BT1360,BT15
BT1360,131A
BT1360,BT518
BT1360,HBBT16
BT1360,SDDDM1AR
BT1360,SPBS12AR
BT1360,47ACF
WELDIGNREDROCK,YA4000B
WELDIGNREDROCK,YA1050B
WELDIGNREDROCK,EEPV509
WELDIGNREDROCK,SVTS272A
WELDIGNREDROCK,EEDM525F
WELDIGNREDROCK,AT4101
WELDIGNREDROCK,GLASS50R
WELDIGNREDROCK,GA296B
WELDIGNREDROCK,RULER602
WELDIGNREDROCK,JT13B
MAGDISH,MAGMAT
MAGDISH,MAGTRAY
MAGDISH,MAGMICRO
MAGDISH,MAGMINI
MAGDISH,MAGSTRIP
MAGDISH,CLRPW75
MAGDISH,MRB5B
MAGDISH,GLOVE300BL
MAGDISH,JCW80AR
MAGDISH,ECPNI032R
HBFE24,HBFE48
HBFE24,FABLM5E
HBFE24,FA12LE
HBFE24,HD6529
HBFE24,GF22
HBFE24,STX70E
HBFE24,OFW3
HBFE24,222AFSP
HBFE24,SWM111A
HBFE24,9100GSM
SN24C,QD3RN350A
SN24C,LSR1450
SN24C,BHS7A
SN24C,10SSD
SN24C,TWM29
SN24C,AWCGT500
SN24C,UPTM65K
SN24C,PKNC150
SN24C,SEPIMMSIMMA
SN24C,SGDTX50BR
SRPCR107O,BDGPL300HG
SRPCR107O,SRP400B
SRPCR107O,PWZ3A
SRPCR107O,CJ2001P
SRPCR107O,PPC208A
SRPCR107O,SGHBF500A
SRPCR107O,IPL20C
SRPCR107O,IPL28C
SRPCR107O,PPC204A
SRPCR107O,IPL24C
IPL32C,IPL26C
IPL32C,IPL34C
IPL32C,IPL38C
IPL32C,IPL22C
IPL32C,IPL40C
IPL32C,IPL36C
IPL32C,IPL30C
IPL32C,312IPLM
IPL32C,IPLM10C
IPL32C,IPLM18C
IM200,IM180A
IM200,IM260
IM200,IM160A
IM200,IM240
IM200,IM320
IM200,IM280
IM200,IM140A
IM200,IM120A
IM200,SR40K
IM200,SIM180A
SGDP42IRBR,SGD4BR
SGDP42IRBR,SGDP31IRBR
SGDP42IRBR,SGD2BR
SGDP42IRBR,SGD6BR
SGDP42IRBR,SGD8BR
SGDP42IRBR,SGDP64IRBR
SGDP42IRBR,SGDP63IRBR
SGDP42IRBR,AC58E
SGDP42IRBR,222AFSP
SGDP42IRBR,SN18B
TMR4O,FZ80
TMR4O,S4
TMR4O,ST50A
TMR4O,OXI707BK
TMR4O,PWC52A
TMR4O,TMS4E
TMR4O,BLPEXTF146
TMR4O,SDMT20D
TMR4O,TK72
TMR4O,TM72
206EFABLM,206EFABL
206EFABLM,208EFTABMY
206EFABLM,207EFAMY
206EFABLM,206EFAML
206EFABLM,TWM32
206EFABLM,TFM7530B
206EFABLM,S9711KA
206EFABLM,OEXSM710B
206EFABLM,206AFSP
206EFABLM,FAM8E
206FSUMA,206SFSUM
206FSUMA,206AFSA
206FSUMA,111TMUSMA
206FSUMA,TWM29
206FSUMA,TWM31
206FSUMA,TMC105E
206FSUMA,106TMUSMA
206FSUMA,1210B
206FSUMA,313SMYA
206FSUMA,TW381
GA358B,TR107A
GA358B,TR108
GA358B,TR117O
GA358B,HR-26PKC
GA358B,PTM2
GA358B,LP10R
GA358B,ASGP102BR
GA358B,ASGP2BR
GA358B,FSS141
GA358B,FSS161
AWM19D,SGD2BR
AWM19D,TMXK60
AWM19D,SHD1R
AWM19D,SIMM190
AWM19D,SPBS12AR
AWM19D,SGASA204CR
AWM19D,SPBS18AR
AWM19D,SIMM160A
AWM19D,FU8A
AWM19D,SIMM150A
TDG2,TDG2
TDG2,GA460B
TDG2,EEBC30A12V
TDG2,TPGDL2000
TDG2,ACT73A
TDG2,EECS150
TDG2,TDG1
TDG2,ASTFUN19KIT
TDG2,CAL6EBR
TDG2,ACT83A
TMC109A,SDMT20D
TMC109A,SDMT10D
TMC109A,TMBS8A
TMC109A,SDMT25D
TMC109A,TMXM114
TMC109A,R404
TMC109A,TMS70A
TMC109A,304IMX
TMC109A,SFSM16
TMC109A,SFSM19
CSSD1R,CSSD50R
CSSD1R,CSA14CR
CSSD1R,PKWSS53A
CSSD1R,CSA12CR
CSSD1R,AWPBX10
CSSD1R,HBBT16
CSSD1R,320SIM
CSSD1R,IPL24C
CSSD1R,PBS704
CSSD1R,IPL36C
SW321,SW301
SW321,SW281
SW321,SW361
SW321,SW221
SW321,SW141A
SW321,SW161A
SW321,SW241
SW321,SW201
SW321,XS1820A
SW321,TM84
PKN500,PSN500
PKN500,PPK300
PKN500,PKN90
PKN500,AWMXL10
PKN500,BLPEXTF146
PKN500,915CF
PKN500,CSSD1R
PKN500,213AFLEY
PKN500,TR108
PKN500,LSR1250
AWL10D,SIMM210
AWL10D,SGD2BR
AWL10D,SIMM240
AWL10D,GFAT1E
AWL10D,PPC103A
AWL10D,SRPCR3800
AWL10D,PL400B
AWL10D,FHLF80A
AWL10D,A2A
AWL10D,ATECH2FR125B
AWL12D,SRPCR4700
AWL12D,96ACF
AWL12D,SPBS18AR
AWL12D,SGD4BR
AWL12D,F80
AWL12D,SIMM160A
AWL12D,SPBS704AR
AWL12D,FXK11
AWL12D,SIMM240
AWL12D,ATECH3FR300B
GLASS60BK,EECT424HD
GLASS60BK,RULER602
GLASS60BK,ECPRA072
GLASS60BK,TDG2
GLASS60BK,JCK8
GLASS60BK,ECPNI032R
GLASS60BK,YA1050B
GLASS60BK,GA296B
GLASS60BK,IM1PT
GLASS60BK,TDG1
KRA4813FPCM,KRA4114FPBO
KRA4813FPCM,KRA4810FPBO
KRA4813FPCM,KCP2422PBO
KRA4813FPCM,SNA-TBP14
KRA4813FPCM,YA438B
KRA4813FPCM,KRSC323PBO
KRA4813FPCM,KRA2007FPBO
KRA4813FPCM,KWSP2455ABL
KRA4813FPCM,KCP1422PBO
KRA4813FPCM,KRA2422PBO
A91F,1210B
A91F,TWM31
A91F,AW1020DK
A91F,TWM28
A91F,311IMFSY
A91F,TWM25
A91F,FTX60E
A91F,SW381
A91F,313SYA
A91F,CSA14CR
ECPNI032R,ECARL032R
ECPNI032R,ECHDF042
ECPNI032R,ECPRM052
ECPNI032R,ECPRL092
ECPNI032R,ECPNH012
ECPNI032R,JCW62R
ECPNI032R,LBUK1
ECPNI032R,GLOVE300BL
ECPNI032R,MAGDISH
ECPNI032R,GLASS50R
S4,TMS4E
S4,F4LB
S4,303SXWKL
S4,FSLF80
S4,PTM30
S4,103TMXKLA
S4,S261
S4,TM72
S4,S281
S4,SW221
ASGP102BO,UTS105A
ASGP102BO,A161B
ASGP102BO,A177A
ASGP102BO,A179A
ASGP102BO,PBN500
ASGP102BO,SGA102BR
ASGP102BO,SGA1714B
ASGP102BO,SGTT9B
ASGP102BO,SGTT6B
ASGP102BO,AVSNP01160
ECARC041G,ECHDD012A
ECARC041G,FB361A
ECARC041G,UTK150
ECARC041G,RULER602
ECARC041G,ECPNI032R
ECARC041G,JT13B
ECARC041G,TPGDL2000
ECARC041G,EEBC30A12V
ECARC041G,JCK8
ECARC041G,EECT900
STMD16,STMD9
STMD16,STMD6
STMD16,STMD12
STMD16,STMD14
STMD16,STMD7
STMD16,STMD10
STMD16,STMD11
STMD16,STMD8
STMD16,STMD18
STMD16,VO2628B
SIMM120A,SIMM130A
SIMM120A,SIMM140A
SIMM120A,SIMM110A
SIMM120A,IMM120A
SIMM120A,SIMM100A
SIMM120A,IMM100A
SIMM120A,IMM110A
SIMM120A,IMM130A
SIMM120A,SIMM160A
SIMM120A,222AFSP
SHDX60R,222AFSMP
SHDX60R,SOEX707
SHDX60R,PKNC150
SHDX60R,LDH462
SHDX60R,LDH402
SHDX60R,LDH342
SHDX60R,LDH482
SHDX60R,AWMBPH9
SHDX60R,L122
SHDX60R,HSPD16
SGDXXL20BR,SGAS102BR
SGDXXL20BR,103TMXKLA
SGDXXL20BR,204FXKLA
SGDXXL20BR,BTWSMPK
SGDXXL20BR,SGD4120BR
SGDXXL20BR,BLPBTWSET
SGDXXL20BR,SGA1714B
SGDXXL20BR,PL5ESWIRESTRIP
SGDXXL20BR,TMS4E
SGDXXL20BR,SG4ASABR
305ASX,208AFX
305ASX,206AFX
305ASX,SX20
305ASX,106BTMX
305ASX,313TSYA
305ASX,SX24
305ASX,313TSMYA
305ASX,313SWYA
305ASX,103UFTS
305ASX,313TWMYA
AWBMCG1603,AWBMCG1604
AWBMCG1603,SRPCR4700
AWBMCG1603,FXK6
AWBMCG1603,T72
AWBMCG1603,SGASA204CR
AWBMCG1603,SIMM200
AWBMCG1603,96ACF
AWBMCG1603,SRPCR3800
AWBMCG1603,SGD2BR
AWBMCG1603,SGDP42IRBR
SGA175BR,SGA174BR
SGA175BR,SGA1711BR
SGA175BR,SGA1710BR
SGA175BR,SGA1712BR
SGA175BR,SGA173BR
SGA175BR,HCP48BCF
SGA175BR,SHCP1B
SGA175BR,SGA1714B
SGA175BR,PHP3A
SGA175BR,PBMP703A
STA35,STA35
STA35,TMA6E
STA35,ADCF8
STA35,FTA35
STA35,TTA35
STA35,SRES26
STA35,208FRDH
STA35,FRW10
STA35,CSA8CR
STA35,ATECH3FR300B
TTX10E,TTX20E
TTX10E,TTX8E
TTX10E,TTX15E
TTX10E,TTX25E
TTX10E,FTX50E
TTX10E,FTX40E
TTX10E,FAM8E
TTX10E,TWM29
TTX10E,207EFAMY
TTX10E,FA12E
TWM27,TWM25
TWM27,TWM26
TWM27,TWM28
TWM27,TWM29
TWM27,TWM32
TWM27,TWM31
TWM27,LSR1450
TWM27,QD3RN350A
TWM27,AWCGT500
TWM27,SEPIMMSIMMA
SPBS704A,317AMMPC
SPBS704A,BTC7B
SPBS704A,309SIMYA
SPBS704A,SR40K
SPBS704A,117TMM
SPBS704A,SRPCR105
SPBS704A,SN18B
SPBS704A,SGT4BR
SPBS704A,HBBD24
SPBS704A,SFSM9
ECUHD218G,EECT400
ECUHD218G,ECPRA072
ECUHD218G,EECT200
ECUHD218G,ECPNG032
ECUHD218G,EEBC30A12V
ECUHD218G,YA4000B
ECUHD218G,EECT900
ECUHD218G,MTTL800
ECUHD218G,JCK7DBL
ECUHD218G,ECHDD012AR
OEX080B,OEXS709B
OEX080B,107ATMPB
OEX080B,OEXL707B
OEX080B,OXI707BK
OEX080B,S6106KA
OEX080B,196ACF
OEX080B,OEX711B
OEX080B,YA337A
OEX080B,VS807B
OEX080B,SF181
9100AGMO,AWM110DHK
9100AGMO,AC5C
9100AGMO,2004BSKA
9100AGMO,9100GSM
9100AGMO,310IMMYA
9100AGMO,OEXM9B
9100AGMO,OEXM8B
9100AGMO,309SIMYA
9100AGMO,OEXM7B
9100AGMO,AC58E
THLLF72,FHLLF80
THLLF72,THLL72
THLLF72,FHLX80B
THLLF72,TKF72
THLLF72,FH80MP
THLLF72,SHN36
THLLF72,SHLL80A
THLLF72,THLX72
THLLF72,THL72
THLLF72,SH80A
B1356E,B3404B
B1356E,131A
B1356E,B1461
B1356E,VGP104
B1356E,US712
B1356E,B1458C
B1356E,B1467A
B1356E,BHS7A
B1356E,TMMD8
B1356E,TMMD7
LDH362,LDH462
LDH362,LDH402
LDH362,LDH442
LDH362,LDH602
LDH362,LDH422A
LDH362,L122
LDH362,L62
LDH362,L8112A
LDH362,SOEX36
LDH362,SOEX30
TMD14,TMD16
TMD14,TMD6
TMD14,TMD10
TMD14,TMD7
TMD14,TMD18
TMD14,TMD12
TMD14,TMD11
TMD14,XS2024A
TMD14,XS67A
TMD14,TM84
ECPRA072,ECPRA072
ECPRA072,MAGMINI
ECPRA072,ECHDF042
ECPRA072,ECARL032R
ECPRA072,ECFD0102
ECPRA072,YA105013
ECPRA072,GLOVE1100L
ECPRA072,ECSPH271
ECPRA072,ECPNH012
ECPRA072,ECSPH271O-L
CTB8174,CTR861AK2
CTB8174,CTS561BITSET
CTB8174,PH3050BR
CTB8174,CTC772A
CTB8174,CTB8187
CTB8174,CTC131A
CTB8174,CTB185
CTB8174,CTSG861DB
CTB8174,CT825DB
CTB8174,CTR867AK2
UTK150,UTK150
UTK150,MAGDISH
UTK150,JCK8
UTK150,GLASS30R
UTK150,ECFLD030
UTK150,TIF160
UTK150,RULER600
UTK150,CAL6DA
UTK150,GLOVE1100L
UTK150,YA1050B
TMMDS13,TMMDS11
TMMDS13,TMMDS5
TMMDS13,TMMDS7
TMMDS13,TMMDS6
TMMDS13,TMMDS15
TMMDS13,TMMDS14
TMMDS13,TMMDS8
TMMDS13,111TMMDY
TMMDS13,TMMD5
TMMDS13,TMMD8
JCK8,JCK8
JCK8,YA4000B
JCK8,MTEE6
JCK8,FB303B
JCK8,ACT83A
JCK8,PGP50
JCK8,GA296B
JCK8,OC5A
JCK8,ITHE100
JCK8,ACT73A
SSDMR4BO,PKNC125C2
SSDMR4BO,AC5C
SSDMR4BO,2004BSKA
SSDMR4BO,BF775C-A
SSDMR4BO,TM10G
SSDMR4BO,PT5C
SSDMR4BO,A159
SSDMR4BO,FADH12C
SSDMR4BO,206AFSP
SSDMR4BO,BP16B
KRSC430APC1,KRSC323PBO
KRSC430APC1,MRB12B
KRSC430APC1,KRA4813FPBO
KRSC430APC1,PLRK21
KRSC430APC1,KRBC100ABN
KRSC430APC1,KRSC46HPBO
KRSC430APC1,KRSC326FPBO
KRSC430APC1,KWSP2455AST
KRSC430APC1,A277
KRSC430APC1,KRSC430APBO7
SOEXM9,SOEXM8
SOEXM9,SEPPREATV
SOEXM9,SOEX704
SOEXM9,SOEX38
SOEXM9,SOEX40
SOEXM9,10SSD
SOEXM9,PKWLR53A
SOEXM9,AWMG9
SOEXM9,GA243
SOEXM9,212EFTAY
TW281,TW221
TW281,TW161A
TW281,TW261
TW281,TW181A
TW281,TW361
TW281,TW141A
TW281,TW241
TW281,TW341
TW281,TW201
TW281,TW401
KRSC4130PWZ,KRA2055FPBO
KRSC4130PWZ,TB50WC
KRSC4130PWZ,MRB12B
KRSC4130PWZ,KRA2411PBO
KRSC4130PWZ,KAERNADD6RD
KRSC4130PWZ,TB40C
KRSC4130PWZ,KRSC430APBO1
KRSC4130PWZ,YA438B
KRSC4130PWZ,KRA2422PBO
KRSC4130PWZ,KRSC46HPBO
TMD6,TMD9
TMD6,TMD16
TMD6,TMD11
TMD6,TMD7
TMD6,TMD18
TMD6,TMD14
TMD6,TMD12
TMD6,TMD10
TMD6,XS2024A
TMD6,TMD8
SGDTX50BR,AWCGT500
SGDTX50BR,LSR1450
SGDTX50BR,QD3RN350A
SGDTX50BR,208EFTAMXSY
SGDTX50BR,BOERM18
SGDTX50BR,OXIM710B
SGDTX50BR,UTS105A
SGDTX50BR,OFW1
SGDTX50BR,BOERM21
SGDTX50BR,OEXM270B
FHLX80B,THLX72
FHLX80B,THRLX72
FHLX80B,SHX80B
FHLX80B,THLLF72
FHLX80B,THLF72
FHLX80B,305SXWP
FHLX80B,FHBB18A
FHLX80B,SH80A
FHLX80B,FHLLF80
FHLX80B,FK80
SRPCR107G,BDGPL300HG
SRPCR107G,PWZ4
SRPCR107G,PPC208A
SRPCR107G,650
SRPCR107G,IPL28C
SRPCR107G,IPL24C
SRPCR107G,IPL36C
SRPCR107G,IPL30C
SRPCR107G,SGASA104BR
SRPCR107G,SRP3B
GFAT1E,GLAS1F
GFAT1E,XS2024A
GFAT1E,XS1820A
GFAT1E,VO2224B
GFAT1E,XS1214A
GFAT1E,SGDE225ESD
GFAT1E,VO1012B
GFAT1E,VO1416B
GFAT1E,VO1820B
GFAT1E,SGDEP200ESD
TMMS12,TMMS14
TMMS12,TMMS13
TMMS12,TMMS8
TMMS12,TMMS7
TMMS12,TMMS9
TMMS12,TMMS10
TMMS12,TMMS6
TMMS12,TMMS11
TMMS12,TMMS15
TMMS12,RXS605B
AWML10D,TMU8B
AWML10D,SPBS8AR
AWML10D,PL400B
AWML10D,SIMM150A
AWML10D,FXK11
AWML10D,TMXK60
AWML10D,SGD2BR
AWML10D,SGDP42IRBR
AWML10D,A2A
AWML10D,BLPTHC87
AWTXL8-T25,SGD4BR
AWTXL8-T25,SPBS12AR
AWTXL8-T25,SHD1R
AWTXL8-T25,SPBS8AR
AWTXL8-T25,SIMM170
AWTXL8-T25,FXK6
AWTXL8-T25,PL400B
AWTXL8-T25,BLPTHC87
AWTXL8-T25,GFAT1E
AWTXL8-T25,A2A
KRA4114FPC,KRA4107FPBO
KRA4114FPC,KRA4813FPBO
KRA4114FPC,TB20AC
KRA4114FPC,KRA2422PBO
KRA4114FPC,YA389A
KRA4114FPC,KRA2007FPBO
KRA4114FPC,KRSC46HPBO
KRA4114FPC,KCP1422PBO
KRA4114FPC,KWSP2455ABL
KRA4114FPC,YA450B
KRA4114FPCM,KRA4107FPBO
KRA4114FPCM,KRA4813FPBO
KRA4114FPCM,KRSC430APBO7
KRA4114FPCM,KRSC326FPBO
KRA4114FPCM,KRSC46HPBO
KRA4114FPCM,KRA2407PBO
KRA4114FPCM,A277
KRA4114FPCM,YA450B
KRA4114FPCM,KRA2055FPBO
KRA4114FPCM,PLRK21
IPLM14C,IPLM17C
IPLM14C,IPLM19C
IPLM14C,IPLM21C
IPLM14C,IPLM12C
IPLM14C,IPLM18C
IPLM14C,IPLM13C
IPLM14C,IPLM22C
IPLM14C,IPLM16C
IPLM14C,IPLM15C
IPLM14C,IPL36C
CAL6EA,CAL6EA
CAL6EA,EEPV509
CAL6EA,CAL6EBR
CAL6EA,MTEE6
CAL6EA,EEPV503
CAL6EA,RTEMPB7
CAL6EA,MTTL300
CAL6EA,GA296B
CAL6EA,EEBM600
CAL6EA,CAL6V
BFCRM712A,BFCR708A
BFCRM712A,XLE605
BFCRM712A,TDTDM500B
BFCRM712A,L8112A
BFCRM712A,PPC210BK
BFCRM712A,FRW10
BFCRM712A,PPC210A
BFCRM712A,210FCOMA
BFCRM712A,OXI707BK
BFCRM712A,L872RM
212IMFMSYA,212SIMFYA
212IMFMSYA,210IMFSYA
212IMFMSYA,214IMFMYA
212IMFMSYA,BLPTE3810
212IMFMSYA,BLPTE3812
212IMFMSYA,305SIMMY
212IMFMSYA,SR40K
212IMFMSYA,IM120A
212IMFMSYA,IM140A
212IMFMSYA,IM180A
HBBD32O,HBBD16
HBBD32O,PKNC150
HBBD32O,UPTM65K
HBBD32O,SOEX38
HBBD32O,SOEX40
HBBD32O,SIMM350
HBBD32O,LDH422A
HBBD32O,LDH522
HBBD32O,LDH562
HBBD32O,SOEX30
AWL8D,FU8A
AWL8D,FHLF80A
AWL8D,SIMM170
AWL8D,SPBS18AR
AWL8D,SIMM210
AWL8D,SIMM180
AWL8D,96ACF
AWL8D,SGD8BR
AWL8D,SIMM240
AWL8D,ATECH2FR125B
KRA4008FPC,KRA2411PBO
KRA4008FPC,KWSP2455ABL
KRA4008FPC,YA389A
KRA4008FPC,KRA2406BPBO
KRA4008FPC,PLRK21
KRA4008FPC,KRBC100ABN
KRA4008FPC,KASS13
KRA4008FPC,MRB12B
KRA4008FPC,KRSC46HPBO
KRA4008FPC,KRSC326FPBO
305ASXW,208AFX
305ASXW,206AFX
305ASXW,SX20
305ASXW,106BTMX
305ASXW,313TSYA
305ASXW,313TSMYA
305ASXW,313SWYA
305ASXW,103UFTS
305ASXW,313TWMYA
305ASXW,313SMYA
AWBCG1620,AWBCG1624
AWBCG1620,SIMM200
AWBCG1620,SPBS704AR
AWBCG1620,SGD2BR
AWBCG1620,SGDX80BR
AWBCG1620,TMXK4
AWBCG1620,47ACF
AWBCG1620,PL400B
AWBCG1620,FXK11
AWBCG1620,TMXK2
FSS161,FSS141
FSS161,FSS121
FSS161,FSS181
FSS161,BF775C-A
FSS161,TMMDS5
FSS161,TMMDS9
FSS161,TMMDS11
FSS161,TMMDS5.5
FSS161,TMMS6
FSS161,TMMS12
SGHBF500AO,ST50A
SGHBF500AO,BTK7A
SGHBF500AO,BHS7A
SGHBF500AO,206AFSP
SGHBF500AO,SS5A
SGHBF500AO,PPB826A
SGHBF500AO,B1458C
SGHBF500AO,S9711KA
SGHBF500AO,MS800
SGHBF500AO,313SWYA
GLOVE300BS,GLOVE309L
GLOVE300BS,GLASS50R
GLOVE300BS,GLOVE1100L
GLOVE300BS,SOSG01BKCL01
GLOVE300BS,GLOVE900LR
GLOVE300BS,GLOVE505RL
GLOVE300BS,LBUK1
GLOVE300BS,ECPNH012
GLOVE300BS,GLASS30R
GLOVE300BS,JCK7DBL
GLOVE300BXX,GLOVE1100L
GLOVE300BXX,ECPNH012
GLOVE300BXX,GLOVE309L
GLOVE300BXX,GLOVEORIGPLUSL
GLOVE300BXX,GLASS50R
GLOVE300BXX,SOSG01BKCL01
GLOVE300BXX,GLOVE900LR
GLOVE300BXX,GLOVE505RL
GLOVE300BXX,GLASS30R
GLOVE300BXX,JCK7DBL
SGA1714B,SGA1713B
SGA1714B,SGAS102BR
SGA1714B,PHP2A
SGA1714B,PHP3A
SGA1714B,PHP1A
SGA1714B,206SFSUM
SGA1714B,LDT40
SGA1714B,SGTT110B
SGA1714B,ASGP2BR
SGA1714B,ASGP102BR
ACT2105,MAGMAT
ACT2105,EEPV509
ACT2105,UTK100
ACT2105,ACT407
ACT2105,ACT1290A
ACT2105,ACT51234A
ACT2105,ACT73A
ACT2105,ACT1297
ACT2105,ACT925
ACT2105,ACTR4151A
MAGMATXL,TPGDL2000
MAGMATXL,FB336
MAGMATXL,MAGDISH
MAGMATXL,EEDM503D
MAGMATXL,ECPNG032
MAGMATXL,ECPRA072
MAGMATXL,JT13B
MAGMATXL,EEDM596FK
MAGMATXL,SVTS272A
MAGMATXL,JCK7DBL
TMXK4,TMXK2
TMXK4,TMXK110
TMXK4,TMX1
TMXK4,XS1618A
TMXK4,VO2628B
TMXK4,TM84
TMXK4,VO1012B
TMXK4,20SSD
TMXK4,SS5A
TMXK4,TMC106E
STMD14,STMD12
STMD14,STMD10
STMD14,STMD9
STMD14,STMD16
STMD14,STMD6
STMD14,STMD8
STMD14,STMD7
STMD14,STMD11
STMD14,PKN9
STMD14,TM84
PPCD70BK,SEPHDSETAOBA
PPCD70BK,SW341
PPCD70BK,SGD153BR
PPCD70BK,OXIM6B
PPCD70BK,TMU181A
PPCD70BK,114ATMP
PPCD70BK,S9704KR
PPCD70BK,FA12LE
PPCD70BK,TW201
PPCD70BK,TW221
SHP10,SHP7
SHP10,PHP2A
SHP10,SHP2KT
SHP10,PHP1A
SHP10,HCP48BCF
SHP10,SGA1714B
SHP10,HBBT16
SHP10,HCP10
SHP10,SHCP1B
SHP10,SPBS8AR
LDH342,LDH362
LDH342,LDH402
LDH342,LDH602
LDH342,LDH482
LDH342,LDH562
LDH342,L62
LDH342,L8112A
LDH342,SOEX38
LDH342,SOEX40
LDH342,SOEX36
AWMG9-9,BHS13A
AWMG9-9,SHDX60R
AWMG9-9,106BTMX
AWMG9-9,TMXK110
AWMG9-9,SHD2R
AWMG9-9,SHDP31IRR
AWMG9-9,SHDP42IRR
AWMG9-9,TMXK4
AWMG9-9,TMXK60
AWMG9-9,SGASA204CR
KRA4114FPJK,KRA4107FPBO
KRA4114FPJK,KRA4813FPBO
KRA4114FPJK,KRSC46HPBO
KRA4114FPJK,PLRK21
KRA4114FPJK,KRA24
KRA4114FPJK,KWSN2455ABL
KRA4114FPJK,KCP2422PBO
KRA4114FPJK,KRA2407PBO
KRA4114FPJK,KA2422SETPJH
KRA4114FPJK,KACKMCFIBER1
IPL38C,IPL42C
IPL38C,IPL34C
IPL38C,IPL36C
IPL38C,IPL24C
IPL38C,IPL30C
IPL38C,314SCOA
IPL38C,IPL32C
IPL38C,IPL20C
IPL38C,IPLM10C
IPL38C,IPLM15C
112STMMY,PRH57A
112STMMY,SEPPREMETA
112STMMY,9100AGMO
112STMMY,112TMMY
112STMMY,117TMM
112STMMY,110STMY
112STMMY,AC5C
112STMMY,2004BSKA
112STMMY,AWM110DHK
112STMMY,317AMMPC
AWMCG1603B,SGDP42IRBR
AWMCG1603B,TMXK2
AWMCG1603B,TMXK60
AWMCG1603B,91ACP
AWMCG1603B,FXK3
AWMCG1603B,ATECH2FR125B
AWMCG1603B,PPC4A
AWMCG1603B,SIMM170
AWMCG1603B,BLPTHC87
AWMCG1603B,SRPCR4700
AWMXL10-3,SIMM180
AWMXL10-3,47ACF
AWMXL10-3,SGDP42IRBR
AWMXL10-3,T72
AWMXL10-3,SGD6BR
AWMXL10-3,SRPCR3800
AWMXL10-3,BLPTHC87
AWMXL10-3,F80
AWMXL10-3,96ACF
AWMXL10-3,GFAT1E
BB9018KIT,ECHDD012AR
BB9018KIT,EECT900
BB9018KIT,TDG2
BB9018KIT,EEDM503D
BB9018KIT,FB336
BB9018KIT,ECSPH271
BB9018KIT,BB9008
BB9018KIT,SVTS272A
BB9018KIT,UTK150
BB9018KIT,MAGMAT
212SFMY,212FMY
212SFMY,111STMMDY
212SFMY,111TMMDY
212SFMY,313SMYA
212SFMY,313SYA
212SFMY,TWM31
212SFMY,FM16
212SFMY,FM13
212SFMY,FM14
212SFMY,TMC105E
29ACFG,PWCS9ACFO
29ACFG,SS5A
29ACFG,AWMCG1600B
29ACFG,CSA12CR
29ACFG,PT28E
29ACFG,TMMD12
29ACFG,TMMD9
29ACFG,TMMD6
29ACFG,QD1R200A
29ACFG,EXDL10A
BLP15HVLP,ECPNG032
BLP15HVLP,EEDM503D
BLP15HVLP,BLP15HVLP
BLP15HVLP,BLP18HVLP
BLP15HVLP,JT13B
BLP15HVLP,BLP14HVLP
BLP15HVLP,BLP13HVLP
BLP15HVLP,BF555
BLP15HVLP,GA296B
BLP15HVLP,UTK100
BLP18HVLP,EEDM504F
BLP18HVLP,TPGDL2000
BLP18HVLP,BLP18HVLP
BLP18HVLP,BLP14HVLP
BLP18HVLP,BLP13HVLP
BLP18HVLP,BLP15HVLP
BLP18HVLP,BF555
BLP18HVLP,GA296B
BLP18HVLP,JT13B
BLP18HVLP,UTK100
29ACF,PWCS9ACFO
29ACF,SS5A
29ACF,AWMCG1600B
29ACF,111TMMDY
29ACF,TMMD12
29ACF,TMMD9
29ACF,TMMD6
29ACF,TMMD5.5
29ACF,QD1R200A
29ACF,OEXM6B
CT9050GDB,CTR861AK2
CT9050GDB,PTGR110
CT9050GDB,PT338
CT9050GDB,VWB8B
CT9050GDB,CT825DB
CT9050GDB,MG725A
CT9050GDB,CTR867AK2
CT9050GDB,CTQ838DB
CT9050GDB,SAG03S20
CT9050GDB,AT5500
CT9080GK2,CT9080K2
CT9080GK2,CTPSK185
CT9080GK2,VWB8B
CT9080GK2,CTB185
CT9080GK2,CTB8187
CT9080GK2,CTINF9010
CT9080GK2,CTC131A
CT9080GK2,CTR867AK2
CT9080GK2,CTQ838DB
CT9080GK2,CTR862DB
310SIMMYA,310IMMYA
310SIMMYA,BLPTE3816
310SIMMYA,BLPTE3814
310SIMMYA,BLPTE3810
310SIMMYA,BLPTE3812
310SIMMYA,309SIMYA
310SIMMYA,311IMYA
310SIMMYA,320SIM
310SIMMYA,IM120A
310SIMMYA,IM260
AT425R,PTC250
AT425R,PH3050BR
AT425R,PTB32K
AT425R,PDR3000A
AT425R,PSO4625
AT425R,AT118
AT425R,AT2050
AT425R,VWB5B
AT425R,DB121C
AT425R,AT109
AWL4D,47ACF
AWL4D,SPBS18AR
AWL4D,PPC4A
AWL4D,SRPCR4700
AWL4D,SPBS8AR
AWL4D,FHLF80A
AWL4D,ATECH3FR300B
AWL4D,T72
AWL4D,SIMM220
AWL4D,SIMM240
222AFSP,BHS7A
222AFSP,SWM111A
222AFSP,144TMPB
222AFSP,SN25A
222AFSP,ACT1370
222AFSP,OEXM9B
222AFSP,SIMM340
222AFSP,SIMM320
222AFSP,OXIM9B
222AFSP,SIMM360
CTR825GDB,PTGR100
CTR825GDB,PH3050BR
CTR825GDB,CTSG861DB
CTR825GDB,PH1050
CTR825GDB,PT338
CTR825GDB,CTC772A
CTR825GDB,PTGR450
CTR825GDB,CTR862DB
CTR825GDB,PSO4525
CTR825GDB,PT850
SW401,SW381
SW401,SW421
SW401,XS1416A
SW401,XS2226A
SW401,XS1214A
SW401,VO1416B
SW401,VO3032B
SW401,SGDEL10ESD
SW401,TM412
SW401,TM82
AT109DGK,PTC250
AT109DGK,PTR2500
AT109DGK,AT109
AT109DGK,PDR3000A
AT109DGK,PSO4625
AT109DGK,AT408
AT109DGK,AT700F
AT109DGK,PSO4525
AT109DGK,AT425R
AT109DGK,PTGR450
AT157R,PT338
AT157R,CTB8187
AT157R,CTR861AK2
AT157R,CTR867AK2
AT157R,CTS561BITSET
AT157R,AT118
AT157R,CTCO861K2
AT157R,CTB185
AT157R,DB129C
AT157R,PTC250
13ELECTBP14KIT,AWP120
13ELECTBP14KIT,PWCS9ACF
13ELECTBP14KIT,SGD8BR
13ELECTBP14KIT,R1618SC
13ELECTBP14KIT,R1214SC
13ELECTBP14KIT,R810SC
13ELECTBP14KIT,R2022C
13ELECTBP14KIT,SX20
13ELECTBP14KIT,SRP3A
13ELECTBP14KIT,DS806AK
HCP1145,PPB826A
HCP1145,317MPC
HCP1145,PK52A
HCP1145,SEPPROCORE1A
HCP1145,SEPPROCORE2A
HCP1145,XDLRM705K2A
HCP1145,A106
HCP1145,A127
HCP1145,A129
HCP1145,S3624
110STMY,110TMY
110STMY,211SFSY
110STMY,317MSPC
110STMY,114ATMP
110STMY,SOEX707
110STMY,FZ7A
110STMY,TW461
110STMY,TW221
110STMY,TW141A
110STMY,TW281
CDR4P63K3K2,CTS561BITSET
CDR4P63K3K2,PTC250
CDR4P63K3K2,PTR72
CDR4P63K3K2,PTB32K
CDR4P63K3K2,CTSG861DB
CDR4P63K3K2,MG725A
CDR4P63K3K2,CTB8174
CDR4P63K3K2,DB121C
CDR4P63K3K2,DBTB121
CDR4P63K3K2,CTR861AK2
HBPT16,XS1820A
HBPT16,XS1012A
HBPT16,VO2224B
HBPT16,XS1214A
HBPT16,VO2628B
HBPT16,VO1012B
HBPT16,TM408
HBPT16,20SSD
HBPT16,TM65
HBPT16,TMC106E
KRA6200FPCM,YA438B
KRA6200FPCM,KRA2422PBO
KRA6200FPCM,KRA4813FPBO
KRA6200FPCM,TB50WC
KRA6200FPCM,KRSC430APBO7
KRA6200FPCM,KACKCAREKIT
KRA6200FPCM,PLRK30
KRA6200FPCM,KRSC326FPBO
KRA6200FPCM,KACKMCFIBER1
KRA6200FPCM,YA389A
XS2226A,XS1820A
XS2226A,XS1012A
XS2226A,XS1214A
XS2226A,VO2628B
XS2226A,XS810A
XS2226A,VO1012B
XS2226A,VO3032B
XS2226A,TM65
XS2226A,TMC104E
XS2226A,TM62B
CSA12C,PKNC200
CSA12C,SS5A
CSA12C,S9704KR
CSA12C,218AFSP
CSA12C,TF5A
CSA12C,RXS605B
CSA12C,OEXM6B
CSA12C,TW421
CSA12C,SW141A
CSA12C,SW161A
THNF72G,340SSDP
THNF72G,SH80A
THNF72G,10SSD
THNF72G,FH80MP
THNF72G,THLL72
THNF72G,FHBB12A
THNF72G,TFTFM932A
THNF72G,TKF72
THNF72G,PK53A
THNF72G,FHR80
RXFS2836B,RXFS605B
RXFS2836B,STMM4.5
RXFS2836B,TWM28
RXFS2836B,PPB826A
RXFS2836B,TWM26
RXFS2836B,STMM4
RXFS2836B,TWM25
RXFS2836B,TW381
RXFS2836B,OEXM80B
RXFS2836B,LP7R
FXK11,FXK4
FXK11,XS2024A
FXK11,XS1416A
FXK11,XS2226A
FXK11,XS67A
FXK11,XS810A
FXK11,TM408
FXK11,SGDEL10ESD
FXK11,TMC106E
FXK11,TM412
SOEX704,SOEX710
SOEX704,SOEX40
SOEX704,SOEX38
SOEX704,SOEXM705
SOEX704,SOEXM9
SOEX704,AWEF6K
SOEX704,AWMEF8K
SOEX704,305SIMMY
SOEX704,SR40K
SOEX704,TF5A
FXK4,FXK8
FXK4,TMXK110
FXK4,SXK3
FXK4,FXK6
FXK4,FXK3
FXK4,TMX1
FXK4,FXK11
FXK4,FX1
FXK4,OEXM9B
FXK4,SX2
FXK6,FXK3
FXK6,FXK11
FXK6,FXK4
FXK6,FX1
FXK6,FXK8
FXK6,XS2226A
FXK6,VO2628B
FXK6,VO2224B
FXK6,VO1820B
FXK6,XS810A
SOEX32,SOEX30
SOEX32,SOEX36
SOEX32,SOEX26
SOEX32,SOEX28
SOEX32,SOEX707
SOEX32,SOEX40
SOEX32,414AHD
SOEX32,SOEX710
SOEX32,AWMEF8K
SOEX32,2420A
SOEX36,SOEX38
SOEX36,SOEX40
SOEX36,SOEX30
SOEX36,PKNC150
SOEX36,SOEX32
SOEX36,414AHD
SOEX36,SOEX707
SOEX36,UPTM65K
SOEX36,AWP160
SOEX36,AWMEF8K
PT450-WH,PTGR450
PT450-WH,PTR2500
PT450-WH,CTR867AK2
PT450-WH,DB121C
PT450-WH,PTB32K
PT450-WH,CT9080K2
PT450-WH,PH3050BR
PT450-WH,CTINF9010
PT450-WH,CTR861AK2
PT450-WH,PTGR110
EEDM525F,EEDM525F
EEDM525F,EECT400
EEDM525F,MTIND683A
EEDM525F,PG160
EEDM525F,FB303B
EEDM525F,YA1175KIT
EEDM525F,MTTL433
EEDM525F,EEDM596FK
EEDM525F,MTTL750
EEDM525F,TPM16
GLOVE1100L,GLOVE1100L
GLOVE1100L,ECFLD030
GLOVE1100L,JCW62R
GLOVE1100L,GLOVEORIGPLUSL
GLOVE1100L,GLOVE300BL
GLOVE1100L,GLOVE505RL
GLOVE1100L,SOSG01BKCL01
GLOVE1100L,GLOVE309L
GLOVE1100L,GLASS90BYEAR
GLOVE1100L,GLASS50R
GLOVE1100XL,GLOVE1100L
GLOVE1100XL,ECFLD030
GLOVE1100XL,JCW62R
GLOVE1100XL,GLOVEORIGPLUSL
GLOVE1100XL,GLOVE300BL
GLOVE1100XL,GLOVE505RL
GLOVE1100XL,SOSG01BKCL01
GLOVE1100XL,GLOVE309L
GLOVE1100XL,GLASS90BYEAR
GLOVE1100XL,GLASS50R
TMU8B,XS2024A
TMU8B,XS1618A
TMU8B,XS2226A
TMU8B,XS1012A
TMU8B,VO2224B
TMU8B,SGDE220ESD
TMU8B,PKN9
TMU8B,VO2628B
TMU8B,VO1820B
TMU8B,SGDE215ESD
CTR861ADB,CT9080K2
CTR861ADB,CTR867AK2
CTR861ADB,CTB185
CTR861ADB,CTB8174
CTR861ADB,CT825DB
CTR861ADB,PSO4625
CTR861ADB,DB121C
CTR861ADB,AT700F
CTR861ADB,AT5500
CTR861ADB,PTR2500
IMM170A,IMM190
IMM170A,IMM150A
IMM170A,IMM160A
IMM170A,IMM220
IMM170A,IMM140A
IMM170A,IMM240
IMM170A,IMM210
IMM170A,IMM120A
IMM170A,IMM100A
IMM170A,IMM130A
IMM180,IMM160A
IMM180,IMM170A
IMM180,IMM150A
IMM180,IMM240
IMM180,IMM190
IMM180,IMM210
IMM180,IMM230
IMM180,IMM200
IMM180,IMM110A
IMM180,IM320
SOXRR707A,SOXRRM710A
SOXRR707A,FA12LE
SOXRR707A,KAC1224TCA
SOXRR707A,FAML6E
SOXRR707A,GF22
SOXRR707A,FABLM5E
SOXRR707A,TW481
SOXRR707A,HD6529
SOXRR707A,YA2850A
SOXRR707A,FTXB55E
IM240,IM280
IM240,IM260
IM240,IM320
IM240,IM180A
IM240,IM300
IM240,IM140A
IM240,IM160A
IM240,SIM400
IM240,SIM380
IM240,SIM180A
KRA2407PJK,TB20AC
KRA2407PJK,KRA6200FPBO
KRA2407PJK,KACKMCFIBER1
KRA2407PJK,KWSN2455AST
KRA2407PJK,MRB12B
KRA2407PJK,A277
KRA2407PJK,KRSC326FPBO
KRA2407PJK,SNA-TBP14
KRA2407PJK,KA2422SETPJJ
KRA2407PJK,KCP1422PBO
TMMDS15,TMMDS5.5
TMMDS15,212SFMY
TMMDS15,TMMDS14
TMMDS15,TMMDS12
TMMDS15,TMMDS9
TMMDS15,TMMDS11
TMMDS15,TMMDS6
TMMDS15,TMMDS7
TMMDS15,TMMDS13
TMMDS15,TMMDS8
UPT35,UIM225
UPT35,PRH57A
UPT35,PK23A
UPT35,117TMM
UPT35,TMM4
UPT35,AWCGT500
UPT35,212SFSMY
UPT35,AD12C
UPT35,SGDMRC44B
UPT35,212FSMY
VS807B,BLPTE3816
VS807B,BLPTE3814
VS807B,BLPTE3812
VS807B,OXIM6B
VS807B,BLPTE3810
VS807B,S6106KA
VS807B,YA2019
VS807B,GA98A
VS807B,BHS13A
VS807B,WTG10A
SIM240,SIM280
SIM240,SIM260
SIM240,SIM180A
SIM240,SIM220
SIM240,SIM320
SIM240,SIM200
SIM240,SIM300
SIM240,SIM400
SIM240,SIM360
SIM240,IM140A
SWM131A,SWM151A
SWM131A,SWM181
SWM131A,SWM231
SWM131A,SWM241
SWM131A,SWM111A
SWM131A,AWEF6K
SWM131A,340SSDP
SWM131A,SWM261
SWM131A,10SSD
SWM131A,ACT1370
SWM171,SWM141A
SWM171,SWM201
SWM171,SWM121A
SWM171,SWM221
SWM171,SWM241
SWM171,SWM211
SWM171,SWM111A
SWM171,SWM101A
SWM171,SWM251
SWM171,SWM291
SX2,SXK3
SX2,XS1012A
SX2,XS1618A
SX2,VO2224B
SX2,TM84
SX2,XS67A
SX2,TM408
SX2,SGDEL10ESD
SX2,TM65
SX2,TMC104E
TMA5E,TMA6E
TMA5E,TMA7E
TMA5E,TMA4.5E
TMA5E,XS2024A
TMA5E,XS1416A
TMA5E,XS1820A
TMA5E,XS2226A
TMA5E,XS1618A
TMA5E,SGDEP200ESD
TMA5E,VO1416B
TTX25E,TTX20E
TTX25E,TTX10E
TTX25E,TTX27E
TTX25E,TTX8E
TTX25E,TTX15E
TTX25E,TTX30E
TTX25E,FTX50E
TTX25E,FTX45E
TTX25E,FTX40E
TTX25E,PKNC125C2
THR72G,FHR80
THR72G,SH80A
THR72G,FHBB12A
THR72G,THRLX72
THR72G,THLL72
THR72G,120STTM
THR72G,SHL80A
THR72G,OXRM710A
THR72G,HBBD8
THR72G,BLPBTWSET
AWEFBH11K,AWEFBH11K
AWEFBH11K,VO2628B
AWEFBH11K,VO3032B
AWEFBH11K,AWMEFBH10K
AWEFBH11K,AWTEFBH11K
AWEFBH11K,R404
AWEFBH11K,RBYA605
AWEFBH11K,AWP120
AWEFBH11K,PWCS9ACF
AWEFBH11K,VO1820B
AWS13-1,TMU8B
AWS13-1,SGDX80BR
AWS13-1,SPBS12AR
AWS13-1,SRPCR4700
AWS13-1,FXK11
AWS13-1,BLPTHC87
AWS13-1,GFAT1E
AWS13-1,SIMM150A
AWS13-1,PPC103A
AWS13-1,FU8A
KRA2411PCM,SNA-TBP14
KRA2411PCM,KRSC326FPBO
KRA2411PCM,KRA2411PBO
KRA2411PCM,KWSN2455AST
KRA2411PCM,KRWT2411
KRA2411PCM,KWSP2455ABL
KRA2411PCM,KRA6210FPBO
KRA2411PCM,KRA2422PBO
KRA2411PCM,KCP1422PBO
KRA2411PCM,KCP2422PBO
AWM12D,206AFSP
AWM12D,14V
AWM12D,BF775C-A
AWM12D,PK50A
AWM12D,OEXM8B
AWM12D,UTS105A
AWM12D,BP24B
AWM12D,317MSPC
AWM12D,OEX10B
AWM12D,TW221
AWTEF8K,AWMEF6K
AWTEF8K,AWEF9K
AWTEF8K,GCP10
AWTEF8K,PT10C
AWTEF8K,SR40K
AWTEF8K,OFW2
AWTEF8K,BTC7B
AWTEF8K,HCP10
AWTEF8K,207EFAMY
AWTEF8K,FS161
AW20D,A2A
AW20D,SGD6BR
AW20D,ATECH2FR125B
AW20D,SPBS704AR
AW20D,91ACP
AW20D,47ACF
AW20D,FU8A
AW20D,TMXK60
AW20D,TMXK4
AW20D,SIMM170
340SSDP,10SSD
340SSDP,AWM110DHK
340SSDP,AW1015DHK
340SSDP,SWM221
340SSDP,SWM231
340SSDP,SWM241
340SSDP,SW141A
340SSDP,SW221
340SSDP,SW241
340SSDP,SWM161
FLE140A,FABLM5E
FLE140A,SA16E
FLE140A,KAC1224TCA
FLE140A,SAM19E
FLE140A,GF22
FLE140A,STX70E
FLE140A,9100GSO
FLE140A,YA2850A
FLE140A,IMM360
FLE140A,209EFTXBY
HBBD56G,915CF
HBBD56G,415CF
HBBD56G,PL330ACF
HBBD56G,PBMP703A
HBBD56G,PTM2
HBBD56G,HBFE103
HBBD56G,PPC204A
HBBD56G,HCP48BCF
HBBD56G,REX25C
HBBD56G,HBFE48
THLL72G,SHLL80A
THLL72G,FHLL80
THLL72G,THL72
THLL72G,103TMXKLA
THLL72G,SHL80A
THLL72G,FHL80
THLL72G,THLLF72
THLL72G,AWM140DK
THLL72G,PPCSG710
THLL72G,A161B
THLL72O,SHLL80A
THLL72O,FHLL80
THLL72O,THL72
THLL72O,103TMXKLA
THLL72O,SHL80A
THLL72O,FHL80
THLL72O,THLLF72
THLL72O,SH80A
THLL72O,THLX72
THLL72O,A161B
THLX72O,SHX80B
THLX72O,FHLX80B
THLX72O,112SIMTMM
THLX72O,SH80A
THLX72O,THLLF72
THLX72O,BLPHEXS1418
THLX72O,SHLL80A
THLX72O,124STTMM
THLX72O,THL72
THLX72O,106ATMXW
SGDMRC103AO,SGDMRC11A
SGDMRC103AO,OEX707B
SGDMRC103AO,BLPBTWSET
SGDMRC103AO,TMR4
SGDMRC103AO,SDMT20D
SGDMRC103AO,SDMT10D
SGDMRC103AO,FSM71
SGDMRC103AO,110STMDY
SGDMRC103AO,106TMUSA
SGDMRC103AO,STMD9
DBT40,SRPCR4700
DBT40,SIMM180
DBT40,SGDP31IRBR
DBT40,A2A
DBT40,SPBS12AR
DBT40,SPBS704AR
DBT40,SIMM220
DBT40,96ACF
DBT40,SGDX80BR
DBT40,SIMM210
WELDIGNSKULL,GLASS30R
WELDIGNSKULL,ECSPH271
WELDIGNSKULL,EEDM596FK
WELDIGNSKULL,EECT200
WELDIGNSKULL,ECHDD012AR
WELDIGNSKULL,FB336
WELDIGNSKULL,ECPNH012
WELDIGNSKULL,ECHDF042
WELDIGNSKULL,EEPV500
WELDIGNSKULL,EECT400
TM5,TM408
TM5,TM412
TM5,TM84
TM5,VO2628B
TM5,TM82
TM5,XS2024A
TM5,XS1214A
TM5,VO1416B
TM5,XS67A
TM5,TMC106E
KHP415PC,KRA2407PBO
KHP415PC,KCP2422PBO
KHP415PC,KWSN2455ABL
KHP415PC,KWSP2455ABL
KHP415PC,A277
KHP415PC,KRSC430APBO7
KHP415PC,PLRK30
KHP415PC,KRA2007FPBO
KHP415PC,KRA2422PBO
KHP415PC,KACKCAREKIT
FX1,FXK3
FX1,FXK11
FX1,FXK6
FX1,FXK4
FX1,SXK11
FX1,FU8A
FX1,SXK5
FX1,SN25A
FX1,TWM23
FX1,TWM21
SGDX60BR,117TMM
SGDX60BR,317AMMPC
SGDX60BR,UIM225
SGDX60BR,TMM4
SGDX60BR,UPT35
SGDX60BR,AWCGT500
SGDX60BR,207EFAMY
SGDX60BR,SOEX707
SGDX60BR,BOERM712
SGDX60BR,SGDMRC44B
FB305A,FB305A
FB305A,MTTL300
FB305A,RTEMPB7
FB305A,FB316B
FB305A,FB360C
FB305A,FB361A
FB305A,FB303B
FB305A,RULER602
FB305A,PGP50
FB305A,ITHE100
GLOVE900MG,GLOVE1100L
GLOVE900MG,GLOVE505RL
GLOVE900MG,GLOVE309L
GLOVE900MG,GLOVE300BL
GLOVE900MG,GLOVEORIGPLUSL
GLOVE900MG,GLASS50R
GLOVE900MG,YA427B
GLOVE900MG,SOSG01BKCL01
GLOVE900MG,GLASS30R
GLOVE900MG,JCK7DBL
KCP2422PJK,KACKCAREKIT
KCP2422PJK,KA2422SETPJH
KCP2422PJK,KCP2422PBO
KCP2422PJK,KRWT2411
KCP2422PJK,KWSN2455ABL
KCP2422PJK,KWSP2455AST
KCP2422PJK,KWSN2455AST
KCP2422PJK,KWSP2455ABL
KCP2422PJK,KRA2422PBO
KCP2422PJK,KCP1422PBO
QD3RN350A,LSR1450
QD3RN350A,208EFTAMXSY
QD3RN350A,AWCGT500
QD3RN350A,UTS105A
QD3RN350A,QD2RN100A
QD3RN350A,BOERM18
QD3RN350A,TWM27
QD3RN350A,SEPIMMSIMMA
QD3RN350A,BLPTORX1410
QD3RN350A,OXIM710B
LP10WR,SGDMRC44B
LP10WR,317AMMPC
LP10WR,AC5C
LP10WR,206EAU
LP10WR,PK23A
LP10WR,PRH57A
LP10WR,UIM225
LP10WR,2004BSKA
LP10WR,FADH12C
LP10WR,UPT35
214IMFMYA,214SIMFMYA
214IMFMYA,212SIMFYA
214IMFMYA,212IMFMSYA
214IMFMYA,204IMXA
214IMFMYA,BLPTE3812
214IMFMYA,SIMM290
214IMFMYA,OXIM6B
214IMFMYA,111TMMDY
214IMFMYA,OFW2
214IMFMYA,TMMD5
TWM23,TWM21
TWM23,TWM20
TWM23,TWM22
TWM23,TWM24
TWM23,TWM18
TWM23,TWM26
TWM23,TWM19
TWM23,TWM29
TWM23,TW241
TWM23,TW141A
ATECH1FS300,SGDE220ESD
ATECH1FS300,SGDE230ESD
ATECH1FS300,SGDEP200ESD
ATECH1FS300,SGDE215ESD
ATECH1FS300,SGDEP21ESD
ATECH1FS300,PBN2
ATECH1FS300,TMU161A
ATECH1FS300,TMA7E
ATECH1FS300,TMA5E
ATECH1FS300,TMA4E
TMMDS7,TMMDS5
TMMDS7,TMMDS5.5
TMMDS7,TMMDS9
TMMDS7,TMMDS6
TMMDS7,TMMDS12
TMMDS7,TMMDS15
TMMDS7,TMMDS14
TMMDS7,TMMDS13
TMMDS7,TMMDS8
TMMDS7,TMMD9
TMP12E,TMC105E
TMP12E,TMC104E
TMP12E,TMC106E
TMP12E,TM82
TMP12E,TM65
TMP12E,VO3032B
TMP12E,TM5
TMP12E,XS2024A
TMP12E,VO1820B
TMP12E,VO1012B
210EFTXRY,SW341
210EFTXRY,SGD153BR
210EFTXRY,210EFTAMY
210EFTXRY,208EFTABMY
210EFTXRY,212EFTAY
210EFTXRY,LP10R
210EFTXRY,AWM110DHK
210EFTXRY,210AFLEY
210EFTXRY,110STMY
210EFTXRY,TW261
SWM151A,SWM161
SWM151A,SWM191
SWM151A,SWM181
SWM151A,SWM121A
SWM151A,SWM231
SWM151A,SWM201
SWM151A,SWM241
SWM151A,SWM251
SWM151A,SWM261
SWM151A,SWM291
SWM271,SWM261
SWM271,SWM301
SWM271,SWM291
SWM271,SWM281
SWM271,AWEF6K
SWM271,AWMEF8K
SWM271,SWM231
SWM271,SW401
SWM271,SW381
SWM271,313SWYA
SX20,SX24
SX20,SXK11
SX20,305ASX
SX20,208AFX
SX20,STX60E
SX20,IPL38C
SX20,IPL26C
SX20,OEXM300B
SX20,IPLM13C
SX20,IPL20C
LP404,AWP120
LP404,ST50A
LP404,HBPT24
LP404,206AFSP
LP404,PPC5A
LP404,PPCSG710
LP404,PPC715BK
LP404,2004BSKA
LP404,PL803A
LP404,SG4ASABR
XBM605A,XB605A
XBM605A,XOM605
XBM605A,OXIM710B
XBM605A,IPL30C
XBM605A,OXIM9B
XBM605A,OEXLM710B
XBM605A,XO605
XBM605A,210FRHMA
XBM605A,OXIM8B
XBM605A,IPL20C
204IMXA,304IMX
204IMXA,340SSDP
204IMXA,214IMFMYA
204IMXA,AWCGT500
204IMXA,SIMM290
204IMXA,QD3RN350A
204IMXA,SIMM340
204IMXA,UTS105A
204IMXA,SOEX38
204IMXA,YA4275
THR72,FHR80
THR72,SH80A
THR72,FHBB12A
THR72,THRLX72
THR72,THLL72
THR72,SHL80A
THR72,PTM2
THR72,OXRM710A
THR72,SHBB24
THR72,110STMY
AWSG14A,FXK11
AWSG14A,T72
AWSG14A,SRPCR4700
AWSG14A,ATECH3FR300B
AWSG14A,SPBS12AR
AWSG14A,SRPCR3800
AWSG14A,PPC4A
AWSG14A,SIMM180
AWSG14A,SPBS8AR
AWSG14A,SGD2BR
KRA4059FPJK,KRA2007FPBO
KRA4059FPJK,PLRK30
KRA4059FPJK,KRSC46HPBO
KRA4059FPJK,KCP1422PBO
KRA4059FPJK,SNA-TBP14
KRA4059FPJK,KRSC430APBO1
KRA4059FPJK,PLRK21
KRA4059FPJK,KRSC430APBO7
KRA4059FPJK,KCP2422PBO
KRA4059FPJK,KRSC343PBO
ECPRD068G,EEPV509
ECPRD068G,JCK8
ECPRD068G,SVTSRAD272U
ECPRD068G,RULER600
ECPRD068G,EEDM503D
ECPRD068G,ECPNH012
ECPRD068G,RULER6
ECPRD068G,ECSPH271
ECPRD068G,ECHDD012AR
ECPRD068G,TDG1
AWM14D,PPC4A
AWM14D,SRPCR3800
AWM14D,SGD4BR
AWM14D,SGDP31IRBR
AWM14D,91ACP
AWM14D,T72
AWM14D,SIMM210
AWM14D,SPBS12AR
AWM14D,SPBS18AR
AWM14D,SIMM160A
AWM2D,SPBS12AR
AWM2D,PL400B
AWM2D,T72
AWM2D,FXK11
AWM2D,FU8A
AWM2D,SIMM150A
AWM2D,SPBS18AR
AWM2D,FHLF80A
AWM2D,SPBS8AR
AWM2D,91ACP
AWSG800A,AWSGM800A
AWSG800A,AWSGT800A
AWSG800A,AWBSG800A
AWSG800A,AWBSGM800A
AWSG800A,AWSG24A
AWSG800A,EXD35A
AWSG800A,FHBB12A
AWSG800A,REX25C
AWSG800A,SGDTX90BR
AWSG800A,S321
AW16D,SGASA204CR
AW16D,SGDP42IRBR
AW16D,SPBS704AR
AW16D,SIMM160A
AW16D,SGDX80BR
AW16D,SGD4BR
AW16D,SGDP31IRBR
AW16D,T72
AW16D,SIMM210
AW16D,TMXK2
AWCGT27,SGDX80BR
AWCGT27,SHD1R
AWCGT27,AWCGT27
AWCGT27,AWCGT40
AWCGT27,AWCGT30
AWCGT27,AWCGT500
AWCGT27,AWCG1600B
AWCGT27,AWMCG1600B
AWCGT27,AWCGT25
AWCGT27,AWCGT45
97ACF,SGT4BR
97ACF,PRH57A
97ACF,LP10WR
97ACF,AWM110DHK
97ACF,206EAU
97ACF,SOEX38
97ACF,FADH12C
97ACF,2004BSKA
97ACF,TMM4
97ACF,UPTM65K
AWM17D,SRPCR4700
AWM17D,FU8A
AWM17D,BLPTHC87
AWM17D,SIMM240
AWM17D,SHD1R
AWM17D,SPBS8AR
AWM17D,A2A
AWM17D,SGD6BR
AWM17D,FXK3
AWM17D,PPC4A
LDH422A,LDH362
LDH422A,LDH602
LDH422A,LDH442
LDH422A,LDH402
LDH422A,LDH462
LDH422A,LDH482
LDH422A,L62
LDH422A,L8112A
LDH422A,YA4275
LDH422A,211SFSY
CTQ838K2,CT825DB
CTQ838K2,PT338
CTQ838K2,CTS561BITSET
CTQ838K2,CT9080K2
CTQ838K2,CTB8174
CTQ838K2,CTR862DB
CTQ838K2,PTGR110
CTQ838K2,PTGR100
CTQ838K2,DB121C
CTQ838K2,CTC772A
CTR762K2,DB129C
CTR762K2,PTR2505
CTR762K2,PH3050BR
CTR762K2,CTSG861DB
CTR762K2,CT9080K2
CTR762K2,CT825DB
CTR762K2,AT109
CTR762K2,CTB8174
CTR762K2,PDR3000A
CTR762K2,PTB32K
QE1R200,SRPCR3800
QE1R200,SGD4BR
QE1R200,SGDP31IRBR
QE1R200,SPBS18AR
QE1R200,SPBS8AR
QE1R200,GFAT1E
QE1R200,ATECH2FR125B
QE1R200,SIMM210
QE1R200,FXK3
QE1R200,F80
ACT900,ACT1297
ACT900,ACTR4151A
ACT900,ACT1290A
ACT900,ACT51234A
ACT900,ACT413A
ACT900,EFPHANNIBALB
ACT900,YAKS42
ACT900,FB361A
ACT900,JCK7DBL
ACT900,MAGDISH
OEXM707B,OEX707B
OEXM707B,206AFSP
OEXM707B,BF775C-A
OEXM707B,BCS70A
OEXM707B,OXIM707SBK
OEXM707B,FSS141
OEXM707B,FSS161
OEXM707B,2004BSKA
OEXM707B,117TMM
OEXM707B,FS241
ECHDD012A,ECHDD012A
ECHDD012A,ECPNJ032
ECHDD012A,GLOVEORIGPLUSL
ECHDD012A,ECHDD012AR
ECHDD012A,LBUK1
ECHDD012A,GLOVE300BL
ECHDD012A,ECARL032R
ECHDD012A,MAGMAT
ECHDD012A,ECPNI032R
ECHDD012A,TPGDL2000
CTRS761AGK2,CT9080K2
CTRS761AGK2,PDR5000A
CTRS761AGK2,PSO4625
CTRS761AGK2,DB129C
CTRS761AGK2,DB121C
CTRS761AGK2,CT825DB
CTRS761AGK2,CTR867AK2
CTRS761AGK2,CTR861AK2
CTRS761AGK2,VWB8B
CTRS761AGK2,CTQ838DB
CTNIB761K2,MG725A
CTNIB761K2,CTB8174
CTNIB761K2,CTC131A
CTNIB761K2,AT5500
CTNIB761K2,PH3050BR
CTNIB761K2,PTGR100
CTNIB761K2,PSO4625
CTNIB761K2,CTR861AK2
CTNIB761K2,CTINF9010
CTNIB761K2,CTNN13KF
AWCG1606B,SGD4BR
AWCG1606B,SGASA204CR
AWCG1606B,91ACP
AWCG1606B,SIMM150A
AWCG1606B,PPC4A
AWCG1606B,A2A
AWCG1606B,SIMM160A
AWCG1606B,PPC103A
AWCG1606B,FX1
AWCG1606B,FXK11
AWCGT10,F80
AWCGT10,PL400B
AWCGT10,FXK11
AWCGT10,SGDP31IRBR
AWCGT10,96ACF
AWCGT10,FU8A
AWCGT10,SIMM190
AWCGT10,SGD8BR
AWCGT10,SGASA204CR
AWCGT10,SIMM150A
GLOVE502BXLB,EEPV503
GLOVE502BXLB,TDG1
GLOVE502BXLB,AT4101
GLOVE502BXLB,EECT400
GLOVE502BXLB,EEDM525F
GLOVE502BXLB,EEDM596FK
GLOVE502BXLB,RULER601
GLOVE502BXLB,RULER602
GLOVE502BXLB,GLASS50R
GLOVE502BXLB,EEPV500
BTCP2SA,BTCW800
BTCP2SA,206ESSPKPLG
BTCP2SA,VGP104
BTCP2SA,LSR1250
BTCP2SA,OFSKIT
BTCP2SA,A127
BTCP2SA,SIMM320
BTCP2SA,B3404B
BTCP2SA,OFCA2
BTCP2SA,OEXM240B
MRB5B,MRB5B
MRB5B,MAGMAT
MRB5B,ITHE100
MRB5B,MRB10B
MRB5B,MRB15B
MRB5B,ACT1290A
MRB5B,TPGIF1600A
MRB5B,LBUK1
MRB5B,JCW80AR
MRB5B,RULER602
KRSC343PDC,SNA-TBP14
KRSC343PDC,KRA2406BPBO
KRSC343PDC,KRA2422PBO
KRSC343PDC,KRSC326FPBO
KRSC343PDC,KRSC430APBO7
KRSC343PDC,KRA4059FPBO
KRSC343PDC,KCP2422PBO
KRSC343PDC,KRA4813FPBO
KRSC343PDC,A277
KRSC343PDC,YA438B
KRSC343PJK,KRSC430APBO7
KRSC343PJK,KRSC46HPBO
KRSC343PJK,KRA2422PBO
KRSC343PJK,SNA-TBP14
KRSC343PJK,KRSC326FPBO
KRSC343PJK,MRB12B
KRSC343PJK,KRA2411PBO
KRSC343PJK,KCP2422PBO
KRSC343PJK,KRA2007FPBO
KRSC343PJK,KAERNADD6RD
KRA2007FPCM,KRSC326FPBO
KRA2007FPCM,KCP2422PBO
KRA2007FPCM,KACKMCFIBER1
KRA2007FPCM,KRA2422PBO
KRA2007FPCM,PLRK27
KRA2007FPCM,A277
KRA2007FPCM,KRSC430APBO7
KRA2007FPCM,PLRK21
KRA2007FPCM,KRA2407PBO
KRA2007FPCM,KRA25D
EEDMDVA,ECFB200BL
EEDMDVA,EEPV509
EEDMDVA,EEDMDVA
EEDMDVA,EEPV503
EEDMDVA,CAL6V
EEDMDVA,MTIND683A
EEDMDVA,ITHE100
EEDMDVA,BB9008
EEDMDVA,PGP50
EEDMDVA,MTTL800
KRA2055FPBO,KWSP2455AST
KRA2055FPBO,KCP2422PBO
KRA2055FPBO,KRSC326FPBO
KRA2055FPBO,KRA4059FPBO
KRA2055FPBO,SNA-TBP14
KRA2055FPBO,YA438B
KRA2055FPBO,KRA4813FPBO
KRA2055FPBO,KRA2422PBO
KRA2055FPBO,KRWT2411
KRA2055FPBO,KAERNADD6RD
BOERM21,BOERM22
BOERM21,BOERM24
BOERM21,BOERM18
BOERM21,TMM16
BOERM21,131TMPB
BOERM21,PPCL60BK
BOERM21,AWCGT500
BOERM21,QD3RN350A
BOERM21,FSM71
BOERM21,PHP2A
BOERM22,BOERM24
BOERM22,BOERM21
BOERM22,SGASA104BR
BOERM22,TMM16
BOERM22,131TMPB
BOERM22,SFSM21
BOERM22,SFSM6
BOERM22,HBPT24
BOERM22,FF80A
BOERM22,QD2R100A
BTCP1,305TSKTA
BTCP1,312IMMS
BTCP1,LSR1150
BTCP1,LSR2000
BTCP1,307IPLMY
BTCP1,BTG9
BTCP1,LSR1250
BTCP1,LSR1000EXT
BTCP1,LP404
BTCP1,TF72
CL406A,SG5ASABR
CL406A,UTS105A
CL406A,SGDXL80BR
CL406A,VGP12808
CL406A,VGP12418
CL406A,VGP12509
CL406A,VGP12406
CL406A,VGP12412
CL406A,YA109C
CL406A,PKB52A
CS1,FM16
CS1,FM11
CS1,TM84
CS1,VO1416B
CS1,VO1012B
CS1,VO1820B
CS1,VO2224B
CS1,VO3032B
CS1,FM19
CS1,FM14
ECFLK078,SOSGFLXCLR
ECFLK078,JCK8
ECFLK078,ECPNH012
ECFLK078,FB336
ECFLK078,EEPV509
ECFLK078,TPGDL2000
ECFLK078,RULER600
ECFLK078,ECHDF042
ECFLK078,GLASS30R
ECFLK078,ECHDD012AR
EEBM600,EEDM503D
EEBM600,GLASS50R
EEBM600,EEBM600
EEBM600,EEJP201MBKA-NA
EEBM600,RTEMPB7
EEBM600,CAL6EA
EEBM600,EECS150
EEBM600,MTTL300
EEBM600,GA296B
EEBM600,EEPV503
EECR1C,EECR1C
EECR1C,MTTL7005PK
EECR1C,RTEMP8
EECR1C,MTTL700
EECR1C,ECPNJ032
EECR1C,EEDM503D
EECR1C,YA832A
EECR1C,BB9008
EECR1C,ECHDF042
EECR1C,MAGDISH
BLPHSM142,TMXK4
BLPHSM142,FHLF80A
BLPHSM142,ATECH3FR300B
BLPHSM142,SGD4BR
BLPHSM142,SPBS12AR
BLPHSM142,TMXK2
BLPHSM142,91ACP
BLPHSM142,PL400B
BLPHSM142,FXK6
BLPHSM142,SGD8BR
BLPTL1415,BLPTL148
BLPTL1415,BLPTL1410
BLPTL1415,BLPTL147
BLPTL1415,BLPTL1427
BLPTL1415,BLPTL3845
BLPTL1415,BLPTL1420
BLPTL1415,BLPTL1425
BLPTL1415,BLPTL3850
BLPTL1415,BLPTL1255
BLPTL1415,BLPTL1430
BLPTL149,BLPTL149
BLPTL149,BLPTL3850
BLPTL149,BLPTL3845
BLPTL149,BLPTL146
BLPTL149,BLPTL148
BLPTL149,BLPTL147
BLPTL149,BLPTL1410
BLPTL149,BLPTL1415
BLPTL149,BLPTL1427
BLPTL149,BLPTL3840
BL1B,BTC8A
BL1B,TR108
BL1B,2005BSKA
BL1B,B260A
BL1B,SDMV208
BL1B,TR107A
BL1B,PT40B
BL1B,196ACF
BL1B,BTCP600
BL1B,SDDDM1AR
BF775C-A,14V
BF775C-A,GA243
BF775C-A,14V12
BF775C-A,UTV614A
BF775C-A,DPT7A
BF775C-A,A159
BF775C-A,UTV615A
BF775C-A,PK50A
BF775C-A,PK500A
BF775C-A,AWM12D
BLPH1214,BLPH1214
BLPH1214,SFSM10
BLPH1214,GSAF1F
BLPH1214,BLPHM1212
BLPH1214,BLPH1217
BLPH1214,FAM8E
BLPH1214,BLPH1219
BLPH1214,207EFAMY
BLPH1214,BLPTS1420
BLPH1214,BLPTS1415
BLPH1418,BLPH14532
BLPH1418,BLPT1427
BLPH1418,BLPT3840
BLPH1418,BLPH14732
BLPH1418,BLPH14964
BLPH1418,BLPH14316
BLPH1418,BLPH1414
BLPH1418,BLPH3838
BLPH1418,BLPH387
BLPH1418,BLPH124
BLPHL1418,BLPHL1418
BLPHL1418,BLPH126
BLPHL1418,BLPH125
BLPHL1418,BLPHL14316
BLPHL1418,BLPHL14532
BLPHL1418,BLPH1418
BLPHL1418,BLPH14316
BLPHL1418,BLPH14732
BLPHL1418,BLPH14964
BLPHL1418,BLPH1414
BLPHL3838,96ACF
BLPHL3838,A2A
BLPHL3838,PL400B
BLPHL3838,SGDX80BR
BLPHL3838,SIMM240
BLPHL3838,PPC103A
BLPHL3838,TMXK60
BLPHL3838,ATECH3FR300B
BLPHL3838,SIMM180
BLPHL3838,SIMM170
BLPHL387,BLPHL387
BLPHL387,BLPH124
BLPHL387,BLPH125
BLPHL387,BLPHL3810
BLPHL387,BLPHL388
BLPHL387,BLPH389
BLPHL387,BLPH387
BLPHL387,BLPH38732
BLPHL387,BLPH388
BLPHL387,BLPH386
BLPT3840,BLPT3850
BLPT3840,BLPT1420
BLPT3840,BLPT1427
BLPT3840,BLPT1425
BLPT3840,BLPT1255
BLPT3840,BLPT1430
BLPT3840,BLPH38732
BLPT3840,BLPH387
BLPT3840,BLPT149
BLPT3840,BLPTL3850
BLPTL1410,BLPTL148
BLPTL1410,BLPTL1415
BLPTL1410,BLPTL146
BLPTL1410,BLPTL147
BLPTL1410,BLPTL1427
BLPTL1410,BLPTL1420
BLPTL1410,BLPTL3845
BLPTL1410,BLPTL3850
BLPTL1410,BLPT1410
BLPTL1410,BLPT3840
BLPTXK4,BLPSM147
BLPTXK4,BLPSM1412
BLPTXK4,BLPSM144
BLPTXK4,BLPSM149
BLPTXK4,BLPSM145
BLPTXK4,BLPSM146
BLPTXK4,BLPSM1411
BLPTXK4,BLPSM148
BLPTXK4,BLPSM1410
BLPTXK4,106TMUSA
BLPBTW4,BLPBTW6
BLPBTW4,BLPBTW8
BLPBTW4,BTWS
BLPBTW4,SSDMRT8A
BLPBTW4,RBYA605
BLPBTW4,PWC52A
BLPBTW4,SGDMRC11A
BLPBTW4,F4LBK
BLPBTW4,ADCF8
BLPBTW4,XFR704
BLPBTWSET,208FRDH
BLPBTWSET,SGDMRC103A
BLPBTWSET,103TMXKLA
BLPBTWSET,BTWSMPK
BLPBTWSET,HSPD16
BLPBTWSET,YA2019
BLPBTWSET,WTG10A
BLPBTWSET,SSF1
BLPBTWSET,F4LBK
BLPBTWSET,WTG8A
BLPHEXS1418,BLPTORX1410
BLPHEXS1418,BLPXZNM389
BLPHEXS1418,206EFAML
BLPHEXS1418,XLE605
BLPHEXS1418,207IMFLE
BLPHEXS1418,111TMUSMA
BLPHEXS1418,IMFLE120A
BLPHEXS1418,FHOF80A
BLPHEXS1418,HCP10
BLPHEXS1418,FAML6E
LDT40,BTK7A
LDT40,SHCP1B
LDT40,PBMP12A
LDT40,LIL59000
LDT40,XLE605
LDT40,BJP1
LDT40,BLPEXTF388
LDT40,SGA1714B
LDT40,SRP3B
LDT40,PHP1A
LDTJT512,LDTJT538
LDTJT512,TMXK60
LDTJT512,SPBS18AR
LDTJT512,TMXK4
LDTJT512,SGD4BR
LDTJT512,SIMM200
LDTJT512,BLPTHC87
LDTJT512,ATECH2FR125B
LDTJT512,SIMM240
LDTJT512,SPBS8AR
LDTJT538,LDTJT512
LDTJT538,SGDP42IRBR
LDTJT538,BLPTHC87
LDTJT538,47ACF
LDTJT538,SIMM170
LDTJT538,ATECH2FR125B
LDTJT538,FXK3
LDTJT538,SIMM240
LDTJT538,SRPCR4700
LDTJT538,SIMM220
FSPPRK,SIMM170
FSPPRK,BLPTHC87
FSPPRK,SPBS8AR
FSPPRK,FHLF80A
FSPPRK,SGDP31IRBR
FSPPRK,ATECH2FR125B
FSPPRK,SGD4BR
FSPPRK,ATECH3FR300B
FSPPRK,SIMM180
FSPPRK,96ACF
GLOVEORIGPLUSM,JCK8
GLOVEORIGPLUSM,EECT200
GLOVEORIGPLUSM,JCK7DBL
GLOVEORIGPLUSM,FB316B
GLOVEORIGPLUSM,RULER600
GLOVEORIGPLUSM,GLASS50R
GLOVEORIGPLUSM,TPGDL2000
GLOVEORIGPLUSM,ECHDF042
GLOVEORIGPLUSM,AT4101
GLOVEORIGPLUSM,YA4000B
HP650,SF141
HP650,SF121
HP650,F221
HP650,BTWOS
HP650,BTWROS
HP650,BTWS
HP650,SF281
HP650,SF241
HP650,SF221
HP650,F261
SEPHVACAO,SIMM200
SEPHVACAO,SGDP31IRBR
SEPHVACAO,SGASA204CR
SEPHVACAO,FXK6
SEPHVACAO,TMXK4
SEPHVACAO,SIMM170
SEPHVACAO,PPC103A
SEPHVACAO,TMXK2
SEPHVACAO,T72
SEPHVACAO,FHLF80A
L872RJ,L8112A
L872RJ,L872RM
L872RJ,L62
L872RJ,429IM
L872RJ,L122
L872RJ,LDH442
L872RJ,LDH402
L872RJ,LDH482
L872RJ,LDH522
L872RJ,SOEX36
SEPPROK12PBOA,F80
SEPPROK12PBOA,96ACF
SEPPROK12PBOA,SIMM220
SEPPROK12PBOA,SGDP42IRBR
SEPPROK12PBOA,SIMM180
SEPPROK12PBOA,SRPCR3800
SEPPROK12PBOA,SIMM170
SEPPROK12PBOA,47ACF
SEPPROK12PBOA,SRPCR4700
SEPPROK12PBOA,SGD2BR
SHN36,FHBB18A
SHN36,SHBB24
SHN36,FHBB12A
SHN36,FHOF80A
SHN36,311IMFSY
SHN36,IPL32C
SHN36,SHLL80A
SHN36,313SMYA
SHN36,312IPLM
SHN36,PWZ4
TA3,FA12LE
TA3,XS1820A
TA3,PKN9
TA3,GLAS1F
TA3,VO2224B
TA3,XS1214A
TA3,SGDE220ESD
TA3,TM84
TA3,SGDE225ESD
TA3,SGDE215ESD
KRSC2460PBO1,KACKFLTCLNR
KRSC2460PBO1,SNA-TBP14
KRSC2460PBO1,KRSC326FPBO
KRSC2460PBO1,KRSC46HPBO
KRSC2460PBO1,KRSC430APBO7
KRSC2460PBO1,KAERNADD6RD
KRSC2460PBO1,KRSC323PBO
KRSC2460PBO1,KRA2411PBO
KRSC2460PBO1,KRA2422PBO
KRSC2460PBO1,KRA5311FPBO
KRSC2460PWZ1,SNA-TBP14
KRSC2460PWZ1,KRA6200FPBO
KRSC2460PWZ1,KRA2422PBO
KRSC2460PWZ1,TB40C
KRSC2460PWZ1,KRSC46HPBO
KRSC2460PWZ1,KWSN2455ABL
KRSC2460PWZ1,KRSC430APBO7
KRSC2460PWZ1,KCP2422PBO
KRSC2460PWZ1,KCP1422PBO
KRSC2460PWZ1,KWSP2455AST
UIM225,UPT35
UIM225,PRH57A
UIM225,PK23A
UIM225,PKN9
UIM225,SGDE220ESD
UIM225,TMU181A
UIM225,317AMMPC
UIM225,206EAU
UIM225,AWCGT500
UIM225,TWM31
206AFXWP,106ATMXW
206AFXWP,305SXWP
206AFXWP,110ETMAY
206AFXWP,214SFY
206AFXWP,SSFP1
206AFXWP,305ASX
206AFXWP,SGDMRCE44
206AFXWP,S8
206AFXWP,124STTMM
206AFXWP,110TMSY
TMD10,TMD16
TMD10,TMD14
TMD10,TMD9
TMD10,TMD11
TMD10,TMD18
TMD10,TMD6
TMD10,TMD12
TMD10,TMD7
TMD10,XS67A
TMD10,VO2628B
OXI707BK,OXIM710B
OXI707BK,OEXS709B
OXI707BK,OXIM707SBK
OXI707BK,XB605A
OXI707BK,OEX080B
OXI707BK,PWC52A
OXI707BK,YA2019
OXI707BK,ST50A
OXI707BK,OEXL707B
OXI707BK,YA337A
AWTR8-7,PL400B
AWTR8-7,SIMM240
AWTR8-7,SGDP42IRBR
AWTR8-7,SGASA204CR
AWTR8-7,FHLF80A
AWTR8-7,ATECH2FR125B
AWTR8-7,BLPTHC87
AWTR8-7,SPBS8AR
AWTR8-7,SGDP31IRBR
AWTR8-7,SIMM180
GLOVE503CMA,GLOVE309L
GLOVE503CMA,GLASS50R
GLOVE503CMA,EECT400
GLOVE503CMA,RULER6
GLOVE503CMA,EEDM596FK
GLOVE503CMA,EEPV509
GLOVE503CMA,FB336
GLOVE503CMA,TPGDL2000
GLOVE503CMA,EEDM525F
GLOVE503CMA,ECSPH271
PSO4525,VWB5B
PSO4525,DB121C
PSO4525,PTGR100
PSO4525,PSO4625
PSO4525,PTC250
PSO4525,AT118
PSO4525,AT109
PSO4525,DBBPT13
PSO4525,PTGR110
PSO4525,AT408
KRSC323PWZ,KRSC430APBO1
KRSC323PWZ,KAERNADD6RD
KRSC323PWZ,KRSC343PBO
KRSC323PWZ,KWSP2455AST
KRSC323PWZ,A277
KRSC323PWZ,KRSC326FPBO
KRSC323PWZ,YA450B
KRSC323PWZ,PLRK21
KRSC323PWZ,KCP2422PBO
KRSC323PWZ,KCP1422PBO
HBFE16O,30SSD
HBFE16O,HBBD16
HBFE16O,BF775C-A
HBFE16O,A3042
HBFE16O,HSPD16
HBFE16O,B1467A
HBFE16O,A161B
HBFE16O,S6112
HBFE16O,YA900
HBFE16O,OEX707B
KRBC100APWZ,KRA2411PBO
KRBC100APWZ,KRWT2411
KRBC100APWZ,KRA24
KRBC100APWZ,KCP2422PBO
KRBC100APWZ,A277
KRBC100APWZ,TB20AC
KRBC100APWZ,KRSC430APBO7
KRBC100APWZ,KRSC323PBO
KRBC100APWZ,KRA4107FPBO
KRBC100APWZ,KRSC326FPBO
312SIMM,312IMM
312SIMM,305SIMMY
312SIMM,SIMM290
312SIMM,UPTM65K
312SIMM,SIMM340
312SIMM,310TWMYA
312SIMM,SIMM300
312SIMM,SIM340
312SIMM,SIMM360
312SIMM,YA4275
GLOVE309XL,GLOVEORIGPLUSL
GLOVE309XL,GLOVE300BL
GLOVE309XL,YA427B
GLOVE309XL,GLOVE900LR
GLOVE309XL,GLASS50R
GLOVE309XL,GLASS30R
GLOVE309XL,GLOVE503CLA
GLOVE309XL,GLOVE1100L
GLOVE309XL,SOSG01BKCL01
GLOVE309XL,MTTL700
TPGDL2000HV,TDG2
TPGDL2000HV,CAL6EBR
TPGDL2000HV,TDG1
TPGDL2000HV,ACT73A
TPGDL2000HV,EECS150
TPGDL2000HV,YA1050B
TPGDL2000HV,EECT400
TPGDL2000HV,EECT424HD
TPGDL2000HV,ECPNI032R
TPGDL2000HV,JT13B
206AFSP,AWM110DHK
206AFSP,SEPPT850KA
206AFSP,107ATMPB
206AFSP,OEXM707B
206AFSP,AWM12D
206AFSP,144TMPB
206AFSP,S9704KA
206AFSP,14V
206AFSP,TWM30
206AFSP,AF102
313SMYA,313SYA
313SMYA,SWM251
313SMYA,TWM29
313SMYA,S321
313SMYA,S281
313SMYA,SWM291
313SMYA,TMC105E
313SMYA,SWM281
313SMYA,SWM161
313SMYA,SWM241
PKN9,SGDE220ESD
PKN9,SGDEP200ESD
PKN9,TMU181A
PKN9,TMU161A
PKN9,TMU141A
PKN9,PPK300
PKN9,AWP45
PKN9,TMA5E
PKN9,TMA6E
PKN9,SSF1
ATECHFSET02R,PL1000START
ATECHFSET02R,PBFT50R
ATECHFSET02R,HBBD56
ATECHFSET02R,XFRRM705
ATECHFSET02R,OEXM7B
ATECHFSET02R,325SIMM
ATECHFSET02R,SRP3B
ATECHFSET02R,411CF
ATECHFSET02R,SHCP1B
ATECHFSET02R,PHG1055BK
SOEXM8,SOEXM9
SOEXM8,SEPPREATV
SOEXM8,SOEX704
SOEXM8,340SSDP
SOEXM8,10SSD
SOEXM8,AW1020DK
SOEXM8,PTIM5
SOEXM8,OXIM6B
SOEXM8,212EFTAY
SOEXM8,TFM7530B
206EFAML,307ESAMY
206EFAML,208EFTAMXSY
206EFAML,206EFABLM
206EFAML,PK500A
206EFAML,HBPT24
206EFAML,206EFABL
206EFAML,IPL20C
206EFAML,IPL28C
206EFAML,S6110A
206EFAML,SDMT25D
AT811,PH3050BR
AT811,PSO4625
AT811,AT109
AT811,CT9080K2
AT811,PT850
AT811,CTC131A
AT811,CTCO861K2
AT811,PTGR450
AT811,CTS561BITSET
AT811,CTR862DB
CT9175K2,CTB8174
CT9175K2,PH3050BR
CT9175K2,CTQ838DB
CT9175K2,DB129C
CT9175K2,DB121C
CT9175K2,CTNN13KF
CT9175K2,CT9080K2
CT9175K2,CTR862DB
CT9175K2,MG325
CT9175K2,DBTB121
206EAU,317AMMPC
206EAU,114ATMP
206EAU,317MSPC
206EAU,117TMM
206EAU,PRH57A
206EAU,FRX181
206EAU,AC5C
206EAU,YA2850A
206EAU,SOEX707
206EAU,TMM4
SGD2BG,SGDP31IRBR
SGD2BG,SGD4BR
SGD2BG,SGDP42IRBR
SGD2BG,SGD6BR
SGD2BG,SGD8BR
SGD2BG,SGDP64IRBR
SGD2BG,SGDP63IRBR
SGD2BG,SHD1R
SGD2BG,OFW2
SGD2BG,206EAU
325SIMM,320SIM
325SIMM,312IPL
325SIMM,312IPLM
325SIMM,425IMM
325SIMM,IPLM12C
325SIMM,IPL34C
325SIMM,IPLM15C
325SIMM,IPLM24C
325SIMM,IPLM14C
325SIMM,IPLM18C
HCP48BCFG,SHP2KT
HCP48BCFG,SGA175BR
HCP48BCFG,SGAS102BG
HCP48BCFG,PHP1A
HCP48BCFG,CSSD50R
HCP48BCFG,PHP2A
HCP48BCFG,SGA102BR
HCP48BCFG,SGA1714B
HCP48BCFG,SHCP1B
HCP48BCFG,GAX36
VWB7B,CTR867AK2
VWB7B,PDR3000A
VWB7B,PTC250
VWB7B,AT118
VWB7B,CTCO861K2
VWB7B,CTDFL861
VWB7B,CTS561BITSET
VWB7B,AT2050
VWB7B,CTR862DB
VWB7B,AT700F
YA6930,EEDM504F
YA6930,GLASS30R
YA6930,RULER6
YA6930,MAGMAT
YA6930,MAGDISH
YA6930,EEBC30A12V
YA6930,FB336
YA6930,RULER602
YA6930,EECT200
YA6930,YA4000B
AWM8D,SGDP31IRBR
AWM8D,PPC4A
AWM8D,A2A
AWM8D,SPBS8AR
AWM8D,SIMM190
AWM8D,PL400B
AWM8D,SPBS12AR
AWM8D,SIMM170
AWM8D,TMU8B
AWM8D,47ACF
TTX15E,TTX20E
TTX15E,TTX10E
TTX15E,TTX8E
TTX15E,TTX25E
TTX15E,TTX27E
TTX15E,FTX50E
TTX15E,FTX40E
TTX15E,FTX45E
TTX15E,FTX60E
TTX15E,1210B
KRA2422POT,YA389A
KRA2422POT,KRA2422PBO
KRA2422POT,KRSC430APBO1
KRA2422POT,KWSN2455AST
KRA2422POT,KRWT2411
KRA2422POT,KWSP2455ABL
KRA2422POT,KWSN2455ABL
KRA2422POT,KWSP2455AST
KRA2422POT,KCP1422PBO
KRA2422POT,KRA2411PBO
CSSD1B,CSSD50R
CSSD1B,CSA14CR
CSSD1B,PKWSS53A
CSSD1B,CSA12CR
CSSD1B,SGAS102BG
CSSD1B,EXD35A
CSSD1B,PHP3A
CSSD1B,IPL20C
CSSD1B,IPL18C
CSSD1B,PBS704
AWBSG24A,FU8A
AWBSG24A,BLPTHC87
AWBSG24A,SGDP42IRBR
AWBSG24A,SIMM190
AWBSG24A,GFAT1E
AWBSG24A,A2A
AWBSG24A,SIMM240
AWBSG24A,ATECH2FR125B
AWBSG24A,T72
AWBSG24A,PPC4A
KRA4813FPWZ,KRA4114FPBO
KRA4813FPWZ,KRA4810FPBO
KRA4813FPWZ,KRSC46HPBO
KRA4813FPWZ,TB40C
KRA4813FPWZ,KAERNADD6RD
KRA4813FPWZ,KRSC430APBO1
KRA4813FPWZ,KWSP2455AST
KRA4813FPWZ,KRA2411PBO
KRA4813FPWZ,PLRK21
KRA4813FPWZ,YA438B
AWSGM4A,91ACP
AWSGM4A,BLPTHC87
AWSGM4A,SIMM150A
AWSGM4A,SGDP42IRBR
AWSGM4A,SRPCR4700
AWSGM4A,96ACF
AWSGM4A,FXK6
AWSGM4A,SGD8BR
AWSGM4A,SIMM160A
AWSGM4A,TMXK60
PPC105A,PPC203A
PPC105A,PPC820B
PPC105A,PPC816B
PPC105A,PPC103A
PPC105A,PPC208A
PPC105A,PPC204A
PPC105A,PPC210A
PPC105A,OEXM6B
PPC105A,BTC7B
PPC105A,PPC3A
SPBS704AR,UIM225
SPBS704AR,206EAU
SPBS704AR,SR40K
SPBS704AR,TMM4
SPBS704AR,SRPCR105
SPBS704AR,212SFSMY
SPBS704AR,STMM15
SPBS704AR,HBBD24
SPBS704AR,SFSM18
SPBS704AR,PPC710BK
OEXM90B,OEXM80B
OEXM90B,OEXM260B
OEXM90B,OEXM290B
OEXM90B,OEXM7B
OEXM90B,PKNG90
OEXM90B,TWM30
OEXM90B,PPB826A
OEXM90B,131TMPB
OEXM90B,CSA12CR
OEXM90B,AWMEF8K
TMD11,TMD16
TMD11,TMD9
TMD11,TMD6
TMD11,TMD7
TMD11,TMD18
TMD11,TMD14
TMD11,TMD10
TMD11,TMD12
TMD11,XS1012A
TMD11,XS1820A
GAW1900A,BLPH389
GAW1900A,BLPH124
GAW1900A,BLPH388
GAW1900A,BLPH3814
GAW1900A,BLPH1418
GAW1900A,BLPH14732
GAW1900A,BLPH14316
GAW1900A,BLPH14964
GAW1900A,BLPH1414
GAW1900A,BLPH38516
TMMDS14,TMMDS15
TMMDS14,TMMDS11
TMMDS14,TMMDS5.5
TMMDS14,TMMDS5
TMMDS14,TMMDS9
TMMDS14,TMMDS6
TMMDS14,TMMDS7
TMMDS14,TMMDS13
TMMDS14,TMMDS8
TMMDS14,TMMD5
OEXS709B,OEX080B
OEXS709B,OEXSM710B
OEXS709B,OXI707BK
OEXS709B,OEXL707B
OEXS709B,XB605A
OEXS709B,OXIM707SBK
OEXS709B,OXIM710B
OEXS709B,211FCOA
OEXS709B,TN72
OEXS709B,RXS605B
SIMM320,SIMM360
SIMM320,SIMM300
SIMM320,SIMM340
SIMM320,SIMM350
SIMM320,LSR1250
SIMM320,ACT1370
SIMM320,SWM101A
SIMM320,BOERM22
SIMM320,TMM16
SIMM320,OEXM7B
RTEMP8,MTEE6
RTEMP8,ECPNH012UV
RTEMP8,RTEMP8
RTEMP8,ACT925
RTEMP8,EEDM596FK
RTEMP8,YA4000B
RTEMP8,CAL6DA
RTEMP8,MTTL700
RTEMP8,EEPV509
RTEMP8,RADKITULTRA
KRSC430APES1,KRSC323PBO
KRSC430APES1,MRB12B
KRSC430APES1,KCP2422PBO
KRSC430APES1,KRSC326FPBO
KRSC430APES1,KRSC46HPBO
KRSC430APES1,KRA2407PBO
KRSC430APES1,KCP1422PBO
KRSC430APES1,KRA4059FPBO
KRSC430APES1,KRA4813FPBO
KRSC430APES1,KRA2422PBO
VWB6B,AT425R
VWB6B,DB121C
VWB6B,AT2050
VWB6B,CTR862DB
VWB6B,PTB32K
VWB6B,CTS561BITSET
VWB6B,CTINF9010
VWB6B,CTSG861DB
VWB6B,CTNN13KF
VWB6B,VWB8B
SHX80BO,THLX72
SHX80BO,FHLX80B
SHX80BO,THRLX72
SHX80BO,FHLF80A
SHX80BO,SHN36
SHX80BO,305SXWP
SHX80BO,THNF72
SHX80BO,PPC210BK
SHX80BO,FHR80
SHX80BO,SXK3
SGDP31IRBR,SGD4BR
SGDP31IRBR,SGDP42IRBR
SGDP31IRBR,SGD2BR
SGDP31IRBR,SGD6BR
SGDP31IRBR,SGD8BR
SGDP31IRBR,SGDP64IRBR
SGDP31IRBR,SGDP63IRBR
SGDP31IRBR,AC58E
SGDP31IRBR,TMM4
SGDP31IRBR,AWS13
TPMB25GRN,RULER6
TPMB25GRN,UTK150
TPMB25GRN,JCK7DBL
TPMB25GRN,TPMB25EM
TPMB25GRN,RULER601
TPMB25GRN,AT4101
TPMB25GRN,ECHDF042
TPMB25GRN,TPM16ORG
TPMB25GRN,TPMB25ORG
TPMB25GRN,TPM16EM
SGA1710BR,SGA1712BR
SGA1710BR,SGA1711BR
SGA1710BR,SGA175BR
SGA1710BR,SGA1713B
SGA1710BR,SGA173BR
SGA1710BR,SGA174BR
SGA1710BR,SHCP1B
SGA1710BR,SGA1714B
SGA1710BR,SGD4120BR
SGA1710BR,PWZ3A
BT15,131A
BT15,SGASA204CR
BT15,BT518
BT15,BT1360
BT15,B3404B
BT15,BT11
BT15,B1356E
BT15,BTCP600
BT15,212IMFMSYA
BT15,SRPCR4700
SGASA204CR,FRX181
SGASA204CR,206EAU
SGASA204CR,LP10WR
SGASA204CR,HD6529
SGASA204CR,KAC1224TCA
SGASA204CR,UPT35
SGASA204CR,RC980
SGASA204CR,FAML6E
SGASA204CR,YA2850A
SGASA204CR,SGT4BR
SGDTX90BR,SGDXL80BR
SGDTX90BR,SRP3A
SGDTX90BR,OEXM7B
SGDTX90BR,TWM26
SGDTX90BR,YA337A
SGDTX90BR,AWSG800A
SGDTX90BR,SGDP162BR
SGDTX90BR,PBS704
SGDTX90BR,206AFSA
SGDTX90BR,TWM25
ECFDF108O,GLASS50R
ECFDF108O,MAGMAT
ECFDF108O,ECPNH012
ECFDF108O,EECT900
ECFDF108O,ECPNI032R
ECFDF108O,UTK100
ECFDF108O,RULER600
ECFDF108O,FB361A
ECFDF108O,TPGDL2000
ECFDF108O,EEDM503D
AWXL13-5/16,SGDP31IRBR
AWXL13-5/16,BLPTHC87
AWXL13-5/16,SIMM240
AWXL13-5/16,SIMM200
AWXL13-5/16,SGDP42IRBR
AWXL13-5/16,ATECH3FR300B
AWXL13-5/16,SGD4BR
AWXL13-5/16,SPBS704AR
AWXL13-5/16,SIMM210
AWXL13-5/16,TMXK4
IMM220,IMM210
IMM220,IMM240
IMM220,IMM230
IMM220,IMM200
IMM220,IMM190
IMM220,IMM170A
IMM220,IMM180
IMM220,IMM140A
IMM220,IM280
IMM220,IM240
AWMCG1608B,SGD6BR
AWMCG1608B,PL400B
AWMCG1608B,SIMM170
AWMCG1608B,SIMM240
AWMCG1608B,SGDP31IRBR
AWMCG1608B,ATECH2FR125B
AWMCG1608B,SPBS18AR
AWMCG1608B,SIMM150A
AWMCG1608B,GFAT1E
AWMCG1608B,SIMM160A
SOSG01BKCL01,SOSG01BKCL01
SOSG01BKCL01,MAGDISH
SOSG01BKCL01,ECARL032R
SOSG01BKCL01,GLASS90BYEAR
SOSG01BKCL01,GLOVE505RL
SOSG01BKCL01,GLOVE1100L
SOSG01BKCL01,LBUK1
SOSG01BKCL01,GA460B
SOSG01BKCL01,YA427B
SOSG01BKCL01,GLOVE900LR
PKNC075C2,TMXK60
PKNC075C2,SIMM210
PKNC075C2,SIMM160A
PKNC075C2,SIMM150A
PKNC075C2,SGD2BR
PKNC075C2,SGDP42IRBR
PKNC075C2,SPBS18AR
PKNC075C2,ATECH2FR125B
PKNC075C2,SIMM240
PKNC075C2,FXK11
106IPTMMA,207IPSFM
106IPTMMA,IPLM22C
106IPTMMA,207IPFM
106IPTMMA,IPLM21C
106IPTMMA,IPDLM13A
106IPTMMA,112SIMTMM
106IPTMMA,312IPLM
106IPTMMA,110MGMM
106IPTMMA,IPLM13C
106IPTMMA,204FXKLA
107ATMPB,OEX080B
107ATMPB,AVSNP01160
107ATMPB,VO806B
107ATMPB,206AFSP
107ATMPB,S6106KA
107ATMPB,196ACF
107ATMPB,211SFY
107ATMPB,SWM251
107ATMPB,AW1015DHK
107ATMPB,SF101
S6118A,BT11
S6118A,B1461
S6118A,131A
S6118A,2004BSKA
S6118A,AWTEF8K
S6118A,OFW3
S6118A,SWM101A
S6118A,OFW2
S6118A,OEXM6B
S6118A,AWMEF6K
TW201,TW141A
TW201,TW281
TW201,TW181A
TW201,TW361
TW201,TW301
TW201,TWM31
TW201,313TSYA
TW201,TWM29
TW201,313TWMYA
TW201,FRX181
FADH10C,FADH6C
FADH10C,FADH8C
FADH10C,SW341
FADH10C,FADH12C
FADH10C,210EFTXRY
FADH10C,PPCD70BK
FADH10C,FZ7A
FADH10C,317MSPC
FADH10C,114ATMP
FADH10C,TW361
PTR2500,PH3050BR
PTR2500,PTR2500
PTR2500,PDR5000A
PTR2500,PTR2505
PTR2500,PTR72
PTR2500,PDR3000A
PTR2500,MG325
PTR2500,PT338
PTR2500,PTGR110
PTR2500,PT850
305SXWP,206AFXW
305SXWP,106ATMXW
305SXWP,7031A
305SXWP,TD2425A
305SXWP,STX60E
305SXWP,BLPBSS40
305SXWP,OEX42B
305SXWP,313SWYA
305SXWP,313TSMYA
305SXWP,LDH342
FSPK,LDTJT512
FSPK,LDTJT538
FSPK,S6112
FSPK,B1467A
FSPK,S6110A
FSPK,S6111
FSPK,BT11
FSPK,FU8A
FSPK,TMXK4
FSPK,SHD1R
FSS121,FSS141
FSS121,FSS161
FSS121,FSS181
FSS121,BF775C-A
FSS121,212FSMSY
FSS121,OEXM707B
FSS121,A159
FSS121,TMMDS9
FSS121,TMMS9
FSS121,310SWMYA
AWSGT45A,SIMM150A
AWSGT45A,SGDP42IRBR
AWSGT45A,ATECH2FR125B
AWSGT45A,A2A
AWSGT45A,SIMM170
AWSGT45A,TMXK2
AWSGT45A,91ACP
AWSGT45A,SGD6BR
AWSGT45A,SPBS8AR
AWSGT45A,SIMM190
KRSC326FPC,KRA2007FPBO
KRSC326FPC,SNA-TBP14
KRSC326FPC,KACKMCFIBER1
KRSC326FPC,KRSC46HPBO
KRSC326FPC,TB50WC
KRSC326FPC,KCP1422PBO
KRSC326FPC,KRSC430APBO1
KRSC326FPC,PLRK21
KRSC326FPC,KRWT2411
KRSC326FPC,KRA5311FPBO
KRSC326FPOT,KRA2007FPBO
KRSC326FPOT,KRSC46HPBO
KRSC326FPOT,KRA2411PBO
KRSC326FPOT,KRA2407PBO
KRSC326FPOT,KRA4114FPBO
KRSC326FPOT,SNA-TBP14
KRSC326FPOT,TB20AC
KRSC326FPOT,KRA4107FPBO
KRSC326FPOT,PLRK30
KRSC326FPOT,KRA2422PBO
SFSM8,SFSM16
SFSM8,SFSM18
SFSM8,SFSM9
SFSM8,SFSM11
SFSM8,SFSM13
SFSM8,SFSM10
SFSM8,SFSM17
SFSM8,SFSM19
SFSM8,SFSM12
SFSM8,SFSM14
SFSM9,SFSM8
SFSM9,SFSM18
SFSM9,SFSM16
SFSM9,SFSM19
SFSM9,SFSM11
SFSM9,STMM5.5
SFSM9,SFSM17
SFSM9,SFSM15
SFSM9,STMM6
SFSM9,STMM11
NDDM900A,FXK6
NDDM900A,SIMM210
NDDM900A,SGD4BR
NDDM900A,ATECH2FR125B
NDDM900A,FHLF80A
NDDM900A,SGD2BR
NDDM900A,SGD8BR
NDDM900A,SPBS12AR
NDDM900A,SPBS18AR
NDDM900A,SGDX80BR
320SIM,325SIMM
320SIM,312IPL
320SIM,429IM
320SIM,212SIMFYA
320SIM,IPL16C
320SIM,LDH602
320SIM,IM220
320SIM,IM120A
320SIM,IM140A
320SIM,IM180A
EPC160,86EP
EPC160,84CF
EPC160,908CF
EPC160,912AEP
EPC160,TM72
EPC160,PWC48
EPC160,SSFP2
EPC160,WTG10A
EPC160,TL72FOD
EPC160,808CF
912AEP,612AEP
912AEP,86EP
912AEP,490CF
912AEP,411CF
912AEP,908CF
912AEP,312CF
912AEP,911ACF
912AEP,HL138ACP
912AEP,915CF
912AEP,SGDMRCE44
SIMM240,SIMM230
SIMM240,SIMM200
SIMM240,SIMM180
SIMM240,SIMM160A
SIMM240,SIMM220
SIMM240,SIMM170
SIMM240,SIMM190
SIMM240,SIMM210
SIMM240,SIMM100A
SIMM240,SIM300
BHM9A,BHS13A
BHM9A,AWBS13
BHM9A,9100GSO
BHM9A,BLPTE3816
BHM9A,BLPTE3814
BHM9A,BLPTE3812
BHM9A,222AFSP
BHM9A,SWM111A
BHM9A,OEXM8B
BHM9A,OEXM7B
EFP2BSTRIPE,EECT400
EFP2BSTRIPE,AT4101
EFP2BSTRIPE,YA1050B
EFP2BSTRIPE,YA4000B
EFP2BSTRIPE,EECT424HD
EFP2BSTRIPE,EEPV500
EFP2BSTRIPE,GLASS50R
EFP2BSTRIPE,EECT200
EFP2BSTRIPE,RULER601
EFP2BSTRIPE,FB336
AWCGT30,FXK3
AWCGT30,SGD4BR
AWCGT30,AWCGT30
AWCGT30,AWCGT40
AWCGT30,AWCGT27
AWCGT30,AWCGT500
AWCGT30,AWCG1600B
AWCGT30,AWMCG1600B
AWCGT30,AWCGT45
AWCGT30,AWCGT25
AWML4D,SIMM210
AWML4D,SGD2BR
AWML4D,SPBS704AR
AWML4D,SGDP42IRBR
AWML4D,PPC4A
AWML4D,SIMM160A
AWML4D,PL400B
AWML4D,SPBS12AR
AWML4D,PPC103A
AWML4D,TMXK2
AT118,AT118
AT118,PDR3000A
AT118,AT109
AT118,PSO4525
AT118,AT425R
AT118,PTC250
AT118,AT2050
AT118,PSO4625
AT118,PTR72
AT118,DB129C
AW1015DHK,AWM110DHK
AW1015DHK,340SSDP
AW1015DHK,10SSD
AW1015DHK,SEPPT850KA
AW1015DHK,YA2020
AW1015DHK,218AFSP
AW1015DHK,PKNC200
AW1015DHK,PWC48
AW1015DHK,VO806B
AW1015DHK,BP12B
AWT10A,SIMM170
AWT10A,SHD1R
AWT10A,SGD6BR
AWT10A,SRPCR4700
AWT10A,FHLF80A
AWT10A,SGD2BR
AWT10A,SIMM190
AWT10A,96ACF
AWT10A,SPBS18AR
AWT10A,SIMM240
CTHG9050,AT2050
CTHG9050,CT825DB
CTHG9050,AT5500
CTHG9050,PH3050BR
CTHG9050,MG1250
CTHG9050,CTS561BITSET
CTHG9050,CTB8174
CTHG9050,DBBPT13
CTHG9050,AT700F
CTHG9050,PDR3000A
TB10AC,MRB12B
TB10AC,KCP1422PBO
TB10AC,KRA6200FPBO
TB10AC,KRA4810FPBO
TB10AC,KRSC326FPBO
TB10AC,SNA-TBP14
TB10AC,TB40C
TB10AC,KRA2407PBO
TB10AC,KRSC430APBO7
TB10AC,KRWT2411
TF1127B,TF1124B
TF1127B,TFM7530B
TF1127B,EXDL10A
TF1127B,HBBT16
TF1127B,10MA
TF1127B,SRPCR107
TF1127B,SHLX80A
TF1127B,IMX32B
TF1127B,HBFE48
TF1127B,LP404
OFC76-14,SPBS18AR
OFC76-14,SGDP31IRBR
OFC76-14,SGD8BR
OFC76-14,FHLF80A
OFC76-14,SGD2BR
OFC76-14,96ACF
OFC76-14,SIMM190
OFC76-14,SHD1R
OFC76-14,SGD6BR
OFC76-14,91ACP
OFC86-14,SHD1R
OFC86-14,GFAT1E
OFC86-14,ATECH2FR125B
OFC86-14,SRPCR3800
OFC86-14,FU8A
OFC86-14,SGD6BR
OFC86-14,SGD8BR
OFC86-14,TMXK2
OFC86-14,FX1
OFC86-14,PL400B
OFC884-15,SGD2BR
OFC884-15,SPBS704AR
OFC884-15,TMXK2
OFC884-15,TMU8B
OFC884-15,SGDP31IRBR
OFC884-15,SHD1R
OFC884-15,SRPCR4700
OFC884-15,FHLF80A
OFC884-15,ATECH2FR125B
OFC884-15,A2A
OFC93-36,91ACP
OFC93-36,SGD4BR
OFC93-36,PPC4A
OFC93-36,96ACF
OFC93-36,SPBS18AR
OFC93-36,SGD6BR
OFC93-36,SIMM170
OFC93-36,SGDP42IRBR
OFC93-36,TMU8B
OFC93-36,SHD1R
OFW2,OFW3
OFW2,OFW4
OFW2,OFW1
OFW2,PKNC150
OFW2,305SIMMY
OFW2,310TWMYA
OFW2,SIMM340
OFW2,SWM111A
OFW2,AWMEF6K
OFW2,SWM101A
OFW3,OFW2
OFW3,OFW4
OFW3,OFWHD3
OFW3,OFW1
OFW3,OFWHD1
OFW3,OFWHD2
OFW3,SIMM340
OFW3,AC58E
OFW3,SWM111A
OFW3,OEXM7B
PBMMA5G,PBMMS5G
PBMMA5G,PBMMB5G
PBMMA5G,PBMMS5O
PBMMA5G,PBMA5G
PBMMA5G,PBMMB5R
PBMMA5G,PBMMA5
PBMMA5G,PBMMS5
PBMMA5G,PBMMA5R
PBMMA5G,PBMB5R
PBMMA5G,BLPEXTF146
PBMMB5R,PBMMS5R
PBMMB5R,PBMMA5R
PBMMB5R,PBMA5R
PBMMB5R,PBMMS5
PBMMB5R,PBMMS5G
PBMMB5R,PBMMA5G
PBMMB5R,PBMMS5O
PBMMB5R,PBMMB5G
PBMMB5R,PBMA5
PBMMB5R,PTM2
PPK25,S321
PPK25,SW141A
PPK25,SW181A
PPK25,SRPCR4700
PPK25,PWCS7ACF
PPK25,SRPCR3800
PPK25,VO1012B
PPK25,SW321
PPK25,VO1820B
PPK25,VO2628B
RBM1012C,AW028D
RBM1012C,RBM1719C
RBM1012C,FHLLF80
RBM1012C,PL400B
RBM1012C,96ACF
RBM1012C,91ACP
RBM1012C,47ACF
RBM1012C,SRPCR4700
RBM1012C,SGD8BR
RBM1012C,T72
RBM1415C,RBM1415C
RBM1415C,SGASA104BR
RBM1415C,SG7ASABR
RBM1415C,RBM1213C
RBM1415C,RBM1618C
RBM1415C,RBM1719C
RBM1415C,RBM910C
RBM1415C,RBM1011C
RBM1415C,RBM78SC
RBM1415C,SG4ASHBR
RBM1719C,RBM1719C
RBM1719C,SGASA104BR
RBM1719C,SG7ASABR
RBM1719C,RBM1213C
RBM1719C,RBM1618C
RBM1719C,RBM1415C
RBM1719C,RBM910C
RBM1719C,RBM1011C
RBM1719C,RBM78SC
RBM1719C,RBM810C
KWSN2455AST,KRA2407PBO
KWSN2455AST,KRA6200FPBO
KWSN2455AST,KWSN2455AST
KWSN2455AST,KRA2422PBO
KWSN2455AST,KCP1422PBO
KWSN2455AST,KRA2411PBO
KWSN2455AST,KCP2422PBO
KWSN2455AST,KRWT2411
KWSN2455AST,KWSP2455ABL
KWSN2455AST,KWSN2455ABL
ST50A,VO806B
ST50A,SGHBF500A
ST50A,YA900
ST50A,107ATMPB
ST50A,OXI707BK
ST50A,AWPBX10
ST50A,PPB1002A
ST50A,TM10G
ST50A,OEX709B
ST50A,110STMDY
TF528D,TBS200A
TF528D,LIL59000
TF528D,CJ2001P
TF528D,BHS7A
TF528D,TD2425A
TF528D,BTK7A
TF528D,B1458C
TF528D,S6112
TF528D,SDMT10D
TF528D,BTK5
MSK10,MSKM10
MSK10,REX25C
MSK10,CJ2001P
MSK10,EXDL10A
MSK10,PBN500
MSK10,VS807B
MSK10,211FCOA
MSK10,490CF
MSK10,411CF
MSK10,911ACF
MTTL750,MTTL800
MTTL750,ECHDD012A
MTTL750,MTTL750
MTTL750,MTTL433
MTTL750,MTTL7005PK
MTTL750,YA1175KIT
MTTL750,MAGMAT
MTTL750,MTTL300
MTTL750,MAGDISH
MTTL750,EEPV500
OFC76-30,FHLF80A
OFC76-30,SIMM240
OFC76-30,TMXK4
OFC76-30,BLPTHC87
OFC76-30,SGD8BR
OFC76-30,SGDP31IRBR
OFC76-30,PL400B
OFC76-30,GFAT1E
OFC76-30,SPBS12AR
OFC76-30,ATECH3FR300B
PL344BCFND,SGTT110B
PL344BCFND,FCF72
PL344BCFND,PL344BCF
PL344BCFND,FC72
PL344BCFND,SGTT8B
PL344BCFND,SGTT9B
PL344BCFND,SGTT1B
PL344BCFND,SGTT7B
PL344BCFND,SGTT4B
PL344BCFND,312CF
PBFT50R,PBFT60R
PBFT50R,PBMMA5R
PBFT50R,PBMMS5R
PBFT50R,BRHC2PK
PBFT50R,SGAS102BR
PBFT50R,PTM30
PBFT50R,415CF
PBFT50R,OFCA2
PBFT50R,XFRRM705
PBFT50R,ASGP2BR
PKB50A,SGASA204CR
PKB50A,SRPCR4700
PKB50A,SIMM210
PKB50A,SIMM190
PKB50A,TMXK4
PKB50A,ATECH2FR125B
PKB50A,FXK3
PKB50A,T72
PKB50A,SGDP42IRBR
PKB50A,TMXK2
PKB52A,VGP12509
PKB52A,VGP12808
PKB52A,VGP104
PKB52A,VGP12412
PKB52A,AWMEF8K
PKB52A,A159
PKB52A,207EFTXY
PKB52A,PPC210BK
PKB52A,PPC204A
PKB52A,FS141
PT10C,110ETMAY
PT10C,SGD4120BR
PT10C,UIM2FL
PT10C,AWTEF8K
PT10C,OFW2
PT10C,8HR
PT10C,211FCOA
PT10C,TMA4.5E
PT10C,A177A
PT10C,PT28E
R1214SC,RBM78SC
R1214SC,R1214SC
R1214SC,RBM810C
R1214SC,R1618SC
R1214SC,R810SC
R1214SC,61CF
R1214SC,TMXK60
R1214SC,RBM1213C
R1214SC,RBM1415C
R1214SC,RBM1011C
SDR6P26NK3,CTC131A
SDR6P26NK3,PH3050BR
SDR6P26NK3,PTR2500
SDR6P26NK3,CTR861AK2
SDR6P26NK3,CTB8174
SDR6P26NK3,CTR867AK2
SDR6P26NK3,CTINF9010
SDR6P26NK3,MG725A
SDR6P26NK3,AT118
SDR6P26NK3,DBTB121
KRWT2411,KRA2422PBO
KRWT2411,KCP2422PBO
KRWT2411,KCP1422PBO
KRWT2411,KRA2411PBO
KRWT2411,KRA4059FPBO
KRWT2411,SNA-TBP14
KRWT2411,YA438B
KRWT2411,KRSC46HPBO
KRWT2411,TB20AC
KRWT2411,YA389A
EESC340AINSTU,EESC340AINSTU
EESC340AINSTU,EETH311
EFPHANNIBALB,EFPHANNIBALB
EFPHANNIBALB,ITHE100
EFPHANNIBALB,GLASS30R
EFPHANNIBALB,PG160
EFPHANNIBALB,YA427B
EFPHANNIBALB,JT13B
EFPHANNIBALB,EEDM596FK
EFPHANNIBALB,RULER602
EFPHANNIBALB,GA296B
EFPHANNIBALB,PGP50
ASGP1BR,ASGP2BR
ASGP1BR,A177A
ASGP1BR,A179A
ASGP1BR,UTS105A
ASGP1BR,SGA1714B
ASGP1BR,GA358B
ASGP1BR,SGA1713B
ASGP1BR,BRHC2PK
ASGP1BR,SGTT7B
ASGP1BR,SGTT4B
310SWMYA,313SMYA
310SWMYA,SW241
310SWMYA,SW201
310SWMYA,313SYA
310SWMYA,313SWYA
310SWMYA,PPB826A
310SWMYA,SW261
310SWMYA,SW221
310SWMYA,SW181A
310SWMYA,SW301
KRSC46HBDC,KA2422SETPJJ
KRSC46HBDC,KASS13
KRSC46HBDC,KRA2055FPBO
KRSC46HBDC,KRA4813FPBO
KRSC46HBDC,KWSP2455AST
KRSC46HBDC,KRSC430APBO7
KRSC46HBDC,TB20AC
KRSC46HBDC,KCP2422PBO
KRSC46HBDC,PLRK27
KRSC46HBDC,KWSN2455AST
KRSC46HPC,KRWT2411
KRSC46HPC,KRSC326FPBO
KRSC46HPC,SNA-TBP14
KRSC46HPC,KASS13
KRSC46HPC,KRA4810FPBO
KRSC46HPC,KAERNADD6RD
KRSC46HPC,KCP2422PBO
KRSC46HPC,KRSC430APBO7
KRSC46HPC,KRA2007FPBO
KRSC46HPC,KCP1422PBO
650,1250
650,1650
650,2050
650,TF5A
650,BLPPB704
650,218AFP
650,SR40K
650,SW421
650,206AFSA
650,OEX714KB
ACT413A,ACT413A
ACT413A,ACT925
ACT413A,ACT2105
ACT413A,ACT51234A
ACT413A,ACT9103
ACT413A,ACT407
ACT413A,ACTR4151A
ACT413A,ACT83A
ACT413A,ACT73A
ACT413A,FB303B
213TFSYA,IPL22C
213TFSYA,IPL18C
213TFSYA,IPL28C
213TFSYA,IPL36C
213TFSYA,312IPLM
213TFSYA,IPLM12C
213TFSYA,L872RM
213TFSYA,IPLM13C
213TFSYA,212SIMFYA
213TFSYA,FHLL80
YA52PBSQC,PTC250
YA52PBSQC,PTGR110
YA52PBSQC,CTC772A
YA52PBSQC,CTDFL861
YA52PBSQC,AT118
YA52PBSQC,VWB8B
YA52PBSQC,PH1038
YA52PBSQC,CTC131A
YA52PBSQC,CT9080K2
YA52PBSQC,PTB32K
TXM72,TRSLF72
TXM72,TX72
TXM72,SX80B
TXM72,TRX72
TXM72,TLLF72
TXM72,TK72
TXM72,TN72
TXM72,TNF72
TXM72,OXI707BK
TXM72,FKF80A
SGDE230ESD,SGDE215ESD
SGDE230ESD,SGDE220ESD
SGDE230ESD,SGDE225ESD
SGDE230ESD,SGDEP20ESD
SGDE230ESD,SGDEP200ESD
SGDE230ESD,SGDEP21ESD
SGDE230ESD,TMU181A
SGDE230ESD,TMU121A
SGDE230ESD,TMU141A
SGDE230ESD,TMU101A
DBT30,FHLF80A
DBT30,SIMM240
DBT30,SGASA204CR
DBT30,SIMM200
DBT30,SGD2BR
DBT30,SHD1R
DBT30,SRPCR4700
DBT30,PPC103A
DBT30,GFAT1E
DBT30,SGDP42IRBR
FA8E,FA12E
FA8E,FA10E
FA8E,FA12LE
FA8E,FRX181
FA8E,GF22
FA8E,HD6529
FA8E,SA16E
FA8E,FAML6E
FA8E,206EFABL
FA8E,TWM31
PT850O,PT850
PT850O,MG725A
PT850O,MG1250
PT850O,PT338
PT850O,MG325
PT850O,PTR72
PT850O,PTR2500
PT850O,PTGR450
PT850O,PTR2505
PT850O,PTGR100
FB360C,FB360C
FB360C,RULER6
FB360C,PGP120
FB360C,PGP50
FB360C,ITHE100
FB360C,FB305A
FB360C,FB361A
FB360C,FB316B
FB360C,TPM16
FB360C,MTTL300
SGRHT2BR,HCP10
SGRHT2BR,SGA102BR
SGRHT2BR,LDT8
SGRHT2BR,BP40B
SGRHT2BR,SGA1714B
SGRHT2BR,GA358B
SGRHT2BR,111TMUSMA
SGRHT2BR,SGDTX50BR
SGRHT2BR,A177A
SGRHT2BR,TXM72
GLOVE900MO,GLOVE309L
GLOVE900MO,JCW62R
GLOVE900MO,YA427B
GLOVE900MO,GLOVE1100L
GLOVE900MO,GLOVE505RL
GLOVE900MO,GLOVE300BL
GLOVE900MO,GLOVEORIGPLUSL
GLOVE900MO,GLASS50R
GLOVE900MO,SOSG01BKCL01
GLOVE900MO,JCK7DBL
IMM160A,IMM180
IMM160A,IMM150A
IMM160A,IMM170A
IMM160A,IMM240
IMM160A,IMM140A
IMM160A,IMM190
IMM160A,IMM120A
IMM160A,IMM130A
IMM160A,IM140A
IMM160A,IM260
TWM22,TWM20
TWM22,TWM24
TWM22,TWM23
TWM22,TWM21
TWM22,TWM26
TWM22,TWM17
TWM22,TWM19
TWM22,TWM28
TWM22,TWM25
TWM22,TW261
PT338G,PDR3000A
PT338G,PDR5000A
PT338G,MG325
PT338G,PTR2505
PT338G,PTR72
PT338G,PTR2500
PT338G,PT850
PT338G,PTC250
PT338G,CTQ838DB
PT338G,VWB8B
KRA2407PCM,KRA2055FPBO
KRA2407PCM,KAERNADD6RD
KRA2407PCM,KWSN2455AST
KRA2407PCM,TB50WC
KRA2407PCM,KRSC430APBO1
KRA2407PCM,PLRK21
KRA2407PCM,KCP2422PBO
KRA2407PCM,KACKCAREKIT
KRA2407PCM,KRSC46HPBO
KRA2407PCM,KRWT2411
311IMFSY,TWM31
311IMFSY,TWM29
311IMFSY,TMC105E
311IMFSY,1210B
311IMFSY,RXS605B
311IMFSY,TMP12E
311IMFSY,TWM26
311IMFSY,TWM25
311IMFSY,206AFSA
311IMFSY,TW401
SWM111A,SWM101A
SWM111A,SWM251
SWM111A,SWM261
SWM111A,SWM271
SWM111A,SWM291
SWM111A,SWM281
SWM111A,AWMEF8K
SWM111A,SN25A
SWM111A,222AFSP
SWM111A,ACT1370
TR72,FR80
TR72,SR80A
TR72,TRF72
TR72,AW1015DHK
TR72,PPB1002A
TR72,OEX11B
TR72,TM05
TR72,110STMDY
TR72,SF181
TR72,SF141
TW441,TW461
TW441,TW481
TW441,TW381
TW441,TWM31
TW441,TWM29
TW441,TWM30
TW441,TWM32
TW441,SS5A
TW441,TWM26
TW441,OEXM230B
313TSMYA,313TWMYA
313TSMYA,313TSYA
313TSMYA,313TWYA
313TSMYA,310TWMYA
313TSMYA,TW221
313TSMYA,TW161A
313TSMYA,TW181A
313TSMYA,TW361
313TSMYA,TWM19
313TSMYA,TWM20
THR72O,FHR80
THR72O,SH80A
THR72O,FHBB12A
THR72O,THRLX72
THR72O,PTM30
THR72O,120STTM
THR72O,SHL80A
THR72O,PTM2
THR72O,SHBB24
THR72O,HBBD8
AWCGT500,AWCG1600B
AWCGT500,AWMCG1600B
AWCGT500,QD3RN350A
AWCGT500,LSR1450
AWCGT500,AWCGT27
AWCGT500,BOERM18
AWCGT500,SGDTX50BR
AWCGT500,OXIM710B
AWCGT500,AWCGT45
AWCGT500,TWM27
SOEXM140,SOEXM140
SOEXM140,FM16
SOEXM140,FM18
SOEXM140,SOEXM150
SOEXM140,SOEXM120
SOEXM140,SOEXM170
SOEXM140,SOEXM130
SOEXM140,SOEXM100
SOEXM140,96ACF
SOEXM140,47ACF
AWT20A,SGD4BR
AWT20A,FXK3
AWT20A,SPBS18AR
AWT20A,SGD2BR
AWT20A,SIMM170
AWT20A,TMXK4
AWT20A,PPC103A
AWT20A,SIMM220
AWT20A,TMU8B
AWT20A,SIMM160A
AWT25A,SIMM150A
AWT25A,SIMM170
AWT25A,BLPTHC87
AWT25A,SPBS8AR
AWT25A,SIMM200
AWT25A,ATECH2FR125B
AWT25A,SGD4BR
AWT25A,FHLF80A
AWT25A,SRPCR4700
AWT25A,SIMM220
AT408,CTR867AK2
AT408,MG325
AT408,PTC250
AT408,AT475A
AT408,PSO4625
AT408,AT109
AT408,DB121C
AT408,PDR3000A
AT408,AT118
AT408,AT2050
908CF,912AEP
908CF,490CF
908CF,411CF
908CF,95ACF
908CF,F4LBK
908CF,612AEP
908CF,808CF
908CF,OEX080B
908CF,84CF
908CF,TM72
ACT83A,GA296B
ACT83A,PGP120
ACT83A,ACT83A
ACT83A,ACT413A
ACT83A,FB303B
ACT83A,RULER601
ACT83A,ACT51234A
ACT83A,ACT1297
ACT83A,ACT2105
ACT83A,ACT9103
QD2R1000A,QD1R200A
QD2R1000A,QD1R50A
QD2R1000A,BRUTUS3R300
QD2R1000A,QD3R250A
QD2R1000A,PPB30AK
QD2R1000A,PPB816A
QD2R1000A,BTCP600
QD2R1000A,411CF
QD2R1000A,TL72
QD2R1000A,STMD9
AWCG1612B,SPBS704AR
AWCG1612B,SGD2BR
AWCG1612B,SPBS12AR
AWCG1612B,BLPTHC87
AWCG1612B,TMXK2
AWCG1612B,SGASA204CR
AWCG1612B,SIMM150A
AWCG1612B,ATECH3FR300B
AWCG1612B,SPBS18AR
AWCG1612B,SGD8BR
PWCS9ACF,206AFSA
PWCS9ACF,218AFP
PWCS9ACF,TWM29
PWCS9ACF,AWL1010DK
PWCS9ACF,PWCSS7ACF
PWCS9ACF,SGDP64IRBR
PWCS9ACF,TWM26
PWCS9ACF,YA337A
PWCS9ACF,TWM28
PWCS9ACF,DS806AK
SPRG625R,BST103R
SPRG625R,LIL59000
SPRG625R,REX13C
SPRG625R,AWP45
SPRG625R,ASGP1BR
SPRG625R,ASGP102BR
SPRG625R,TMS70A
SPRG625R,SRP2A
SPRG625R,ASGP2BR
SPRG625R,TFTFM932A
FM19,FM16
FM19,FM15
FM19,FM18
FM19,FM11
FM19,SW181A
FM19,FM17
FM19,FM12
FM19,FM13
FM19,FM14
FM19,FM10
IMFLE140A,IMSLEPL240
IMFLE140A,SX24
IMFLE140A,IMFLE80A
IMFLE140A,STX60E
IMFLE140A,XLE605
IMFLE140A,TMR4
IMFLE140A,210EFTXRY
IMFLE140A,OEXM300B
IMFLE140A,207IPSFM
IMFLE140A,AWSGT800A
IMFLE160A,IMSLEPL240
IMFLE160A,SX24
IMFLE160A,IMFLE80A
IMFLE160A,XLE605
IMFLE160A,WHM1
IMFLE160A,OXKRM705
IMFLE160A,206EFABLM
IMFLE160A,112SIMTMM
IMFLE160A,AWSGT800A
IMFLE160A,213AFLEY
AWHD8K,SIMM220
AWHD8K,SGD4BR
AWHD8K,ATECH3FR300B
AWHD8K,SPBS12AR
AWHD8K,PPC4A
AWHD8K,SGASA204CR
AWHD8K,GFAT1E
AWHD8K,FU8A
AWHD8K,TMXK2
AWHD8K,SPBS8AR
AWL7D,91ACP
AWL7D,SGD4BR
AWL7D,SPBS8AR
AWL7D,SGD2BR
AWL7D,BLPTHC87
AWL7D,SGDX80BR
AWL7D,FXK11
AWL7D,SPBS12AR
AWL7D,T72
AWL7D,SGD8BR
BOERM17,BOERM17
BOERM17,BOERM8
BOERM17,SOEXM100
BOERM17,BOERM14
BOERM17,BOERM12
BOERM17,BOERM10
BOERM17,SN15B
BOERM17,SGD2BR
BOERM17,SOEXM170
BOERM17,SOEXM140
BTCW800,BTCP2SA
BTCW800,BTCP400
BTCW800,BST103R
BTCW800,BTCP600
BTCW800,OFC14KT
BTCW800,OFSKIT
BTCW800,LSR1500
BTCW800,OFCA2
BTCW800,BTCP500
BTCW800,S6112
BTCWSO16KT,LN47ACF
BTCWSO16KT,SPBS18AR
BTCWSO16KT,XDSGM607K1O
BTCWSO16KT,BTCP400
BTCWSO16KT,BTCP600
BTCWSO16KT,BTCP2SA
BTCWSO16KT,BT4651
BTCWSO16KT,ASGP102BR
BTCWSO16KT,ASGP1BR
BTCWSO16KT,ASGP2BR
UTV616A,UTV617A
UTV616A,UTV615A
UTV616A,BLPTORX1410
UTV616A,QD1RN25B
UTV616A,209EFTXBY
UTV616A,FTXB55E
UTV616A,FTXB45E
UTV616A,FLE140A
UTV616A,HBFE16
UTV616A,PT40B
XDSGM607K1G,XDSGM607K1G
XDSGM607K1G,SHD2R
XDSGM607K1G,SHD6R
XDSGM607K1G,XDSGM607K1O
XDSGM607K1G,XDSGM607K1
XDSGM607K1G,LDTJT512
XDSGM607K1G,PL5ESWIRESTRIP
XDSGM607K1G,CSSD1R
XDSGM607K1G,PWCSS7ACF
XDSGM607K1G,PWCS9ACF
YA824C,10R
YA824C,BTK5
YA824C,208CCP
YA824C,S6110A
YA824C,B1461
YA824C,OEXM9B
YA824C,OEXM8B
YA824C,B1467A
YA824C,B1458C
YA824C,TA360
TPMB25EMGRN,GA296B
TPMB25EMGRN,TPGDL2000
TPMB25EMGRN,UTK100
TPMB25EMGRN,TPMB25EMORG
TPMB25EMGRN,MAGMAT
TPMB25EMGRN,AT4101
TPMB25EMGRN,FB336
TPMB25EMGRN,UTK150
TPMB25EMGRN,ECHDF042
TPMB25EMGRN,MAGDISH
UPT2FL,UIM2FL
UPT2FL,SGDE230ESD
UPT2FL,SGDEP20ESD
UPT2FL,SGDE215ESD
UPT2FL,SGDEP200ESD
UPT2FL,SGDEP21ESD
UPT2FL,TMU181A
UPT2FL,TMU141A
UPT2FL,TMU101A
UPT2FL,ADCF8
VSC4KT-3,SGDP42IRBR
VSC4KT-3,FHLF80A
VSC4KT-3,SGD4BR
VSC4KT-3,A2A
VSC4KT-3,SIMM200
VSC4KT-3,TMXK60
VSC4KT-3,TMXK4
VSC4KT-3,FX1
VSC4KT-3,ATECH3FR300B
VSC4KT-3,PPC4A
XDSGM607K1O,XDSGM607K1G
XDSGM607K1O,XDSGM607K1
XDSGM607K1O,SGD4BR
XDSGM607K1O,SIMM180
XDSGM607K1O,SGDP31IRBR
XDSGM607K1O,SPBS18AR
XDSGM607K1O,PPC103A
XDSGM607K1O,ATECH2FR125B
XDSGM607K1O,SPBS12AR
XDSGM607K1O,FXK3
WTG10A,AWL1010DK
WTG10A,PPC905B
WTG10A,214SFY
WTG10A,AD6C
WTG10A,AD10C
WTG10A,GA98A
WTG10A,AW1013DK
WTG10A,8HR
WTG10A,SF181
WTG10A,SF221
YA2020,YA2019
YA2020,AW10D
YA2020,DS806AK
YA2020,PPB1002A
YA2020,AW1015DHK
YA2020,PWC48
YA2020,AW8D
YA2020,AW6D
YA2020,AW4-1/2D
YA2020,106TMUSA
F80FOD,XS2024A
F80FOD,XS1416A
F80FOD,XS1820A
F80FOD,XS1012A
F80FOD,XS2226A
F80FOD,XS1618A
F80FOD,XS1214A
F80FOD,VO2224B
F80FOD,20SSD
F80FOD,TM410
425IMM,429IM
425IMM,L122
425IMM,L62
425IMM,L872RJ
425IMM,L8112A
425IMM,L872RM
425IMM,325SIMM
425IMM,ATECH4RS600
425IMM,PKNC150
425IMM,313TSYA
AF102,BT101
AF102,2005BSKA
AF102,SEPPT850KA
AF102,FTX60E
AF102,R404
AF102,AWM110DHK
AF102,BP24B
AF102,AW1015DHK
AF102,PT28E
AF102,144TMPB
BLPHSM1425,SIMM210
BLPHSM1425,F80
BLPHSM1425,SPBS8AR
BLPHSM1425,SPBS18AR
BLPHSM1425,SRPCR4700
BLPHSM1425,SIMM240
BLPHSM1425,SPBS704AR
BLPHSM1425,SGD8BR
BLPHSM1425,SGDP42IRBR
BLPHSM1425,SRPCR3800
BLPPKM5-6,SGDP31IRBR
BLPPKM5-6,SIMM150A
BLPPKM5-6,SIMM210
BLPPKM5-6,SGD8BR
BLPPKM5-6,SPBS8AR
BLPPKM5-6,ATECH2FR125B
BLPPKM5-6,SGDX80BR
BLPPKM5-6,SRPCR4700
BLPPKM5-6,96ACF
BLPPKM5-6,PPC4A
BLPSM1411,BLPSM147
BLPSM1411,BLPSM145
BLPSM1411,FLF80A
BLPSM1411,BLPSM149
BLPSM1411,BLPSM146
BLPSM1411,BLPSM1413
BLPSM1411,BLPSM144
BLPSM1411,BLPSM1412
BLPSM1411,BLPSM148
BLPSM1411,BLPSM1410
BLPH126,SPBS704AR
BLPH126,SPBS8AR
BLPH126,SPBS12AR
BLPH126,BLPH125
BLPH126,BLPH124
BLPH126,BLPH14964
BLPH126,BLPH14732
BLPH126,BLPT1427
BLPH126,BLPT1425
BLPH126,BLPH14316
BLPH12716,ATECH2FR125B
BLPH12716,SPBS18AR
BLPH12716,ATECH3FR300B
BLPH12716,PPC4A
BLPH12716,SIMM210
BLPH12716,96ACF
BLPH12716,SRPCR3800
BLPH12716,SIMM240
BLPH12716,SPBS8AR
BLPH12716,GFAT1E
BLPH14964,BLPH14964
BLPH14964,BLPH386
BLPH14964,BLPT1255
BLPH14964,BLPH1418
BLPH14964,BLPH14732
BLPH14964,BLPH1414
BLPH14964,BLPH14316
BLPH14964,BLPH14532
BLPH14964,BLPH3838
BLPH14964,BLPH126
BLPH3814,BLPH3814
BLPH3814,BLPH14732
BLPH3814,BLPH1418
BLPH3814,BLPH38732
BLPH3814,BLPH38516
BLPH3814,BLPH3838
BLPH3814,BLPH389
BLPH3814,BLPH387
BLPH3814,BLPH388
BLPH3814,BLPH386
BLPH3838,BLPH3814
BLPH3838,BLPH38732
BLPH3838,BLPH14732
BLPH3838,BLPH387
BLPH3838,BLPH1414
BLPH3838,BLPH14532
BLPH3838,BLPH388
BLPH3838,BLPH14316
BLPH3838,BLPH124
BLPH3838,BLPT3850
BLPHL145,BLPHL145
BLPHL145,BLPH14316
BLPHL145,BLPH3838
BLPHL145,BLPHL144
BLPHL145,BLPHL146
BLPHL145,BLPTL1430
BLPHL145,BLPH14964
BLPHL145,BLPHL3810
BLPHL145,BLPH14732
BLPHL145,BLPHL387
BLPHS14332,SIMM210
BLPHS14332,FHLF80A
BLPHS14332,PPC103A
BLPHS14332,96ACF
BLPHS14332,SRPCR3800
BLPHS14332,SGD2BR
BLPHS14332,SGASA204CR
BLPHS14332,SGD6BR
BLPHS14332,PPC4A
BLPHS14332,T72
XDHFM606K1,XDHF605
XDHFM606K1,XLE605
XDHFM606K1,XBM605A
XDHFM606K1,103TMXKLA
XDHFM606K1,GA265A
XDHFM606K1,210EFTXRY
XDHFM606K1,PL5ESWIRESTRIP
XDHFM606K1,312IPLM
XDHFM606K1,IPLM11C
XDHFM606K1,THLLF72
PW18C,1512B
PW18C,SW401
PW18C,SW381
PW18C,BPPC1878
PW18C,BTC3A
PW18C,AC58E
PW18C,SOEX40
PW18C,TF275A
PW18C,307IPLY
PW18C,PPC20LB
AWSGM5A,SPBS8AR
AWSGM5A,SHD1R
AWSGM5A,SIMM150A
AWSGM5A,SGD6BR
AWSGM5A,PPC103A
AWSGM5A,SIMM240
AWSGM5A,91ACP
AWSGM5A,96ACF
AWSGM5A,TMU8B
AWSGM5A,SGD2BR
DS806AK,218AFP
DS806AK,SRP3A
DS806AK,PPB1002A
DS806AK,R1618SC
DS806AK,SGDP64IRBR
DS806AK,YA2020
DS806AK,TWM26
DS806AK,AW1015DHK
DS806AK,FR80
DS806AK,TR72
207EFTXY,AWM140DK
207EFTXY,PKB52A
207EFTXY,VGP12509
207EFTXY,VGP104
207EFTXY,HBPT24
207EFTXY,UPTM65K
207EFTXY,VGP12808
207EFTXY,2004BSKA
207EFTXY,310IMMYA
207EFTXY,1210B
AWBSG800A,AWBSGM800A
AWBSG800A,AWSGT800A
AWBSG800A,AWSG800A
AWBSG800A,AWSGM800A
AWBSG800A,206EFABLM
AWBSG800A,FHBB12A
AWBSG800A,SRPCR112
AWBSG800A,BDGPL300HG
AWBSG800A,SGDTX90BR
AWBSG800A,388ACF
VWB2B,MG325
VWB2B,MG1250
VWB2B,PTR72
VWB2B,CTC131A
VWB2B,PTGR450
VWB2B,AT700F
VWB2B,CTR862DB
VWB2B,CT825DB
VWB2B,PTR2505
VWB2B,CTQ838DB
110ETMAY,PT10C
110ETMAY,SOEX30
110ETMAY,UIM2FL
110ETMAY,AWS13
110ETMAY,XO605
110ETMAY,214SFY
110ETMAY,PWC27
110ETMAY,SSFP1
110ETMAY,OEX711B
110ETMAY,TL72
FSM61,FSM71
FSM61,SFSM6
FSM61,SFSM7
FSM61,SFSM21
FSM61,STMM4.5
FSM61,TMM4.5
FSM61,STMM4
FSM61,AW4-1/2D
FSM61,AW12D
FSM61,10SSD
HBFE16G,30SSD
HBFE16G,HBBD16
HBFE16G,BF775C-A
HBFE16G,A159
HBFE16G,BTK7A
HBFE16G,B1458C
HBFE16G,B1467A
HBFE16G,A161B
HBFE16G,PPCD70BK
HBFE16G,YA900
SF161,SF181
SF161,SF121
SF161,SF201
SF161,SF241
SF161,SF281
SF161,F221
SF161,SF101
SF161,SF261
SF161,SGDE225ESD
SF161,SGDEP21ESD
AWMG9-6,FXK11
AWMG9-6,SIMM240
AWMG9-6,TMXK60
AWMG9-6,47ACF
AWMG9-6,FXK6
AWMG9-6,SGASA204CR
AWMG9-6,FX1
AWMG9-6,SPBS18AR
AWMG9-6,SPBS12AR
AWMG9-6,SIMM190
AWM140DK,AW1020DK
AWM140DK,US712
AWM140DK,2420A
AWM140DK,SWM291
AWM140DK,218AFP
AWM140DK,207EFTXY
AWM140DK,CSA14CR
AWM140DK,210AFLEY
AWM140DK,222AFSMP
AWM140DK,PPC210BK
PSN500,PKN500
PSN500,PPK300
PSN500,PKN90
PSN500,MS3000
PSN500,UIM2RSLT
PSN500,131TMPB
PSN500,UTS105A
PSN500,AC58E
PSN500,PHT5
PSN500,YA4274A
SGDP64IRBR,SRP3A
SGDP64IRBR,SGDP63IRBG
SGDP64IRBR,218AFP
SGDP64IRBR,DS806AK
SGDP64IRBR,OEX42B
SGDP64IRBR,TTX27E
SGDP64IRBR,SW401
SGDP64IRBR,OEX38B
SGDP64IRBR,YA339A
SGDP64IRBR,TW421
F4LB,S4
F4LB,F10LD
F4LB,8HR
F4LB,TFM7530B
F4LB,TWM30
F4LB,GA98A
F4LB,10R
F4LB,AW1013DK
F4LB,YA2020
F4LB,PK53A
GLOVE600XLO,GLOVE309L
GLOVE600XLO,GLOVE300BL
GLOVE600XLO,GLOVE1100L
GLOVE600XLO,SOSG01BKCL01
GLOVE600XLO,GLASS90BYEAR
GLOVE600XLO,GLOVE900LR
GLOVE600XLO,GLOVE505RL
GLOVE600XLO,GLASS50R
GLOVE600XLO,EECR5A
GLOVE600XLO,GLASS30R
ECPRM052,TPMB25EMGRN
ECPRM052,MAGMAT
ECPRM052,AT4135
ECPRM052,ECPNI032R
ECPRM052,ECARL032R
ECPRM052,ECPNG032
ECPRM052,ECHDF042
ECPRM052,EECT400
ECPRM052,IM1PT
ECPRM052,FB336
FHLF80A,THLF72
FHLF80A,SHX80B
FHLF80A,SHLF80A
FHLF80A,SH80A
FHLF80A,SHL80A
FHLF80A,FHBB18A
FHLF80A,206AFX
FHLF80A,FHL80
FHLF80A,FXK4
FHLF80A,FHR80
AWTXL8-T27,SGDX80BR
AWTXL8-T27,SGD6BR
AWTXL8-T27,BLPTHC87
AWTXL8-T27,SIMM190
AWTXL8-T27,SGASA204CR
AWTXL8-T27,ATECH3FR300B
AWTXL8-T27,SIMM210
AWTXL8-T27,SGD4BR
AWTXL8-T27,SIMM200
AWTXL8-T27,FXK6
SOEXM100,SOEXM170
SOEXM100,SOEXM120
SOEXM100,SOEXM150
SOEXM100,FM12
SOEXM100,LN47ACF
SOEXM100,SOEXM140
SOEXM100,SOEXM130
SOEXM100,SOEXM110
SOEXM100,OEXM8B
SOEXM100,SOEXM8
CDR861MK2,CTR867AK2
CDR861MK2,PT338
CDR861MK2,CTS561CHUCK
CDR861MK2,VWB8B
CDR861MK2,CTS561BITSET
CDR861MK2,PH1038
CDR861MK2,PH3050BR
CDR861MK2,PDR5000A
CDR861MK2,CTR862DB
CDR861MK2,CT825DB
AW028D,AW035D
AW028D,SPBS12AR
AW028D,FHLF80A
AW028D,FU8A
AW028D,SRPCR4700
AW028D,SGASA204CR
AW028D,SGD6BR
AW028D,SIMM220
AW028D,SPBS704AR
AW028D,SGDP31IRBR
AWS13-6,GFAT1E
AWS13-6,PL400B
AWS13-6,SGD8BR
AWS13-6,PPC4A
AWS13-6,BLPTHC87
AWS13-6,SGD6BR
AWS13-6,FHLF80A
AWS13-6,SRPCR4700
AWS13-6,TMXK4
AWS13-6,SPBS704AR
AW1015DK,20SSD
AW1015DK,XS2024A
AW1015DK,XS2226A
AW1015DK,VO2224B
AW1015DK,VO2628B
AW1015DK,VO1416B
AW1015DK,VO3032B
AW1015DK,TM408
AW1015DK,TM65
AW1015DK,TM410
TMMDS5,TMMDS5.5
TMMDS5,TMMDS6
TMMDS5,TMMDS7
TMMDS5,TMMDS12
TMMDS5,TMMDS11
TMMDS5,TMMDS9
TMMDS5,TMMDS15
TMMDS5,TMMDS8
TMMDS5,TMMDS10
TMMDS5,TMMD8
ECFUVLEDA,MAGDISH
ECFUVLEDA,TDG1
ECFUVLEDA,GLASS30R
ECFUVLEDA,TPGDL2000
ECFUVLEDA,JCK7DBL
ECFUVLEDA,FB336
ECFUVLEDA,BB9008
ECFUVLEDA,EEDM596FK
ECFUVLEDA,EECT400
ECFUVLEDA,RULER601
312IMMS,210IMFSYA
312IMMS,212FSMSY
312IMMS,212IMFMSYA
312IMMS,LIL59000
312IMMS,TECH3FR250
312IMMS,OEXLM710B
312IMMS,112TMMSY
312IMMS,124STTMM
312IMMS,TMMS5.5
312IMMS,TMMS12
XOM605,XO605
XOM605,XBM605A
XOM605,XB605A
XOM605,210FRHMA
XOM605,OXIM710B
XOM605,OEXLM710B
XOM605,312IPLM
XOM605,VSM807B
XOM605,XLE605
XOM605,311IMFSY
212FSMY,212SFSMY
212FSMY,317AMMPC
212FSMY,SFSM12
212FSMY,SFSM19
212FSMY,SFSM13
212FSMY,UIM225
212FSMY,SFSM10
212FSMY,AC5C
212FSMY,PRH57A
212FSMY,PK23A
FHOF80A,FHBF80A
FHOF80A,FH80MP
FHOF80A,FZ80
FHOF80A,PALMRAT
FHOF80A,THRLX72
FHOF80A,SHN36
FHOF80A,TRSLF72
FHOF80A,PKNC300
FHOF80A,FHR80
FHOF80A,SX24
112TMMY,112STMMY
112TMMY,110STMY
112TMMY,110TMY
112TMMY,114ATMP
112TMMY,FA12LE
112TMMY,FAML6E
112TMMY,120STTM
112TMMY,SA16E
112TMMY,TW381
112TMMY,FTXB55E
KRA2422PZR,KRSC326FPBO
KRA2422PZR,KRA2422PBO
KRA2422PZR,KRA2407PBO
KRA2422PZR,KWSN2455AST
KRA2422PZR,KRWT2411
KRA2422PZR,KWSP2455ABL
KRA2422PZR,KWSN2455ABL
KRA2422PZR,KWSP2455AST
KRA2422PZR,KCP1422PBO
KRA2422PZR,KRA2411PBO
KRA2422PZS,KRSC46HPBO
KRA2422PZS,KASS13
KRA2422PZS,KRA2422PBO
KRA2422PZS,KWSN2455AST
KRA2422PZS,KRWT2411
KRA2422PZS,KWSP2455ABL
KRA2422PZS,KWSN2455ABL
KRA2422PZS,KWSP2455AST
KRA2422PZS,KCP1422PBO
KRA2422PZS,KRA2411PBO
R810SC,R1214SC
R810SC,R1214C
R810SC,110TMDY
R810SC,TMD6
R810SC,TMD9
R810SC,TMD16
R810SC,TMD12
R810SC,TMD14
R810SC,TMD8
R810SC,61CF
EEBM500B,EEBC30A12V
EEBM500B,TDG1
EEBM500B,EEBM600
EEBM500B,EEJP201MBKA-NA
EEBM500B,RTEMPB7
EEBM500B,CAL6EA
EEBM500B,EECS150
EEBM500B,MTTL300
EEBM500B,GA296B
EEBM500B,EEPV503
AWMG9-7,TF5A
AWMG9-7,R404
AWMG9-7,FHL80
AWMG9-7,SPBS8AR
AWMG9-7,SGASA204CR
AWMG9-7,SGD4BR
AWMG9-7,TMXK2
AWMG9-7,SIMM240
AWMG9-7,SIMM180
AWMG9-7,91ACP
CT9010DB,CTQ838DB
CT9010DB,CTR861AK2
CT9010DB,CT825DB
CT9010DB,CT9080K2
CT9010DB,CTB185
CT9010DB,CTB8187
CT9010DB,CTR867AK2
CT9010DB,CTR862DB
CT9010DB,CTC131A
CT9010DB,CTINF9010
CGG8850ADB,PTR2505
CGG8850ADB,CTB185
CGG8850ADB,PH3050BR
CGG8850ADB,PT338
CGG8850ADB,CTR861AK2
CGG8850ADB,CTB8187
CGG8850ADB,CT825DB
CGG8850ADB,CT9080K2
CGG8850ADB,PTC250
CGG8850ADB,AT109
AWXL13-9/64,SGD8BR
AWXL13-9/64,ATECH3FR300B
AWXL13-9/64,TMU8B
AWXL13-9/64,PPC103A
AWXL13-9/64,91ACP
AWXL13-9/64,SGD4BR
AWXL13-9/64,SRPCR4700
AWXL13-9/64,SGASA204CR
AWXL13-9/64,SHD1R
AWXL13-9/64,SIMM170
CTS861MK2,PSO4625
CTS861MK2,MG325
CTS861MK2,CTR867AK2
CTS861MK2,CTR862DB
CTS861MK2,MG725A
CTS861MK2,CT9080K2
CTS861MK2,PTGR100
CTS861MK2,CTC772A
CTS861MK2,MG1250
CTS861MK2,CTB8174
GLASS90BYEAR,GLASS90BYEAR
GLASS90BYEAR,GA460B
GLASS90BYEAR,EECT400
GLASS90BYEAR,SOSG01BKCL01
GLASS90BYEAR,GLOVEORIGPLUSL
GLASS90BYEAR,GLASS50R
GLASS90BYEAR,MAGDISH
GLASS90BYEAR,ECARL032R
GLASS90BYEAR,ECPRA072
GLASS90BYEAR,ECHDD012A
GAW1909,SIMM210
GAW1909,SIMM160A
GAW1909,SIMM190
GAW1909,PPC4A
GAW1909,T72
GAW1909,96ACF
GAW1909,PL400B
GAW1909,SRPCR3800
GAW1909,SIMM180
GAW1909,SGDX80BR
KCP1422PBO,KWSN2455ABL
KCP1422PBO,KWSN2455AST
KCP1422PBO,KWSP2455AST
KCP1422PBO,KWSP2455ABL
KCP1422PBO,KRWT2411
KCP1422PBO,KCP2422PBO
KCP1422PBO,KRSC430APBO7
KCP1422PBO,KACKMCFIBER1
KCP1422PBO,KRSC430APBO1
KCP1422PBO,KACKFLTCLNR
KCP1422PC,KWSN2455ABL
KCP1422PC,KWSN2455AST
KCP1422PC,KWSP2455AST
KCP1422PC,KWSP2455ABL
KCP1422PC,KRWT2411
KCP1422PC,KCP2422PBO
KCP1422PC,KRSC430APBO7
KCP1422PC,KRA25D
KCP1422PC,YA389A
KCP1422PC,KRA2007FPBO
KCP1422PU,KWSN2455ABL
KCP1422PU,KWSN2455AST
KCP1422PU,KWSP2455AST
KCP1422PU,KWSP2455ABL
KCP1422PU,KRWT2411
KCP1422PU,KCP2422PBO
KCP1422PU,A277
KCP1422PU,KRA2407PBO
KCP1422PU,YA389A
KCP1422PU,KRSC430APBO1
PBN14,PBN15
PBN14,PBN11
PBN14,FXK6
PBN14,96ACF
PBN14,SGD6BR
PBN14,PPC4A
PBN14,PPC103A
PBN14,SGDX80BR
PBN14,T72
PBN14,SIMM160A
S9704KR,BTC7B
S9704KR,CSA12CR
S9704KR,SR40K
S9704KR,111TMMDY
S9704KR,TMMD5
S9704KR,TMMD8
S9704KR,TMMD10
S9704KR,PKNC125C2
S9704KR,TW461
S9704KR,AW1020DK
GLOVE400S,SOSG01BKCL01
GLOVE400S,GLOVE900LR
GLOVE400S,GLOVE1100L
GLOVE400S,GLOVE300BL
GLOVE400S,GLOVEORIGPLUSL
GLOVE400S,EEDM596FK
GLOVE400S,YAKS42
GLOVE400S,MAGDISH
GLOVE400S,TDG2
GLOVE400S,EEDM503D
LP6LN,LP7R
LP6LN,LP10R
LP6LN,LP5WR
LP6LN,LP7WR
LP6LN,RBM1011SC
LP6LN,AWM140DK
LP6LN,317MPC
LP6LN,PPC210BK
LP6LN,AD10C
LP6LN,PKRS1
LP7R,LP10R
LP7R,LP6LN
LP7R,LP5WR
LP7R,LP7WR
LP7R,AD10C
LP7R,RXFS2836B
LP7R,PPSG4
LP7R,STMM4.5
LP7R,TWM28
LP7R,PPN4050
YA832A,YA832A
YA832A,JT13B
YA832A,MTTL300
YA832A,ITHE100
YA832A,EECR1C
YA832A,VAC201
YA832A,EECS150
YA832A,YA4000B
YA832A,FB360C
YA832A,BLP18HVLP
TW301,TW321
TW301,TW361
TW301,TW341
TW301,TW261
TW301,TW281
TW301,TW221
TW301,TW141A
TW301,TW181A
TW301,TW241
TW301,TWM31
SGASA204CG,GF22
SGASA204CG,317AMMPC
SGASA204CG,AC5C
SGASA204CG,PRH57A
SGASA204CG,LP10WR
SGASA204CG,2004BSKA
SGASA204CG,IMM360
SGASA204CG,RC980
SGASA204CG,STX70E
SGASA204CG,SGT4BR
SPBS12AR,SPBS8AR
SPBS12AR,FRX181
SPBS12AR,SPBS18AR
SPBS12AR,GF22
SPBS12AR,IMM360
SPBS12AR,BTC7B
SPBS12AR,YA2850A
SPBS12AR,206EAU
SPBS12AR,SN18B
SPBS12AR,317MSPC
TIF160,CAL6DA
TIF160,ECFLD030
TIF160,MTTL700
TIF160,AT4135
TIF160,MTIND683A
TIF160,ECPNJ032
TIF160,MAGMAT
TIF160,JCK8
TIF160,EEDM525F
TIF160,EECT200
DB129C,SAG03S20
DB129C,DB129C
DB129C,VWB8B
DB129C,PTGR450
DB129C,SDG10S25F
DB129C,AT425R
DB129C,PT450-WH
DB129C,PTR2505
DB129C,PTC250
DB129C,PDR5000A
OEX44B,OEX42B
OEX44B,OEXM290B
OEX44B,OEX38B
OEX44B,OEXM260B
OEX44B,OEXM300B
OEX44B,OEXM320B
OEX44B,OEXM250B
OEX44B,OEXM230B
OEX44B,OEXM270B
OEX44B,OEXM240B
OEXM713B,OEX714KB
OEXM713B,OEXM240B
OEXM713B,OEXM90B
OEXM713B,OEXM80B
OEXM713B,OEXM230B
OEXM713B,222AFSP
OEXM713B,OFW3
OEXM713B,144TMPB
OEXM713B,BP32B
OEXM713B,313SWMYA
YA4614,ECPNH012
YA4614,ECPNI032R
YA4614,EECT400
YA4614,ECPNG032
YA4614,BB9008
YA4614,MAGMAT
YA4614,ECSPH271
YA4614,RULER6
YA4614,JCK7DBL
YA4614,EEDM504F
ACT51234A,ACT407
ACT51234A,SVTS264
ACT51234A,SVTA9100
ACT51234A,ACT413A
ACT51234A,ACTR1234YF
ACT51234A,ACT9103
ACT51234A,ACT925
ACT51234A,ACT1297
ACT51234A,ACT2105
ACT51234A,ACT1290A
PKNC050,SPBS18AR
PKNC050,SRPCR3800
PKNC050,SGDP31IRBR
PKNC050,SIMM160A
PKNC050,SGDP42IRBR
PKNC050,SGASA204CR
PKNC050,SIMM240
PKNC050,SIMM150A
PKNC050,SIMM170
PKNC050,FXK3
SF141,SF181
SF141,SF161
SF141,SF121
SF141,SF281
SF141,SF241
SF141,SF221
SF141,SF261
SF141,F221
SF141,SF101
SF141,PBN2
IPL22C,IPL26C
IPL22C,IPL32C
IPL22C,IPL28C
IPL22C,IPL24C
IPL22C,IPL34C
IPL22C,IPL38C
IPL22C,IPL40C
IPL22C,BPPC1878
IPL22C,IPLM16C
IPL22C,IPLM15C
SGDEP200ESD,SGDE215ESD
SGDEP200ESD,SGDE220ESD
SGDEP200ESD,SGDE225ESD
SGDEP200ESD,SGDEP20ESD
SGDEP200ESD,SGDEP21ESD
SGDEP200ESD,SGDE230ESD
SGDEP200ESD,TMU161A
SGDEP200ESD,AWP45
SGDEP200ESD,TMA5E
SGDEP200ESD,TMA6E
FSS141,FSS121
FSS141,FSS161
FSS141,FSS181
FSS141,A159
FSS141,TMMDS11
FSS141,TMMDS5
FSS141,TMMS9
FSS141,TMMS6
FSS141,TMMS12
FSS141,310SWMYA
AWSGT6A,AWSGT6A
AWSGT6A,TW241
AWSGT6A,TW181A
AWSGT6A,AWSGT8A
AWSGT6A,AWSGT7A
AWSGT6A,TW141A
AWSGT6A,TW281
AWSGT6A,TW221
AWSGT6A,TW341
AWSGT6A,TW321
SGHBF500AG,ST50A
SGHBF500AG,BTK7A
SGHBF500AG,BHS7A
SGHBF500AG,206AFSP
SGHBF500AG,SS5A
SGHBF500AG,CSA12CR
SGHBF500AG,BTC7B
SGHBF500AG,S6112
SGHBF500AG,MS800
SGHBF500AG,2005BSKA
46ACF,XS2024A
46ACF,XS1820A
46ACF,XS1618A
46ACF,VO2224B
46ACF,VO1416B
46ACF,XS67A
46ACF,TM408
46ACF,SGDEL10ESD
46ACF,TMC106E
46ACF,TM410
CSA8C,PK23A
CSA8C,PRH57A
CSA8C,SOEX38
CSA8C,PKNC150
CSA8C,AC5C
CSA8C,114ATMP
CSA8C,TW481
CSA8C,TW401
CSA8C,TW381
CSA8C,SRP3A
CSA8CG,PK23A
CSA8CG,PRH57A
CSA8CG,SOEX38
CSA8CG,PKNC150
CSA8CG,FA12LE
CSA8CG,AC5C
CSA8CG,GF22
CSA8CG,AWM110DHK
CSA8CG,TW481
CSA8CG,AWM110DK
AWBMCG1608,SPBS8AR
AWBMCG1608,SIMM170
AWBMCG1608,FXK6
AWBMCG1608,FHLF80A
AWBMCG1608,91ACP
AWBMCG1608,FU8A
AWBMCG1608,SIMM160A
AWBMCG1608,SGDP42IRBR
AWBMCG1608,SPBS12AR
AWBMCG1608,SIMM150A
TRX72,FR80
TRX72,TR72
TRX72,TL72FOD
TRX72,303SXWKL
TRX72,TXM72
TRX72,SX80B
TRX72,110TMSY
TRX72,110STMDY
TRX72,STMD9
TRX72,STMD8
96ACF,47ACF
96ACF,91ACP
96ACF,222AFSP
96ACF,OFW3
96ACF,BF620C
96ACF,SN25A
96ACF,TMM4
96ACF,SFSM9
96ACF,SFSM11
96ACF,206EAU
SGTT10B,SGTT9B
SGTT10B,SGTT2B
SGTT10B,SGTT1B
SGTT10B,SGTT8B
SGTT10B,SGTT5B
SGTT10B,SGTT3B
SGTT10B,SGTT4B
SGTT10B,SGA1714B
SGTT10B,PALMRAT
SGTT10B,SRP400B
SGTT110B,PALMRAT
SGTT110B,SGTT8B
SGTT110B,SGTT9B
SGTT110B,PL5ESWIRESTRIP
SGTT110B,BLPPB704
SGTT110B,SGA1714B
SGTT110B,PWC48
SGTT110B,SGA1713B
SGTT110B,PHP2A
SGTT110B,PHP3A
QD2R200A,QD1R50A
QD2R200A,QD3250A
QD2R200A,QD2R100A
QD2R200A,QD3R250A
QD2R200A,222AFSP
QD2R200A,OFW3
QD2R200A,BTK5
QD2R200A,SWM111A
QD2R200A,OEXM9B
QD2R200A,S6110A
EECT400G,EECT400
EECT400G,TIF160
EECT400G,CAL6DA
EECT400G,ECFLD030
EECT400G,EEDM503D
EECT400G,TPM16
EECT400G,FB360C
EECT400G,OC5A
EECT400G,GA460B
EECT400G,PGP50
A36A,A50A
A36A,BLPPB704
A36A,HSPD16
A36A,PWZ4
A36A,OEX42B
A36A,BP40B
A36A,EXD35A
A36A,EXDL10A
A36A,IPLM10C
A36A,TX72
PBN3,BLPTL1427
PBN3,BLPTL1415
PBN3,BLPTL1410
PBN3,BLPHSM146
PBN3,BLPTL3850
PBN3,BLPHSM148
PBN3,BLPTL1260
PBN3,BLPHL3810
PBN3,BLPTL1255
PBN3,BLPHL388
AWML2.5D,SIMM180
AWML2.5D,SPBS12AR
AWML2.5D,SRPCR4700
AWML2.5D,ATECH3FR300B
AWML2.5D,SGDP42IRBR
AWML2.5D,SGDP31IRBR
AWML2.5D,PPC4A
AWML2.5D,T72
AWML2.5D,SGASA204CR
AWML2.5D,TMXK4
T72,PTIM5
T72,TMU181A
T72,AW1013DK
T72,TMM6
T72,TMM11
T72,STMM6
T72,STMM14
T72,STMM12
T72,STMM13
T72,STMM8
GLOVE300BM,GLOVE309L
GLOVE300BM,GLOVEORIGPLUSL
GLOVE300BM,GLASS50R
GLOVE300BM,GLOVE1100L
GLOVE300BM,SOSG01BKCL01
GLOVE300BM,GLOVE900LR
GLOVE300BM,LBUK1
GLOVE300BM,GLASS30R
GLOVE300BM,JCK7DBL
GLOVE300BM,MAGDISH
196ACF,XS1820A
196ACF,XS1012A
196ACF,TM84
196ACF,VO2224B
196ACF,XS67A
196ACF,VO3032B
196ACF,SGDEL10ESD
196ACF,TM65
196ACF,TM412
196ACF,TMC106E
205ESSPKPLG3,A177A
205ESSPKPLG3,BTC7B
205ESSPKPLG3,TMMD10
205ESSPKPLG3,BTCP2SA
205ESSPKPLG3,AWTEF8K
205ESSPKPLG3,AWMEF6K
205ESSPKPLG3,GCP10
205ESSPKPLG3,PT10C
205ESSPKPLG3,AWEF9K
205ESSPKPLG3,YA9350B
CT9050K2,PDR3000A
CT9050K2,PTC250
CT9050K2,PH3050BR
CT9050K2,CTR862DB
CT9050K2,CTC772A
CT9050K2,DB129C
CT9050K2,PT850
CT9050K2,AT5500
CT9050K2,CTR867AK2
CT9050K2,MG725A
307IPLY,307IPLMY
307IPLY,205IPF
307IPLY,BPPC1878
307IPLY,IPLM15C
307IPLY,IPLM18C
307IPLY,IPLM19C
307IPLY,PW18C
307IPLY,AWMBPH9
307IPLY,311IMFSY
307IPLY,OEX42B
LDT6,ASGP102BR
LDT6,ASGP1BR
LDT6,ASGP2BR
LDT6,SHLX80A
LDT6,SGD8BR
LDT6,SHD1R
LDT6,SGASA204CR
LDT6,SGD2BR
LDT6,SGD6BR
LDT6,SGDP42IRBR
S80AFOD,XS1820A
S80AFOD,XS1618A
S80AFOD,XS1214A
S80AFOD,VO2628B
S80AFOD,VO2224B
S80AFOD,VO1416B
S80AFOD,VO1820B
S80AFOD,TM65
S80AFOD,TMC104E
S80AFOD,TM410
SEPFAR7200KA,SGDX80BR
SEPFAR7200KA,205IPF
SEPFAR7200KA,207IPFM
SEPFAR7200KA,STMM13
SEPFAR7200KA,STMM8
SEPFAR7200KA,STMM10
SEPFAR7200KA,TMM8
SEPFAR7200KA,TMM10
SEPFAR7200KA,TMU8B
SEPFAR7200KA,TMXK60
SEPPREMETA,PK23A
SEPPREMETA,FADH12C
SEPPREMETA,207EFAMY
SEPPREMETA,AWM110DHK
SEPPREMETA,317MSPC
SEPPREMETA,206AFSP
SEPPREMETA,AW1015DHK
SEPPREMETA,LN47ACF
SEPPREMETA,2005BSKA
SEPPREMETA,R404
SEPPROCORE1A,PK52A
SEPPROCORE1A,PTIM5
SEPPROCORE1A,212EFTAY
SEPPROCORE1A,SEPPROCORE2A
SEPPROCORE1A,PPB826A
SEPPROCORE1A,317MPC
SEPPROCORE1A,SOEX704
SEPPROCORE1A,313SWMYA
SEPPROCORE1A,PBS704
SEPPROCORE1A,SGHBF500A
SEPSTARTERA,206AFSP
SEPSTARTERA,BP24B
SEPSTARTERA,BHM9A
SEPSTARTERA,GMB3041
SEPSTARTERA,SRPCR3800
SEPSTARTERA,GSAF1F
SEPSTARTERA,207EFAMY
SEPSTARTERA,FAM8E
SEPSTARTERA,AW028D
SEPSTARTERA,GM3046
SRES24,313SYA
SRES24,SRES306
SRES24,EXDL10A
SRES24,SRES26
SRES24,SRES22
SRES24,SRES18
SRES24,SRES28
SRES24,SRES20
SRES24,208FRDHM
SRES24,208FRDH
TB20A,KACKMCFIBER1
TB20A,KAERNADD6RD
TB20A,KWSP2455ABL
TB20A,KRSC343PBO
TB20A,KCP1422PBO
TB20A,KRSC430APBO7
TB20A,PLRK21
TB20A,KRSC46HPBO
TB20A,KRSC430APBO1
TB20A,KRWT2411
LSR1500,OFC14KT
LSR1500,BTCW800
LSR1500,OFCA2
LSR1500,VSC4KT
LSR1500,S3624
LSR1500,305SIMMY
LSR1500,SIMM290
LSR1500,SGA1713B
LSR1500,312IMM
LSR1500,TX72
LSR1580,LSR1000EXT
LSR1580,A3042
LSR1580,STARTERSET5
LSR1580,TWM27
LSR1580,TMM4
LSR1580,FXWP3
LSR1580,B1458C
LSR1580,B1467A
LSR1580,S6112
LSR1580,206EAU
OFC76148015,SRPCR4700
OFC76148015,PPC4A
OFC76148015,SGD2BR
OFC76148015,SIMM160A
OFC76148015,SIMM150A
OFC76148015,TMXK60
OFC76148015,SPBS704AR
OFC76148015,SGD8BR
OFC76148015,96ACF
OFC76148015,FXK11
OFW1,OFW4
OFW1,OFW3
OFW1,OFW2
OFW1,SIMM350
OFW1,SIMM290
OFW1,STMM4
OFW1,SIMM320
OFW1,SOEXM8
OFW1,SGDMRC4-TM4
OFW1,TMM4
PBMMA5O,PBMMA5O
PBMMA5O,PBMMS5G
PBMMA5O,PBMMA5G
PBMMA5O,PBMMS5O
PBMMA5O,PBMMB5O
PBMMA5O,PBMMB5G
PBMMA5O,PBMA5G
PBMMA5O,PBMMS5
PBMMA5O,PBMMB5
PBMMA5O,PBMMS5R
PBMMS5G,PBMMB5G
PBMMS5G,PBMMA5G
PBMMS5G,PBMMS5O
PBMMS5G,PBMMB5O
PBMMS5G,PBMMS5R
PBMMS5G,PBMMB5R
PBMMS5G,PBMMB5
PBMMS5G,PBMMA5R
PBMMS5G,PTM2
PBMMS5G,PBMMS5
PKN8,SGD8BR
PKN8,SRPCR3800
PKN8,SPBS704AR
PKN8,SIMM160A
PKN8,SGDP31IRBR
PKN8,47ACF
PKN8,SIMM220
PKN8,SIMM200
PKN8,SGDP42IRBR
PKN8,SGD4BR
PPC1A,PPC4A
PPC1A,PPC208A
PPC1A,PPC103A
PPC1A,PPC204A
PPC1A,AWM140DK
PPC1A,PPC210A
PPC1A,SOEX38
PPC1A,AC58E
PPC1A,OFW2
PPC1A,GAJ12A
RBM1214C,F80
RBM1214C,SHD1R
RBM1214C,91ACP
RBM1214C,ATECH2FR125B
RBM1214C,TMU8B
RBM1214C,TMXK60
RBM1214C,FXK3
RBM1214C,SGD8BR
RBM1214C,SGD4BR
RBM1214C,SGD2BR
RBM78SC,SG4ASABR
RBM78SC,SIMM220
RBM78SC,RBM1011C
RBM78SC,RBM910C
RBM78SC,RBM1618C
RBM78SC,RBM1213C
RBM78SC,RBM1415C
RBM78SC,RBM1719C
RBM78SC,OXIM707SBK
RBM78SC,SG7ASABR
REX13C,SSR7
REX13C,TMU81B
REX13C,AWMBPH9
REX13C,TM77
REX13C,BDGPL410HG
REX13C,S80AFOD
REX13C,SPRG625R
REX13C,BLPBTW4
REX13C,SGDMRC11A
REX13C,F4LBK
R1011C,R2426C
R1011C,R1618C
R1011C,R1012C
R1011C,R1214C
R1011C,R2022C
R1011C,R810C
R1011C,TM10G
R1011C,TMUS181A
R1011C,TMUS141A
R1011C,STMD18
AT4135,AT4135
AT4135,ECARL032R
AT4135,FB303B
AT4135,AT4124
AT4135,ACT1290A
AT4135,GA3634A
AT4135,MTTL300
AT4135,FB360C
AT4135,RULER6
AT4135,FB307RNB
208FRDH,208FRDHM
208FRDH,FAML6E
208FRDH,HD6529
208FRDH,KAC1224TCA
208FRDH,TW481
208FRDH,SA16E
208FRDH,FA12LE
208FRDH,FRX181
208FRDH,YA2850A
208FRDH,STX70E
RULER6,RULER600
RULER6,MTTL300
RULER6,GLASS30R
RULER6,PGP120
RULER6,TPM16
RULER6,FB360C
RULER6,TPMB25EM
RULER6,FB316B
RULER6,FB361A
RULER6,EEDM504F
KRSC46HPDG,KRBC100ABN
KRSC46HPDG,KRSC430APBO7
KRSC46HPDG,PLRK21
KRSC46HPDG,KCP1422PBO
KRSC46HPDG,KAERNADD6RD
KRSC46HPDG,KACKFLTCLNR
KRSC46HPDG,TB20AC
KRSC46HPDG,KRSC326FPBO
KRSC46HPDG,KRSC430APBO1
KRSC46HPDG,KRSC343PBO
103TMXKLA,204FXKLA
103TMXKLA,303SXWKL
103TMXKLA,AWM140DK
103TMXKLA,THLL72
103TMXKLA,208AFX
103TMXKLA,TRSLF72
103TMXKLA,SX24
103TMXKLA,106IPTMMA
103TMXKLA,213AFLEY
103TMXKLA,BLPBTWSET
SGDX80BO,XS1416A
SGDX80BO,XS1618A
SGDX80BO,XS67A
SGDX80BO,VO1820B
SGDX80BO,XS810A
SGDX80BO,TM408
SGDX80BO,TM82
SGDX80BO,TMC106E
SGDX80BO,PPC905B
SGDX80BO,TMC104E
FTXB50E,FTXB55E
FTXB50E,FTXB45E
FTXB50E,FA12LE
FTXB50E,GF22
FTXB50E,TW481
FTXB50E,KAC1224TCA
FTXB50E,STX70E
FTXB50E,SAM19E
FTXB50E,9100GSM
FTXB50E,AWM110DK
CTR827GDB,CT9080K2
CTR827GDB,PSO4525
CTR827GDB,PH1038
CTR827GDB,PSO4625
CTR827GDB,PT850
CTR827GDB,CTR861AK2
CTR827GDB,CTC131A
CTR827GDB,CTINF9010
CTR827GDB,AT109
CTR827GDB,CTB8174
309SIMYA,311IMYA
309SIMYA,310IMMYA
309SIMYA,SLX80A
309SIMYA,TTX40E
309SIMYA,IM140A
309SIMYA,IM220
309SIMYA,IM120A
309SIMYA,IM180A
309SIMYA,IM320
309SIMYA,TTX27E
TMU181A,TMU161A
TMU181A,TMU141A
TMU181A,TMU121A
TMU181A,TMU81B
TMU181A,TMU101A
TMU181A,SGDE220ESD
TMU181A,SGDE215ESD
TMU181A,SGDEP200ESD
TMU181A,SGDEP21ESD
TMU181A,TMA8E
SW281,SW321
SW281,SW301
SW281,SW221
SW281,SW361
SW281,SW141A
SW281,SW181A
SW281,SW241
SW281,SW201
SW281,SW161A
SW281,SW401
2420A,1412A
2420A,AW1020DK
2420A,AWM140DK
2420A,SWM291
2420A,SWM281
2420A,207EFTXY
2420A,307ESAY
2420A,BTC7B
2420A,TMMD11
2420A,TMMD5
20SSD,VO2224B
20SSD,TM65
20SSD,VO1416B
20SSD,VO1820B
20SSD,TM5
20SSD,XS1820A
20SSD,XS1618A
20SSD,XS67A
20SSD,TM408
20SSD,TMC106E
THLF72O,FHLF80A
THLF72O,SHLF80A
THLF72O,THLL72
THLF72O,SHX80B
THLF72O,103TMXKLA
THLF72O,124STTMM
THLF72O,THL72
THLF72O,SHL80A
THLF72O,208AFX
THLF72O,FHBF80A
FTXB45E,FTXB55E
FTXB45E,FTXB50E
FTXB45E,FRX181
FTXB45E,TW481
FTXB45E,STX70E
FTXB45E,FAML6E
FTXB45E,IMM360
FTXB45E,TW381
FTXB45E,AWM110DK
FTXB45E,RXS605B
PT850,PT850
PT850,MG725A
PT850,MG1250
PT850,PT338
PT850,MG325
PT850,PTR72
PT850,PTR2500
PT850,PTGR450
PT850,PTR2505
PT850,PTGR100
TMM5,STMM5
TMM5,TMM9
TMM5,TMM15
TMM5,TMM5.5
TMM5,TMM6
TMM5,TMM11
TMM5,TMM13
TMM5,STMM15
TMM5,TMM14
TMM5,STMM6
GLOVE1100XX,GLOVE1100L
GLOVE1100XX,ECFLD030
GLOVE1100XX,JCW62R
GLOVE1100XX,GLOVEORIGPLUSL
GLOVE1100XX,GLOVE300BL
GLOVE1100XX,GLOVE505RL
GLOVE1100XX,SOSG01BKCL01
GLOVE1100XX,GLOVE309L
GLOVE1100XX,GLASS90BYEAR
GLOVE1100XX,GLASS50R
S9704KFUA,S9706KRA
S9704KFUA,PK23A
S9704KFUA,PRH57A
S9704KFUA,FADH12C
S9704KFUA,BHS7A
S9704KFUA,AWM110DHK
S9704KFUA,AC5C
S9704KFUA,2004BSKA
S9704KFUA,PK53A
S9704KFUA,OEXM9B
TMMD7,TMMD8
TMMD7,TMMD11
TMMD7,TMMD9
TMMD7,TMMD12
TMMD7,TMMD5
TMMD7,AWMG9
TMMD7,AC58E
TMMD7,SOEX38
TMMD7,SOEX40
TMMD7,S9704KR
TMMDS6,TMMDS5.5
TMMDS6,TMMDS5
TMMDS6,TMMDS7
TMMDS6,TMMDS12
TMMDS6,TMMDS9
TMMDS6,TMMDS11
TMMDS6,TMMDS13
TMMDS6,TMMDS10
TMMDS6,TMMD12
TMMDS6,TMMD9
SIMM230,SIMM240
SIMM230,SIMM200
SIMM230,SIMM180
SIMM230,SIMM160A
SIMM230,SIMM110A
SIMM230,SIMM220
SIMM230,SIMM190
SIMM230,SIMM210
SIMM230,SIMM150A
SIMM230,SIM400
PPC905B,XS2024A
PPC905B,XS1820A
PPC905B,XS2226A
PPC905B,TM84
PPC905B,VO2628B
PPC905B,VO1416B
PPC905B,TM408
PPC905B,XS810A
PPC905B,TM65
PPC905B,TM412
SODC1,YAKS42
SODC1,PGP120
SODC1,GA296B
SODC1,UTK100
SODC1,IM1PT
SODC1,EECT400
SODC1,ECPNI032R
SODC1,MTTL800
SODC1,ECHDF042
SODC1,ECARL032R
VO3032B,VO2628B
VO3032B,VO1416B
VO3032B,VO1820B
VO3032B,VO2224B
VO3032B,TMC104E
VO3032B,TM408
VO3032B,XS810A
VO3032B,TM412
VO3032B,TM65
VO3032B,TM5
PKNC150,SOEX36
PKNC150,PKN90
PKNC150,414AHD
PKNC150,SOEX38
PKNC150,SOEX40
PKNC150,UPTM65K
PKNC150,OFW2
PKNC150,YA4275
PKNC150,AWP160
PKNC150,L122
IMM100A,IMM110A
IMM100A,IMM120A
IMM100A,IMM130A
IMM100A,IMM140A
IMM100A,IMM170A
IMM100A,IMM160A
IMM100A,IMM150A
IMM100A,IMM220
IMM100A,IM160A
IMM100A,IM260
OEXM230B,OEXM240B
OEXM230B,OEXM250B
OEXM230B,OEXM260B
OEXM230B,OEXM290B
OEXM230B,OEXM320B
OEXM230B,OEXM270B
OEXM230B,SN25A
OEXM230B,SWM101A
OEXM230B,OEXM8B
OEXM230B,TWM26
OC5A,GA460B
OC5A,PGP50
OC5A,YA4000B
OC5A,TPM16EM
OC5A,YA1050B
OC5A,TPGIF1600A
OC5A,YAKS42
OC5A,TDG2
OC5A,GLASS50R
OC5A,TPGDL2000
313SIMA,311IMYA
313SIMA,SOEX40
313SIMA,IM120A
313SIMA,IM320
313SIMA,IM140A
313SIMA,IM260
313SIMA,IM240
313SIMA,IM300
313SIMA,SOEX38
313SIMA,305SIMMY
SGDE70ESD,A2A
SGDE70ESD,FXK11
SGDE70ESD,96ACF
SGDE70ESD,FXK6
SGDE70ESD,SGASA204CR
SGDE70ESD,SPBS12AR
SGDE70ESD,SPBS18AR
SGDE70ESD,SGD8BR
SGDE70ESD,SIMM220
SGDE70ESD,T72
AWSGTRP25A,SIMM240
AWSGTRP25A,SGD6BR
AWSGTRP25A,91ACP
AWSGTRP25A,PPC103A
AWSGTRP25A,BLPTHC87
AWSGTRP25A,47ACF
AWSGTRP25A,GFAT1E
AWSGTRP25A,SPBS704AR
AWSGTRP25A,96ACF
AWSGTRP25A,T72
IM220,IM160A
IM220,IM280
IM220,IM260
IM220,IM240
IM220,BLPTE3816
IM220,SIM220
IM220,SIM300
IM220,SIM240
IM220,SIM260
IM220,BLPTE3812
CT825DB,CTRS761ADB
CT825DB,CTCO861K2
CT825DB,CTR867AK2
CT825DB,CTQ838DB
CT825DB,CTB8174
CT825DB,CTB185
CT825DB,CTB8187
CT825DB,MG325
CT825DB,CTR862DB
CT825DB,CT9080K2
AWBSG16A,96ACF
AWBSG16A,SGD4BR
AWBSG16A,SGD6BR
AWBSG16A,FXK3
AWBSG16A,T72
AWBSG16A,SPBS18AR
AWBSG16A,SPBS12AR
AWBSG16A,SIMM200
AWBSG16A,SRPCR3800
AWBSG16A,BLPTHC87
AWCG1608B,T72
AWCG1608B,PL400B
AWCG1608B,TMXK2
AWCG1608B,SGD8BR
AWCG1608B,SIMM160A
AWCG1608B,PPC103A
AWCG1608B,SPBS8AR
AWCG1608B,FXK3
AWCG1608B,FHLF80A
AWCG1608B,SPBS704AR
SDMT25D,SDMT20D
SDMT25D,SDMT10D
SDMT25D,SDM251C
SDMT25D,SDM252C
SDMT25D,TMC109A
SDMT25D,AWEF9K
SDMT25D,SDMEXT19K
SDMT25D,PK500A
SDMT25D,YA2019
SDMT25D,SSDMRT8A
STMD12,STMD14
STMD12,STMD10
STMD12,STMD9
STMD12,STMD6
STMD12,STMD16
STMD12,STMD7
STMD12,STMD11
STMD12,STMD18
STMD12,SGDE230ESD
STMD12,TM84
KRSC430APDC7,KAERNADD6RD
KRSC430APDC7,KRSC323PBO
KRSC430APDC7,KWSN2455AST
KRSC430APDC7,KRSC326FPBO
KRSC430APDC7,MRB12B
KRSC430APDC7,KRSC2460PWZ7
KRSC430APDC7,SNA-TBP14
KRSC430APDC7,KRA2411PBO
KRSC430APDC7,KRA2007FPBO
KRSC430APDC7,KRA2055FPBO
KRSC430APOT7,KAERNADD6RD
KRSC430APOT7,KRSC323PBO
KRSC430APOT7,KCP1422PBO
KRSC430APOT7,A277
KRSC430APOT7,KRSC326FPBO
KRSC430APOT7,SNA-TBP14
KRSC430APOT7,KRA4813FPBO
KRSC430APOT7,KRSC46HPBO
KRSC430APOT7,KRA2422PBO
KRSC430APOT7,TB50WC
207FHRM,208EFTABMY
207FHRM,206EFABLM
207FHRM,FABLM5E
207FHRM,SGRHT6BR
207FHRM,SGA174BR
207FHRM,SGA175BR
207FHRM,SGA1710BR
207FHRM,BLPTORX1410
207FHRM,103UFTS
207FHRM,106ATMXW
KRA4059FPCM,KRSC46HPBO
KRA4059FPCM,KRSC326FPBO
KRA4059FPCM,YA389A
KRA4059FPCM,SNA-TBP14
KRA4059FPCM,KRA4813FPBO
KRA4059FPCM,KCP1422PBO
KRA4059FPCM,KRA2411PBO
KRA4059FPCM,A277
KRA4059FPCM,KACKFLTCLNR
KRA4059FPCM,KWSN2455AST
KRA2007FPBO,KCP1422PBO
KRA2007FPBO,PLRK21
KRA2007FPBO,KRSC326FPBO
KRA2007FPBO,KRSC46HPBO
KRA2007FPBO,KRSC430APBO7
KRA2007FPBO,KACKMCFIBER1
KRA2007FPBO,A277
KRA2007FPBO,PLRK27
KRA2007FPBO,KWSN2455AST
KRA2007FPBO,TB50WC
AWXL13-7/32,91ACP
AWXL13-7/32,SGASA204CR
AWXL13-7/32,SIMM210
AWXL13-7/32,TMXK60
AWXL13-7/32,SHD1R
AWXL13-7/32,SGD6BR
AWXL13-7/32,TMU8B
AWXL13-7/32,SIMM160A
AWXL13-7/32,ATECH3FR300B
AWXL13-7/32,FXK11
106ATMXWP,206AFXW
106ATMXWP,305SXWP
106ATMXWP,XO605
106ATMXWP,PPB30AK
106ATMXWP,110TMSY
106ATMXWP,SGDMRCE44
106ATMXWP,106TMUSA
106ATMXWP,TNF72
106ATMXWP,111STMMDY
106ATMXWP,110TMDY
BRUTUS3R300,QD2R1000A
BRUTUS3R300,QD2FR75B
BRUTUS3R300,QD1R200A
BRUTUS3R300,QD1R50A
BRUTUS3R300,QD2R100A
BRUTUS3R300,QD2R200A
BRUTUS3R300,LDH342
BRUTUS3R300,L122
BRUTUS3R300,111STMMDY
BRUTUS3R300,86EP
AWMXL10,AWXL13
AWMXL10,AWTR8
AWMXL10,AWTXL8
AWMXL10,PKN90
AWMXL10,HBPT24
AWMXL10,BTWSMPK
AWMXL10,YA2020
AWMXL10,PPB30AK
AWMXL10,HBBD8
AWMXL10,CSSD1R
BOERM14,BOERM14
BOERM14,SN15B
BOERM14,BOERM15
BOERM14,BOERM17
BOERM14,BOERM12
BOERM14,BOERM19
BOERM14,BOERM10
BOERM14,SIM200
BOERM14,BOERM8
BOERM14,SIM260
BP16B,PT5C
BP16B,AWM110DK
BP16B,AC5C
BP16B,FA12LE
BP16B,FRX181
BP16B,KAC1224TCA
BP16B,AWEF6K
BP16B,TW481
BP16B,PK53A
BP16B,TWM31
BPPC1878,1512B
BPPC1878,307IPLY
BPPC1878,SR40K
BPPC1878,PW18C
BPPC1878,IPL22C
BPPC1878,IPL18C
BPPC1878,IPL30C
BPPC1878,TQFR100C
BPPC1878,RXFS605B
BPPC1878,OEX38B
TL72FOD,F80FOD
TL72FOD,S80AFOD
TL72FOD,T72FOD
TL72FOD,FL80
TL72FOD,GMB3041
TL72FOD,BLPEXTF146
TL72FOD,FC72
TL72FOD,TMS4E
TL72FOD,TM10G
TL72FOD,FR80
UIM2RSLT,UIM2LT
UIM2RSLT,GA265A
UIM2RSLT,UPTLP2
UIM2RSLT,UPT2FL
UIM2RSLT,UPT65
UIM2RSLT,PSN500
UIM2RSLT,PHT5
UIM2RSLT,FZ4B
UIM2RSLT,BEXD10A
UIM2RSLT,AWSG800A
VGP104,VGP12509
VGP104,LSR1250
VGP104,B1356E
VGP104,IMX32B
VGP104,B3404B
VGP104,TR107A
VGP104,BP32B
VGP104,AWP160
VGP104,AWEF9K
VGP104,OEXM240B
AYESCRD,BF775C-A
AYESCRD,A159
AYESCRD,OEXM707B
AYESCRD,UTS105A
AYESCRD,PBN500
AYESCRD,ATECH3FR300B
AYESCRD,BLPTHC87
AYESCRD,SHD2R
AYESCRD,SHD6R
AYESCRD,SHDP31IRR
B240B,S6112
B240B,B3404B
B240B,B1356E
B240B,SHCP1B
B240B,UPT2FL
B240B,SHLX80A
B240B,SOXRRM710A
B240B,PPC1A
B240B,PPC816B
B240B,SGD6BR
BLPTL1420,BLPTL1425
BLPTL1420,BLPTL1427
BLPTL1420,BLPTL1410
BLPTL1420,BLPTL148
BLPTL1420,BLPTL1430
BLPTL1420,BLPTL3845
BLPTL1420,BLPTL3840
BLPTL1420,BLPTL147
BLPTL1420,BLPT1420
BLPTL1420,BLPT1415
BF620C,AW1013DK
BF620C,GA98A
BF620C,DS809K
BF620C,210AFLEY
BF620C,10R
BF620C,OFW1
BF620C,PKNG90
BF620C,FTX60E
BF620C,YA337A
BF620C,S9704KR
BLPH387,BLPH389
BLPH387,BLPH38732
BLPH387,BLPH388
BLPH387,BLPH38516
BLPH387,BLPH386
BLPH387,BLPH3814
BLPH387,BLPH3838
BLPH387,BLPH3810
BLPH387,BLPH125
BLPH387,BLPH14316
BLPHS14316,SIMM240
BLPHS14316,SGASA204CR
BLPHS14316,SGD8BR
BLPHS14316,TMU8B
BLPHS14316,SGDX80BR
BLPHS14316,TMXK60
BLPHS14316,SGD4BR
BLPHS14316,SPBS18AR
BLPHS14316,SGDP42IRBR
BLPHS14316,47ACF
L872RM,L872RJ
L872RM,L8112A
L872RM,L62
L872RM,L122
L872RM,425IMM
L872RM,429IM
L872RM,305SIMMY
L872RM,SIMM290
L872RM,SOEX36
L872RM,SOEX704
LDT3730,LDT8
LDT3730,ASGP102BR
LDT3730,ASGP2BR
LDT3730,SHLL80A
LDT3730,SGA1711BR
LDT3730,SH80A
LDT3730,SHX80B
LDT3730,SRPCR4700
LDT3730,SRPCR3800
LDT3730,PPC203A
GA265A,TM62B
GA265A,XS2024A
GA265A,XS2226A
GA265A,XS1618A
GA265A,VO1416B
GA265A,VO1820B
GA265A,TM65
GA265A,TMC106E
GA265A,TM82
GA265A,TM410
GLOVEORIGPLUSXL,EEDM504F
GLOVEORIGPLUSXL,GA296B
GLOVEORIGPLUSXL,EEDM503D
GLOVEORIGPLUSXL,EEPV509
GLOVEORIGPLUSXL,GLASS30R
GLOVEORIGPLUSXL,MAGMAT
GLOVEORIGPLUSXL,UTK150
GLOVEORIGPLUSXL,RULER602
GLOVEORIGPLUSXL,MAGDISH
GLOVEORIGPLUSXL,ECHDD012A
HCP48BCF,SHP2KT
HCP48BCF,SGA175BR
HCP48BCF,SGAS102BG
HCP48BCF,HCP10
HCP48BCF,PHP1A
HCP48BCF,SGAS102BR
HCP48BCF,PTM30
HCP48BCF,SGA102BR
HCP48BCF,PHP3A
HCP48BCF,LIL59000
SEPPRECOMBA,SOEX707
SEPPRECOMBA,317MSPC
SEPPRECOMBA,114ATMP
SEPPRECOMBA,AWBCG1608
SEPPRECOMBA,AWBCG1612
SEPPRECOMBA,F12LB
SEPPRECOMBA,206AFXW
SEPPRECOMBA,T72
SEPPRECOMBA,SGD2BR
SEPPRECOMBA,SGD6BR
SEPPROK12PCA,SPBS8AR
SEPPROK12PCA,SGDP42IRBR
SEPPROK12PCA,SIMM150A
SEPPROK12PCA,SGD6BR
SEPPROK12PCA,T72
SEPPROK12PCA,FXK6
SEPPROK12PCA,SPBS704AR
SEPPROK12PCA,SIMM160A
SEPPROK12PCA,FXK11
SEPPROK12PCA,TMU8B
SEPPROK12POTA,BLPTHC87
SEPPROK12POTA,SIMM210
SEPPROK12POTA,SGD4BR
SEPPROK12POTA,SPBS704AR
SEPPROK12POTA,F80
SEPPROK12POTA,PL400B
SEPPROK12POTA,SGDP42IRBR
SEPPROK12POTA,SHD1R
SEPPROK12POTA,SIMM150A
SEPPROK12POTA,SIMM180
SEPPROK1PWZA,TMXK2
SEPPROK1PWZA,SPBS8AR
SEPPROK1PWZA,SGD2BR
SEPPROK1PWZA,TMU8B
SEPPROK1PWZA,SPBS704AR
SEPPROK1PWZA,SPBS18AR
SEPPROK1PWZA,SPBS12AR
SEPPROK1PWZA,PPC4A
SEPPROK1PWZA,SRPCR3800
SEPPROK1PWZA,ATECH3FR300B
SGAS102BG,PTM2
SGAS102BG,SGA102BR
SGAS102BG,HCP48BCF
SGAS102BG,PBMMB5G
SGAS102BG,CSSD50R
SGAS102BG,CSSD1R
SGAS102BG,L872RM
SGAS102BG,LP6LN
SGAS102BG,ASGP102BR
SGAS102BG,ASGP2BR
TB30C,KRA4008FPBO
TB30C,KRA5311FPBO
TB30C,YA438B
TB30C,KRSC326FPBO
TB30C,A277
TB30C,KRWT2411
TB30C,KACKMCFIBER1
TB30C,PLRK21
TB30C,KRA2407PBO
TB30C,KRSC430APBO1
TDM117B,TWM23
TDM117B,TWM24
TDM117B,TWM20
TDM117B,EXDL10A
TDM117B,PHP1A
TDM117B,RTD48
TDM117B,BLPTHC87
TDM117B,SPBS704AR
TDM117B,RBM1719C
TDM117B,TWM17
LSR2500PLUS,LSR1150
LSR2500PLUS,LSR1250
LSR2500PLUS,LSR1000EXT
LSR2500PLUS,FS181
LSR2500PLUS,IPF800B
LSR2500PLUS,304IMX
LSR2500PLUS,FHLLF80
LSR2500PLUS,HBBD16
LSR2500PLUS,IMM240
LSR2500PLUS,112TMMY
PHT5,SGDE215ESD
PHT5,SGDEP21ESD
PHT5,PBN2
PHT5,PKNC125C2
PHT5,ADCF8
PHT5,131TMPB
PHT5,PPK300
PHT5,TMA7E
PHT5,TMA4.5E
PHT5,TMA8E
PBMB5O,PBMS5R
PBMB5O,PBMA5O
PBMB5O,PBMMB5O
PBMB5O,PBMMS5O
PBMB5O,PBMB5R
PBMB5O,PBMMS5G
PBMB5O,PBMMB5G
PBMB5O,210FCOMA
PBMB5O,YA339A
PBMB5O,PIT120
PKB53A,TMMD10
PKB53A,111STMMDY
PKB53A,SR40K
PKB53A,HBBT16
PKB53A,UPT2FL
PKB53A,TMMD8
PKB53A,TMMD11
PKB53A,111TMMDY
PKB53A,TMMD6
PKB53A,TMMD9
PT28E,218AFP
PT28E,BTC7B
PT28E,SS5A
PT28E,2420A
PT28E,TW461
PT28E,AWMG9
PT28E,TMMD11
PT28E,TMMD5
PT28E,TMMD9
PT28E,TMMD6
RBM810C,RBM910C
RBM810C,RBM78SC
RBM810C,RBM810C
RBM810C,RBM1719C
RBM810C,FHLLF80
RBM810C,PL400B
RBM810C,96ACF
RBM810C,91ACP
RBM810C,47ACF
RBM810C,RBM1415C
KACKFLTCLNR,KACKMCFIBER1
KACKFLTCLNR,YA389A
KACKFLTCLNR,PLRK21
KACKFLTCLNR,PLRK30
KACKFLTCLNR,TB20AC
KACKFLTCLNR,KAERNADD6RD
KACKFLTCLNR,A277
KACKFLTCLNR,KRA4813FPBO
KACKFLTCLNR,KRSC343PBO
KACKFLTCLNR,KRSC323PBO
KWSP2455AST,KA2422SETPJJ
KWSP2455AST,KACKMCFIBER1
KWSP2455AST,KWSP2455AST
KWSP2455AST,KCP1422PBO
KWSP2455AST,KRA2422PBO
KWSP2455AST,KCP2422PBO
KWSP2455AST,KAERNADD6RD
KWSP2455AST,KWSN2455ABL
KWSP2455AST,KWSN2455AST
KWSP2455AST,KWSP2455ABL
US712,222AFSMP
US712,AWM140DK
US712,210AFLEY
US712,B1356E
US712,PT5C
US712,AW1020DK
US712,OEXM6B
US712,144TMPB
US712,313TSMYA
US712,SHDX60R
UTV615A,UTV614A
UTV615A,14V
UTV615A,BF775C-A
UTV615A,PK500A
UTV615A,UTV616A
UTV615A,BP24B
UTV615A,T72FOD
UTV615A,110STMY
UTV615A,BOER708
UTV615A,110TMY
VSC4KT-2,SGDP42IRBR
VSC4KT-2,TMXK2
VSC4KT-2,PPC103A
VSC4KT-2,FXK3
VSC4KT-2,ATECH3FR300B
VSC4KT-2,47ACF
VSC4KT-2,FX1
VSC4KT-2,BLPTHC87
VSC4KT-2,FXK11
VSC4KT-2,SIMM150A
XDSG606K1G,XDSGM607K1O
XDSG606K1G,XDSGM607K1G
XDSG606K1G,XDSGM607K1
XDSG606K1G,96ACF
XDSG606K1G,SIMM200
XDSG606K1G,91ACP
XDSG606K1G,SGDP42IRBR
XDSG606K1G,SGD4BR
XDSG606K1G,SPBS8AR
XDSG606K1G,SIMM170
YA2850A,FRX181
YA2850A,FA12LE
YA2850A,FAML6E
YA2850A,SA16E
YA2850A,HD6529
YA2850A,SAM19E
YA2850A,KAC1224TCA
YA2850A,STX70E
YA2850A,9100GSM
YA2850A,209EFTXBY
SAG03S12,DB121C
SAG03S12,AT2050
SAG03S12,VWB5B
SAG03S12,PTC250
SAG03S12,PTGR100
SAG03S12,PT850
SAG03S12,PH3050BR
SAG03S12,AT408
SAG03S12,AT475A
SAG03S12,PDR3000A
VSM807B,VS807B
VSM807B,IPL28C
VSM807B,VS814A
VSM807B,IPL34C
VSM807B,XOM605
VSM807B,AWMEF6K
VSM807B,AWEF6K
VSM807B,312IPL
VSM807B,TDM99117C
VSM807B,XBM605A
SOEX28,SOEX26
SOEX28,SOEX36
SOEX28,SOEX30
SOEX28,PKNC150
SOEX28,SOEX38
SOEX28,SOEX32
SOEX28,414AHD
SOEX28,SOEX40
SOEX28,UPTM65K
SOEX28,AWP160
XS810A,XS67A
XS810A,XS1214A
XS810A,VO1416B
XS810A,VO1012B
XS810A,XS1618A
XS810A,XS2226A
XS810A,VO1820B
XS810A,TM408
XS810A,TM82
XS810A,TM5
KRSC2460PBO7,KRA2407PBO
KRSC2460PBO7,A277
KRSC2460PBO7,TB40C
KRSC2460PBO7,SNA-TBP14
KRSC2460PBO7,KRSC326FPBO
KRSC2460PBO7,KCP2422PBO
KRSC2460PBO7,KRSC430APBO1
KRSC2460PBO7,KWSP2455AST
KRSC2460PBO7,KRA4107FPBO
KRSC2460PBO7,KRA2422PBO
KRSC2460PCM1,KRA25D
KRSC2460PCM1,TB20AC
KRSC2460PCM1,KWSP2455ABL
KRSC2460PCM1,KRSC326FPBO
KRSC2460PCM1,KRA2422PBO
KRSC2460PCM1,PLRK30
KRSC2460PCM1,KRSC430APBO1
KRSC2460PCM1,KRSC430APBO7
KRSC2460PCM1,KCP1422PBO
KRSC2460PCM1,PLRK21
KRSC2460PCM7,KRSC46HPBO
KRSC2460PCM7,KCP1422PBO
KRSC2460PCM7,A277
KRSC2460PCM7,KRSC430APBO7
KRSC2460PCM7,SNA-TBP14
KRSC2460PCM7,KRA2007FPBO
KRSC2460PCM7,KRA2406BPBO
KRSC2460PCM7,KRA2411PBO
KRSC2460PCM7,KRA2407PBO
KRSC2460PCM7,KRA2055FPBO
PHG1055BK,IPL32C
PHG1055BK,IPL26C
PHG1055BK,IPL16C
PHG1055BK,IPL34C
PHG1055BK,312IPLM
PHG1055BK,IPLM12C
PHG1055BK,IPLM13C
PHG1055BK,IPLM16C
PHG1055BK,PWZ4
PHG1055BK,IPL30C
TMXK110,TMXK2
TMXK110,FXK8
TMXK110,TMX1
TMXK110,FXK4
TMXK110,TMXK4
TMXK110,TMXK60
TMXK110,120STTM
TMXK110,TMA4.5E
TMXK110,TMA6E
TMXK110,103UFTS
206SPKPLGMAG,XDLRM705K2A
206SPKPLGMAG,XFRRM705
206SPKPLGMAG,S3624
206SPKPLGMAG,LSR1000EXT
206SPKPLGMAG,RXFMS606B
206SPKPLGMAG,PPC203A
206SPKPLGMAG,PPC205A
206SPKPLGMAG,FU8A
206SPKPLGMAG,SPBS704AR
206SPKPLGMAG,SGASA204CR
207EFAMY,212EFTXY
207EFAMY,SOEX707
207EFAMY,PK23A
207EFAMY,TFM7530B
207EFAMY,TWM32
207EFAMY,TWM30
207EFAMY,414AHD
207EFAMY,PKNC150
207EFAMY,PRH57A
207EFAMY,AW1020DK
PPN4050,PPK15
PPN4050,SG4ASABR
PPN4050,PBN500
PPN4050,LP7R
PPN4050,LP6LN
PPN4050,PT40B
PPN4050,GA294
PPN4050,ASGP1BR
PPN4050,BDGPL300HG
PPN4050,TK72
MRB12B,PLRK21
MRB12B,A277
MRB12B,YA450B
MRB12B,KRSC326FPBO
MRB12B,KRSC46HPBO
MRB12B,KRA2407PBO
MRB12B,KAERNADD6RD
MRB12B,KRSC430APBO7
MRB12B,KRA2422PBO
MRB12B,KRA2007FPBO
PTGR450,PT450-WH
PTGR450,PDR5000A
PTGR450,PTGR100
PTGR450,DB129C
PTGR450,PTC250
PTGR450,AT109
PTGR450,PH3050BR
PTGR450,PTR2500
PTGR450,PT850
PTGR450,DBBPT13
SIM400,SIM340
SIM400,SIM380
SIM400,IM320
SIM400,IM240
SIM400,IM260
SIM400,SIM260
SIM400,SIM180A
SIM400,SOEX38
SIM400,SIM240
SIM400,IM180A
MPBS1140AO,SIMM180
MPBS1140AO,ATECH3FR300B
MPBS1140AO,233FSMBFR
MPBS1140AO,FSS141
MPBS1140AO,FSS121
MPBS1140AO,FSS181
MPBS1140AO,FSS161
MPBS1140AO,SGDMRC44B
MPBS1140AO,LN47ACF
MPBS1140AO,FXK3
KASS13,KAERNADD6RD
KASS13,KRSC46HPBO
KASS13,KRSC430APBO7
KASS13,MRB12B
KASS13,A277
KASS13,KRA2007FPBO
KASS13,KCP2422PBO
KASS13,KWSN2455AST
KASS13,KRSC326FPBO
KASS13,KRA4813FPBO
SXK3,SXK5
SXK3,SXK11
SXK3,SWM111A
SXK3,SX2
SXK3,SWM101A
SXK3,AWEF6K
SXK3,SN25A
SXK3,ACT1370
SXK3,SWM251
SXK3,SIMM320
SDM251C,SDM252C
SDM251C,SDMT25D
SDM251C,SDMT20D
SDM251C,SDMT10D
SDM251C,SGDMRC44B
SDM251C,61CF
SDM251C,TMD6
SDM251C,TMD9
SDM251C,TMD11
SDM251C,TMD14
TPGDL2000ORG,TDG2
TPGDL2000ORG,CAL6EBR
TPGDL2000ORG,TDG1
TPGDL2000ORG,ACT73A
TPGDL2000ORG,EECS150
TPGDL2000ORG,FB361A
TPGDL2000ORG,EECT400
TPGDL2000ORG,YA1050B
TPGDL2000ORG,ECHDF042
TPGDL2000ORG,ECHDD012AR
SN18B,AWM140DK
SN18B,XS1820A
SN18B,XS1012A
SN18B,XS1618A
SN18B,XS1214A
SN18B,VO2628B
SN18B,VO2224B
SN18B,TM408
SN18B,SGDEL10ESD
SN18B,TM412
AWSGT7A,AWSGT8A
AWSGT7A,AWSGT6A
AWSGT7A,FXK3
AWSGT7A,SGD4BR
AWSGT7A,SGDP42IRBR
AWSGT7A,SPBS704AR
AWSGT7A,SIMM180
AWSGT7A,SHD1R
AWSGT7A,SGD8BR
AWSGT7A,SIMM240
SVTS272A,EEBC30A12V
SVTS272A,ACT51234A
SVTS272A,SVTS264
SVTS272A,SVTSRAD272U
SVTS272A,SVTA9100
SVTS272A,EEPV500
SVTS272A,RADKITULTRA
SVTS272A,EEPV509
SVTS272A,TA32A
SVTS272A,YA4000B
131TMPB,STARTERSET5
131TMPB,TMM16
131TMPB,PPCL60BK
131TMPB,SFSM6
131TMPB,SFSM20
131TMPB,PHP2A
131TMPB,AWP160
131TMPB,208EFTAMXSY
131TMPB,SIMM320
131TMPB,PHT5
AWML8D,SIMM240
AWML8D,SGD6BR
AWML8D,SIMM220
AWML8D,96ACF
AWML8D,SIMM180
AWML8D,SGDP42IRBR
AWML8D,SIMM200
AWML8D,SIMM170
AWML8D,SPBS12AR
AWML8D,PL400B
GLOVE600MG,GLOVE309L
GLOVE600MG,GLOVE300BL
GLOVE600MG,GLOVE1100L
GLOVE600MG,SOSG01BKCL01
GLOVE600MG,GLASS90BYEAR
GLOVE600MG,GLOVE900LR
GLOVE600MG,GLOVE505RL
GLOVE600MG,GLASS50R
GLOVE600MG,EECR5A
GLOVE600MG,EARPLUGBAND
AT475A,AT475A
AT475A,PTGR100
AT475A,PTGR110
AT475A,AT408
AT475A,PSO4625
AT475A,PTC250
AT475A,PH3050BR
AT475A,PDR3000A
AT475A,AT118
AT475A,AT109
AWTR8-6,F80
AWTR8-6,SGD8BR
AWTR8-6,SPBS704AR
AWTR8-6,SGD6BR
AWTR8-6,FXK3
AWTR8-6,SHD1R
AWTR8-6,47ACF
AWTR8-6,SIMM240
AWTR8-6,SGDP31IRBR
AWTR8-6,SIMM180
106TMUA,206AFSA
106TMUA,110STMDY
106TMUA,AWL1010DK
106TMUA,VS807B
106TMUA,YA2020
106TMUA,BP8B
106TMUA,AW1013DK
106TMUA,WTG10A
106TMUA,SSFP1
106TMUA,TR72
STX55E,STX60E
STX55E,STX70E
STX55E,FTX50E
STX55E,FTX45E
STX55E,FTX40E
STX55E,SPBS704AR
STX55E,PPC103A
STX55E,47ACF
STX55E,SIMM160A
STX55E,SGD6BR
SOEX707,SOEX36
SOEX707,414AHD
SOEX707,PKNC150
SOEX707,317MSPC
SOEX707,114ATMP
SOEX707,211SFSY
SOEX707,207EFAMY
SOEX707,LDH362
SOEX707,LDH422A
SOEX707,SOEX38
FH80MP,FHOF80A
FH80MP,FZ80
FH80MP,THRLX72
FH80MP,FHBF80A
FH80MP,FKF80A
FH80MP,TKF72
FH80MP,SGA1713B
FH80MP,THLL72
FH80MP,SGA1714B
FH80MP,TMMS15
FM13,FM17
FM13,FM19
FM13,FM11
FM13,FM14
FM13,FM12
FM13,FM10
FM13,AWMEF8K
FM13,10SSD
FM13,PKNC200
FM13,SWM271
AWEF6K,SWM261
AWEF6K,AWMEF8K
AWEF6K,SWM251
AWEF6K,SWM271
AWEF6K,SWM101A
AWEF6K,SWM201
AWEF6K,SW401
AWEF6K,SW381
AWEF6K,SOEX38
AWEF6K,PK52A
CDR4P11L3K2,PH1038
CDR4P11L3K2,CTS561CHUCK
CDR4P11L3K2,MG725A
CDR4P11L3K2,AT5500
CDR4P11L3K2,PT338
CDR4P11L3K2,CTR861AK2
CDR4P11L3K2,CTC772A
CDR4P11L3K2,DB129C
CDR4P11L3K2,VWB8B
CDR4P11L3K2,CT825DB
GLASS50BK,GLOVE1100L
GLASS50BK,RULER602
GLASS50BK,ECPNJ032
GLASS50BK,GLOVE300BL
GLASS50BK,EARPLUGBAND
GLASS50BK,SOSG01BKCL01
GLASS50BK,GLOVE900LR
GLASS50BK,GLOVEORIGPLUSL
GLASS50BK,AT4135
GLASS50BK,ACT1290A
AWML3D,TMU8B
AWML3D,SGASA204CR
AWML3D,SGDX80BR
AWML3D,FHLF80A
AWML3D,91ACP
AWML3D,SIMM160A
AWML3D,SGDP42IRBR
AWML3D,SPBS18AR
AWML3D,FX1
AWML3D,96ACF
SGD2BO,SGDP31IRBR
SGD2BO,SGD4BR
SGD2BO,SGDP42IRBR
SGD2BO,SGD6BR
SGD2BO,SGD8BR
SGD2BO,SGDP64IRBR
SGD2BO,SGDP63IRBR
SGD2BO,AWMG9
SGD2BO,UIM225
SGD2BO,SOEX38
KRA2406BPBO,KWSP2455AST
KRA2406BPBO,KRSC430APBO7
KRA2406BPBO,KRSC46HPBO
KRA2406BPBO,KRSC326FPBO
KRA2406BPBO,A277
KRA2406BPBO,KRA4813FPBO
KRA2406BPBO,YA389A
KRA2406BPBO,SNA-TBP14
KRA2406BPBO,KRSC343PBO
KRA2406BPBO,KWSN2455AST
KRA2406BPC,KCP2422PBO
KRA2406BPC,KRSC326FPBO
KRA2406BPC,SNA-TBP14
KRA2406BPC,KRA4107FPBO
KRA2406BPC,KRWT2411
KRA2406BPC,KWSN2455ABL
KRA2406BPC,KRA2411PBO
KRA2406BPC,KRA4813FPBO
KRA2406BPC,KRSC430APBO1
KRA2406BPC,KRSC46HPBO
AWMXL10-2.5,SGD6BR
AWMXL10-2.5,SIMM220
AWMXL10-2.5,A2A
AWMXL10-2.5,SIMM190
AWMXL10-2.5,SGD8BR
AWMXL10-2.5,FHLF80A
AWMXL10-2.5,SPBS18AR
AWMXL10-2.5,BLPTHC87
AWMXL10-2.5,FXK3
AWMXL10-2.5,SIMM160A
TMM11,TMM14
TMM11,TMM12
TMM11,TMM13
TMM11,TMM15
TMM11,STMM5.5
TMM11,TMM7
TMM11,TMM5.5
TMM11,STMM15
TMM11,STMM5
TMM11,TMM5
110TMDY,110STMDY
110TMDY,111TMMDY
110TMDY,107ATMPB
110TMDY,STMD9
110TMDY,STMD6
110TMDY,STMD7
110TMDY,STMD18
110TMDY,STMD10
110TMDY,TMMD12
110TMDY,TMMD5
AWSGT10A,BLPTHC87
AWSGT10A,SRPCR3800
AWSGT10A,SHD1R
AWSGT10A,A2A
AWSGT10A,SPBS8AR
AWSGT10A,TMXK2
AWSGT10A,FX1
AWSGT10A,TMXK60
AWSGT10A,TMU8B
AWSGT10A,47ACF
214SIMFMYA,214IMFMYA
214SIMFMYA,212SIMFYA
214SIMFMYA,212IMFMSYA
214SIMFMYA,112SIMTMM
214SIMFMYA,320SIM
214SIMFMYA,312IMM
214SIMFMYA,TMMD5
214SIMFMYA,TMMD9
214SIMFMYA,TMMD6
214SIMFMYA,IM120A
KRA4813FPJJ,KRA4114FPBO
KRA4813FPJJ,KRA4810FPBO
KRA4813FPJJ,KWSN2455AST
KRA4813FPJJ,KRSC343PBO
KRA4813FPJJ,KRSC46HPBO
KRA4813FPJJ,KRSC323PBO
KRA4813FPJJ,KRSC430APBO7
KRA4813FPJJ,TB20AC
KRA4813FPJJ,KRA5311FPBO
KRA4813FPJJ,KWSP2455AST
AWSGT40A,SPBS704AR
AWSGT40A,SHD1R
AWSGT40A,SGDP42IRBR
AWSGT40A,BLPTHC87
AWSGT40A,F80
AWSGT40A,FXK3
AWSGT40A,SGD6BR
AWSGT40A,FHLF80A
AWSGT40A,SGDX80BR
AWSGT40A,SIMM180
AWSGT8A,AWSGT6A
AWSGT8A,AWSGT7A
AWSGT8A,FX1
AWSGT8A,T72
AWSGT8A,ATECH3FR300B
AWSGT8A,ATECH2FR125B
AWSGT8A,SIMM190
AWSGT8A,TMU8B
AWSGT8A,SRPCR3800
AWSGT8A,96ACF
FBST338GRN,FB336
FBST338GRN,ECPNI032R
FBST338GRN,SVTSRAD272U
FBST338GRN,AT4101
FBST338GRN,EEDM504F
FBST338GRN,FB316B
FBST338GRN,EEDM503D
FBST338GRN,TPGDL2000
FBST338GRN,RULER601
FBST338GRN,ECHDD012A
KRA2422PDC,SNA-TBP14
KRA2422PDC,KRSC430APBO7
KRA2422PDC,KRA2422PBO
KRA2422PDC,KWSN2455AST
KRA2422PDC,KRWT2411
KRA2422PDC,KWSP2455ABL
KRA2422PDC,KWSN2455ABL
KRA2422PDC,KWSP2455AST
KRA2422PDC,KCP1422PBO
KRA2422PDC,KRA2411PBO
AWSGM3A,FXK3
AWSGM3A,ATECH2FR125B
AWSGM3A,SIMM160A
AWSGM3A,SGD2BR
AWSGM3A,TMXK2
AWSGM3A,A2A
AWSGM3A,FX1
AWSGM3A,TMXK4
AWSGM3A,PL400B
AWSGM3A,47ACF
AT380A,AT5500
AT380A,AT109
AT380A,AT700F
AT380A,AT2050
AT380A,DBBPT13
AT380A,VWB8B
AT380A,CT825DB
AT380A,DB129C
AT380A,CTC131A
AT380A,PH3050BR
CT9010GDB,CTQ838DB
CT9010GDB,CTR861AK2
CT9010GDB,CT825DB
CT9010GDB,CT9080K2
CT9010GDB,CTB185
CT9010GDB,CTB8187
CT9010GDB,CTR867AK2
CT9010GDB,CTR862DB
CT9010GDB,CTC131A
CT9010GDB,CTINF9010
AWSG06A,47ACF
AWSG06A,SHD1R
AWSG06A,SPBS704AR
AWSG06A,SRPCR3800
AWSG06A,FXK11
AWSG06A,ATECH3FR300B
AWSG06A,SIMM210
AWSG06A,SGDP42IRBR
AWSG06A,SPBS18AR
AWSG06A,TMU8B
XFRR704,BFCR708A
XFRR704,XFRRM705
XFRR704,XFRM705
XFRR704,ADCF8
XFRR704,208FRDH
XFRR704,THLL72
XFRR704,SGDMRC108A
XFRR704,SDM400A
XFRR704,SOXRR707A
XFRR704,RXFS605B
TMD18,TMD16
TMD18,TMD6
TMD18,TMD9
TMD18,TMD11
TMD18,TMD14
TMD18,TMD12
TMD18,TMD7
TMD18,TMD10
TMD18,XS1618A
TMD18,XS2226A
FHL80,SHL80A
FHL80,THL72
FHL80,THLL72
FHL80,SHLL80A
FHL80,THR72
FHL80,SHBB24
FHL80,FHR80
FHL80,THLX72
FHL80,THLF72
FHL80,FHBB18A
IPLM19C,IPLM17C
IPLM19C,IPLM14C
IPLM19C,IPLM21C
IPLM19C,IPLM22C
IPLM19C,IPSM22
IPLM19C,IPLM24C
IPLM19C,IPLM16C
IPLM19C,IPLM13C
IPLM19C,IPLM15C
IPLM19C,IPL38C
SW141A,SW221
SW141A,SW241
SW141A,SW161A
SW141A,S321
SW141A,SW361
SW141A,SW281
SW141A,SW301
SW141A,SW321
SW141A,SWM251
SW141A,SWM271
TMMDS11,TMMDS5.5
TMMDS11,TMMDS5
TMMDS11,TMMDS9
TMMDS11,TMMDS6
TMMDS11,TMMDS15
TMMDS11,TMMDS13
TMMDS11,TMMDS14
TMMDS11,TMMDS8
TMMDS11,111STMMDY
TMMDS11,110TMSY
KCP1422PJJ,KWSN2455ABL
KCP1422PJJ,KWSN2455AST
KCP1422PJJ,KWSP2455AST
KCP1422PJJ,KWSP2455ABL
KCP1422PJJ,KRWT2411
KCP1422PJJ,KCP2422PBO
KCP1422PJJ,KRA4107FPBO
KCP1422PJJ,YA450B
KCP1422PJJ,PLRK21
KCP1422PJJ,KRSC430APBO7
84CF,SSFP1
84CF,OEXS709B
84CF,95ACF
84CF,EPC160
84CF,86ACF
84CF,86EP
84CF,908CF
84CF,PWC52A
84CF,388ACF
84CF,612AEP
SSDMR4BR,PKNC125C2
SSDMR4BR,AWM110DHK
SSDMR4BR,AC5C
SSDMR4BR,GMB3041
SSDMR4BR,2004BSKA
SSDMR4BR,BF775C-A
SSDMR4BR,PT5C
SSDMR4BR,206AFSP
SSDMR4BR,117TMM
SSDMR4BR,PHT5
YA4610,ECHDD012A
YA4610,EECT900
YA4610,RULER6
YA4610,JCK7DBL
YA4610,ECSPH271
YA4610,YAKS42
YA4610,EEPV500
YA4610,TDG1
YA4610,FB316B
YA4610,JCK8
KRSC430APCM1,KRSC323PBO
KRSC430APCM1,MRB12B
KRSC430APCM1,KRA4107FPBO
KRSC430APCM1,KCP1422PBO
KRSC430APCM1,KRA4114FPBO
KRSC430APCM1,KRSC430APBO7
KRSC430APCM1,KA2422SETPJH
KRSC430APCM1,A277
KRSC430APCM1,KRWT2411
KRSC430APCM1,KRA2411PBO
PPB1002A,DS806AK
PPB1002A,PPC20LB
PPB1002A,SRP3A
PPB1002A,YA2020
PPB1002A,YA2019
PPB1002A,1210B
PPB1002A,340SSDP
PPB1002A,AW1020DK
PPB1002A,PWC48
PPB1002A,SW381
SGA1712BR,SGA1711BR
SGA1712BR,SGA1710BR
SGA1712BR,SGA174BR
SGA1712BR,SGA175BR
SGA1712BR,SGA173BR
SGA1712BR,SHP2KT
SGA1712BR,SGA102BR
SGA1712BR,BDGPL300HG
SGA1712BR,PPCSG710
SGA1712BR,PWZ3A
VWB400A,CT9080K2
VWB400A,DBTB121
VWB400A,CTC131A
VWB400A,PTGR100
VWB400A,AT408
VWB400A,AT425R
VWB400A,DB121C
VWB400A,AT2050
VWB400A,PSO4625
VWB400A,PTC250
VWB8B,PDR3000A
VWB8B,PSO4625
VWB8B,CT9080K2
VWB8B,CTR861AK2
VWB8B,PT850
VWB8B,CTINF9010
VWB8B,PTGR110
VWB8B,PH3050BR
VWB8B,CTB8174
VWB8B,PTB32K
FTX60E,210AFLEY
FTX60E,PKRS1
FTX60E,S9724RHS
FTX60E,TWM29
FTX60E,PKNC125C2
FTX60E,311IMFSY
FTX60E,TWM26
FTX60E,OFW3
FTX60E,TTX30E
FTX60E,TWM30
TA4505,TA54
TA4505,TA50
TA4505,SVTS264
TA4505,RADKITULTRA
TA4505,SVTS272A
TA4505,ECPNG032
TA4505,BB9008
TA4505,RULER6
TA4505,ECSPH271
TA4505,GLASS30R
SGDMRC44BO,XS1416A
SGDMRC44BO,XS2226A
SGDMRC44BO,XS1012A
SGDMRC44BO,PKN9
SGDMRC44BO,SGDE230ESD
SGDMRC44BO,VO2628B
SGDMRC44BO,SGDE215ESD
SGDMRC44BO,SGDEP200ESD
SGDMRC44BO,VO1416B
SGDMRC44BO,VO1820B
THRLX72G,FHOF80A
THRLX72G,FHLX80B
THRLX72G,SHX80B
THRLX72G,SHLX80A
THRLX72G,305SXWP
THRLX72G,FHLL80
THRLX72G,XO605
THRLX72G,103UFTS
THRLX72G,912AEP
THRLX72G,SHLL80A
MTTL800,EEDMDVA
MTTL800,MTTL7005PK
MTTL800,MTTL800
MTTL800,YA1175KIT
MTTL800,MTTL433
MTTL800,EEDM596FK
MTTL800,MTTL750
MTTL800,EEDM525F
MTTL800,EECT424HD
MTTL800,RTEMP8
SVTSRAD272U,EEPV500
SVTSRAD272U,MTTL800
SVTSRAD272U,RADKITULTRA
SVTSRAD272U,SVTS272A
SVTSRAD272U,SVTS264
SVTSRAD272U,SVTA9100
SVTSRAD272U,EEBC30A12V
SVTSRAD272U,YA105013
SVTSRAD272U,YA4000B
SVTSRAD272U,EEPV509
PDR3000A,SDG10S25F
PDR3000A,PTR2505
PDR3000A,PTC250
PDR3000A,PTR2500
PDR3000A,AT109
PDR3000A,PTGR100
PDR3000A,VWB8B
PDR3000A,PTGR110
PDR3000A,PTR72
PDR3000A,DB121C
TMMDS9,TMMDS7
TMMDS9,TMMDS11
TMMDS9,TMMDS12
TMMDS9,TMMDS5.5
TMMDS9,TMMDS5
TMMDS9,TMMDS6
TMMDS9,TMMDS15
TMMDS9,TMMDS13
TMMDS9,111STMMDY
TMMDS9,110TMSY
FM15,FM19
FM15,FM18
FM15,FM11
FM15,SW181A
FM15,SW221
FM15,FM17
FM15,FM12
FM15,FM14
FM15,FM10
FM15,SWM271
SGTT5B,SGTT8B
SGTT5B,SGTT2B
SGTT5B,SGTT1B
SGTT5B,SGTT10B
SGTT5B,SGTT6B
SGTT5B,SGA1714B
SGTT5B,SGA102BR
SGTT5B,PWC48
SGTT5B,PALMRAT
SGTT5B,PL5ESWIRESTRIP
AWXL13-1/16,SGDP31IRBR
AWXL13-1/16,PL400B
AWXL13-1/16,FU8A
AWXL13-1/16,SGD2BR
AWXL13-1/16,BLPTHC87
AWXL13-1/16,SIMM240
AWXL13-1/16,SRPCR3800
AWXL13-1/16,PPC103A
AWXL13-1/16,TMXK60
AWXL13-1/16,SIMM160A
AWXL13-1/4,A2A
AWXL13-1/4,SPBS8AR
AWXL13-1/4,TMU8B
AWXL13-1/4,FU8A
AWXL13-1/4,SPBS704AR
AWXL13-1/4,SIMM240
AWXL13-1/4,FXK11
AWXL13-1/4,F80
AWXL13-1/4,SIMM210
AWXL13-1/4,GFAT1E
AWBSGM5A,TMXK4
AWBSGM5A,TMU8B
AWBSGM5A,FU8A
AWBSGM5A,SPBS704AR
AWBSGM5A,91ACP
AWBSGM5A,TMXK60
AWBSGM5A,96ACF
AWBSGM5A,SIMM220
AWBSGM5A,A2A
AWBSGM5A,PL400B
PPSG4,PPSG206
PPSG4,PPSG203
PPSG4,PCSG816
PPSG4,PPSG205
PPSG4,PCSG820
PPSG4,PCSG812
PPSG4,PPSG105
PPSG4,PPSG103
PPSG4,LP7R
PPSG4,TMMD8
AWCG1616B,SIMM180
AWCG1616B,47ACF
AWCG1616B,FXK6
AWCG1616B,SRPCR3800
AWCG1616B,SPBS8AR
AWCG1616B,SGD2BR
AWCG1616B,91ACP
AWCG1616B,TMXK60
AWCG1616B,SPBS704AR
AWCG1616B,SIMM160A
AWL1010DK,GA98A
AWL1010DK,AW1013DK
AWL1010DK,8HR
AWL1010DK,214SFY
AWL1010DK,PPB816A
AWL1010DK,106TMUSA
AWL1010DK,BLPTXK4
AWL1010DK,TMUS181A
AWL1010DK,TMUS161A
AWL1010DK,SF261
AWBCG1600,AWBMCG1600
AWBCG1600,SF121
AWBCG1600,SHDP63IRR
AWBCG1600,TMUS161A
AWBCG1600,SF161
AWBCG1600,GFAT1E
AWBCG1600,SHDP31IRR
AWBCG1600,SHD4R
AWBCG1600,FXK3
AWBCG1600,FXK6
AWBCG1606,SIMM210
AWBCG1606,SGDX80BR
AWBCG1606,GFAT1E
AWBCG1606,SIMM170
AWBCG1606,FHLF80A
AWBCG1606,TMXK4
AWBCG1606,FXK6
AWBCG1606,SRPCR4700
AWBCG1606,SIMM240
AWBCG1606,SGDP31IRBR
AWBCG1614,SGDP31IRBR
AWBCG1614,SRPCR4700
AWBCG1614,FXK3
AWBCG1614,F80
AWBCG1614,SPBS12AR
AWBCG1614,SIMM210
AWBCG1614,TMXK2
AWBCG1614,PPC4A
AWBCG1614,SPBS18AR
AWBCG1614,SRPCR3800
LDH602,LDH362
LDH602,LDH342
LDH602,LDH462
LDH602,LDH522
LDH602,L122
LDH602,L62
LDH602,L8112A
LDH602,UPTM65K
LDH602,SOEX40
LDH602,207EFAMY
FHBF80AO,FHOF80A
FHBF80AO,TRSLF72
FHBF80AO,SHLL80A
FHBF80AO,AWSGT800A
FHBF80AO,SGTT7B
FHBF80AO,SHN36
FHBF80AO,SGTT10B
FHBF80AO,YA9350B
FHBF80AO,86EP
FHBF80AO,204FXKLA
HBFE32O,QD3RN350A
HBFE32O,HBFE48
HBFE32O,309SIMYA
HBFE32O,TWM28
HBFE32O,SGD153BR
HBFE32O,TWM25
HBFE32O,SW341
HBFE32O,218AFP
HBFE32O,SS5A
HBFE32O,208EFTAMXSY
PBMB5R,PBMS5R
PBMB5R,PBMB5O
PBMB5R,PBMA5R
PBMB5R,PBMA5
PBMB5R,PBMA5G
PBMB5R,PBMMA5R
PBMB5R,PBMMS5O
PBMB5R,PBMMS5G
PBMB5R,PBMMS5R
PBMB5R,F4LBK
PTR2500G,PH3050BR
PTR2500G,PTR2500
PTR2500G,PDR5000A
PTR2500G,PTR2505
PTR2500G,PTR72
PTR2500G,PDR3000A
PTR2500G,MG325
PTR2500G,PT338
PTR2500G,PTGR110
PTR2500G,PT850
CTS561CHUCK,DBBPT13
CTS561CHUCK,PTB32K
CTS561CHUCK,CT9080K2
CTS561CHUCK,CTB8174
CTS561CHUCK,VWB8B
CTS561CHUCK,MG725A
CTS561CHUCK,PT338
CTS561CHUCK,CT825DB
CTS561CHUCK,PH3050BR
CTS561CHUCK,MG325
TMMS9,TMMS11
TMMS9,TMMS6
TMMS9,TMMS5.5
TMMS9,TMMS13
TMMS9,TMMS15
TMMS9,TMMS14
TMMS9,TMMS12
TMMS9,TMMS10
TMMS9,TMMS8
TMMS9,110TMSY
TMU101A,TMU121A
TMU101A,TMU81B
TMU101A,TMU161A
TMU101A,XS1820A
TMU101A,SGDEP20ESD
TMU101A,SGDE230ESD
TMU101A,SGDEP200ESD
TMU101A,SGDE225ESD
TMU101A,VO1416B
TMU101A,VO1820B
TMU121A,TMU101A
TMU121A,TMU81B
TMU121A,TMU161A
TMU121A,XS2024A
TMU121A,XS1820A
TMU121A,XS1618A
TMU121A,TM84
TMU121A,XS67A
TMU121A,SGDE215ESD
TMU121A,VO1012B
SGA174BR,SGA175BR
SGA174BR,SGA1712BR
SGA174BR,SGA173BR
SGA174BR,SHCP1B
SGA174BR,PHP2A
SGA174BR,PHP3A
SGA174BR,SGA1713B
SGA174BR,SGD4120BR
SGA174BR,PWZ3A
SGA174BR,ASGP2BR
FM11,FM19
FM11,FM16
FM11,FM18
FM11,FM15
FM11,FM13
FM11,FM17
FM11,FM12
FM11,FM14
FM11,PKNC200
FM11,SWM271
SGDTX315BR,A159
SGDTX315BR,2004BSKA
SGDTX315BR,207EFTXY
SGDTX315BR,CSA12CR
SGDTX315BR,TF5A
SGDTX315BR,BTK5
SGDTX315BR,HBPT24
SGDTX315BR,AWCGT500
SGDTX315BR,SRP3A
SGDTX315BR,OEXM7B
SIMM210,SIMM220
SIMM210,SIMM190
SIMM210,SIMM170
SIMM210,SIMM200
SIMM210,SIMM180
SIMM210,SIMM240
SIMM210,SIMM230
SIMM210,SIMM110A
SIMM210,SIM180A
SIMM210,SIM320
PKN5,47ACF
PKN5,TMU8B
PKN5,SGD8BR
PKN5,SIMM170
PKN5,TMXK60
PKN5,SGDP31IRBR
PKN5,FXK6
PKN5,SGASA204CR
PKN5,PPC4A
PKN5,SIMM180
PL307ACF,PT5C
PL307ACF,PKNC150
PL307ACF,206AFSP
PL307ACF,FRX181
PL307ACF,2004BSKA
PL307ACF,GF22
PL307ACF,TFM7530B
PL307ACF,TW481
PL307ACF,PK53A
PL307ACF,AWP160
TN72,F80FOD
TN72,FR80
TN72,WTG8A
TN72,110TMDY
TN72,TNF72
TN72,TXM72
TN72,BP24B
TN72,TMD9
TN72,TMD16
TN72,TMD11
CTR814K2,PT850
CTR814K2,CTB8174
CTR814K2,PSO4625
CTR814K2,PTR2505
CTR814K2,PTGR100
CTR814K2,DB121C
CTR814K2,CTR861AK2
CTR814K2,CTS561CHUCK
CTR814K2,CT9080K2
CTR814K2,PH3050BR
114ATMP,317MSPC
114ATMP,SEPHDSETAOBA
114ATMP,218AFSP
114ATMP,218AFP
114ATMP,211SFSY
114ATMP,OEX709B
114ATMP,TW481
114ATMP,AWM12D
114ATMP,TW381
114ATMP,TW401
GLOVE300BXL,GLOVE309L
GLOVE300BXL,GLOVEORIGPLUSL
GLOVE300BXL,GLASS50R
GLOVE300BXL,GLOVE1100L
GLOVE300BXL,SOSG01BKCL01
GLOVE300BXL,LBUK1
GLOVE300BXL,ECPNH012
GLOVE300BXL,GLASS30R
GLOVE300BXL,JCK7DBL
GLOVE300BXL,JT17A
CDR4P32K3K2,CTR867AK2
CDR4P32K3K2,PTGR450
CDR4P32K3K2,PT850
CDR4P32K3K2,DBBPT13
CDR4P32K3K2,AT5500
CDR4P32K3K2,CTCO861K2
CDR4P32K3K2,PH3050BR
CDR4P32K3K2,AT109
CDR4P32K3K2,CTR861AK2
CDR4P32K3K2,AT118
QD2FR75B,QD1R200A
QD2FR75B,BRUTUS3R300
QD2FR75B,QD3250A
QD2FR75B,PKNC200
QD2FR75B,AWM140DK
QD2FR75B,FTX60E
QD2FR75B,PT28E
QD2FR75B,10R
QD2FR75B,SGDP64IRBR
QD2FR75B,317MPC
KRSC46HPOT,PLRK27
KRSC46HPOT,KACKMCFIBER1
KRSC46HPOT,KRSC326FPBO
KRSC46HPOT,TB40C
KRSC46HPOT,KRSC430APBO1
KRSC46HPOT,TB20AC
KRSC46HPOT,KRA4008FPBO
KRSC46HPOT,TB50WC
KRSC46HPOT,KRA2411PBO
KRSC46HPOT,KCP1422PBO
CTG861DB,PTR2500
CTG861DB,CTC772A
CTG861DB,CT825DB
CTG861DB,CTR862DB
CTG861DB,PT850
CTG861DB,PH1038
CTG861DB,CTB8174
CTG861DB,CT9080K2
CTG861DB,PTC250
CTG861DB,PT338
120SSDP,30SSD
120SSDP,VO1416B
120SSDP,VO2224B
120SSDP,XS2024A
120SSDP,XS1820A
120SSDP,VO1012B
120SSDP,TM408
120SSDP,XS810A
120SSDP,SGDEL10ESD
120SSDP,TMC104E
KRA1421PBO,KRSC430APBO1
KRA1421PBO,PLRK30
KRA1421PBO,KRSC46HPBO
KRA1421PBO,KRSC326FPBO
KRA1421PBO,KRWT2411
KRA1421PBO,KWSP2455ABL
KRA1421PBO,KRA2407PBO
KRA1421PBO,PLRK21
KRA1421PBO,KRA4107FPBO
KRA1421PBO,KA2422SETPJH
HBBD56,915CF
HBBD56,415CF
HBBD56,PL330ACF
HBBD56,HBBD8
HBBD56,PTM2
HBBD56,HBFE103
HBBD56,HBBD32
HBBD56,REX25C
HBBD56,PPC210A
HBBD56,FADH10C
DBT20,PPC103A
DBT20,SIMM190
DBT20,PL400B
DBT20,T72
DBT20,SIMM160A
DBT20,SHD1R
DBT20,GFAT1E
DBT20,FXK3
DBT20,SGD6BR
DBT20,FXK6
SFSM12,SFSM16
SFSM12,SFSM17
SFSM12,SFSM18
SFSM12,SFSM15
SFSM12,SFSM11
SFSM12,SFSM19
SFSM12,SFSM13
SFSM12,SFSM8
SFSM12,SFSM9
SFSM12,212FSMY
OEXM7B,OEXM8B
OEXM7B,OEXM6B
OEXM7B,OEXM9B
OEXM7B,OXIM9B
OEXM7B,144TMPB
OEXM7B,SN25A
OEXM7B,222AFSP
OEXM7B,OFW3
OEXM7B,S6118A
OEXM7B,OFW2
IMSLEPL240,IMSLEPL240
IMSLEPL240,210EFTXRY
IMSLEPL240,206EFABLM
IMSLEPL240,IMFLE120A
IMSLEPL240,207IMFLE
IMSLEPL240,IMFLE80A
IMSLEPL240,SGASA204CR
IMSLEPL240,SX24
IMSLEPL240,STX60E
IMSLEPL240,XLE605
GLOVE900XLG,GLOVE1100L
GLOVE900XLG,GLOVE505RL
GLOVE900XLG,GLOVE309L
GLOVE900XLG,GLOVE300BL
GLOVE900XLG,GLOVEORIGPLUSL
GLOVE900XLG,GLASS50R
GLOVE900XLG,YA427B
GLOVE900XLG,SOSG01BKCL01
GLOVE900XLG,JCK7DBL
GLOVE900XLG,ECPNG032
TWM20,TWM22
TWM20,TWM23
TWM20,TWM24
TWM20,TWM21
TWM20,TWM26
TWM20,TWM18
TWM20,TWM19
TWM20,TWM28
TWM20,TWM25
TWM20,TW461
KRA2407PJJ,TB40C
KRA2407PJJ,KRA2411PBO
KRA2407PJJ,KRA2007FPBO
KRA2407PJJ,KASS13
KRA2407PJJ,KAERNADD6RD
KRA2407PJJ,KRSC430APBO7
KRA2407PJJ,KCP2422PBO
KRA2407PJJ,KRSC46HPBO
KRA2407PJJ,KRA25D
KRA2407PJJ,KRSC430APBO1
207IPFM,205IPF
207IPFM,307IPLMY
207IPFM,207IPSFM
207IPFM,106IPTMMA
207IPFM,307IPLY
207IPFM,312IPLM
207IPFM,312IPL
207IPFM,IPL20C
207IPFM,IPLM19C
207IPFM,IPLM18C
TMMDS12,TMMDS5
TMMDS12,TMMDS11
TMMDS12,TMMDS5.5
TMMDS12,TMMDS6
TMMDS12,TMMDS7
TMMDS12,TMMDS13
TMMDS12,TMMDS14
TMMDS12,TMMDS10
TMMDS12,TMMDS8
TMMDS12,212SFMY
PBMP703A,PBS704
PBMP703A,PPC210BK
PBMP703A,BLPPB704
PBMP703A,EXD35A
PBMP703A,MSK10
PBMP703A,MSKM10
PBMP703A,SRP3A
PBMP703A,650
PBMP703A,IPL16C
PBMP703A,IPL26C
IMM120A,IMM110A
IMM120A,IMM100A
IMM120A,IMM130A
IMM120A,IMM140A
IMM120A,IMM170A
IMM120A,IMM160A
IMM120A,IMM150A
IMM120A,IMM230
IMM120A,IM220
IMM120A,IM120A
PKNC200,218AFSP
PKNC200,CSA12CR
PKNC200,AWSGM800A
PKNC200,TW381
PKNC200,SWM221
PKNC200,SWM211
PKNC200,SW261
PKNC200,114ATMP
PKNC200,SWM161
PKNC200,SW181A
AWS13-2,SF261
AWS13-2,SF281
AWS13-2,SF141
AWS13-2,211FY
AWS13-2,STMD6
AWS13-2,STMD7
AWS13-2,STMD14
AWS13-2,STMD16
AWS13-2,STMD8
AWS13-2,F101
AWEFBH9K,AWEF9K
AWEFBH9K,SSFP1
AWEFBH9K,S9711KA
AWEFBH9K,212EFTAY
AWEFBH9K,TMA3E
AWEFBH9K,AC58E
AWEFBH9K,SG4ASABR
AWEFBH9K,FA12E
AWEFBH9K,FA10E
AWEFBH9K,GLAS1F
AWP160,SOEX38
AWP160,SOEX40
AWP160,SOEX36
AWP160,PKNC150
AWP160,SR40K
AWP160,BTC7B
AWP160,AC58E
AWP160,TMMD12
AWP160,TMMD5
AWP160,TMMD9
FU8A,S8
FU8A,XS2024A
FU8A,XS1618A
FU8A,VO3032B
FU8A,TM84
FU8A,VO1416B
FU8A,VO1820B
FU8A,TM408
FU8A,TMC105E
FU8A,XS810A
KCP2422POT,KASS13
KCP2422POT,KRSC323PBO
KCP2422POT,KCP2422PBO
KCP2422POT,KRWT2411
KCP2422POT,KWSN2455ABL
KCP2422POT,KWSP2455AST
KCP2422POT,KWSN2455AST
KCP2422POT,KWSP2455ABL
KCP2422POT,KRA2422PBO
KCP2422POT,KCP1422PBO
KCP2422PWZ,KRSC46HPBO
KCP2422PWZ,KRSC430APBO7
KCP2422PWZ,KCP2422PBO
KCP2422PWZ,KRWT2411
KCP2422PWZ,KWSN2455ABL
KCP2422PWZ,KWSP2455AST
KCP2422PWZ,KWSN2455AST
KCP2422PWZ,KWSP2455ABL
KCP2422PWZ,KRA2422PBO
KCP2422PWZ,KCP1422PBO
SHD1R,SHD4R
SHD1R,SHDP31IRR
SHD1R,10R
SHD1R,SHD2R
SHD1R,SHDP42IRR
SHD1R,SHD6R
SHD1R,AW1013DK
SHD1R,SN25A
SHD1R,OEXM9B
SHD1R,PT28E
KRSC430APFI7,KAERNADD6RD
KRSC430APFI7,KRSC323PBO
KRSC430APFI7,KCP2422PBO
KRSC430APFI7,KRA4810FPBO
KRSC430APFI7,A277
KRSC430APFI7,YA389A
KRSC430APFI7,KWSP2455ABL
KRSC430APFI7,KCP1422PBO
KRSC430APFI7,TB40C
KRSC430APFI7,TB50WC
KRSC430APN7,KAERNADD6RD
KRSC430APN7,KRSC323PBO
KRSC430APN7,KA2422SETPJJ
KRSC430APN7,KRSC326FPBO
KRSC430APN7,KRA5311FPBO
KRSC430APN7,KRA4813FPBO
KRSC430APN7,KRA6200FPBO
KRSC430APN7,KCP1422PBO
KRSC430APN7,KRA4107FPBO
KRSC430APN7,SNA-TBP14
SPBS18AO,SPBS8AR
SPBS18AO,SPBS12AR
SPBS18AO,PKNC150
SPBS18AO,SOEX38
SPBS18AO,UPTM65K
SPBS18AO,PK52A
SPBS18AO,SOEX40
SPBS18AO,309SIMYA
SPBS18AO,SR40K
SPBS18AO,PPC205A
KRA6210FPCM,KRA2411PBO
KRA6210FPCM,KRSC430APBO7
KRA6210FPCM,KRA2407PBO
KRA6210FPCM,MRB12B
KRA6210FPCM,TB20AC
KRA6210FPCM,SNA-TBP14
KRA6210FPCM,KWSP2455ABL
KRA6210FPCM,KRA2422PBO
KRA6210FPCM,KCP1422PBO
KRA6210FPCM,KRSC46HPBO
KRSC343PJH,KRSC430APBO1
KRSC343PJH,KRSC326FPBO
KRSC343PJH,KAERNADD6RD
KRSC343PJH,KRSC46HPBO
KRSC343PJH,A277
KRSC343PJH,KRA2422PBO
KRSC343PJH,KRA2411PBO
KRSC343PJH,KCP2422PBO
KRSC343PJH,YA438B
KRSC343PJH,KRA24
FB336GRN,FB336
FB336GRN,PGP50
FB336GRN,CAL6DA
FB336GRN,FB307RNB
FB336GRN,GA3634A
FB336GRN,MTEE6
FB336GRN,CAL6EA
FB336GRN,MAGMAT
FB336GRN,SVTA9100
FB336GRN,CAL6EBR
AT1038,MG725A
AT1038,AT5500
AT1038,PTGR110
AT1038,CTINF9010
AT1038,CTB185
AT1038,PTGR450
AT1038,PH1038
AT1038,DB129C
AT1038,PTR2500
AT1038,AT118
AWCG1620B,AWCG1620B
AWCG1620B,PL400B
AWCG1620B,PPC103A
AWCG1620B,AWCG1624B
AWCG1620B,AWCG1600B
AWCG1620B,AWCGT30
AWCG1620B,AWCGT40
AWCG1620B,AWCGT27
AWCG1620B,AWBCG1608
AWCG1620B,AWBCG1612
BOERM11,SIM240
BOERM11,SIM400
BOERM11,SIM360
BOERM11,BOERM10
BOERM11,BOERM14
BOERM11,BOERM17
BOERM11,SIM280
BOERM11,SIM260
BOERM11,SIM200
BOERM11,IM320
BP40B,BP24B
BP40B,BP32B
BP40B,BP8B
BP40B,RXS605B
BP40B,AWM110DK
BP40B,2005BSKA
BP40B,BLPPB704
BP40B,CSA12CR
BP40B,311IMFSY
BP40B,MS800
BP8B,GA98A
BP8B,BLPTXK4
BP8B,8HR
BP8B,AW1013DK
BP8B,2420A
BP8B,AW1020DK
BP8B,B1467A
BP8B,PK53A
BP8B,YA339A
BP8B,TA360
BTGHD9,BT518
BTGHD9,BT4651
BTGHD9,OFWHD3KT
BTGHD9,A91F
BTGHD9,AF102
BTGHD9,SGA102BR
BTGHD9,SGA1714B
BTGHD9,IMM200
BTGHD9,IMM220
BTGHD9,SPBS12AR
ACT407,ACT407
ACT407,FB303B
ACT407,JCW62R
ACT407,ACT2105
ACT407,ACT413A
ACT407,ACT51234A
ACT407,ACT73A
ACT407,ACT1290A
ACT407,ACTR4151A
ACT407,ACT1297
A277,YA450B
A277,KACKMCFIBER1
A277,PLRK27
A277,KASS13
A277,KRA24
A277,KCP1422PBO
A277,KRSC430APBO7
A277,PLRK30
A277,KRSC46HPBO
A277,KCP2422PBO
AYESSETC,SPBS12AR
AYESSETC,SIMM240
AYESSETC,FX1
AYESSETC,TMXK60
AYESSETC,A2A
AYESSETC,SGDX80BR
AYESSETC,SGASA204CR
AYESSETC,SPBS704AR
AYESSETC,SRPCR4700
AYESSETC,TMU8B
BLPHSM1410,BLPHSM1410
BLPHSM1410,PPC103A
BLPHSM1410,ATECH2FR125B
BLPHSM1410,BLPHSM148
BLPHSM1410,BLPHL145
BLPHSM1410,BLPHL144
BLPHSM1410,BLPHL146
BLPHSM1410,BLPHSM145
BLPHSM1410,BLPHL3810
BLPHSM1410,BLPHL388
BLPHSM144,SGDP31IRBR
BLPHSM144,TMU8B
BLPHSM144,PPC4A
BLPHSM144,SIMM200
BLPHSM144,SPBS12AR
BLPHSM144,BLPTHC87
BLPHSM144,FX1
BLPHSM144,GFAT1E
BLPHSM144,SPBS18AR
BLPHSM144,TMXK2
BLPHSM147,SIMM240
BLPHSM147,SGASA204CR
BLPHSM147,TMXK60
BLPHSM147,SIMM190
BLPHSM147,SIMM200
BLPHSM147,SPBS18AR
BLPHSM147,SIMM160A
BLPHSM147,FXK6
BLPHSM147,SIMM150A
BLPHSM147,BLPTHC87
BLPSM1412,BLPSM146
BLPSM1412,TMMS15
BLPSM1412,BLPSM1413
BLPSM1412,BLPSM149
BLPSM1412,BLPSM1411
BLPSM1412,BLPSM147
BLPSM1412,BLPSM145
BLPSM1412,BLPSM144
BLPSM1412,BLPSM148
BLPSM1412,BLPSM1410
BLPSM147,BLPSM1413
BLPSM147,FLF80A
BLPSM147,TMM14
BLPSM147,BLPSM149
BLPSM147,BLPSM146
BLPSM147,BLPSM144
BLPSM147,BLPSM1411
BLPSM147,BLPSM145
BLPSM147,BLPSM1412
BLPSM147,BLPSM148
BLPT147,BLPT1427
BLPT147,BLPTE148
BLPT147,BLPT3840
BLPT147,BLPT146
BLPT147,BLPT149
BLPT147,BLPT148
BLPT147,BLPT1410
BLPT147,BLPT1415
BLPT147,BLPT1420
BLPT147,BLPT1425
BLPTORX1410,BLPHEXS1418
BLPTORX1410,BLPXZNM389
BLPTORX1410,208EFTAMXSY
BLPTORX1410,LSR1450
BLPTORX1410,QD3RN350A
BLPTORX1410,UTV617A
BLPTORX1410,213AFLEY
BLPTORX1410,UTV616A
BLPTORX1410,BOERM18
BLPTORX1410,209TFSMYA
BLPTS1427,PPC4A
BLPTS1427,91ACP
BLPTS1427,SPBS704AR
BLPTS1427,SGASA204CR
BLPTS1427,FXK6
BLPTS1427,SIMM160A
BLPTS1427,SIMM190
BLPTS1427,SIMM150A
BLPTS1427,ATECH2FR125B
BLPTS1427,SGD2BR
BLPTS1440,47ACF
BLPTS1440,TMXK2
BLPTS1440,SHD1R
BLPTS1440,F80
BLPTS1440,SPBS12AR
BLPTS1440,BLPTHC87
BLPTS1440,SGD8BR
BLPTS1440,SIMM200
BLPTS1440,A2A
BLPTS1440,SIMM220
BLPTS1445,TMXK4
BLPTS1445,SGD6BR
BLPTS1445,FHLF80A
BLPTS1445,SGD2BR
BLPTS1445,GFAT1E
BLPTS1445,SIMM180
BLPTS1445,ATECH2FR125B
BLPTS1445,SIMM160A
BLPTS1445,47ACF
BLPTS1445,SGDP42IRBR
BLPHL3814,47ACF
BLPHL3814,FU8A
BLPHL3814,SGDP42IRBR
BLPHL3814,SGD4BR
BLPHL3814,F80
BLPHL3814,TMXK60
BLPHL3814,91ACP
BLPHL3814,SIMM150A
BLPHL3814,SHD1R
BLPHL3814,GFAT1E
BLPHM1212,BLPHM1212
BLPHM1212,BLPH3838
BLPHM1212,BLPTE145
BLPHM1212,BLPH1214
BLPHM1212,BLPH1418
BLPHM1212,BLPH14732
BLPHM1212,BLPH14316
BLPHM1212,BLPH14964
BLPHM1212,BLPH1414
BLPHM1212,BLPH14532
BLPHS14764,TMXK2
BLPHS14764,FXK6
BLPHS14764,SIMM150A
BLPHS14764,SGDX80BR
BLPHS14764,SGD4BR
BLPHS14764,FX1
BLPHS14764,SGDP31IRBR
BLPHS14764,SPBS704AR
BLPHS14764,SGDP42IRBR
BLPHS14764,BLPTHC87
GA243,BF775C-A
GA243,14V
GA243,VGP22418
GA243,A159
GA243,PK50A
GA243,PKRS1
GA243,S6103A
GA243,A161B
GA243,YA900
GA243,SGDMRC108A
GCP10,131A
GCP10,YA824C
GCP10,TFTFM932A
GCP10,AWEF9K
GCP10,YA9350B
GCP10,B260A
GCP10,BTC7B
GCP10,GA294
GCP10,HCP10
GCP10,B3404B
SEPKCAMETPWZA,TMXK60
SEPKCAMETPWZA,F80
SEPKCAMETPWZA,SGDP42IRBR
SEPKCAMETPWZA,91ACP
SEPKCAMETPWZA,GFAT1E
SEPKCAMETPWZA,SGD8BR
SEPKCAMETPWZA,A2A
SEPKCAMETPWZA,SGD4BR
SEPKCAMETPWZA,SPBS8AR
SEPKCAMETPWZA,SIMM160A
SEPUAUTOBODYA,YA109C
SEPUAUTOBODYA,A179A
SEPUAUTOBODYA,PK50A
SEPUAUTOBODYA,BF775C-A
SEPUAUTOBODYA,14V
SEPUAUTOBODYA,AWM12D
SEPUAUTOBODYA,OEXM9B
SEPUAUTOBODYA,OEXM8B
SEPUAUTOBODYA,UTS105A
SEPUAUTOBODYA,206AFSP
SRES26,SRES24
SRES26,STA35
SRES26,SRES22
SRES26,SRES28
SRES26,SRES18
SRES26,208FRDH
SRES26,490CF
SRES26,SDDDM1AR
SRES26,PWCS7ACF
SRES26,GSAF1F
MS3000,PSN500
MS3000,BLPEXTF388
MS3000,206AFSP
MS3000,SRPCR112
MS3000,211FSSY
MS3000,212EFTAY
MS3000,SGHBF500A
MS3000,GA265A
MS3000,FSS161
MS3000,SN36
MTIND683A,JCW62R
MTIND683A,BLP18HVLP
MTIND683A,BLP13HVLP
MTIND683A,MTTL700
MTIND683A,EEDMDVA
MTIND683A,PGP120
MTIND683A,TIF160
MTIND683A,YA1175KIT
MTIND683A,MTTL800
MTIND683A,LBUK1
OFC68-14,ATECH3FR300B
OFC68-14,FX1
OFC68-14,SPBS12AR
OFC68-14,SGD4BR
OFC68-14,FXK11
OFC68-14,ATECH2FR125B
OFC68-14,PPC4A
OFC68-14,SPBS8AR
OFC68-14,PPC103A
OFC68-14,91ACP
OFWHD3,OFWHD3
OFWHD3,OFW4KT
OFWHD3,ATKIFL
OFWHD3,OFW3
OFWHD3,OFWHD1
OFWHD3,OFWHD2
OFWHD3,TMA6E
OFWHD3,OFW1
OFWHD3,OFW2
OFWHD3,OFW4
PKWSS53A,CSSD1R
PKWSS53A,BTC3A
PKWSS53A,UIM325
PKWSS53A,BP16B
PKWSS53A,HSG319
PKWSS53A,HBFE24
PKWSS53A,ATECH3FR300B
PKWSS53A,SPBS18AR
PKWSS53A,PPC820B
PKWSS53A,PPC4A
PHP2A,PHP3A
PHP2A,PHP1A
PHP2A,SHP10
PHP2A,TMM16
PHP2A,BOERM21
PHP2A,SFSM20
PHP2A,FSM61
PHP2A,MSKM10
PHP2A,HBPT24
PHP2A,BEXD10A
RBM1618C,RBM1618C
RBM1618C,SGASA104BR
RBM1618C,SG7ASABR
RBM1618C,RBM1213C
RBM1618C,RBM1415C
RBM1618C,RBM1719C
RBM1618C,RBM1011C
RBM1618C,RBM910C
RBM1618C,RBM78SC
RBM1618C,OXIM707SBK
MSL59261,EECT400
MSL59261,GLASS30R
MSL59261,FB316B
MSL59261,ACT51234A
MSL59261,ACTR4151A
MSL59261,ACT413A
MSL59261,EFPHANNIBALB
MSL59261,SVTA9100
MSL59261,ACT407
MSL59261,SVTS264
WELDGOGLEKT,EECT400
WELDGOGLEKT,TDG1
WELDGOGLEKT,GLASS30R
WELDGOGLEKT,EEBC30A12V
WELDGOGLEKT,FB361A
WELDGOGLEKT,UTK100
WELDGOGLEKT,ECPRA072
WELDGOGLEKT,ECHDD012AR
WELDGOGLEKT,MAGMAT
WELDGOGLEKT,SVTS272A
UIM325,UPT35
UIM325,UPT2FL
UIM325,UPT65
UIM325,340SSDP
UIM325,PHT5
UIM325,US712
UIM325,10SSD
UIM325,AWM140DK
UIM325,OEXS709B
UIM325,PWC48
VGP12412,VGP12418
VGP12412,VGP12406
VGP12412,VGP12509
VGP12412,VGP12808
VGP12412,A159
VGP12412,VGP22412
VGP12412,BP24B
VGP12412,PKB52A
VGP12412,VGP104
VGP12412,PKRS1
VGP12808,VGP12509
VGP12808,VGP12418
VGP12808,VGP12412
VGP12808,VGP12406
VGP12808,VGP22412
VGP12808,A159
VGP12808,PKB52A
VGP12808,AWMEF8K
VGP12808,YA109C
VGP12808,PKRS1
WELDIGNRALLY,MAGDISH
WELDIGNRALLY,YA1050B
WELDIGNRALLY,JT13B
WELDIGNRALLY,SVTS272A
WELDIGNRALLY,EEPV500
WELDIGNRALLY,TDG1
WELDIGNRALLY,FB336
WELDIGNRALLY,ECHDF042
WELDIGNRALLY,ECHDD012AR
WELDIGNRALLY,ECPRA072
YA337A,GA98A
YA337A,8HR
YA337A,AVSNP01160
YA337A,AW1013DK
YA337A,S6106KA
YA337A,10R
YA337A,222AFSP
YA337A,SGDP64IRBR
YA337A,107ATMPB
YA337A,OEXM7B
SHLL80A,FHLL80
SHLL80A,THLL72
SHLL80A,FHBF80A
SHLL80A,FHL80
SHLL80A,ATECH4RS600
SHLL80A,SHL80A
SHLL80A,THL72
SHLL80A,SHX80B
SHLL80A,THR72
SHLL80A,IPLM12C
SHLX80A,FHLX80B
SHLX80A,THLLF72
SHLX80A,FHLLF80
SHLX80A,SHX80B
SHLX80A,FH80MP
SHLX80A,IPL18C
SHLX80A,IPL30C
SHLX80A,FHBF80A
SHLX80A,IPLM13C
SHLX80A,PHG1055BK
PBS704,PBMP703A
PBS704,SRP3A
PBS704,BLPPB704
PBS704,TF5A
PBS704,SGDP64IRBR
PBS704,PPC210BK
PBS704,TWM26
PBS704,SR40K
PBS704,SW421
PBS704,TWM25
YA1175KIT,YA1175KIT
YA1175KIT,EEDM525F
YA1175KIT,OC5A
YA1175KIT,MTTL7005PK
YA1175KIT,MTTL800
YA1175KIT,MTTL433
YA1175KIT,MTTL700
YA1175KIT,MTIND683A
YA1175KIT,EEDM596FK
YA1175KIT,EECT900
IPL20C,IPL22C
IPL20C,IPL28C
IPL20C,IPL24C
IPL20C,IPL34C
IPL20C,IPL36C
IPL20C,IPL38C
IPL20C,IPLM11C
IPL20C,IPLM15C
IPL20C,IPLM18C
IPL20C,IPLM14C
STMM4,TMM4
STMM4,STMM4.5
STMM4,TMM4.5
STMM4,SFSM20
STMM4,SFSM6
STMM4,FSM61
STMM4,SFSM7
STMM4,TMMS4.5
STMM4,TMMS4
STMM4,OFW1
AWTR8,AWMXL10
AWTR8,DBHM9
AWTR8,AWTPH8
AWTR8,PKN90
AWTR8,DBT7
AWTR8,AWBS13
AWTR8,BHS13A
AWTR8,UPT35
AWTR8,388ACF
AWTR8,PPC820B
AWTR8-1,TMU8B
AWTR8-1,PPC4A
AWTR8-1,91ACP
AWTR8-1,PL400B
AWTR8-1,SIMM210
AWTR8-1,SGD8BR
AWTR8-1,SIMM220
AWTR8-1,SIMM200
AWTR8-1,TMXK60
AWTR8-1,TMXK4
OEX709B,SEPHDSETAOBA
OEX709B,317MSPC
OEX709B,114ATMP
OEX709B,AW1013DK
OEX709B,10R
OEX709B,FA12LE
OEX709B,GF22
OEX709B,AWM110DK
OEX709B,YA2850A
OEX709B,IMM360
TMU161A,TMU181A
TMU161A,TMU141A
TMU161A,TMU121A
TMU161A,XS2024A
TMU161A,XS1416A
TMU161A,XS2226A
TMU161A,SGDE230ESD
TMU161A,SGDE225ESD
TMU161A,SGDE215ESD
TMU161A,VO3032B
MTTL310,MAGMAT
MTTL310,MTTL800
MTTL310,TDG1
MTTL310,RULER6
MTTL310,GLASS30R
MTTL310,JT13B
MTTL310,EEPV500
MTTL310,JT17A
MTTL310,FB303B
MTTL310,EFPHANNIBALB
ECHDD012AR,ECHDD012A
ECHDD012AR,EEDM503D
ECHDD012AR,ECARL032R
ECHDD012AR,GLOVEORIGPLUSL
ECHDD012AR,ECPNH012
ECHDD012AR,ECHDF042
ECHDD012AR,ECSPH271
ECHDD012AR,MAGMAT
ECHDD012AR,UTK150
ECHDD012AR,AT4101
KRA24,MRB12B
KRA24,KCP2422PBO
KRA24,KRA2055FPBO
KRA24,TB40C
KRA24,KRA4810FPBO
KRA24,KRSC326FPBO
KRA24,YA389A
KRA24,KCP1422PBO
KRA24,KRA4114FPBO
KRA24,KRA2422PBO
STX60E,STX55E
STX60E,307ESAMY
STX60E,213AFLEY
STX60E,207IMFLE
STX60E,SX20
STX60E,YA824C
STX60E,IMFLE80A
STX60E,SA16E
STX60E,S6118A
STX60E,TTX25E
2050,1650
2050,1250
2050,AWMG9
2050,650
2050,SW421
2050,OEX38B
2050,PPB826A
2050,AWS13
2050,SW381
2050,GAJ12A
KRSC323PJK,KRSC430APBO1
KRSC323PJK,KAERNADD6RD
KRSC323PJK,KCP2422PBO
KRSC323PJK,KRSC46HPBO
KRSC323PJK,KRBC100ABN
KRSC323PJK,KRA2055FPBO
KRSC323PJK,TB40C
KRSC323PJK,KCP1422PBO
KRSC323PJK,KACKFLTCLNR
KRSC323PJK,KRSC326FPBO
S8184,S8184
S8184,B1461
S8184,B3404B
S8184,S6112
S8184,B1467A
S8184,S6110A
S8184,S6111
S8184,BT11
S8184,B1458C
S8184,BCT1050
FK80,TK72
FK80,RAF80A
FK80,FC72
FK80,SLL80A
FK80,FKF80A
FK80,FR80
FK80,TFY72
FK80,PHP2A
FK80,FADH6C
FK80,FADH8C
KRSC323PU,KRSC430APBO1
KRSC323PU,KAERNADD6RD
KRSC323PU,TB50WC
KRSC323PU,KACKMCFIBER1
KRSC323PU,KRSC430APBO7
KRSC323PU,KRA4107FPBO
KRSC323PU,KRSC46HPBO
KRSC323PU,KACKCAREKIT
KRSC323PU,KCP1422PBO
KRSC323PU,KRA6200FPBO
91ACPG,47ACF
91ACPG,317MSPC
91ACPG,FA12LE
91ACPG,AC5C
91ACPG,FRX181
91ACPG,PK53A
91ACPG,TW481
91ACPG,KAC1224TCA
91ACPG,222AFSP
91ACPG,317AMMPC
TMMDS4,96ACF
TMMDS4,PL400B
TMMDS4,SPBS18AR
TMMDS4,SIMM240
TMMDS4,91ACP
TMMDS4,T72
TMMDS4,SGDP31IRBR
TMMDS4,SIMM180
TMMDS4,SGD4BR
TMMDS4,SGD2BR
AW035D,TM84
AW035D,VO2224B
AW035D,VO2628B
AW035D,AW028D
AW035D,XS810A
AW035D,XS1618A
AW035D,XS67A
AW035D,XS2024A
AW035D,ATKIFL
AW035D,XS1416A
MG1250,PDR5000A
MG1250,VWB8B
MG1250,PTGR100
MG1250,PH3050BR
MG1250,CT9080K2
MG1250,AT2050
MG1250,CTC772A
MG1250,CTB8174
MG1250,CTNN13KF
MG1250,PT850
MG1250L,PDR5000A
MG1250L,VWB8B
MG1250L,PTGR100
MG1250L,DB129C
MG1250L,PTR72
MG1250L,PH3050BR
MG1250L,DBTB121
MG1250L,AT109
MG1250L,CT9080K2
MG1250L,CTR862DB
ACT9103,ACT9103
ACT9103,SVTS272A
ACT9103,EECT900
ACT9103,ACT1297
ACT9103,ACTR4151A
ACT9103,ACT1290A
ACT9103,ACT51234A
ACT9103,ACT413A
ACT9103,ACTUVPROKT
ACT9103,ACT407
SGDP63IRBO,SGDP64IRBR
SGDP63IRBO,SGD6BR
SGDP63IRBO,SGDP31IRBR
SGDP63IRBO,SGD2BR
SGDP63IRBO,SGDP42IRBR
SGDP63IRBO,SGD4BR
SGDP63IRBO,206EAU
SGDP63IRBO,SRPCR105
SGDP63IRBO,STMM5
SGDP63IRBO,SFSM16
OXKRM705,210FRHMA
OXKRM705,210FCOMA
OXKRM705,XFRM705
OXKRM705,EXD35A
OXKRM705,OEXSM710B
OXKRM705,207IMFLE
OXKRM705,IMFLE80A
OXKRM705,GAX36
OXKRM705,CJ2001P
OXKRM705,FSS121
317MSPC,114ATMP
317MSPC,SEPHDSETAOBA
317MSPC,TW401
317MSPC,211FSY
317MSPC,OEX709B
317MSPC,FA12LE
317MSPC,TW481
317MSPC,AWM12D
317MSPC,FAML6E
317MSPC,209EFTXBY
SW241,SW221
SW241,SW181A
SW241,SW201
SW241,SW161A
SW241,S321
SW241,SW361
SW241,SW281
SW241,SW321
SW241,AWEF6K
SW241,SWM271
L122,L62
L122,429IM
L122,LDH482
L122,L872RJ
L122,LDH522
L122,L8112A
L122,LDH362
L122,LDH422A
L122,PKNC150
L122,SOEX30
SN36,F18LA
SN36,OEXM320B
SN36,312IPL
SN36,IPL16C
SN36,SX24
SN36,IPL38C
SN36,IPL20C
SN36,CJ2001P
SN36,LIL59000
SN36,IPL36C
GLOVE600MO,GLASS90BYEAR
GLOVE600MO,EECR5A
GLOVE600MO,GLASS30R
GLOVE600MO,GLOVE309L
GLOVE600MO,GLOVE300BL
GLOVE600MO,GLOVE1100L
GLOVE600MO,SOSG01BKCL01
GLOVE600MO,GLOVE900LR
GLOVE600MO,GLOVE505RL
GLOVE600MO,GLASS50R
GLOVE600XX,GLASS50R
GLOVE600XX,EARPLUGBAND
GLOVE600XX,CLRPW75
GLOVE600XX,GLOVE309L
GLOVE600XX,GLOVE300BL
GLOVE600XX,GLOVE1100L
GLOVE600XX,SOSG01BKCL01
GLOVE600XX,GLASS90BYEAR
GLOVE600XX,GLOVE900LR
GLOVE600XX,GLOVE505RL
SOEX710,SOEX704
SOEX710,SOEX30
SOEX710,SOEXM8
SOEX710,SOEXM9
SOEX710,SOEX38
SOEX710,SOEX32
SOEX710,SOEX40
SOEX710,AWEF6K
SOEX710,AWMG9
SOEX710,SWM271
TR108,SDMV208
TR108,TR117O
TR108,VSC4KT
TR108,BTG9
TR108,GA358B
TR108,PPK300
TR108,YA900
TR108,PT40B
TR108,CSA12CR
TR108,SDDDM1AR
FS141,FS181
FS141,FS241
FS141,FS161
FS141,FS201
FS141,BHS7A
FS141,SN25A
FS141,TWM31
FS141,OEXM9B
FS141,OFW3
FS141,TW401
TW341,TW241
TW341,TW321
TW341,TW261
TW341,TW301
TW341,TW281
TW341,TW221
TW341,TW361
TW341,TW141A
TW341,TW161A
TW341,TW381
SGDMRC4-40,SGDMRC4-TM4
SGDMRC4-40,SGDMRCE44
SGDMRC4-40,SGDMRC11A
SGDMRC4-40,SDMT20D
SGDMRC4-40,SDMT10D
SGDMRC4-40,SDMT25D
SGDMRC4-40,110STMDY
SGDMRC4-40,STMD6
SGDMRC4-40,STMD14
SGDMRC4-40,STMD18
MAGMICRO,GLOVE1100L
MAGMICRO,ECPNH012
MAGMICRO,FB307RNB
MAGMICRO,MAGMINI
MAGMICRO,MAGSTRIP
MAGMICRO,MAGTRAY
MAGMICRO,MAGMAT
MAGMICRO,MAGDISH
MAGMICRO,JCW80AR
MAGMICRO,JCK7DBL
AWXL13-3/32,SHD1R
AWXL13-3/32,SPBS18AR
AWXL13-3/32,ATECH2FR125B
AWXL13-3/32,FU8A
AWXL13-3/32,FHLF80A
AWXL13-3/32,F80
AWXL13-3/32,SIMM160A
AWXL13-3/32,SPBS8AR
AWXL13-3/32,96ACF
AWXL13-3/32,SIMM220
KRA2406BPOT,KWSN2455AST
KRA2406BPOT,KASS13
KRA2406BPOT,KRSC326FPBO
KRA2406BPOT,PLRK21
KRA2406BPOT,KACKMCFIBER1
KRA2406BPOT,KRA2007FPBO
KRA2406BPOT,A277
KRA2406BPOT,KRSC430APBO1
KRA2406BPOT,KAERNADD6RD
KRA2406BPOT,KRSC46HPBO
CDR861MDB,AT2050
CDR861MDB,CTC131A
CDR861MDB,CTB8174
CDR861MDB,PH3050BR
CDR861MDB,CTR861AK2
CDR861MDB,PT850
CDR861MDB,CTNN13KF
CDR861MDB,PTR72
CDR861MDB,PSO4625
CDR861MDB,CTS561BITSET
PPCL60BK,PPB30AK
PPCL60BK,PPCS60BK
PPCL60BK,BOERM22
PPCL60BK,BOERM21
PPCL60BK,131TMPB
PPCL60BK,UTV617A
PPCL60BK,PHP2A
PPCL60BK,HBPT24
PPCL60BK,STARTERSET5
PPCL60BK,SIMM320
L62,L122
L62,429IM
L62,425IMM
L62,L872RJ
L62,LDH482
L62,LDH522
L62,LDH562
L62,L872RM
L62,ATECH4RS600
L62,LDH402
FHOF80AO,FHBF80A
FHOF80AO,FH80MP
FHOF80AO,FZ80
FHOF80AO,PALMRAT
FHOF80AO,THRLX72
FHOF80AO,SHN36
FHOF80AO,TRSLF72
FHOF80AO,FK80
FHOF80AO,RAF80A
FHOF80AO,BLPHEXS1418
PTGR110O,PTGR100
PTGR110O,PTC250
PTGR110O,PDR3000A
PTGR110O,PSO4625
PTGR110O,PTR2500
PTGR110O,PTR2505
PTGR110O,VWB8B
PTGR110O,PTGR450
PTGR110O,PTR72
PTGR110O,DBTB121
TMMD5,TMMD11
TMMD5,TMMD9
TMMD5,TMMD6
TMMD5,TMMD5.5
TMMD5,TMMD10
TMMD5,111STMMDY
TMMD5,AC58E
TMMD5,SOEX38
TMMD5,SOEX40
TMMD5,PT28E
TW321,TW301
TW321,TW361
TW321,TW341
TW321,TW281
TW321,TW261
TW321,TW221
TW321,TW181A
TW321,TWM31
TW321,TWM25
TW321,TW381
FLF80A,2004BSKA
FLF80A,AWM110DHK
FLF80A,SN25A
FLF80A,TWM29
FLF80A,1210B
FLF80A,OEXM9B
FLF80A,OEXM8B
FLF80A,2005BSKA
FLF80A,FTX60E
FLF80A,144TMPB
SHL80AO,FHL80
SHL80AO,THL72
SHL80AO,THLL72
SHL80AO,SH80A
SHL80AO,PK52A
SHL80AO,FHLL80
SHL80AO,SHBB24
SHL80AO,OEXM90B
SHL80AO,313SIMA
SHL80AO,310IMMYA
SHP7,SHP10
SHP7,SHP2KT
SHP7,SGA102BR
SHP7,PHP3A
SHP7,SGDX40BR
SHP7,FHLLF80
SHP7,2050
SHP7,1250
SHP7,GLAS1F
SHP7,GFAT1E
REX25C,MSK10
REX25C,TDTDM500B
REX25C,BEXD10A
REX25C,EXDL10A
REX25C,AWEF9K
REX25C,213TFSYA
REX25C,CJ2001P
REX25C,PPC210BK
REX25C,110TMSY
REX25C,210FCOMA
TWM21,TWM20
TWM21,TWM22
TWM21,TWM24
TWM21,TWM18
TWM21,TWM19
TWM21,TWM26
TWM21,TWM25
TWM21,TWM31
TWM21,313TSYA
TWM21,TW141A
SHDP42IRR,SHD4R
SHDP42IRR,SHDP31IRR
SHDP42IRR,SHD2R
SHDP42IRR,SHD6R
SHDP42IRR,SHDP63IRR
SHDP42IRR,SHD1R
SHDP42IRR,SGDE220ESD
SHDP42IRR,SGDE215ESD
SHDP42IRR,TWM25
SHDP42IRR,TMU101A
F201,F241
F201,F221
F201,F141
F201,F181
F201,F121
F201,F261
F201,F281
F201,F081
F201,XS1416A
F201,VO2628B
CSSD1O,CSSD50R
CSSD1O,CSA14CR
CSSD1O,PKWSS53A
CSSD1O,CSA12CR
CSSD1O,PHP1A
CSSD1O,HCP48BCF
CSSD1O,PBMP703A
CSSD1O,HBPT24
CSSD1O,320SIM
CSSD1O,IPL24C
EEPV503,EEPV503
EEPV503,EETL500
EEPV503,SVTS272A
EEPV503,EEDMDVA
EEPV503,EEPV509
EEPV503,CAL6EA
EEPV503,RTEMPB7
EEPV503,MTTL300
EEPV503,GA296B
EEPV503,PGP50
PKN3,SGDP42IRBR
PKN3,FU8A
PKN3,SIMM200
PKN3,ATECH2FR125B
PKN3,SIMM190
PKN3,SIMM160A
PKN3,SGASA204CR
PKN3,SGD2BR
PKN3,47ACF
PKN3,FXK3
ECARL032R,ECPNI032R
ECARL032R,ECPRL092
ECARL032R,ECPRA072
ECARL032R,MAGMINI
ECARL032R,ECPNJ032
ECARL032R,ECHDD012AR
ECARL032R,ECHDF042
ECARL032R,ECPNG032
ECARL032R,ECHDD012A
ECARL032R,MAGMAT
AWCPEF16K,AWCG1600B
AWCPEF16K,PHT5
AWCPEF16K,SWM191
AWCPEF16K,SWM181
AWCPEF16K,SWM171
AWCPEF16K,SWM121A
AWCPEF16K,BHM9A
AWCPEF16K,UPT2FL
AWCPEF16K,SH80A
AWCPEF16K,HBFE103
AWBSGM4A,SGASA204CR
AWBSGM4A,SGD4BR
AWBSGM4A,SPBS704AR
AWBSGM4A,SPBS18AR
AWBSGM4A,T72
AWBSGM4A,SGD6BR
AWBSGM4A,SIMM210
AWBSGM4A,SPBS12AR
AWBSGM4A,SGD2BR
AWBSGM4A,TMXK60
TWM25,TWM26
TWM25,TWM29
TWM25,TWM28
TWM25,TWM31
TWM25,TWM27
TWM25,TWM32
TWM25,R1618SC
TWM25,311IMFSY
TWM25,TMP12E
TWM25,OXIM6B
AWSG07A,PPC103A
AWSG07A,SIMM180
AWSG07A,SGDP31IRBR
AWSG07A,PL400B
AWSG07A,SIMM200
AWSG07A,SIMM240
AWSG07A,TMU8B
AWSG07A,TMXK2
AWSG07A,SIMM160A
AWSG07A,SGD6BR
PPC210A,PPC208A
PPC210A,PPC204A
PPC210A,PPC206A
PPC210A,PPC205A
PPC210A,PPC820B
PPC210A,PPC816B
PPC210A,PPC3A
PPC210A,TTX30E
PPC210A,218AFP
PPC210A,PKNC300
TMD12,TMD14
TMD12,TMD9
TMD12,TMD18
TMD12,TMD16
TMD12,TMD6
TMD12,TMD7
TMD12,TMD10
TMD12,TMD11
TMD12,PKN9
TMD12,SGDE230ESD
TMD16,TMD9
TMD16,TMD6
TMD16,TMD11
TMD16,TMD7
TMD16,TMD14
TMD16,TMD18
TMD16,TMD10
TMD16,TMD12
TMD16,XS1416A
TMD16,XS2226A
SW161A,SW221
SW161A,SW201
SW161A,SW181A
SW161A,SW241
SW161A,S321
SW161A,SW301
SW161A,SW321
SW161A,SW261
SW161A,AWEF6K
SW161A,SW401
SW181A,SW221
SW181A,SW241
SW181A,SW141A
SW181A,SW201
SW181A,SW161A
SW181A,S321
SW181A,SW361
SW181A,SW281
SW181A,SW321
SW181A,218AFSP
KCP1422PJK,KWSN2455ABL
KCP1422PJK,KWSN2455AST
KCP1422PJK,KWSP2455AST
KCP1422PJK,KWSP2455ABL
KCP1422PJK,KRWT2411
KCP1422PJK,KCP2422PBO
KCP1422PJK,KRA4059FPBO
KCP1422PJK,KRSC46HPBO
KCP1422PJK,TB40C
KCP1422PJK,KACKMCFIBER1
PTM2G,PBMMB5G
PTM2G,SGAS102BG
PTM2G,PBMMS5G
PTM2G,PBMMB5R
PTM2G,PBMMA5R
PTM2G,UIM2RSLT
PTM2G,AWPBX10
PTM2G,TR117O
PTM2G,FHOF80A
PTM2G,UPT65
AT4101G,AT4124
AT4101G,YA105013
AT4101G,EECT424HD
AT4101G,AT4135
AT4101G,ACT1290A
AT4101G,RULER602
AT4101G,JT13B
AT4101G,EECT400
AT4101G,YA1050B
AT4101G,ECHDD012A
F261,F281
F261,F181
F261,F241
F261,F201
F261,F221
F261,F141
F261,F121
F261,F101
F261,F081
F261,TM84
KRSC430APJJ1,KRSC323PBO
KRSC430APJJ1,MRB12B
KRSC430APJJ1,KRA2407PBO
KRSC430APJJ1,KRA6200FPBO
KRSC430APJJ1,KRA25D
KRSC430APJJ1,YA450B
KRSC430APJJ1,KRSC46HPBO
KRSC430APJJ1,KRA2411PBO
KRSC430APJJ1,KRA5311FPBO
KRSC430APJJ1,KCP2422PBO
KRSC430APOT1,KRSC323PBO
KRSC430APOT1,MRB12B
KRSC430APOT1,SNA-TBP14
KRSC430APOT1,KCP1422PBO
KRSC430APOT1,KASS13
KRSC430APOT1,KCP2422PBO
KRSC430APOT1,KRA2407PBO
KRSC430APOT1,KA2422SETPJH
KRSC430APOT1,KAERNADD6RD
KRSC430APOT1,KACKMCFIBER1
TW381,TW481
TW381,TW441
TW381,TW421
TW381,FAML6E
TW381,FA12LE
TW381,FRX181
TW381,SA16E
TW381,GF22
TW381,TW461
TW381,AW12D
KRSC4130PC,TB40C
KRSC4130PC,PLRK30
KRSC4130PC,KCP1422PBO
KRSC4130PC,KRA4059FPBO
KRSC4130PC,KRSC46HPBO
KRSC4130PC,KRA2407PBO
KRSC4130PC,MRB12B
KRSC4130PC,YA450B
KRSC4130PC,TB20AC
KRSC4130PC,KRA6200FPBO
KRSC4130PCM,KCP2422PBO
KRSC4130PCM,A277
KRSC4130PCM,KRA2407PBO
KRSC4130PCM,KACKMCFIBER1
KRSC4130PCM,KRA4813FPBO
KRSC4130PCM,SNA-TBP14
KRSC4130PCM,KRSC323PBO
KRSC4130PCM,KRA2055FPBO
KRSC4130PCM,KRSC430APBO7
KRSC4130PCM,KWSP2455ABL
TMMD5.5,TMMD11
TMMD5.5,TMMD12
TMMD5.5,TMMD5
TMMD5.5,TMMD9
TMMD5.5,TMMD8
TMMD5.5,111STMMDY
TMMD5.5,AWMG9
TMMD5.5,2420A
TMMD5.5,AC58E
TMMD5.5,SS5A
VWB5B,PTGR450
VWB5B,CT825DB
VWB5B,CTR861AK2
VWB5B,PTGR100
VWB5B,AT408
VWB5B,AT425R
VWB5B,DB121C
VWB5B,AT2050
VWB5B,PSO4625
VWB5B,PTC250
PWZ2A,PWZ1A
PWZ2A,PWZ0A
PWZ2A,PWZ4
PWZ2A,PWZ3A
PWZ2A,S3624
PWZ2A,HL138ACP
PWZ2A,SBT26
PWZ2A,BTK7A
PWZ2A,S6112
PWZ2A,PRH57A
SHX80BG,THLX72
SHX80BG,FHLX80B
SHX80BG,THRLX72
SHX80BG,FHLF80A
SHX80BG,SHBB24
SHX80BG,THLF72
SHX80BG,SX2
SHX80BG,THNF72
SHX80BG,FHLLF80
SHX80BG,FHBB18A
FS221,FS241
FS221,FS121
FS221,FS181
FS221,FS161
FS221,SN25A
FS221,TWM29
FS221,SWM101A
FS221,1210B
FS221,OEXM8B
FS221,F10LD
FR80,TR72
FR80,SR80A
FR80,TRF72
FR80,AWEF6K
FR80,SWM251
FR80,PPB1002A
FR80,BP12B
FR80,OEX11B
FR80,SWM101A
FR80,SF261
SGDMRC44BG,XS2024A
SGDMRC44BG,XS1012A
SGDMRC44BG,VO2224B
SGDMRC44BG,PKN9
SGDMRC44BG,SGDEP20ESD
SGDMRC44BG,SGDE230ESD
SGDMRC44BG,SGDE215ESD
SGDMRC44BG,VO1012B
SGDMRC44BG,VO1416B
SGDMRC44BG,VO3032B
CTCO861DB,CTCO861K2
CTCO861DB,CGG861DB
CTCO861DB,CTINF9010
CTCO861DB,CTRS761ADB
CTCO861DB,CTSG861DB
CTCO861DB,CT825DB
CTCO861DB,PTC250
CTCO861DB,PTGR110
CTCO861DB,CTR867AK2
CTCO861DB,CTB8174
SGDTX90BG,SGDXL80BR
SGDTX90BG,SGDP64IRBR
SGDTX90BG,SRP3A
SGDTX90BG,A91F
SGDTX90BG,YA337A
SGDTX90BG,BHM9A
SGDTX90BG,218AFP
SGDTX90BG,PBMP703A
SGDTX90BG,206AFSA
SGDTX90BG,TWM25
SVTS264,TA54
SVTS264,TA50
SVTS264,SVTS264
SVTS264,SVTA9100
SVTS264,TA32A
SVTS264,RADKITULTRA
SVTS264,SVTSRAD272U
SVTS264,ACT925
SVTS264,FB307RNB
SVTS264,ACT51234A
TMMS10,TMMS13
TMMS10,TMMS9
TMMS10,TMMS5
TMMS10,TMMS7
TMMS10,TMMS14
TMMS10,TMMS5.5
TMMS10,TMMS8
TMMS10,TMMS12
TMMS10,TMMS6
TMMS10,TMMS15
TMMS11,TMMS9
TMMS11,TMMS6
TMMS11,TMMS14
TMMS11,TMMS7
TMMS11,TMMS13
TMMS11,TMMS5.5
TMMS11,TMMS15
TMMS11,TMMS10
TMMS11,TMMS8
TMMS11,110TMSY
TTX27E,TTX30E
TTX27E,TTX25E
TTX27E,TTX40E
TTX27E,PPCS60BK
TTX27E,FTX60E
TTX27E,SFSM7
TTX27E,TW381
TTX27E,A161B
TTX27E,PPC210A
TTX27E,B1461
GAW1916,ATECH2FR125B
GAW1916,SIMM240
GAW1916,SPBS8AR
GAW1916,SGASA204CR
GAW1916,SGDX80BR
GAW1916,FHLF80A
GAW1916,47ACF
GAW1916,SPBS12AR
GAW1916,SIMM180
GAW1916,GFAT1E
AWSGM2.5A,SGD8BR
AWSGM2.5A,SRPCR4700
AWSGM2.5A,47ACF
AWSGM2.5A,SGDX80BR
AWSGM2.5A,A2A
AWSGM2.5A,FHLF80A
AWSGM2.5A,ATECH3FR300B
AWSGM2.5A,GFAT1E
AWSGM2.5A,TMXK2
AWSGM2.5A,SPBS12AR
AWBCG1609,ATECH2FR125B
AWBCG1609,SIMM170
AWBCG1609,SGDX80BR
AWBCG1609,SIMM220
AWBCG1609,T72
AWBCG1609,SGD8BR
AWBCG1609,SGD2BR
AWBCG1609,SPBS8AR
AWBCG1609,PPC4A
AWBCG1609,TMXK60
SIM260,SIM320
SIM260,SIM280
SIM260,SIM220
SIM260,SIM240
SIM260,SIM340
SIM260,SIM400
SIM260,SIM360
SIM260,SIM380
SIM260,IM140A
SIM260,IM320
SIMM290,SIMM350
SIMM290,SIMM340
SIMM290,SIMM300
SIMM290,SIMM360
SIMM290,SIMM320
SIMM290,OFW1
SIMM290,PKNC150
SIMM290,L872RM
SIMM290,BT4651
SIMM290,TWM31
S61112,SDMV208
S61112,VSC4KT
S61112,B1356E
S61112,PWZ1A
S61112,TQSG3F250
S61112,TL72
S61112,RTD48
S61112,HBFE48
S61112,TMXK110
S61112,TMXK4
IPL24C,IPL36C
IPL24C,IPL34C
IPL24C,IPL38C
IPL24C,IPL16C
IPL24C,IPL40C
IPL24C,IPL22C
IPL24C,IPL32C
IPL24C,IPL28C
IPL24C,IPL42C
IPL24C,IPLM16C
IMM190,IMM220
IMM190,IMM170A
IMM190,IMM210
IMM190,IMM240
IMM190,IMM200
IMM190,IMM180
IMM190,IMM150A
IMM190,IMM160A
IMM190,IM120A
IMM190,IM260
TW461,TW441
TW461,TWM31
TW461,TWM26
TW461,TWM29
TW461,SS5A
TW461,TWM30
TW461,TWM32
TW461,OEX38B
TW461,TW481
TW461,SGDP64IRBR
AWBMCG1606,T72
AWBMCG1606,SIMM210
AWBMCG1606,SPBS18AR
AWBMCG1606,SIMM220
AWBMCG1606,PL400B
AWBMCG1606,FU8A
AWBMCG1606,GFAT1E
AWBMCG1606,SPBS12AR
AWBMCG1606,PPC103A
AWBMCG1606,SIMM200
SDD214,SDDDM1AR
SDD214,PT40B
SDD214,LN46ACF
SDD214,FXK8
SDD214,GSAF1F
SDD214,SHD1R
SDD214,TMXK2
SDD214,SIMM180
SDD214,SPBS8AR
SDD214,SGD4BR
VWB800D,PTGR110
VWB800D,AT425R
VWB800D,PTC250
VWB800D,PTGR100
VWB800D,SAG03S20
VWB800D,PDR3000A
VWB800D,DB129C
VWB800D,SDG10S25F
VWB800D,PH1050
VWB800D,MG1250
PH3050BR,PH3050BR
PH3050BR,PSO4625
PH3050BR,PDR3000A
PH3050BR,PTC250
PH3050BR,PTGR100
PH3050BR,MG1250
PH3050BR,VWB8B
PH3050BR,PTGR110
PH3050BR,PTR72
PH3050BR,MG325
STMD6,STMD7
STMD6,STMD9
STMD6,STMD16
STMD6,STMD12
STMD6,STMD10
STMD6,STMD8
STMD6,STMD11
STMD6,STMD18
STMD6,XS1416A
STMD6,VO2628B
FAML6E,FRX181
FAML6E,GF22
FAML6E,TW481
FAML6E,STX70E
FAML6E,YA2850A
FAML6E,TW401
FAML6E,IMM360
FAML6E,RC980
FAML6E,208FRDH
FAML6E,FTXB55E
THLLF72O,FHLLF80
THLLF72O,THLL72
THLLF72O,BLPHEXS1418
THLLF72O,FHLL80
THLLF72O,TKF72
THLLF72O,SHN36
THLLF72O,SHLL80A
THLLF72O,THLX72
THLLF72O,SHLF80A
THLLF72O,BLPTORX1410
AWML1.5D,SIMM160A
AWML1.5D,PPC103A
AWML1.5D,SIMM200
AWML1.5D,SGD4BR
AWML1.5D,TMXK4
AWML1.5D,SGD2BR
AWML1.5D,SGD6BR
AWML1.5D,TMXK2
AWML1.5D,FX1
AWML1.5D,PL400B
AWTR8-4,47ACF
AWTR8-4,GFAT1E
AWTR8-4,BLPTHC87
AWTR8-4,SIMM220
AWTR8-4,F80
AWTR8-4,FXK11
AWTR8-4,FXK6
AWTR8-4,SPBS704AR
AWTR8-4,SIMM150A
AWTR8-4,SPBS12AR
IPLM10C,IPLM11C
IPLM10C,IPLM12C
IPLM10C,IPLM13C
IPLM10C,IPLM16C
IPLM10C,312IPL
IPLM10C,IPL34C
IPLM10C,IPL38C
IPLM10C,IPL18C
IPLM10C,IPL24C
IPLM10C,IPL36C
CTR867ADB,CTCO861K2
CTR867ADB,CTC131A
CTR867ADB,CTR867AK2
CTR867ADB,CT9080K2
CTR867ADB,CT825DB
CTR867ADB,CTR861AK2
CTR867ADB,CTB8174
CTR867ADB,CTB185
CTR867ADB,CTS561BITSET
CTR867ADB,PTC250
AWM4D,SGD6BR
AWM4D,FXK3
AWM4D,91ACP
AWM4D,SIMM150A
AWM4D,SGDP42IRBR
AWM4D,SPBS12AR
AWM4D,FXK6
AWM4D,SIMM220
AWM4D,SGD8BR
AWM4D,FU8A
208CCP,B260A
208CCP,BTC7B
208CCP,BTC3A
208CCP,BTK5
208CCP,S6110A
208CCP,TF5A
208CCP,FTX60E
208CCP,AF102
208CCP,YA824C
208CCP,AWM110DHK
211EFAMY,208EFAY
211EFAMY,212EFTAY
211EFAMY,307ESAY
211EFAMY,FA8E
211EFAMY,FA12E
211EFAMY,TMA2.5E
211EFAMY,TTX10E
211EFAMY,STX60E
211EFAMY,FTX50E
211EFAMY,FTX45E
212EFTXY,207EFAMY
212EFTXY,211EFAMY
212EFTXY,FTX60E
212EFTXY,AC5C
212EFTXY,PK23A
212EFTXY,TWM31
212EFTXY,S9704KA
212EFTXY,SOEX707
212EFTXY,TFM7530B
212EFTXY,LP10WR
AT5500,PTB32K
AT5500,AT5500
AT5500,MG325
AT5500,AT380A
AT5500,AT700F
AT5500,AT2050
AT5500,DBBPT13
AT5500,VWB8B
AT5500,AT109
AT5500,MG725A
FC72,FCF72
FC72,FK80
FC72,TM72
FC72,FSLF80
FC72,TRF72
FC72,SLL80A
FC72,TK72
FC72,103TMXKLA
FC72,TFY72
FC72,CSSD50R
ATECH3FR300B,ATECH2FR125B
ATECH3FR300B,OXIM6B
ATECH3FR300B,BLPTE3816
ATECH3FR300B,BOERM712
ATECH3FR300B,SIM400
ATECH3FR300B,IMM110A
ATECH3FR300B,IMM100A
ATECH3FR300B,313SIMA
ATECH3FR300B,310SIMMYA
ATECH3FR300B,315IMMYA
CT9080GDB,CT9080K2
CT9080GDB,CTPSK185
CT9080GDB,VWB8B
CT9080GDB,CTB185
CT9080GDB,CTB8187
CT9080GDB,CTINF9010
CT9080GDB,CTC131A
CT9080GDB,CTR867AK2
CT9080GDB,CTQ838DB
CT9080GDB,CTR862DB
CDR4P32K3DB,AT109
CDR4P32K3DB,PH3050BR
CDR4P32K3DB,PT850
CDR4P32K3DB,CTR862DB
CDR4P32K3DB,CTB8187
CDR4P32K3DB,CTR867AK2
CDR4P32K3DB,DB129C
CDR4P32K3DB,MG725A
CDR4P32K3DB,CT9080K2
CDR4P32K3DB,CTR861AK2
XS1416A,XS1820A
XS1416A,XS1012A
XS1416A,XS1618A
XS1416A,XS1214A
XS1416A,VO2628B
XS1416A,VO1416B
XS1416A,XS810A
XS1416A,VO1820B
XS1416A,VO3032B
XS1416A,TMC104E
SGDMRCE44G,SGDMRC4A
SGDMRCE44G,SGDMRC4-TM4
SGDMRCE44G,SGDMRC11A
SGDMRCE44G,SSDMRT8A
SGDMRCE44G,SSFP2
SGDMRCE44G,SSFP1
SGDMRCE44G,XO605
SGDMRCE44G,SDMT20D
SGDMRCE44G,84CF
SGDMRCE44G,OEX10B
SGDX80BG,XS2024A
SGDX80BG,XS1820A
SGDX80BG,XS1416A
SGDX80BG,XS1618A
SGDX80BG,XS1012A
SGDX80BG,XS67A
SGDX80BG,VO3032B
SGDX80BG,VO1416B
SGDX80BG,TM408
SGDX80BG,TM412
SHD2R,SHDP42IRR
SHD2R,SHD6R
SHD2R,SHDP31IRR
SHD2R,SHD4R
SHD2R,SHDP63IRR
SHD2R,SHD1R
SHD2R,SGDE220ESD
SHD2R,PKN9
SHD2R,TMU161A
SHD2R,TMU101A
CSA14C,CSA12CR
CSA14C,CSSD50R
CSA14C,AW1020DK
CSA14C,AWM140DK
CSA14C,CSSD1R
CSA14C,SOEX38
CSA14C,TMMD9
CSA14C,TMMD6
CSA14C,TMMD10
CSA14C,A91F
CSSD50B,CSSD1R
CSSD50B,CSA14CR
CSSD50B,CSA12CR
CSSD50B,SGAS102BG
CSSD50B,PTM30
CSSD50B,208FRDHM
CSSD50B,PHP2A
CSSD50B,L872RM
CSSD50B,TDTDM500B
CSSD50B,SGTT8B
490CF,911ACF
490CF,912AEP
490CF,612AEP
490CF,908CF
490CF,BDGPL300HG
490CF,312CF
490CF,EPC160
490CF,BDGPL411HG
490CF,PWZ4
490CF,AWPBX10
414AHD,SOEX36
414AHD,PKNC150
414AHD,SOEX38
414AHD,SOEX40
414AHD,SOEX707
414AHD,SOEX30
414AHD,YA4275
414AHD,SOEX32
414AHD,317AMMPC
414AHD,ATECH4RS600
SH80AG,THL72
SH80AG,FHR80
SH80AG,THR72
SH80AG,SHL80A
SH80AG,SN15B
SH80AG,FHL80
SH80AG,OFW3
SH80AG,SHBB24
SH80AG,210AFLEY
SH80AG,SX2
SHBB24,FHBB18A
SHBB24,FHBB12A
SHBB24,SHN36
SHBB24,TECH3FR250
SHBB24,SH80A
SHBB24,312IMMS
SHBB24,FHL80
SHBB24,313TSYA
SHBB24,SGASA104BR
SHBB24,SX2
GLOVE900MR,GLOVE1100L
GLOVE900MR,GLOVE505RL
GLOVE900MR,GLOVE309L
GLOVE900MR,GLOVE300BL
GLOVE900MR,GLOVEORIGPLUSL
GLOVE900MR,GLASS50R
GLOVE900MR,YA427B
GLOVE900MR,ACT51234A
GLOVE900MR,GLASS30R
GLOVE900MR,JCK7DBL
GLOVE900XLPK,GLOVEORIGPLUSL
GLOVE900XLPK,JCK8
GLOVE900XLPK,YA427B
GLOVE900XLPK,GLOVE1100L
GLOVE900XLPK,GLOVE505RL
GLOVE900XLPK,GLOVE309L
GLOVE900XLPK,GLOVE300BL
GLOVE900XLPK,GLASS50R
GLOVE900XLPK,ACT51234A
GLOVE900XLPK,JCK7DBL
315SIMMYA,315IMMYA
315SIMMYA,313SIMA
315SIMMYA,310SIMMYA
315SIMMYA,320SIM
315SIMMYA,309SIMYA
315SIMMYA,IMM100A
315SIMMYA,IMM130A
315SIMMYA,AC58E
315SIMMYA,IMM140A
315SIMMYA,SIM160A
TWM17,TWM19
TWM17,TWM18
TWM17,TWM21
TWM17,TWM23
TWM17,TWM24
TWM17,TW281
TWM17,TWM22
TWM17,TWM20
TWM17,313TWYA
TWM17,SN18B
KRA2407PU,KRSC326FPBO
KRA2407PU,KACKFLTCLNR
KRA2407PU,A277
KRA2407PU,KRA4114FPBO
KRA2407PU,KACKMCFIBER1
KRA2407PU,KAERNADD6RD
KRA2407PU,TB20AC
KRA2407PU,KRA4810FPBO
KRA2407PU,TB40C
KRA2407PU,KRSC323PBO
TMMDS4.5,F80
TMMDS4.5,SRPCR4700
TMMDS4.5,SPBS704AR
TMMDS4.5,ATECH3FR300B
TMMDS4.5,FXK3
TMMDS4.5,PL400B
TMMDS4.5,SGD8BR
TMMDS4.5,SIMM220
TMMDS4.5,SGDP42IRBR
TMMDS4.5,SIMM180
VS814A,314SCOA
VS814A,VSM807B
VS814A,211FCOA
VS814A,312IPL
VS814A,IPL38C
VS814A,IPL16C
VS814A,IPL34C
VS814A,IPL24C
VS814A,320SIM
VS814A,OEXS709B
SIM220,SIM200
SIM220,SIM260
SIM220,SIM320
SIM220,SIM240
SIM220,SIM280
SIM220,SIM360
SIM220,IM220
SIM220,IM280
SIM220,IM200
SIM220,IM300
SWM141A,SWM181
SWM141A,SWM171
SWM141A,SWM201
SWM141A,SWM231
SWM141A,SWM221
SWM141A,SWM121A
SWM141A,SWM211
SWM141A,SWM241
SWM141A,SN25A
SWM141A,222AFSP
TQSG3F250,TQFR100C
TQSG3F250,QD2FR75B
TQSG3F250,LSRM2000
TQSG3F250,TF5A
TQSG3F250,A3042
TQSG3F250,SR40K
TQSG3F250,GAX36
TQSG3F250,B1458C
TQSG3F250,S6112
TQSG3F250,AC58E
AWMG9,AWS13
AWMG9,PPB826A
AWMG9,PK52A
AWMG9,BTC7B
AWMG9,GAJ12A
AWMG9,AWM12D
AWMG9,SEPPROCORE2A
AWMG9,111TMMDY
AWMG9,TMMD5
AWMG9,TMMD6
TMC104E,TMC106E
TMC104E,TMP23E
TMC104E,TM82
TMC104E,TMC105E
TMC104E,VO2628B
TMC104E,TM65
TMC104E,XS2024A
TMC104E,XS2226A
TMC104E,XS1618A
TMC104E,VO1820B
TQFR100C,TQSG3F250
TQFR100C,QD1R50A
TQFR100C,IPL22C
TQFR100C,IPL18C
TQFR100C,PW18C
TQFR100C,QD1R200A
TQFR100C,205IPF
TQFR100C,PHP3A
TQFR100C,650
TQFR100C,SLL80A
AWT15A,ATECH3FR300B
AWT15A,A2A
AWT15A,SIMM200
AWT15A,91ACP
AWT15A,SPBS704AR
AWT15A,F80
AWT15A,SGDX80BR
AWT15A,SPBS18AR
AWT15A,SGD4BR
AWT15A,SIMM180
EEDM596FK,PG160
EEDM596FK,YA1175KIT
EEDM596FK,EEDM596FK
EEDM596FK,MTTL800
EEDM596FK,RTEMP8
EEDM596FK,OC5A
EEDM596FK,EFPHANNIBALB
EEDM596FK,TEMP200
EEDM596FK,GA460B
EEDM596FK,AT4135
KRA2411PJJ,KWSN2455AST
KRA2411PJJ,KRWT2411
KRA2411PJJ,KWSP2455ABL
KRA2411PJJ,KRA6210FPBO
KRA2411PJJ,KRA2422PBO
KRA2411PJJ,KCP1422PBO
KRA2411PJJ,KCP2422PBO
KRA2411PJJ,KRSC430APBO1
KRA2411PJJ,SNA-TBP14
KRA2411PJJ,KACKFLTCLNR
KRA2411PJK,KRA2007FPBO
KRA2411PJK,KRA2407PBO
KRA2411PJK,KRA2411PBO
KRA2411PJK,KWSN2455AST
KRA2411PJK,KRWT2411
KRA2411PJK,KWSP2455ABL
KRA2411PJK,KRA6210FPBO
KRA2411PJK,KRA2422PBO
KRA2411PJK,KCP1422PBO
KRA2411PJK,KCP2422PBO
AWT9A,SGD2BR
AWT9A,PPC103A
AWT9A,FXK6
AWT9A,91ACP
AWT9A,SGASA204CR
AWT9A,SPBS12AR
AWT9A,FX1
AWT9A,SPBS704AR
AWT9A,TMXK4
AWT9A,SGDP31IRBR
FHLLF80,THLLF72
FHLLF80,FHOF80A
FHLLF80,SHLL80A
FHLLF80,FHBF80A
FHLLF80,SHN36
FHLLF80,THRLX72
FHLLF80,FHLL80
FHLLF80,THLX72
FHLLF80,PPC210BK
FHLLF80,SHCP1B
CT825GDB,CTB8187
CT825GDB,AT2050
CT825GDB,CTR861AK2
CT825GDB,CTRS761ADB
CT825GDB,CTCO861K2
CT825GDB,CTR867AK2
CT825GDB,CTQ838DB
CT825GDB,CTB8174
CT825GDB,CTB185
CT825GDB,MG325
CT825GK2,CTRS761ADB
CT825GK2,CTCO861K2
CT825GK2,CTR867AK2
CT825GK2,CTQ838DB
CT825GK2,CTB8174
CT825GK2,CTB185
CT825GK2,CTB8187
CT825GK2,MG325
CT825GK2,PTC250
CT825GK2,CTC131A
GMB3042,A3042
GMB3042,GM3046
GMB3042,GMB3041
GMB3042,SDMT25D
GMB3042,SDMT10D
GMB3042,TMBS8A
GMB3042,TMR4
GMB3042,ST50A
GMB3042,SGDMRCE44
GMB3042,111TMMDY
CT861GK2,PTB32K
CT861GK2,CTS561BITSET
CT861GK2,DBBPT13
CT861GK2,PTR2505
CT861GK2,PTGR100
CT861GK2,CTB8187
CT861GK2,CTR867AK2
CT861GK2,PT850
CT861GK2,CTC131A
CT861GK2,CTCO861K2
KAERNADD6RD,KAERNADD6RD
KAERNADD6RD,KRSC430APBO1
KAERNADD6RD,KRSC326FPBO
KAERNADD6RD,PLRK21
KAERNADD6RD,PLRK27
KAERNADD6RD,PLRK30
KAERNADD6RD,TB20AC
KAERNADD6RD,YA389A
KAERNADD6RD,KRSC430APBO7
KAERNADD6RD,KACKMCFIBER1
AWBSGM25A,SIMM180
AWBSGM25A,SPBS12AR
AWBSGM25A,SIMM160A
AWBSGM25A,47ACF
AWBSGM25A,ATECH2FR125B
AWBSGM25A,TMXK2
AWBSGM25A,SIMM190
AWBSGM25A,SGD4BR
AWBSGM25A,SIMM170
AWBSGM25A,FU8A
SGD153BR,SGD155CR
SGD153BR,SW341
SGD153BR,FZ7A
SGD153BR,210EFTXRY
SGD153BR,F12LB
SGD153BR,OFC7374-14
SGD153BR,S9704KR
SGD153BR,FADH10C
SGD153BR,317MSPC
SGD153BR,SOEXM9
211SFSY,211FSY
211SFSY,317MSPC
211SFSY,SOEX707
211SFSY,114ATMP
211SFSY,218AFSP
211SFSY,KAC1224TCA
211SFSY,TW381
211SFSY,UPTM65K
211SFSY,SA16E
211SFSY,FS121
SPBS18AR,SPBS8AR
SPBS18AR,SPBS12AR
SPBS18AR,PKNC150
SPBS18AR,SOEX38
SPBS18AR,UPTM65K
SPBS18AR,PK52A
SPBS18AR,SOEX40
SPBS18AR,TMM4
SPBS18AR,SRPCR105
SPBS18AR,PPC203A
FADH6C,FADH10C
FADH6C,FADH8C
FADH6C,FADH12C
FADH6C,PKNC300
FADH6C,LP7WR
FADH6C,YA900
FADH6C,FK80
FADH6C,786CF
FADH6C,FHBB12A
FADH6C,IPL24C
KRSC343POT,KRA2407PBO
KRSC343POT,KRA2411PBO
KRSC343POT,KRA2007FPBO
KRSC343POT,KRSC430APBO1
KRSC343POT,KRSC430APBO7
KRSC343POT,KCP2422PBO
KRSC343POT,KRSC46HPBO
KRSC343POT,KRA2422PBO
KRSC343POT,PLRK21
KRSC343POT,KAERNADD6RD
PH200D,CTB185
PH200D,PT338
PH200D,CT825DB
PH200D,PH3050BR
PH200D,PTR2505
PH200D,PTC250
PH200D,PTGR450
PH200D,PTGR100
PH200D,PSO4625
PH200D,MG1250
GLOVE502BMB,EEPV503
GLOVE502BMB,TDG1
GLOVE502BMB,EEDM503D
GLOVE502BMB,ECSPH271
GLOVE502BMB,AT4101
GLOVE502BMB,EEDM504F
GLOVE502BMB,FB361A
GLOVE502BMB,MAGMAT
GLOVE502BMB,YAKS42
GLOVE502BMB,MTTL800
B3404B,B1356E
B3404B,BT11
B3404B,131A
B3404B,S6118A
B3404B,B1461
B3404B,VGP104
B3404B,AC58E
B3404B,PPB816A
B3404B,SWM111A
B3404B,PKNG90
AWMXL10-1.5,TMXK60
AWMXL10-1.5,91ACP
AWMXL10-1.5,GFAT1E
AWMXL10-1.5,SIMM220
AWMXL10-1.5,SGD4BR
AWMXL10-1.5,SIMM150A
AWMXL10-1.5,SGD6BR
AWMXL10-1.5,TMU8B
AWMXL10-1.5,SPBS18AR
AWMXL10-1.5,SGD8BR
BOERM10,BOERM19
BOERM10,PPC1A
BOERM10,BHM9A
BOERM10,BOERM12
BOERM10,BOERM17
BOERM10,BOERM8
BOERM10,BOERM13
BOERM10,BOERM14
BOERM10,BOERM11
BOERM10,SG4ASABR
BOERM13,TMMS7
BOERM13,TMMS14
BOERM13,TMMS11
BOERM13,BOERM10
BOERM13,BOERM15
BOERM13,BOERM14
BOERM13,BOERM17
BOERM13,BOERM12
BOERM13,TMMS9
BOERM13,FTXB55E
BPTOTEC,KWSN2455AST
BPTOTEC,KCP2422PBO
BPTOTEC,A277
BPTOTEC,YA438B
BPTOTEC,KACKFLTCLNR
BPTOTEC,KRSC323PBO
BPTOTEC,KRSC46HPBO
BPTOTEC,KAERNADD6RD
BPTOTEC,SNA-TBP14
BPTOTEC,KRA2055FPBO
BTWSMPK,PPSG106
BTWSMPK,PWC52A
BTWSMPK,SGDMRC11A
BTWSMPK,XO605
BTWSMPK,PPB30AK
BTWSMPK,SSFP1
BTWSMPK,SSFP2
BTWSMPK,PPSG103
BTWSMPK,84CF
BTWSMPK,TL72
FIH500,BLPTHC87
FIH500,TMXK2
FIH500,SGD6BR
FIH500,SGDX80BR
FIH500,SIMM160A
FIH500,SGDP31IRBR
FIH500,TMXK4
FIH500,SGDP42IRBR
FIH500,SPBS704AR
FIH500,SIMM180
7031A,OEX38B
7031A,313SWYA
7031A,SWM231
7031A,SWM201
7031A,FM16
7031A,FM14
7031A,SW261
7031A,SW221
7031A,SW181A
7031A,SW241
AYESHDA,FHLF80A
AYESHDA,TMXK60
AYESHDA,SGDP42IRBR
AYESHDA,SPBS8AR
AYESHDA,TMU8B
AYESHDA,SIMM200
AYESHDA,GFAT1E
AYESHDA,SGD4BR
AYESHDA,SIMM210
AYESHDA,SGDP31IRBR
BLPTE144,BLPTE3810
BLPTE144,BLPTE3816
BLPTE144,BLPTE144
BLPTE144,BLPTE145
BLPTE144,BLPTE147
BLPTE144,BLPTE146
BLPTE144,BLPTE148
BLPTE144,BLPTE1222
BLPTE144,BLPTE1224
BLPTE144,BLPTE1218
BDGPL411HG,BDGPL412HG
BDGPL411HG,BDGPL410HG
BDGPL411HG,915CF
BDGPL411HG,XDHFM606K1
BDGPL411HG,XDHF605
BDGPL411HG,490CF
BDGPL411HG,HCP10
BDGPL411HG,UTS105A
BDGPL411HG,SGTT5B
BDGPL411HG,SGTT3B
BLPH388,BLPH389
BLPH388,BLPH387
BLPH388,BLPH386
BLPH388,BLPH3810
BLPH388,BLPH3814
BLPH388,BLPH3838
BLPH388,BLPH124
BLPH388,IPF800B
BLPH388,IP80D
BLPH388,BLPT1430
BLPHL38516,TMXK4
BLPHL38516,FXK11
BLPHL38516,SGDX80BR
BLPHL38516,TMU8B
BLPHL38516,SGASA204CR
BLPHL38516,SGD8BR
BLPHL38516,SPBS12AR
BLPHL38516,F80
BLPHL38516,SIMM210
BLPHL38516,96ACF
BLPHS14516,PPC103A
BLPHS14516,ATECH2FR125B
BLPHS14516,BLPTHC87
BLPHS14516,SPBS18AR
BLPHS14516,91ACP
BLPHS14516,FU8A
BLPHS14516,SGD4BR
BLPHS14516,SHD1R
BLPHS14516,SPBS12AR
BLPHS14516,SIMM170
BLPHS14532,PPC103A
BLPHS14532,PPC4A
BLPHS14532,SIMM190
BLPHS14532,SRPCR4700
BLPHS14532,FXK6
BLPHS14532,SIMM220
BLPHS14532,SGDP42IRBR
BLPHS14532,SGD6BR
BLPHS14532,TMXK4
BLPHS14532,ATECH2FR125B
BLPHS14732,PPC103A
BLPHS14732,SRPCR3800
BLPHS14732,FXK6
BLPHS14732,FHLF80A
BLPHS14732,91ACP
BLPHS14732,SGDX80BR
BLPHS14732,SPBS704AR
BLPHS14732,SGD8BR
BLPHS14732,SIMM190
BLPHS14732,SGDP42IRBR
JT13B,JT13B
JT13B,GA460B
JT13B,RTEMPB7
JT13B,BLP15HVLP
JT13B,GA296B
JT13B,PG160
JT13B,EFPHANNIBALB
JT13B,PGP50
JT13B,BLP18HVLP
JT13B,JT17A
GAJ12A,AWMG9
GAJ12A,222AFSP
GAJ12A,ACT1370
GAJ12A,SR40K
GAJ12A,OEXM9B
GAJ12A,B3404B
GAJ12A,OEXM8B
GAJ12A,OEXM6B
GAJ12A,PPB826A
GAJ12A,TF5A
S3625,A106
S3625,A127
S3625,A129
S3625,S3624
S3625,YA4050B
S3625,213AFLEY
S3625,SIMM120A
S3625,117TMM
S3625,SIMM170
S3625,SIMM190
SEPKCAMETPBOA,SIMM180
SEPKCAMETPBOA,SGDP42IRBR
SEPKCAMETPBOA,91ACP
SEPKCAMETPBOA,SGD8BR
SEPKCAMETPBOA,SGDX80BR
SEPKCAMETPBOA,TMXK4
SEPKCAMETPBOA,SGDP31IRBR
SEPKCAMETPBOA,SRPCR3800
SEPKCAMETPBOA,SPBS18AR
SEPKCAMETPBOA,ATECH3FR300B
SEPKCAMETPCMA,SPBS18AR
SEPKCAMETPCMA,SRPCR4700
SEPKCAMETPCMA,SPBS8AR
SEPKCAMETPCMA,SGD4BR
SEPKCAMETPCMA,GFAT1E
SEPKCAMETPCMA,PPC4A
SEPKCAMETPCMA,FXK3
SEPKCAMETPCMA,96ACF
SEPKCAMETPCMA,SGDP42IRBR
SEPKCAMETPCMA,PL400B
SEPPREATV,TFM7530B
SEPPREATV,206AFSP
SEPPREATV,207EFAMY
SEPPREATV,SOEXM9
SEPPREATV,SOEXM8
SEPPREATV,TWM32
SEPPREATV,TWM30
SEPPREATV,SOEX707
SEPPREATV,211FSY
SEPPREATV,FS221
SEPPROK1PBOA,SPBS704AR
SEPPROK1PBOA,FX1
SEPPROK1PBOA,SHD1R
SEPPROK1PBOA,SRPCR3800
SEPPROK1PBOA,SIMM190
SEPPROK1PBOA,A2A
SEPPROK1PBOA,ATECH2FR125B
SEPPROK1PBOA,96ACF
SEPPROK1PBOA,PL400B
SEPPROK1PBOA,TMXK4
SSFP2,SSF1
SSFP2,SSFP1
SSFP2,SGDE230ESD
SSFP2,SGDEP20ESD
SSFP2,SGDEP200ESD
SSFP2,SGDE225ESD
SSFP2,PBN2
SSFP2,TMU181A
SSFP2,TMU121A
SSFP2,TMA7E
TB50WC,KRSC326FPBO
TB50WC,KRSC430APBO7
TB50WC,PLRK30
TB50WC,TB20AC
TB50WC,KRSC46HPBO
TB50WC,KCP2422PBO
TB50WC,KCP1422PBO
TB50WC,PLRK27
TB50WC,KRA2422PBO
TB50WC,KWSN2455ABL
PBMA5O,PBMMA5O
PBMA5O,PBMMS5G
PBMA5O,PBMMB5G
PBMA5O,PBMA5G
PBMA5O,PBMMB5O
PBMA5O,PBMMS5O
PBMA5O,PBMB5O
PBMA5O,PBMA5R
PBMA5O,PBMS5R
PBMA5O,PBMB5R
PBMMB5O,PBMMS5O
PBMMB5O,PBMMA5O
PBMMB5O,PBMMA5G
PBMMB5O,PBMA5O
PBMMB5O,PBMMS5G
PBMMB5O,PBMMS5R
PBMMB5O,PBMMB5
PBMMB5O,PBMMB5R
PBMMB5O,PBMB5O
PBMMB5O,PBMMA5R
PRH57A,317MSPC
PRH57A,S9704KA
PRH57A,206EAU
PRH57A,114ATMP
PRH57A,FADH12C
PRH57A,FA12LE
PRH57A,FRX181
PRH57A,GF22
PRH57A,HD6529
PRH57A,AWM110DK
PWC48,PWC27
PWC48,YA2020
PWC48,US712
PWC48,DS806AK
PWC48,AW1015DHK
PWC48,AW1020DK
PWC48,FR80
PWC48,AWM140DK
PWC48,OEX11B
PWC48,AVSNP01160
RBM78C,RBM910C
RBM78C,SPBS18AR
RBM78C,SIMM200
RBM78C,SPBS704AR
RBM78C,SGD6BR
RBM78C,ATECH3FR300B
RBM78C,SIMM210
RBM78C,FXK6
RBM78C,TMXK60
RBM78C,SHD1R
R2024C,SIMM180
R2024C,BLPTHC87
R2024C,SRPCR3800
R2024C,SGASA204CR
R2024C,TMXK4
R2024C,SPBS18AR
R2024C,SHD1R
R2024C,SGD6BR
R2024C,GFAT1E
R2024C,ATECH3FR300B
EFPSHRED,GLASS30R
EFPSHRED,UTK150
EFPSHRED,EECT200
EFPSHRED,EEBC30A12V
EFPSHRED,ECARL032R
EFPSHRED,FB316B
EFPSHRED,MAGDISH
EFPSHRED,ECPNH012
EFPSHRED,ECHDD012A
EFPSHRED,RULER6
UPT65,UIM2RSLT
UPT65,UIM325
UPT65,TMP23E
UPT65,BTWSMPK
UPT65,MS800
UPT65,HBPT24
UPT65,SDMEXT19K
UPT65,TWM28
UPT65,10R
UPT65,TRX72
USS103,SGDP162BR
USS103,VGP12808
USS103,VGP12418
USS103,PKB500A
USS103,PKNC301
USS103,PKNC300
USS103,HBPT24
USS103,SGD155CR
USS103,SGD153BR
USS103,SGDMRC11A
YA900,YA339A
YA900,ST50A
YA900,YA2019
YA900,PPSG103
YA900,S9614A
YA900,S6103A
YA900,S9538A
YA900,AW1020DK
YA900,S6106KA
YA900,BHS13A
YA9350B,SBT26
YA9350B,B1467A
YA9350B,LDT8
YA9350B,CJ2001P
YA9350B,AWTEF8K
YA9350B,GCP10
YA9350B,BTC8A
YA9350B,SR40K
YA9350B,BTCW800
YA9350B,A159
PLRK21,PLRK21
PLRK21,KRSC326FPBO
PLRK21,SNA-TBP14
PLRK21,YA389A
PLRK21,PLRK30
PLRK21,KAERNADD6RD
PLRK21,PLRK27
PLRK21,MRB12B
PLRK21,KACKMCFIBER1
PLRK21,A277
SFSM10,SFSM12
SFSM10,SFSM16
SFSM10,SFSM8
SFSM10,SFSM15
SFSM10,SFSM13
SFSM10,SFSM17
SFSM10,SFSM18
SFSM10,SFSM14
SFSM10,SFSM11
SFSM10,SFSM19
SDDDM1AO,SGDX40BR
SDDDM1AO,PBMMB5R
SDDDM1AO,SSFP2
SDDDM1AO,ADCF8
SDDDM1AO,PBMS5R
SDDDM1AO,PBMB5R
SDDDM1AO,FC72
SDDDM1AO,SSDMR4BR
SDDDM1AO,LP6LN
SDDDM1AO,EPC160
TMMS15,TMMS13
TMMS15,TMMS9
TMMS15,TMMS14
TMMS15,TMMS7
TMMS15,TMMS5.5
TMMS15,TMMS12
TMMS15,TMMS6
TMMS15,TMMS10
TMMS15,RXS605B
TMMS15,FSS141
IPLM17C,IPLM19C
IPLM17C,IPLM14C
IPLM17C,IPLM21C
IPLM17C,IPLM22C
IPLM17C,IPLM18C
IPLM17C,IPLM24C
IPLM17C,IPSM22
IPLM17C,IPLM16C
IPLM17C,IPLM13C
IPLM17C,IPLM15C
SRP3A,SRP2A
SRP3A,218AFP
SRP3A,R1618SC
SRP3A,SGDP64IRBR
SRP3A,DS806AK
SRP3A,PPC20LB
SRP3A,PPB1002A
SRP3A,SW381
SRP3A,OEX38B
SRP3A,F10LD
IPLM22C,IPLM19C
IPLM22C,IPLM17C
IPLM22C,IPLM21C
IPLM22C,IPLM16C
IPLM22C,IPLM24C
IPLM22C,IPSM22
IPLM22C,IPLM13C
IPLM22C,IPSM21
IPLM22C,312IPLM
IPLM22C,IPL38C
XLE605,BFCRM712A
XLE605,XDHFM606K1
XLE605,BLPTORX1410
XLE605,207IMFLE
XLE605,UTV617A
XLE605,XB605A
XLE605,RBYAM605
XLE605,PALMRAT
XLE605,AWPBX10
XLE605,208EFTAMXSY
204FXKLA,103TMXKLA
204FXKLA,303SXWKL
204FXKLA,SX20
204FXKLA,106IPTMMA
204FXKLA,111TMUSMA
204FXKLA,FHOF80A
204FXKLA,TLLF72
204FXKLA,86EP
204FXKLA,IPLM12C
204FXKLA,IPLM13C
VO2628B,VO1416B
VO2628B,VO1012B
VO2628B,VO2224B
VO2628B,VO3032B
VO2628B,TMC104E
VO2628B,TMC106E
VO2628B,TMP23E
VO2628B,TM62B
VO2628B,XS1214A
VO2628B,SGDEL10ESD
OXIM710B,OXIM707SBK
OXIM710B,OXI707BK
OXIM710B,XBM605A
OXIM710B,OXIM9B
OXIM710B,OEXS709B
OXIM710B,OXIM8B
OXIM710B,OEXSM710B
OXIM710B,AWCGT500
OXIM710B,XB605A
OXIM710B,SGDTX50BR
MRB10B,MRB10B
MRB10B,ACT1290A
MRB10B,TPGIF1600A
MRB10B,MRB5B
MRB10B,MRB15B
MRB10B,LBUK1
MRB10B,ITHE100
MRB10B,PGP120
MRB10B,JCW80AR
MRB10B,PGP50
OEX711B,OEX10B
OEX711B,OEX8B
OEX711B,OEX11B
OEX711B,OEX080B
OEX711B,107ATMPB
OEX711B,YA2020
OEX711B,BTWSMPK
OEX711B,RXS605B
OEX711B,PPB1002A
OEX711B,PPB30AK
RULER602,RULER601
RULER602,JCW62R
RULER602,RULER6
RULER602,FB303B
RULER602,ACT83A
RULER602,ACT73A
RULER602,ECF35
RULER602,GA296B
RULER602,RTEMPB7
RULER602,MTTL300
HSG319,XS1416A
HSG319,XS2226A
HSG319,VO2224B
HSG319,XS1214A
HSG319,VO2628B
HSG319,TM84
HSG319,XS810A
HSG319,TM65
HSG319,TMC106E
HSG319,PPC905B
AWTXL8-T10,FHLF80A
AWTXL8-T10,PL400B
AWTXL8-T10,SPBS18AR
AWTXL8-T10,SPBS8AR
AWTXL8-T10,ATECH3FR300B
AWTXL8-T10,BLPTHC87
AWTXL8-T10,FX1
AWTXL8-T10,SGDP42IRBR
AWTXL8-T10,TMXK2
AWTXL8-T10,FU8A
AWMCG1602B,SIMM160A
AWMCG1602B,FXK3
AWMCG1602B,SHD1R
AWMCG1602B,SIMM210
AWMCG1602B,SIMM150A
AWMCG1602B,SPBS704AR
AWMCG1602B,SRPCR3800
AWMCG1602B,SGD4BR
AWMCG1602B,SGASA204CR
AWMCG1602B,SRPCR4700
YA389A,PLRK21
YA389A,KACKMCFIBER1
YA389A,PLRK30
YA389A,KAERNADD6RD
YA389A,A277
YA389A,PLRK27
YA389A,MRB12B
YA389A,KCP1422PBO
YA389A,KRA24
YA389A,KWSP2455AST
311IMYA,309SIMYA
311IMYA,310IMMYA
311IMYA,BLPTE3814
311IMYA,SR40K
311IMYA,SIM160A
311IMYA,SIM180A
311IMYA,SIM220
311IMYA,SIM320
311IMYA,SIM300
311IMYA,BLPTE3812
FHR80O,THR72
FHR80O,THL72
FHR80O,SH80A
FHR80O,FHBB12A
FHR80O,SHL80A
FHR80O,FHLX80B
FHR80O,FSS121
FHR80O,FHL80
FHR80O,SHX80B
FHR80O,TM72
207IMFLE,IMSLEPL240
207IMFLE,211EFAMY
207IMFLE,STX60E
207IMFLE,213AFLEY
207IMFLE,XLE605
207IMFLE,210EFTXRY
207IMFLE,OXKRM705
207IMFLE,112SIMTMM
207IMFLE,210IMFSYA
207IMFLE,SIMM290
F221,F201
F221,F281
F221,F181
F221,F141
F221,F241
F221,F261
F221,F121
F221,F081
F221,SGDE220ESD
F221,VO2224B
SGDP63IRBR,SGDP64IRBR
SGDP63IRBR,SGD6BR
SGDP63IRBR,SGDP31IRBR
SGDP63IRBR,SGD2BR
SGDP63IRBR,SGDP42IRBR
SGDP63IRBR,SGD4BR
SGDP63IRBR,SN25A
SGDP63IRBR,206EAU
SGDP63IRBR,STMM5
SGDP63IRBR,LP10WR
SG4ASABR,SG5ASABR
SG4ASABR,SG4ASHBR
SG4ASABR,SG7ASABR
SG4ASABR,PPK15
SG4ASABR,SGDXL80BR
SG4ASABR,OEXS709B
SG4ASABR,PT40B
SG4ASABR,PPB1002A
SG4ASABR,E1020
SG4ASABR,8R
AWTR8-8,91ACP
AWTR8-8,BLPTHC87
AWTR8-8,96ACF
AWTR8-8,SIMM160A
AWTR8-8,ATECH2FR125B
AWTR8-8,SHD1R
AWTR8-8,SIMM210
AWTR8-8,47ACF
AWTR8-8,A2A
AWTR8-8,TMXK2
HBFE103G,SRPCR112
HBFE103G,HBBD16
HBFE103G,PBS704
HBFE103G,650
HBFE103G,PPCSG710
HBFE103G,HBBD56
HBFE103G,SGASA104BR
HBFE103G,SG4ASHBR
HBFE103G,PPC208A
HBFE103G,2050
AWPBX10,AWP45
AWPBX10,120SSDP
AWPBX10,ST50A
AWPBX10,CSSD50R
AWPBX10,BTWSMPK
AWPBX10,MS3000
AWPBX10,415CF
AWPBX10,LIL59000
AWPBX10,XLE605
AWPBX10,PWZ0A
PBN10,FHLF80A
PBN10,TMXK4
PBN10,PBN10
PBN10,PBN15
PBN10,PBN11
PBN10,PBN500
PBN10,SPBS8AR
PBN10,SPBS18AR
PBN10,SPBS704AR
PBN10,SPBS12AR
SHP2KT,SHCP1B
SHP2KT,HCP48BCF
SHP2KT,SGRHT6BR
SHP2KT,SBT26
SHP2KT,SHP10
SHP2KT,SHP7
SHP2KT,HCP10
SHP2KT,SGA174BR
SHP2KT,PHP2A
SHP2KT,YA824C
AW18D,SIMM160A
AW18D,BLPTHC87
AW18D,SPBS12AR
AW18D,FXK3
AW18D,FXK11
AW18D,47ACF
AW18D,ATECH2FR125B
AW18D,SIMM220
AW18D,F80
AW18D,TMXK2
208EFTABMY,206EFABLM
208EFTABMY,210EFTAMY
208EFTABMY,211EFAMY
208EFTABMY,210EFTXRY
208EFTABMY,SGDXL80BR
208EFTABMY,212EFTAY
208EFTABMY,207FHRM
208EFTABMY,SA16E
208EFTABMY,FA12E
208EFTABMY,TMA3.5E
TM10G,TM5
TM10G,VO3032B
TM10G,XS2226A
TM10G,XS1618A
TM10G,XS1214A
TM10G,VO2628B
TM10G,TM84
TM10G,VO1820B
TM10G,XS810A
TM10G,TMC106E
TMM13,TMM9
TMM13,TMM6
TMM13,STMM6
TMM13,TMM14
TMM13,TMM7
TMM13,STMM5.5
TMM13,STMM14
TMM13,STMM11
TMM13,STMM15
TMM13,STMM5
TC15A,TF275A
TC15A,TBS200A
TC15A,R404
TC15A,TF5A
TC15A,YA339A
TC15A,SGD4120BR
TC15A,SGDP162BR
TC15A,SOEX710
TC15A,SOEX26
TC15A,91ACP
EECT900,EECS150
EECT900,CAL6EA
EECT900,RADKITULTRA
EECT900,EECT424HD
EECT900,CAL6DA
EECT900,ACTUVPROKT
EECT900,ACT51234A
EECT900,RTEMP8
EECT900,EECT200
EECT900,ACTR4151A
PBMP12A,PBMP8A
PBMP12A,PBMP16A
PBMP12A,A179A
PBMP12A,LDT40
PBMP12A,L872RM
PBMP12A,HCP48BCF
PBMP12A,SHCP1B
PBMP12A,SGRHT6BR
PBMP12A,1250
PBMP12A,SH80A
A179A,A161B
A179A,A177A
A179A,S9538A
A179A,S9614A
A179A,S6103A
A179A,A159
A179A,14V
A179A,OXIM6B
A179A,PK52A
A179A,144TMPB
F12LB,A3042
F12LB,XO605
F12LB,SGD153BR
F12LB,TWM29
F12LB,BTWSMPK
F12LB,110ETMAY
F12LB,TWM28
F12LB,PPB30AK
F12LB,SSFP2
F12LB,OEXM9B
FXK8,FXK4
FXK8,TMXK110
FXK8,AWL1010DK
FXK8,TMX1
FXK8,FXK6
FXK8,BP8B
FXK8,FXK3
FXK8,SWM111A
FXK8,144TMPB
FXK8,103UFTS
SFSM18,SFSM16
SFSM18,SFSM17
SFSM18,SFSM11
SFSM18,SFSM15
SFSM18,SFSM12
SFSM18,SFSM8
SFSM18,SFSM13
SFSM18,SFSM9
SFSM18,SFSM10
SFSM18,SFSM14
DBT7,AWCGT500
DBT7,AWMXL10
DBT7,AWBS13
DBT7,AWTR8
DBT7,BHM9A
DBT7,91ACP
DBT7,SGASA204CR
DBT7,BLPHL1418
DBT7,BLPHL14316
DBT7,BLPHL14532
TMA3.5E,TMA7E
TMA3.5E,TMA4.5E
TMA3.5E,TMA5E
TMA3.5E,TMA4E
TMA3.5E,XS2226A
TMA3.5E,XS1618A
TMA3.5E,PKN9
TMA3.5E,SGDEP20ESD
TMA3.5E,SGDE215ESD
TMA3.5E,SGDE225ESD
SGDP42IRBG,SGD4BR
SGDP42IRBG,SGDP31IRBR
SGDP42IRBG,SGD2BR
SGDP42IRBG,SGD6BR
SGDP42IRBG,SGD8BR
SGDP42IRBG,SGDP64IRBR
SGDP42IRBG,SGDP63IRBR
SGDP42IRBG,OFW3
SGDP42IRBG,AWS13
SGDP42IRBG,SN25A
AWSGT25A,SPBS704AR
AWSGT25A,TMXK4
AWSGT25A,TMXK2
AWSGT25A,SIMM160A
AWSGT25A,SHD1R
AWSGT25A,SGASA204CR
AWSGT25A,FXK11
AWSGT25A,SGD6BR
AWSGT25A,SGDP42IRBR
AWSGT25A,SRPCR3800
SHDP42IRG,SHD4R
SHDP42IRG,SHDP31IRR
SHDP42IRG,SHD2R
SHDP42IRG,SHD6R
SHDP42IRG,SHDP63IRR
SHDP42IRG,SHD1R
SHDP42IRG,PKN9
SHDP42IRG,SGDE220ESD
SHDP42IRG,SGDE230ESD
SHDP42IRG,BP8B
SWM301,SWM291
SWM301,SWM281
SWM301,SWM271
SWM301,SWM261
SWM301,SWM201
SWM301,SWM241
SWM301,SWM101A
SWM301,TWM31
SWM301,AW1020DK
SWM301,TWM32
SGDMRC4-TM4,SGDMRC4A
SGDMRC4-TM4,PTIM5
SGDMRC4-TM4,S9538A
SGDMRC4-TM4,212EFTAY
SGDMRC4-TM4,120STTM
SGDMRC4-TM4,PPB826A
SGDMRC4-TM4,SOEXM8
SGDMRC4-TM4,SGD153BR
SGDMRC4-TM4,S9704KR
SGDMRC4-TM4,AWS13
F121,F181
F121,F141
F121,F201
F121,F221
F121,F261
F121,F281
F121,F101
F121,F081
F121,XS1618A
F121,TM84
TPM16,EEDM525F
TPM16,EEPV509
TPM16,TPM16EM
TPM16,BB9008
TPM16,TPM16ORG
TPM16,RULER602
TPM16,ECPNG032
TPM16,JT13B
TPM16,FB316B
TPM16,UTK100
313TWMYA,313TSMYA
313TWMYA,313TSYA
313TWMYA,313TWYA
313TWMYA,TWM26
313TWMYA,TW221
313TWMYA,TW141A
313TWMYA,TW181A
313TWMYA,TW281
313TWMYA,TW321
313TWMYA,TW301
KRA4813FPOT,KRA4114FPBO
KRA4813FPOT,KRA4810FPBO
KRA4813FPOT,KRSC430APBO7
KRA4813FPOT,KRA2422PBO
KRA4813FPOT,KRA2407PBO
KRA4813FPOT,KWSN2455ABL
KRA4813FPOT,KRSC326FPBO
KRA4813FPOT,KRA2007FPBO
KRA4813FPOT,KRA2411PBO
KRA4813FPOT,KRA4059FPBO
BCS70A,BTK7A
BCS70A,BTK5
BCS70A,OFW4
BCS70A,112TMMDSY
BCS70A,S6112
BCS70A,S6118A
BCS70A,B1458C
BCS70A,OEXM707B
BCS70A,B1461
BCS70A,OFW3
AWMBS9,AWBS13
AWMBS9,AWTR8
AWMBS9,BHS13A
AWMBS9,BHM9A
AWMBS9,SHDX60R
AWMBS9,PPC204A
AWMBS9,HBBD24
AWMBS9,HBBD16
AWMBS9,SOEX26
AWMBS9,SOEX28
ECPNH012,ECPNH012UV
ECPNH012,GLOVE300BL
ECPNH012,ECFB200BL
ECPNH012,SOSG01BKCL01
ECPNH012,EEJP201MBKA-NA
ECPNH012,TPMB25EM
ECPNH012,LBUK1
ECPNH012,ECHDF042
ECPNH012,GLASS50R
ECPNH012,ECARL032R
CTR817K2,CTB8174
CTR817K2,PTGR110
CTR817K2,MG725A
CTR817K2,DBBPT13
CTR817K2,PTC250
CTR817K2,CTB8187
CTR817K2,PH3050BR
CTR817K2,CT825DB
CTR817K2,PT338
CTR817K2,CTR867AK2
9200AGSO,A2A
9200AGSO,FU8A
9200AGSO,ATECH2FR125B
9200AGSO,FHLF80A
9200AGSO,SPBS18AR
9200AGSO,91ACP
9200AGSO,SGASA204CR
9200AGSO,SIMM210
9200AGSO,SGD2BR
9200AGSO,TMU8B
AWSG10A,SGD6BR
AWSG10A,SPBS704AR
AWSG10A,SRPCR3800
AWSG10A,47ACF
AWSG10A,SIMM180
AWSG10A,SPBS18AR
AWSG10A,SIMM170
AWSG10A,SGDP42IRBR
AWSG10A,FX1
AWSG10A,SGD2BR
IPLM15C,IPLM13C
IPLM15C,IPLM21C
IPLM15C,IPLM19C
IPLM15C,IPLM17C
IPLM15C,IPLM24C
IPLM15C,IPLM16C
IPLM15C,IPLM10C
IPLM15C,IPL34C
IPLM15C,IPL24C
IPLM15C,307IPLY
IPLM18C,IPLM24C
IPLM18C,IPLM15C
IPLM18C,IPLM19C
IPLM18C,IPLM17C
IPLM18C,IPLM13C
IPLM18C,IPLM16C
IPLM18C,IPLM14C
IPLM18C,IPLM22C
IPLM18C,312IPL
IPLM18C,IPL26C
ECUHD218O,EEBC30A12V
ECUHD218O,EECT900
ECUHD218O,EECT424HD
ECUHD218O,ECPNG032
ECUHD218O,EECT400
ECUHD218O,SVTSRAD272U
ECUHD218O,YA4000B
ECUHD218O,JCK7DBL
ECUHD218O,SVTS272A
ECUHD218O,ECARL032R
GM3046,VO1012B
GM3046,VO1820B
GM3046,VO2224B
GM3046,GMB3041
GM3046,GMB3042
GM3046,PALMRAT
GM3046,124STTMM
GM3046,112STMMY
GM3046,112TMMY
GM3046,A2A
ECPRA072GR,ECPRA072
ECPRA072GR,MAGMINI
ECPRA072GR,ECHDF042
ECPRA072GR,ECARL032R
ECPRA072GR,ECFD0102
ECPRA072GR,YA105013
ECPRA072GR,GLOVE1100L
ECPRA072GR,ECSPH271
ECPRA072GR,ECPNH012
ECPRA072GR,ECSPH271O-L
IPSM15,IPSM21
IPSM15,IPSM22
IPSM15,IPLM13C
IPSM15,IPLM21C
IPSM15,IPLM24C
IPSM15,IPLM18C
IPSM15,207IPSFM
IPSM15,307IPLMY
IPSM15,207IPFM
IPSM15,IPDLM13A
MG325G,MG325
MG325G,AT118
MG325G,PH3050BR
MG325G,PTR72
MG325G,MG725A
MG325G,PTR2500
MG325G,PTR2505
MG325G,PT850
MG325G,MG1250
MG325G,PTGR110
PBN1,RBM1719C
PBN1,SOEXM150
PBN1,BLPTS1415
PBN1,PBN5
PBN1,PBN2
PBN1,SGA1710BR
PBN1,PWCS9ACF
PBN1,SGA173BR
PBN1,RBM1213C
PBN1,SOEXM120
LDH462,LDH442
LDH462,LDH402
LDH462,LDH342
LDH462,LDH422A
LDH462,LDH522
LDH462,L122
LDH462,L62
LDH462,SOEX38
LDH462,AWP160
LDH462,SOEX32
PTR72G,PTR72
PTR72G,MG725A
PTR72G,AT2050
PTR72G,PTR2500
PTR72G,PTR2505
PTR72G,MG325
PTR72G,SAG03S20
PTR72G,PDR3000A
PTR72G,PT850
PTR72G,AT118
S80A,SN18B
S80A,SXK5
S80A,SN25A
S80A,TWM20
S80A,TWM22
S80A,SXK11
S80A,TW121A
S80A,TW221
S80A,TW161A
S80A,TW181A
TM04,TM05
TM04,TM408
TM04,XS1012A
TM04,VO2224B
TM04,VO1820B
TM04,XS67A
TM04,VO3032B
TM04,SGDEL10ESD
TM04,TM412
TM04,TM410
FHBB18A,SHBB24
FHBB18A,SHN36
FHBB18A,FHBB12A
FHBB18A,103UFTS
FHBB18A,208AFX
FHBB18A,210EFTXRY
FHBB18A,RBYAM605
FHBB18A,THNF72
FHBB18A,210IMFSYA
FHBB18A,120STTM
FHBB18AO,SHBB24
FHBB18AO,SHN36
FHBB18AO,FHBB12A
FHBB18AO,103UFTS
FHBB18AO,210EFTXRY
FHBB18AO,TECH3FR250
FHBB18AO,SH80A
FHBB18AO,S8
FHBB18AO,FHOF80A
FHBB18AO,210IMFSYA
MAGMATR,ASTFUN19KIT
MAGMATR,MRB5B
MAGMATR,JCK7DBL
MAGMATR,MAGDISH
MAGMATR,MAGMINI
MAGMATR,MAGSTRIP
MAGMATR,MAGMICRO
MAGMATR,MAGTRAY
MAGMATR,EECS150
MAGMATR,LBUK1
AT4101,AT4124
AT4101,YA105013
AT4101,EECT424HD
AT4101,AT4135
AT4101,ACT1290A
AT4101,RULER602
AT4101,ECHDD012AR
AT4101,SVTS272A
AT4101,EECT200
AT4101,ECSPH271
PPC20LB,1512B
PPC20LB,SRP3A
PPC20LB,SW381
PPC20LB,SW401
PPC20LB,PPB1002A
PPC20LB,SW421
PPC20LB,BTC3A
PPC20LB,SGDP64IRBR
PPC20LB,DS806AK
PPC20LB,YA337A
F241,F201
F241,F261
F241,F281
F241,F221
F241,F141
F241,F121
F241,F181
F241,F081
F241,F161
F241,TM84
KRSC4130PJK,KACKFLTCLNR
KRSC4130PJK,KRSC323PBO
KRSC4130PJK,KRA5311FPBO
KRSC4130PJK,KCP2422PBO
KRSC4130PJK,KRSC430APBO1
KRSC4130PJK,KRA4008FPBO
KRSC4130PJK,A277
KRSC4130PJK,KRA4059FPBO
KRSC4130PJK,KRA4107FPBO
KRSC4130PJK,KRA4813FPBO
SGDP31IRBO,SGD4BR
SGDP31IRBO,SGDP42IRBR
SGDP31IRBO,SGD2BR
SGDP31IRBO,SGD6BR
SGDP31IRBO,SGD8BR
SGDP31IRBO,SGDP64IRBR
SGDP31IRBO,SGDP63IRBR
SGDP31IRBO,AC58E
SGDP31IRBO,STMM5
SGDP31IRBO,SN18B
SFSM17,SFSM16
SFSM17,SFSM19
SFSM17,SFSM15
SFSM17,SFSM12
SFSM17,SFSM13
SFSM17,SFSM14
SFSM17,SFSM8
SFSM17,SFSM10
SFSM17,SFSM9
SFSM17,211SFSY
SPBS24AG,AWTEF8K
SPBS24AG,AWMEF6K
SPBS24AG,GCP10
SPBS24AG,PT10C
SPBS24AG,AWEF9K
SPBS24AG,BTC7B
SPBS24AG,212SFMY
SPBS24AG,212FMY
SPBS24AG,A177A
SPBS24AG,FL80
CTCO861K2,CTCO861K2
CTCO861K2,CGG861DB
CTCO861K2,CTINF9010
CTCO861K2,CTRS761ADB
CTCO861K2,CTSG861DB
CTCO861K2,CT825DB
CTCO861K2,PTC250
CTCO861K2,PTGR110
CTCO861K2,CTR867AK2
CTCO861K2,CTB8174
HR-26PKC,GA358B
HR-26PKC,UIM2LT
HR-26PKC,ASGP102BR
HR-26PKC,ASGP1BR
HR-26PKC,ASGP2BR
HR-26PKC,SSFP2
HR-26PKC,UIM325
HR-26PKC,WTG8A
HR-26PKC,GAJ12A
HR-26PKC,AWP160
FM16,SW141A
FM16,SW181A
FM16,FM19
FM16,FM15
FM16,SW221
FM16,FM18
FM16,FM11
FM16,FM17
FM16,FM10
FM16,218AFSP
AWM5D,96ACF
AWM5D,SPBS18AR
AWM5D,FXK11
AWM5D,FU8A
AWM5D,F80
AWM5D,SPBS8AR
AWM5D,SPBS704AR
AWM5D,SGDX80BR
AWM5D,SIMM160A
AWM5D,SHD1R
AWXL13-1/8,SGD4BR
AWXL13-1/8,BLPTHC87
AWXL13-1/8,SGDX80BR
AWXL13-1/8,SIMM150A
AWXL13-1/8,SHD1R
AWXL13-1/8,91ACP
AWXL13-1/8,SPBS8AR
AWXL13-1/8,PPC4A
AWXL13-1/8,SGDP42IRBR
AWXL13-1/8,47ACF
DBT15,SPBS18AR
DBT15,SHD1R
DBT15,SIMM200
DBT15,SGDX80BR
DBT15,T72
DBT15,FXK3
DBT15,F80
DBT15,FX1
DBT15,BLPTHC87
DBT15,SRPCR4700
TW161A,TW221
TW161A,TW281
TW161A,TW141A
TW161A,TW181A
TW161A,TW241
TW161A,TW261
TW161A,TW321
TW161A,TW301
TW161A,313TSYA
TW161A,TWM28
AWBSG14A,SGD6BR
AWBSG14A,SGDP42IRBR
AWBSG14A,FXK6
AWBSG14A,FX1
AWBSG14A,47ACF
AWBSG14A,PPC103A
AWBSG14A,SPBS704AR
AWBSG14A,SIMM220
AWBSG14A,SIMM170
AWBSG14A,FXK3
PPC715BK,AWM110DK
PPC715BK,PPC208A
PPC715BK,PPC204A
PPC715BK,RXS605B
PPC715BK,AWMEF7K
PPC715BK,SWM251
PPC715BK,BP40B
PPC715BK,BLPPB704
PPC715BK,RXFS2836B
PPC715BK,OEXM7B
HBBD24,117TMM
HBBD24,UIM225
HBBD24,LP10WR
HBBD24,TMM4
HBBD24,UPT35
HBBD24,SGT4BR
HBBD24,207EFAMY
HBBD24,S9704KA
HBBD24,TWM27
HBBD24,212FSMY
OEXM240B,OEXM230B
OEXM240B,OEXM250B
OEXM240B,OEXM260B
OEXM240B,OEXM300B
OEXM240B,OEXM290B
OEXM240B,OEXM270B
OEXM240B,OEXM320B
OEXM240B,ACT1370
OEXM240B,VGP104
OEXM240B,SWM101A
OEX42B,OEX44B
OEX42B,OEX38B
OEX42B,OEXM290B
OEX42B,OEXM260B
OEX42B,OEXM300B
OEX42B,OEXM320B
OEX42B,OEXM250B
OEX42B,315AN
OEX42B,SW401
OEX42B,SW221
PBMB5,PBMS5R
PBMB5,PBMB5O
PBMB5,PBMA5R
PBMB5,PBMA5
PBMB5,PBMA5G
PBMB5,PBMMA5R
PBMB5,PBMMS5R
PBMB5,SDDDM1AR
PBMB5,FKF80A
PBMB5,PL1000START
FSS181,FSS141
FSS181,FSS161
FSS181,BF775C-A
FSS181,212FSMSY
FSS181,112TMMSY
FSS181,TMMDS9
FSS181,TMMDS5
FSS181,TMMDS6
FSS181,TMMDS15
FSS181,310SWMYA
YAKS42,MTEE6
YAKS42,YAKS42
YAKS42,EECT200
YAKS42,SODC1
YAKS42,EEDMDVA
YAKS42,YA427B
YAKS42,MTTL700
YAKS42,GLOVE309L
YAKS42,MTTL800
YAKS42,RTEMP8
AWSGT800A,AWBSGM800A
AWSGT800A,AWBSG800A
AWSGT800A,AWSG800A
AWSGT800A,AWSGM800A
AWSGT800A,GF22
AWSGT800A,PTM2
AWSGT800A,FAML6E
AWSGT800A,FHOF80A
AWSGT800A,REX25C
AWSGT800A,SAM19E
IM160A,IM180A
IM160A,IM200
IM160A,IM260
IM160A,IM240
IM160A,IM140A
IM160A,IM300
IM160A,IM280
IM160A,IM320
IM160A,SIM260
IM160A,SIM300
SDMV208,S61112
SDMV208,TR108
SDMV208,TMBS8A
SDMV208,TR117O
SDMV208,BL1B
SDMV208,ADCF8
SDMV208,QDTPMS
SDMV208,BLPEXTF146
SDMV208,BDGPL300HG
SDMV208,F80MP
KRSC326FPWZ,KRA2007FPBO
KRSC326FPWZ,KRSC430APBO1
KRSC326FPWZ,KRA24
KRSC326FPWZ,YA389A
KRSC326FPWZ,KRSC46HPBO
KRSC326FPWZ,KRA2407PBO
KRSC326FPWZ,KRA2411PBO
KRSC326FPWZ,TB20AC
KRSC326FPWZ,KRSC430APBO7
KRSC326FPWZ,MRB12B
SGHBF500A,ST50A
SGHBF500A,BTK7A
SGHBF500A,BHS7A
SGHBF500A,VO806B
SGHBF500A,SS5A
SGHBF500A,B1458C
SGHBF500A,B1467A
SGHBF500A,MS800
SGHBF500A,2005BSKA
SGHBF500A,313SWYA
TECH1FR240,TECH2FR100
TECH1FR240,TECH3FR250
TECH1FR240,BLPXZNM389
TECH1FR240,PWZ4
TECH1FR240,HCP10
TECH1FR240,REX25C
TECH1FR240,210FCOMA
TECH1FR240,TMMD5
TECH1FR240,TMMD9
TECH1FR240,TMMD6
SIMM130A,SIMM120A
SIMM130A,SIMM110A
SIMM130A,IMM120A
SIMM130A,SIMM100A
SIMM130A,SIMM140A
SIMM130A,IMM110A
SIMM130A,IMM100A
SIMM130A,IMM130A
SIMM130A,SIMM230
SIMM130A,AC58E
CSA8CO,PK23A
CSA8CO,PRH57A
CSA8CO,SOEX38
CSA8CO,PKNC150
CSA8CO,317MSPC
CSA8CO,114ATMP
CSA8CO,AWM110DHK
CSA8CO,SOEX707
CSA8CO,207EFAMY
CSA8CO,SRP3A
SGDMRC108AO,WTG10A
SGDMRC108AO,WTG8A
SGDMRC108AO,ST50A
SGDMRC108AO,DPT7A
SGDMRC108AO,OXIM7B
SGDMRC108AO,S6103A
SGDMRC108AO,14V
SGDMRC108AO,A159
SGDMRC108AO,PKRS1
SGDMRC108AO,PK50A
CAL6V,MTEE6
CAL6V,EEDMDVA
CAL6V,YA1050B
CAL6V,GLASS50R
CAL6V,EEPV500
CAL6V,RULER600
CAL6V,EEDM504F
CAL6V,SVTSRAD272U
CAL6V,GA296B
CAL6V,EECT900
EFP2MORBID,RULER602
EFP2MORBID,ECSPH271
EFP2MORBID,EEDM503D
EFP2MORBID,IM1PT
EFP2MORBID,ECPNI032R
EFP2MORBID,SVTS272A
EFP2MORBID,ECPNG032
EFP2MORBID,YA1050B
EFP2MORBID,SVTSRAD272U
EFP2MORBID,EECT900
PL803A,86EP
PL803A,PL330ACF
PL803A,PL344BCF
PL803A,YA4250
PL803A,BDGPL410HG
PL803A,212EFTAY
PL803A,911ACF
PL803A,912AEP
PL803A,UIM2FL
PL803A,WTG10A
SGTT8B,SGTT9B
SGTT8B,SGTT5B
SGTT8B,SGTT1B
SGTT8B,SGTT2B
SGTT8B,SGTT7B
SGTT8B,SGTT3B
SGTT8B,SGTT10B
SGTT8B,SGTT6B
SGTT8B,SGA1714B
SGTT8B,CSSD50R
SOEXM705,SOEXM710
SOEXM705,SOEXM9
SOEXM705,SOEXM8
SOEXM705,SOEX40
SOEXM705,SOEX38
SOEXM705,S3624
SOEXM705,TWM27
SOEXM705,QD3RN350A
SOEXM705,SIMM290
SOEXM705,OFW2
KRA4114FPOT,KRA4107FPBO
KRA4114FPOT,KRA4813FPBO
KRA4114FPOT,KRA2411PBO
KRA4114FPOT,A277
KRA4114FPOT,KRA2406BPBO
KRA4114FPOT,KRSC46HPBO
KRA4114FPOT,PLRK30
KRA4114FPOT,KRSC430APBO7
KRA4114FPOT,YA389A
KRA4114FPOT,KCP1422PBO
KRA4114FPWZ,KRA4107FPBO
KRA4114FPWZ,KRA4813FPBO
KRA4114FPWZ,KACKMCFIBER1
KRA4114FPWZ,KRA2422PBO
KRA4114FPWZ,KRA2406BPBO
KRA4114FPWZ,KRSC326FPBO
KRA4114FPWZ,KAERNADD6RD
KRA4114FPWZ,KWSP2455ABL
KRA4114FPWZ,KASS13
KRA4114FPWZ,PLRK21
EETH311,EETH311
EETH311,EESC340AINSTU
AW050D,SGD2BR
AW050D,47ACF
AW050D,SPBS704AR
AW050D,SIMM180
AW050D,ATECH2FR125B
AW050D,FXK11
AW050D,SPBS18AR
AW050D,SGD4BR
AW050D,SIMM170
AW050D,PPC103A
A98A,A98M
A98A,IMX32B
A98A,PPCSG710
A98A,LSR1580
A98A,BTCP600
A98A,FTX45E
A98A,411CF
A98A,304IMX
A98A,THLF72
A98A,S9706KRA
CT9080K2,CT9080K2
CT9080K2,CTPSK185
CT9080K2,VWB8B
CT9080K2,CTB185
CT9080K2,CTB8187
CT9080K2,CTINF9010
CT9080K2,CTC131A
CT9080K2,CTR867AK2
CT9080K2,CTQ838DB
CT9080K2,CTR862DB
CDR4P32L3K2,CTR867AK2
CDR4P32L3K2,AT109
CDR4P32L3K2,CTR861AK2
CDR4P32L3K2,MG1250
CDR4P32L3K2,PT850
CDR4P32L3K2,CT9080K2
CDR4P32L3K2,DB121C
CDR4P32L3K2,CTB185
CDR4P32L3K2,CT825DB
CDR4P32L3K2,CTQ838DB
TMUS181A,TMUS141A
TMUS181A,AWL1010DK
TMUS181A,DS806AK
TMUS181A,BP8B
TMUS181A,214SFY
TMUS181A,GA98A
TMUS181A,WTG10A
TMUS181A,AD6C
TMUS181A,SF281
TMUS181A,STMD11
KRSC46HPES,KCP2422PBO
KRSC46HPES,KRA2055FPBO
KRSC46HPES,KRA2407PBO
KRSC46HPES,PLRK21
KRSC46HPES,KWSN2455AST
KRSC46HPES,KACKMCFIBER1
KRSC46HPES,KWSP2455ABL
KRSC46HPES,KWSP2455AST
KRSC46HPES,KRSC430APBO7
KRSC46HPES,A277
KRSC46HPWZ,PLRK27
KRSC46HPWZ,KRA2406BPBO
KRSC46HPWZ,KRA4813FPBO
KRSC46HPWZ,KRSC323PBO
KRSC46HPWZ,KASS13
KRSC46HPWZ,KRA2055FPBO
KRSC46HPWZ,SNA-TBP14
KRSC46HPWZ,KWSN2455ABL
KRSC46HPWZ,KRSC430APBO7
KRSC46HPWZ,KRSC343PBO
210IMFSYA,212IMFMSYA
210IMFSYA,110TMSY
210IMFSYA,212SIMFYA
210IMFSYA,211FSSY
210IMFSYA,IPL24C
210IMFSYA,312IMMS
210IMFSYA,112SIMTMM
210IMFSYA,307IPLY
210IMFSYA,IPL20C
210IMFSYA,IPL36C
AD10C,AD6C
AD10C,RBM1011SC
AD10C,AD12C
AD10C,AD8C
AD10C,PPC905B
AD10C,GA243
AD10C,DPT7A
AD10C,E1025
AD10C,WTG10A
AD10C,OEXM9B
CTR861AGK2,CT9080K2
CTR861AGK2,CTR867AK2
CTR861AGK2,CTB185
CTR861AGK2,CTB8174
CTR861AGK2,CT825DB
CTR861AGK2,PSO4625
CTR861AGK2,PTR2500
CTR861AGK2,PTB32K
CTR861AGK2,CTDFL861
CTR861AGK2,PTGR450
305TSKTA,BT11
305TSKTA,S6118A
305TSKTA,BF620C
305TSKTA,BTCP1
305TSKTA,OEXM240B
305TSKTA,LP7WR
305TSKTA,LIL59000
305TSKTA,OEXM80B
305TSKTA,YA9350B
305TSKTA,B1356E
RAF80A,PALMRAT
RAF80A,FK80
RAF80A,F80MP
RAF80A,112RTSMA
RAF80A,112RTMA
RAF80A,FC72
RAF80A,TM72
RAF80A,206EFABLM
RAF80A,UIM2RSLT
RAF80A,TKF72
THL72O,SGD2BR
THL72O,91ACP
THL72O,SGD6BR
THL72O,SGD4BR
THL72O,96ACF
THL72O,SGDX80BR
THL72O,SGDP31IRBR
THL72O,SGD8BR
THL72O,SPBS18AR
THL72O,SIMM170
FXK3,FXK6
FXK3,FXK11
FXK3,FX1
FXK3,FXK4
FXK3,FXK8
FXK3,XS2024A
FXK3,XS1820A
FXK3,XS67A
FXK3,TM84
FXK3,SGDEL10ESD
DBT27,SPBS704AR
DBT27,FXK3
DBT27,47ACF
DBT27,91ACP
DBT27,FU8A
DBT27,TMXK2
DBT27,TMXK4
DBT27,SGDP42IRBR
DBT27,SPBS8AR
DBT27,FXK11
TM84,VO2628B
TM84,VO3032B
TM84,TM65
TM84,TMC104E
TM84,TM5
TM84,TMC106E
TM84,TM62B
TM84,XS2024A
TM84,XS1214A
TM84,VO1820B
SOEX30,SOEX32
SOEX30,SOEX26
SOEX30,SOEX28
SOEX30,SOEX707
SOEX30,PKNC150
SOEX30,SOEX40
SOEX30,414AHD
SOEX30,SOEX710
SOEX30,305SIMMY
SOEX30,SWM251
SOEX38,SOEX40
SOEX38,SOEX36
SOEX38,SOEX704
SOEX38,PKNC150
SOEX38,414AHD
SOEX38,AWP160
SOEX38,SOEX32
SOEX38,UPTM65K
SOEX38,YA4275
SOEX38,LDH362
TMM16,TMM4.5
TMM16,STMM4.5
TMM16,BOERM22
TMM16,SFSM6
TMM16,SFSM21
TMM16,FSM61
TMM16,STMM4
TMM16,STARTERSET5
TMM16,AWP160
TMM16,FF80A
KHP415PCM,KA2422SETPJH
KHP415PCM,PLRK27
KHP415PCM,KWSP2455ABL
KHP415PCM,SNA-TBP14
KHP415PCM,KWSN2455AST
KHP415PCM,YA389A
KHP415PCM,KRSC323PBO
KHP415PCM,KCP2422PBO
KHP415PCM,PLRK30
KHP415PCM,YA450B
TW121A,TW221
TW121A,TW181A
TW121A,TW261
TW121A,TW321
TW121A,TW341
TW121A,TW301
TW121A,TWM29
TW121A,TWM25
TW121A,TW381
TW121A,FRX181
FS181,FS201
FS181,FS121
FS181,222AFSP
FS181,FS161
FS181,FS141
FS181,FS241
FS181,FS221
FS181,SWM101A
FS181,211SFSY
FS181,OEXM8B
FB303B,RULER601
FB303B,ACT83A
FB303B,ACT413A
FB303B,ACT73A
FB303B,JT17A
FB303B,FB316B
FB303B,YA4000B
FB303B,SVTSRAD272U
FB303B,AT4101
FB303B,ECPRA072
GLOVE900XXO,GLOVEORIGPLUSL
GLOVE900XXO,GLASS50R
GLOVE900XXO,YA427B
GLOVE900XXO,GLOVE1100L
GLOVE900XXO,GLOVE505RL
GLOVE900XXO,GLOVE309L
GLOVE900XXO,GLOVE300BL
GLOVE900XXO,JCW62R
GLOVE900XXO,ACT51234A
GLOVE900XXO,GLASS30R
TK72,FK80
TK72,TKF72
TK72,FKF80A
TK72,TX72
TK72,F80MP
TK72,TXM72
TK72,FC72
TK72,TNF72
TK72,112RTMA
TK72,WTG8A
TA52,UTK100
TA52,MTTL800
TA52,FB361A
TA52,RULER602
TA52,ECARL032R
TA52,EECT400
TA52,EEDM596FK
TA52,EEPV509
TA52,ECHDD012A
TA52,RULER600
SGHF616BR,10MA
SGHF616BR,8R
SGHF616BR,AW1015DHK
SGHF616BR,TWM31
SGHF616BR,TWM29
SGHF616BR,YA2020
SGHF616BR,DS806AK
SGHF616BR,RXS605B
SGHF616BR,311IMFSY
SGHF616BR,VO806B
FM14,FM12
FM14,FM17
FM14,FM19
FM14,FM10
FM14,FM11
FM14,FM15
FM14,218AFSP
FM14,10SSD
FM14,PKNC200
FM14,SWM271
FB316B,FB316B
FB316B,ITHE100
FB316B,RULER601
FB316B,FB305A
FB316B,FB361A
FB316B,FB303B
FB316B,FB360C
FB316B,ACT73A
FB316B,TPM16
FB316B,EFPHANNIBALB
AWSG16A,FXK3
AWSG16A,BLPTHC87
AWSG16A,TMU8B
AWSG16A,FU8A
AWSG16A,SGDP31IRBR
AWSG16A,SPBS704AR
AWSG16A,SGD2BR
AWSG16A,SIMM160A
AWSG16A,SPBS12AR
AWSG16A,PPC103A
SIM160A,SIM180A
SIM160A,SIM200
SIM160A,SIM320
SIM160A,SIM260
SIM160A,SIM280
SIM160A,SIM340
SIM160A,SIM400
SIM160A,IM260
SIM160A,IM240
SIM160A,IM300
GAW1910,SGD2BR
GAW1910,GFAT1E
GAW1910,SPBS704AR
GAW1910,SIMM150A
GAW1910,F80
GAW1910,FXK3
GAW1910,91ACP
GAW1910,SGDP42IRBR
GAW1910,SGD8BR
GAW1910,PL400B
IM280,IM320
IM280,IM240
IM280,IM260
IM280,IM300
IM280,IM200
IM280,IM180A
IM280,SIM180A
IM280,SIM380
IM280,IM220
IM280,SIM280
MT302BR,YA4000B
MT302BR,EECT400
MT302BR,EEDM503D
MT302BR,IM1PT
MT302BR,ECPRA072
MT302BR,EEDM525F
MT302BR,FB316B
MT302BR,SVTSRAD272U
MT302BR,AT4101
MT302BR,YAKS42
CT825K2,CTRS761ADB
CT825K2,CTCO861K2
CT825K2,CTR867AK2
CT825K2,CTQ838DB
CT825K2,CTB8174
CT825K2,CTB8187
CT825K2,MG325
CT825K2,CTR861AK2
CT825K2,CTC131A
CT825K2,CT9080K2
GA460B,GA460B
GA460B,JCK7DBL
GA460B,UTK100
GA460B,PGP50
GA460B,OC5A
GA460B,SOSG01BKCL01
GA460B,FB360C
GA460B,GA296B
GA460B,ITHE100
GA460B,MTTL300
KRA4107FPC,KRA4114FPBO
KRA4107FPC,KRA4810FPBO
KRA4107FPC,KAERNADD6RD
KRA4107FPC,KRA4813FPBO
KRA4107FPC,KRA2007FPBO
KRA4107FPC,KRSC326FPBO
KRA4107FPC,PLRK27
KRA4107FPC,KRWT2411
KRA4107FPC,TB40C
KRA4107FPC,KCP2422PBO
KCP2422PBO,TB20AC
KCP2422PBO,KCP2422PBO
KCP2422PBO,YA450B
KCP2422PBO,KRWT2411
KCP2422PBO,KWSN2455ABL
KCP2422PBO,KWSP2455AST
KCP2422PBO,KWSN2455AST
KCP2422PBO,KWSP2455ABL
KCP2422PBO,KRA2422PBO
KCP2422PBO,KCP1422PBO
KCP2422PJJ,SNA-TBP14
KCP2422PJJ,PLRK27
KCP2422PJJ,KCP2422PBO
KCP2422PJJ,KRWT2411
KCP2422PJJ,KWSN2455ABL
KCP2422PJJ,KWSP2455AST
KCP2422PJJ,KWSN2455AST
KCP2422PJJ,KWSP2455ABL
KCP2422PJJ,KRA2422PBO
KCP2422PJJ,KCP1422PBO
ECHDD012AO,ECHDD012A
ECHDD012AO,ECPNJ032
ECHDD012AO,GLOVEORIGPLUSL
ECHDD012AO,ECHDD012AR
ECHDD012AO,LBUK1
ECHDD012AO,GLOVE300BL
ECHDD012AO,ECARL032R
ECHDD012AO,MAGMAT
ECHDD012AO,ECPNI032R
ECHDD012AO,TPGDL2000
QD1R50A,QD2R200A
QD1R50A,QD1R200A
QD1R50A,QD2R1000A
QD1R50A,QD3R150A
QD1R50A,QD2FR75B
QD1R50A,QD3250A
QD1R50A,QD2R100A
QD1R50A,FA12LE
QD1R50A,9100GSM
QD1R50A,FAML6E
AWCG1609B,F80
AWCG1609B,SPBS18AR
AWCG1609B,SIMM170
AWCG1609B,SGD2BR
AWCG1609B,SRPCR3800
AWCG1609B,TMU8B
AWCG1609B,SGD6BR
AWCG1609B,TMXK60
AWCG1609B,FHLF80A
AWCG1609B,SIMM180
PDR5000A,CTR867AK2
PDR5000A,AT109
PDR5000A,CTB8187
PDR5000A,PTR2505
PDR5000A,PTC250
PDR5000A,PTGR450
PDR5000A,PTGR100
PDR5000A,PSO4625
PDR5000A,MG1250
PDR5000A,PTGR110
KRA4059FPC,KACKMCFIBER1
KRA4059FPC,KCP2422PBO
KRA4059FPC,MRB12B
KRA4059FPC,KCP1422PBO
KRA4059FPC,KRA2411PBO
KRA4059FPC,TB40C
KRA4059FPC,KRSC343PBO
KRA4059FPC,SNA-TBP14
KRA4059FPC,A277
KRA4059FPC,KRSC326FPBO
CTQ838DB,CT825DB
CTQ838DB,PT338
CTQ838DB,CTS561BITSET
CTQ838DB,CT9080K2
CTQ838DB,CTB8174
CTQ838DB,CTR862DB
CTQ838DB,PTGR110
CTQ838DB,AT700F
CTQ838DB,CTNN13KF
CTQ838DB,PTGR450
BHS13A,BHM9A
BHS13A,AWMBPH9
BHS13A,SGDEP20ESD
BHS13A,SGDE230ESD
BHS13A,SGDE225ESD
BHS13A,SGDEP200ESD
BHS13A,BLPTE3816
BHS13A,TMU181A
BHS13A,TMU161A
BHS13A,TMU81B
KRA2055FPC,KACKMCFIBER1
KRA2055FPC,KCP2422PBO
KRA2055FPC,KRA2411PBO
KRA2055FPC,KRA2007FPBO
KRA2055FPC,SNA-TBP14
KRA2055FPC,PLRK30
KRA2055FPC,YA389A
KRA2055FPC,YA450B
KRA2055FPC,KRA25D
KRA2055FPC,KACKFLTCLNR
FTXB55E,FTXB50E
FTXB55E,FTXB45E
FTXB55E,FRX181
FTXB55E,TW481
FTXB55E,STX70E
FTXB55E,IMM360
FTXB55E,RC980
FTXB55E,TW381
FTXB55E,UTV617A
FTXB55E,AWM110DK
BOERM704,BOERM712
BOERM704,BOER708
BOERM704,YA4274A
BOERM704,SIMM320
BOERM704,310SIMMYA
BOERM704,IPLM15C
BOERM704,IPLM14C
BOERM704,SIMM360
BOERM704,312IPLM
BOERM704,IPLM11C
BTWROS,BTWOS
BTWROS,BTWS
BTWROS,BLPBTW8
BTWROS,BLPBTWSET
BTWROS,TR107A
BTWROS,SGDMRC11A
BTWROS,SGD4120BR
BTWROS,808CF
BTWROS,411CF
BTWROS,S8
BTWS,BTWROS
BTWS,BTWOS
BTWS,BLPBTW8
BTWS,BLPBTW4
BTWS,SGDMRC11A
BTWS,RBYA605
BTWS,SSFP1
BTWS,F4LBK
BTWS,110TMSY
BTWS,SSF1
CL408A,SGD4120BR
CL408A,TMXK2
CL408A,TMXK4
CL408A,SGDXL80BR
CL408A,SGDP162BR
CL408A,106BTMX
CL408A,TMX1
CL408A,TMXK110
CL408A,F80
CL408A,FXK6
ECSPH271G-L,ECSPH271G-L
ECSPH271G-L,JT13B
ECSPH271G-L,EEBC30A12V
ECSPH271G-L,ECSPH271O-L
ECSPH271G-L,ECPRA072
ECSPH271G-L,ECPNG032
ECSPH271G-L,ECHDF042
ECSPH271G-L,ECHDD012A
ECSPH271G-L,FB360C
ECSPH271G-L,PGP50
429IM,425IMM
429IM,L122
429IM,L62
429IM,L872RJ
429IM,ATECH4RS600
429IM,L872RM
429IM,320SIM
429IM,325SIMM
429IM,IPL22C
429IM,IPL20C
AC58E,BTC7B
AC58E,1512B
AC58E,B3404B
AC58E,OFW3
AC58E,SN25A
AC58E,GA243
AC58E,SR40K
AC58E,TTX40E
AC58E,OEXM6B
AC58E,SWM101A
AVSNP01160,VO2224B
AVSNP01160,107ATMPB
AVSNP01160,AW1013DK
AVSNP01160,ATKBFL
AVSNP01160,YA337A
AVSNP01160,S6106KA
AVSNP01160,BP12B
AVSNP01160,HSG319
AVSNP01160,PPSG105
AVSNP01160,TM10G
BLPHSM145,BLPHSM145
BLPHSM145,BLPH126
BLPHSM145,BLPH14732
BLPHSM145,BLPHSM146
BLPHSM145,BLPHSM148
BLPHSM145,BLPHSM1410
BLPHSM145,BLPHL3810
BLPHSM145,BLPTS1420
BLPHSM145,BLPHL388
BLPHSM145,BLPTS1410
BLPSM149,FLF80A
BLPSM149,TMM14
BLPSM149,TMM15
BLPSM149,BLPSM146
BLPSM149,BLPSM1411
BLPSM149,BLPSM144
BLPSM149,BLPSM145
BLPSM149,BLPSM147
BLPSM149,BLPSM1413
BLPSM149,BLPSM1412
BLPTE148,BLPTE144
BLPTE148,BLPTE1218
BLPTE148,BLPTE1220
BLPTE148,BLPTE1222
BLPTE148,BLPTE1224
BLPTE148,BLPTE3810
BLPTE148,BLPT1255
BLPTE148,BLPT1420
BLPTE148,BLPTE3814
BLPTE148,SRPCR105
BLPTHC87,BLPXZNM389
BLPTHC87,TMM4
BLPTHC87,317AMMPC
BLPTHC87,OFW2
BLPTHC87,309SIMYA
BLPTHC87,SIMM300
BLPTHC87,SFSM18
BLPTHC87,SFSM12
BLPTHC87,UIM225
BLPTHC87,SFSM11
BLPTL1430,BLPTL1425
BLPTL1430,BLPTL1420
BLPTL1430,BLPTL1415
BLPTL1430,BLPTL1427
BLPTL1430,BLPTL1410
BLPTL1430,BLPTL146
BLPTL1430,BLPTL148
BLPTL1430,BLPTL3850
BLPTL1430,BLPTL147
BLPTL1430,BLPHL145
BLPH123,BLPH123
BLPH123,BLPH386
BLPH123,BLPH387
BLPH123,BLPH124
BLPH123,BLPH125
BLPH123,BLPHSM146
BLPH123,BLPHSM148
BLPH123,BLPH389
BLPH123,BLPH126
BLPH123,BLPH38732
BLPH14532,BLPT1427
BLPH14532,BLPH14532
BLPH14532,BLPT147
BLPH14532,BLPH14964
BLPH14532,BLPH14732
BLPH14532,BLPH1418
BLPH14532,BLPH1414
BLPH14532,BLPH14316
BLPH14532,BLPH3838
BLPH14532,BLPH386
TESLASTUKIT,PPC103A
TESLASTUKIT,SIMM150A
TESLASTUKIT,SGDP31IRBR
TESLASTUKIT,91ACP
TESLASTUKIT,SRPCR4700
TESLASTUKIT,ATECH3FR300B
TESLASTUKIT,SIMM200
TESLASTUKIT,SIMM160A
TESLASTUKIT,SIMM220
TESLASTUKIT,SGDP42IRBR
LSR1450,LSR1000EXT
LSR1450,208EFTAMXSY
LSR1450,AWCGT500
LSR1450,UTS105A
LSR1450,BOERM18
LSR1450,TWM27
LSR1450,SGDTX50BR
LSR1450,BLPXZNM389
LSR1450,OEXM270B
LSR1450,SEPIMMSIMMA
OFC74762-15,BLPH388
OFC74762-15,BLPH124
OFC74762-15,BLPH125
OFC74762-15,BLPH3814
OFC74762-15,BLPH38732
OFC74762-15,BLPH3838
OFC74762-15,BLPHM1212
OFC74762-15,BLPH389
OFC74762-15,BLPH387
OFC74762-15,BLPH1217
PL344BCF,PL344BCFND
PL344BCF,PL803A
PL344BCF,AWP45
PL344BCF,SGA102BR
PL344BCF,SGA1714B
PL344BCF,SGA1713B
PL344BCF,LN46ACF
PL344BCF,BDGPL300HG
PL344BCF,312CF
PL344BCF,FK80
PHP1A,PHP3A
PHP1A,PHP2A
PHP1A,HCP10
PHP1A,SGA1714B
PHP1A,HCP48BCF
PHP1A,SGA1713B
PHP1A,SHCP1B
PHP1A,SRP3B
PHP1A,EXD35A
PHP1A,86EP
PBMMS5,PBMMB5
PBMMS5,PBMMA5
PBMMS5,PBMMB5R
PBMMS5,PBMMS5R
PBMMS5,PBMMA5R
PBMMS5,PBMMS5O
PBMMS5,PBMMA5G
PBMMS5,PBMA5
PBMMS5,PBMMA5O
PBMMS5,PBMMS5G
RBM1011SC,RBM1213C
RBM1011SC,RBM1415C
RBM1011SC,RBM78SC
RBM1011SC,AD10C
RBM1011SC,GA294
RBM1011SC,LP6LN
RBM1011SC,SGDX40BR
RBM1011SC,PWCS9ACF
RBM1011SC,96ACF
RBM1011SC,LN47ACF
RBYA605,RBYAM605
RBYA605,BLPBTW4
RBYA605,BTWSMPK
RBYA605,PWC52A
RBYA605,AWEFBH11K
RBYA605,UIM2LT
RBYA605,TM62B
RBYA605,S4
RBYA605,912AEP
RBYA605,UIM2RSLT
R1618SC,R1214SC
R1618SC,R2022C
R1618SC,SRP3A
R1618SC,DS806AK
R1618SC,R404
R1618SC,TWM25
R1618SC,SW381
R1618SC,SW421
R1618SC,206AFSA
R1618SC,PPC20LB
EEJP201MBKA-NA,JCW80AR
EEJP201MBKA-NA,EEJP201MBKA-NA
EEJP201MBKA-NA,RTEMPB7
EEJP201MBKA-NA,EEBM600
EEJP201MBKA-NA,EECS150
EEJP201MBKA-NA,EECR5A
EEJP201MBKA-NA,EEBC30A12V
EEJP201MBKA-NA,ECSPH271
EEJP201MBKA-NA,GLOVE300BL
EEJP201MBKA-NA,EEDM503D
KA2422SETPJH,PLRK30
KA2422SETPJH,YA438B
KA2422SETPJH,KRSC326FPBO
KA2422SETPJH,KCP2422PBO
KA2422SETPJH,KRSC430APBO7
KA2422SETPJH,KRA24
KA2422SETPJH,KAERNADD6RD
KA2422SETPJH,KCP1422PBO
KA2422SETPJH,KRA2007FPBO
KA2422SETPJH,KRA2055FPBO
QC3ALC,PTR72
QC3ALC,PH3050BR
QC3ALC,DB121C
QC3ALC,PT850
QC3ALC,CTC772A
QC3ALC,PTGR110
QC3ALC,CTDFL861
QC3ALC,PDR5000A
QC3ALC,CTQ838DB
QC3ALC,MG325
KACKCLEANER,KACKCAREKIT
KACKCLEANER,TB40C
KACKCLEANER,KRSC46HPBO
KACKCLEANER,KRA6200FPBO
KACKCLEANER,KWSN2455AST
KACKCLEANER,KCP2422PBO
KACKCLEANER,KRSC326FPBO
KACKCLEANER,KASS13
KACKCLEANER,KCP1422PBO
KACKCLEANER,KRSC430APBO1
KRSC2460BBS1,KRA6200FPBO
KRSC2460BBS1,KCP1422PBO
KRSC2460BBS1,KRSC326FPBO
KRSC2460BBS1,KAERNADD6RD
KRSC2460BBS1,PLRK27
KRSC2460BBS1,KRA2422PBO
KRSC2460BBS1,KWSP2455AST
KRSC2460BBS1,MRB12B
KRSC2460BBS1,KRSC430APBO1
KRSC2460BBS1,SNA-TBP14
2-07039A01,2-07039A01
2-07039A01,EETH311
VGP12406,VGP12418
VGP12406,VGP12412
VGP12406,VGP12509
VGP12406,VGP12808
VGP12406,VGP22412
VGP12406,YA109C
VGP12406,A159
VGP12406,PKRS1
VGP12406,LP7R
VGP12406,BP16B
YA2019,YA2020
YA2019,ST50A
YA2019,SDMT20D
YA2019,PPB1002A
YA2019,OXI707BK
YA2019,AD12C
YA2019,S6106KA
YA2019,SDMT25D
YA2019,SGHBF500A
YA2019,SSFP1
SDDDM1AR,SGDX40BR
SDDDM1AR,BLPEXTF146
SDDDM1AR,BLPBTWSET
SDDDM1AR,SSFP2
SDDDM1AR,86EP
SDDDM1AR,PBMS5R
SDDDM1AR,SSF1
SDDDM1AR,GA294
SDDDM1AR,LP6LN
SDDDM1AR,EPC160
YA438B,YA450B
YA438B,KRA2055FPBO
YA438B,TB20AC
YA438B,YA389A
YA438B,KRWT2411
YA438B,KRA2007FPBO
YA438B,KRSC46HPBO
YA438B,KRA2422PBO
YA438B,KRA4810FPBO
YA438B,KWSP2455ABL
TPM16ORG,ECHDD012A
TPM16ORG,TPM16ORG
TPM16ORG,TPMB25ORG
TPM16ORG,TPM16EM
TPM16ORG,TPM16
TPM16ORG,UTK100
TPM16ORG,TPMB25EMGRN
TPM16ORG,FB316B
TPM16ORG,UTK150
TPM16ORG,FB336
KRSC2460PC1,KACKMCFIBER1
KRSC2460PC1,KRSC46HPBO
KRSC2460PC1,KRA24
KRSC2460PC1,KRA2411PBO
KRSC2460PC1,KWSP2455ABL
KRSC2460PC1,KRSC430APBO7
KRSC2460PC1,KRA2007FPBO
KRSC2460PC1,KWSP2455AST
KRSC2460PC1,KRA4810FPBO
KRSC2460PC1,KRA4813FPBO
BTK7A,BCS70A
BTK7A,LDT40
BTK7A,A3042
BTK7A,BCT1050
BTK7A,BP8B
BTK7A,TA360
BTK7A,222AFSMP
BTK7A,OEXM7B
BTK7A,SGDTX50BR
BTK7A,210AFLEY
IPDLM13A,IPSM21
IPDLM13A,IPLM21C
IPDLM13A,IPLM18C
IPDLM13A,IPLM19C
IPDLM13A,IPLM24C
IPDLM13A,IPLM17C
IPDLM13A,IPLM14C
IPDLM13A,IPLM13C
IPDLM13A,106IPTMMA
IPDLM13A,207IPSFM
IPDLM18A,IPSM21
IPDLM18A,IPLM18C
IPDLM18A,IPLM24C
IPDLM18A,IPLM17C
IPDLM18A,IPLM14C
IPDLM18A,IPLM13C
IPDLM18A,106IPTMMA
IPDLM18A,207IPSFM
IPDLM18A,TLLF72
IPDLM18A,PL330ACF
LN46ACF,LN47ACF
LN46ACF,46ACF
LN46ACF,HL138ACP
LN46ACF,AWP45
LN46ACF,612AEP
LN46ACF,FCF72
LN46ACF,490CF
LN46ACF,FH80MP
LN46ACF,FK80
LN46ACF,411CF
AWBCG1610,AWBCG1612
AWBCG1610,AWBCG1608
AWBCG1610,SIMM190
AWBCG1610,F80
AWBCG1610,PPC4A
AWBCG1610,96ACF
AWBCG1610,FX1
AWBCG1610,SGD4BR
AWBCG1610,TMXK4
AWBCG1610,47ACF
SG4ASHBR,SG4ASABR
SG4ASHBR,SG7ASABR
SG4ASHBR,SGD4120BR
SG4ASHBR,SGHBF500A
SG4ASHBR,PL803A
SG4ASHBR,PPCD70BK
SG4ASHBR,FHBB12A
SG4ASHBR,LP404
SG4ASHBR,OEXLM710B
SG4ASHBR,208AFX
SIMM140A,SIMM120A
SIMM140A,SIMM110A
SIMM140A,SIMM100A
SIMM140A,IMM120A
SIMM140A,IMM100A
SIMM140A,IMM110A
SIMM140A,IMM130A
SIMM140A,SIMM160A
SIMM140A,SIMM150A
SIMM140A,SIM160A
CTB8187,CTB8187
CTB8187,CTSG861DB
CTB8187,CTC772A
CTB8187,CTB185
CTB8187,CTC131A
CTB8187,CTINF9010
CTB8187,CTB8174
CTB8187,CT9080K2
CTB8187,VWB8B
CTB8187,CT825DB
AWM6D,SIMM240
AWM6D,SIMM180
AWM6D,SPBS8AR
AWM6D,T72
AWM6D,SIMM170
AWM6D,ATECH2FR125B
AWM6D,TMU8B
AWM6D,SIMM200
AWM6D,FXK3
AWM6D,PL400B
GLOVE309L,GLOVEORIGPLUSL
GLOVE309L,GLOVE300BL
GLOVE309L,YA427B
GLOVE309L,GLOVE900LR
GLOVE309L,GLASS50R
GLOVE309L,GLASS30R
GLOVE309L,GLOVE503CLA
GLOVE309L,GLOVE1100L
GLOVE309L,EFPHANNIBALB
GLOVE309L,EECR5A
TPGDL2000GRN,TDG2
TPGDL2000GRN,CAL6EBR
TPGDL2000GRN,TDG1
TPGDL2000GRN,ACT73A
TPGDL2000GRN,EECS150
TPGDL2000GRN,ECSPH271
TPGDL2000GRN,EEDM504F
TPGDL2000GRN,FB316B
TPGDL2000GRN,EEDM525F
TPGDL2000GRN,EECT200
F141,F181
F141,F121
F141,F201
F141,F221
F141,F261
F141,F281
F141,F241
F141,F101
F141,F081
F141,XS1012A
FADH12C,FADH8C
FADH12C,FADH6C
FADH12C,FADH10C
FADH12C,PRH57A
FADH12C,S9704KA
FADH12C,AWM110DHK
FADH12C,AC5C
FADH12C,2004BSKA
FADH12C,207EFAMY
FADH12C,117TMM
TMA7E,TMA5E
TMA7E,TMA6E
TMA7E,XS2226A
TMA7E,XS1012A
TMA7E,SGDE220ESD
TMA7E,PKN9
TMA7E,SGDEP20ESD
TMA7E,TM84
TMA7E,VO1416B
TMA7E,VO1012B
313SYA,313SMYA
313SYA,313SWYA
313SYA,SW421
313SYA,218AFSP
313SYA,PKNC200
313SYA,TWM26
313SYA,1210B
313SYA,TWM25
313SYA,206AFSA
313SYA,SW361
ATECHFSET01R,PL1000START
ATECHFSET01R,786CF
ATECHFSET01R,IM120A
ATECHFSET01R,IM320
ATECHFSET01R,IM200
ATECHFSET01R,IM260
ATECHFSET01R,IM240
ATECHFSET01R,317AMMPC
ATECHFSET01R,411CF
ATECHFSET01R,SOEX710
S6110A,B1467A
S6110A,S8184
S6110A,B1461
S6110A,S6118A
S6110A,AC5C
S6110A,OEXM9B
S6110A,2005BSKA
S6110A,FTX60E
S6110A,SIMM340
S6110A,B260A
ACT1297,FB336
ACT1297,ACT1297
ACT1297,ECPRA072
ACT1297,ACTUVPROKT
ACT1297,ACT9103
ACT1297,ACTR4151A
ACT1297,ACT51234A
ACT1297,ACT2105
ACT1297,SVTS272A
ACT1297,ACT925
STMM12,TMM14
STMM12,STMM6
STMM12,STMM7
STMM12,STMM13
STMM12,TMM13
STMM12,STMM8
STMM12,TMM6
STMM12,TMM9
STMM12,TMM7
STMM12,222AFSP
KRA4810FPBO,KRA4107FPBO
KRA4810FPBO,KRA4813FPBO
KRA4810FPBO,KAERNADD6RD
KRA4810FPBO,TB20AC
KRA4810FPBO,KRA2411PBO
KRA4810FPBO,PLRK21
KRA4810FPBO,KRA2007FPBO
KRA4810FPBO,KRA6200FPBO
KRA4810FPBO,KACKMCFIBER1
KRA4810FPBO,KACKFLTCLNR
ECPNG032,ECPNG032
ECPNG032,EECT900
ECPNG032,MTTL800
ECPNG032,ECUHD218
ECPNG032,GLOVE1100L
ECPNG032,GLOVE309L
ECPNG032,TPMB25EM
ECPNG032,RULER602
ECPNG032,FB316B
ECPNG032,EEBC30A12V
PPC206A,PPC205A
PPC206A,PPC203A
PPC206A,PPC210A
PPC206A,PPC204A
PPC206A,PPC820B
PPC206A,PPC208A
PPC206A,PPC103A
PPC206A,PPC816B
PPC206A,UPTM65K
PPC206A,OFW2
CT9175DB,CTB8174
CT9175DB,PTGR100
CT9175DB,PH3050BR
CT9175DB,PTB32K
CT9175DB,DB129C
CT9175DB,PT338
CT9175DB,CTC772A
CT9175DB,SAG03S20
CT9175DB,CTR861AK2
CT9175DB,MG725A
PPC4A,PPC204A
PPC4A,PPC820B
PPC4A,PPC816B
PPC4A,PPC203A
PPC4A,PPC208A
PPC4A,PPC205A
PPC4A,XS2024A
PPC4A,PPC206A
PPC4A,TM84
PPC4A,VO2224B
CT861MDB,PTB32K
CT861MDB,CTS561BITSET
CT861MDB,CTB185
CT861MDB,CTR861AK2
CT861MDB,MG725A
CT861MDB,PTR2500
CT861MDB,CTC131A
CT861MDB,PTR72
CT861MDB,CTQ838DB
CT861MDB,PT850
TMA6E,TMA5E
TMA6E,TMA8E
TMA6E,XS2024A
TMA6E,TMA4E
TMA6E,XS1012A
TMA6E,SGDE230ESD
TMA6E,VO2628B
TMA6E,VO2224B
TMA6E,SGDE215ESD
TMA6E,VO1012B
KRA2406BPCM,KACKMCFIBER1
KRA2406BPCM,KRSC326FPBO
KRA2406BPCM,KRA6200FPBO
KRA2406BPCM,TB20AC
KRA2406BPCM,PLRK27
KRA2406BPCM,KRSC430APBO7
KRA2406BPCM,KRA4813FPBO
KRA2406BPCM,KWSP2455ABL
KRA2406BPCM,KA2422SETPJJ
KRA2406BPCM,KWSN2455AST
SVTA9100,SVTA9100
SVTA9100,ACT925
SVTA9100,CAL6EBR
SVTA9100,RADKITULTRA
SVTA9100,SVTS264
SVTA9100,SVTS272A
SVTA9100,SVTSRAD272U
SVTA9100,FB307RNB
SVTA9100,ACT51234A
SVTA9100,TA54
FHOF80AG,FHBF80A
FHOF80AG,FH80MP
FHOF80AG,FZ80
FHOF80AG,PALMRAT
FHOF80AG,THRLX72
FHOF80AG,SHN36
FHOF80AG,PKNC300
FHOF80AG,THR72
FHOF80AG,FK80
FHOF80AG,TRX72
MAGDISHOR,MAGMAT
MAGDISHOR,MAGTRAY
MAGDISHOR,MAGMICRO
MAGDISHOR,MAGMINI
MAGDISHOR,MAGSTRIP
MAGDISHOR,CLRPW75
MAGDISHOR,MRB5B
MAGDISHOR,GLOVEORIGPLUSL
MAGDISHOR,ECPNI032R
MAGDISHOR,AT4101
SHL80AG,FHL80
SHL80AG,THL72
SHL80AG,THLL72
SHL80AG,SH80A
SHL80AG,SHLL80A
SHL80AG,AWMG9
SHL80AG,OEXM90B
SHL80AG,FHR80
SHL80AG,SIM360
SHL80AG,OEX714KB
VWB1C,CTR867AK2
VWB1C,CTB185
VWB1C,CTR861AK2
VWB1C,CTNN13KF
VWB1C,CT825DB
VWB1C,DBTB121
VWB1C,DBBPT13
VWB1C,PTGR110
VWB1C,PH3050BR
VWB1C,CTB8174
SGDP42IRBO,SGD4BR
SGDP42IRBO,SGDP31IRBR
SGDP42IRBO,SGD2BR
SGDP42IRBO,SGD6BR
SGDP42IRBO,SGD8BR
SGDP42IRBO,SGDP64IRBR
SGDP42IRBO,SGDP63IRBR
SGDP42IRBO,TMM4
SGDP42IRBO,206EAU
SGDP42IRBO,STMM5
HCP10,BLPXZNM389
HCP10,PHP2A
HCP10,PHP3A
HCP10,PHP1A
HCP10,BDGPL300HG
HCP10,SGRHT2BR
HCP10,SHP2KT
HCP10,SHCP1B
HCP10,HCP48BCF
HCP10,111TMUSMA
CTGR8850ADB,CTB8187
CTGR8850ADB,CTC772A
CTGR8850ADB,PTR2505
CTGR8850ADB,CT9080K2
CTGR8850ADB,PH3050BR
CTGR8850ADB,PTGR100
CTGR8850ADB,PTC250
CTGR8850ADB,CTQ838DB
CTGR8850ADB,DB121C
CTGR8850ADB,CTR867AK2
TM412,TM408
TM412,TM410
TM412,TM5
TM412,XS1416A
TM412,XS2226A
TM412,TM84
TM412,VO1012B
TM412,VO1416B
TM412,XS810A
TM412,TM65
KRA4813FPC,KRA4114FPBO
KRA4813FPC,KRA4810FPBO
KRA4813FPC,PLRK30
KRA4813FPC,KRSC46HPBO
KRA4813FPC,KRA2407PBO
KRA4813FPC,KA2422SETPJH
KRA4813FPC,KCP2422PBO
KRA4813FPC,KRA2411PBO
KRA4813FPC,KRA4059FPBO
KRA4813FPC,A277
BHS7A,222AFSP
BHS7A,B1461
BHS7A,209EFTXBY
BHS7A,FTXB45E
BHS7A,BP32B
BHS7A,F10LD
BHS7A,BHM9A
BHS7A,QD2FR75B
BHS7A,FS221
BHS7A,FS241
AWSGT15A,91ACP
AWSGT15A,SPBS12AR
AWSGT15A,SPBS8AR
AWSGT15A,ATECH3FR300B
AWSGT15A,F80
AWSGT15A,GFAT1E
AWSGT15A,SGD6BR
AWSGT15A,SPBS704AR
AWSGT15A,SGASA204CR
AWSGT15A,SGDX80BR
209EFTXBY,HD6529
209EFTXBY,206EFABL
209EFTXBY,STX70E
209EFTXBY,KAC1224TCA
209EFTXBY,FAML6E
209EFTXBY,FRX181
209EFTXBY,BHS7A
209EFTXBY,UTV617A
209EFTXBY,TW401
209EFTXBY,FABLM5E
KRA2422PC,KRSC430APBO7
KRA2422PC,KACKCAREKIT
KRA2422PC,KRA2422PBO
KRA2422PC,KWSN2455AST
KRA2422PC,KRWT2411
KRA2422PC,KWSP2455ABL
KRA2422PC,KWSN2455ABL
KRA2422PC,KWSP2455AST
KRA2422PC,KCP1422PBO
KRA2422PC,KRA2411PBO
TX72,SX80B
TX72,SLX80A
TX72,TXM72
TX72,TNF72
TX72,TK72
TX72,TLLF72
TX72,TM72
TX72,F80MP
TX72,313TSMYA
TX72,SGDMRC108A
TWM29,TWM28
TWM29,TWM25
TWM29,TWM30
TWM29,TWM32
TWM29,TW441
TWM29,1210B
TWM29,206AFSA
TWM29,206FSUMA
TWM29,SWM291
TWM29,BP24B
AWS13-9,47ACF
AWS13-9,PL400B
AWS13-9,SIMM240
AWS13-9,FXK3
AWS13-9,TMU8B
AWS13-9,FXK11
AWS13-9,SIMM210
AWS13-9,SIMM220
AWS13-9,SGD8BR
AWS13-9,SIMM170
AWMXL10-10,SPBS12AR
AWMXL10-10,SGASA204CR
AWMXL10-10,GFAT1E
AWMXL10-10,ATECH2FR125B
AWMXL10-10,TMXK2
AWMXL10-10,SPBS704AR
AWMXL10-10,FHLF80A
AWMXL10-10,FXK11
AWMXL10-10,SIMM200
AWMXL10-10,SIMM220
208ES10MMY,SFSM10
208ES10MMY,BLPH1219
208ES10MMY,210EFTAMY
208ES10MMY,BLPHM1212
208ES10MMY,BLPTS1420
208ES10MMY,BLPH1217
208ES10MMY,BLPTS1410
208ES10MMY,BLPTS1425
208ES10MMY,BLPTS1430
208ES10MMY,FAM8E
224SFFSM,SEPPROCORE2A
224SFFSM,BF775C-A
224SFFSM,PK52A
224SFFSM,A159
224SFFSM,212EFTAY
224SFFSM,112TMMDSY
224SFFSM,SOEXM9
224SFFSM,AWS13
224SFFSM,PPB826A
224SFFSM,S9704KR
AWTEF11K,AWXL13
AWTEF11K,AWCG1600B
AWTEF11K,BHS13A
AWTEF11K,BHM9A
AWTEF11K,SGASA204CR
AWTEF11K,AWTEFBH11K
AWTEF11K,AWEFBH11K
AWTEF11K,AWMEFBH10K
AWTEF11K,AWBMXL9
AWTEF11K,AWBXL13
GAW1906,PL400B
GAW1906,SHD1R
GAW1906,SGDP42IRBR
GAW1906,SGDP31IRBR
GAW1906,FXK6
GAW1906,SRPCR3800
GAW1906,SIMM150A
GAW1906,ATECH2FR125B
GAW1906,TMXK2
GAW1906,47ACF
GAW1920,SIMM220
GAW1920,T72
GAW1920,47ACF
GAW1920,SIMM200
GAW1920,SPBS18AR
GAW1920,FXK6
GAW1920,TMU8B
GAW1920,FHLF80A
GAW1920,ATECH3FR300B
GAW1920,GFAT1E
SGDE215ESD,SGDEP200ESD
SGDE215ESD,SGDE220ESD
SGDE215ESD,SGDE225ESD
SGDE215ESD,SGDE230ESD
SGDE215ESD,SGDEP20ESD
SGDE215ESD,SGDEP21ESD
SGDE215ESD,PKN9
SGDE215ESD,TMU181A
SGDE215ESD,TMU121A
SGDE215ESD,TMA6E
PPSG105,PPSG103
PPSG105,PPSG106
PPSG105,PPSG203
PPSG105,PCSG820
PPSG105,PCSG816
PPSG105,PCSG812
PPSG105,PPSG4
PPSG105,BTWSMPK
PPSG105,S281
PPSG105,UIM225
SN15B,BOERM17
SN15B,STMM4
SN15B,AWMBPH9
SN15B,OXIM6B
SN15B,TWM25
SN15B,OFW3
SN15B,OFW2
SN15B,BP24B
SN15B,OEXM6B
SN15B,SFSM20
GLOVE400XL,SOSG01BKCL01
GLOVE400XL,GLOVE900LR
GLOVE400XL,GLOVE1100L
GLOVE400XL,GLOVE300BL
GLOVE400XL,GLOVEORIGPLUSL
GLOVE400XL,UTK100
GLOVE400XL,EEPV500
GLOVE400XL,ECSPH271
GLOVE400XL,ECARL032R
GLOVE400XL,SVTSRAD272U
GLOVE400XXL,SOSG01BKCL01
GLOVE400XXL,GLOVE900LR
GLOVE400XXL,GLOVE1100L
GLOVE400XXL,GLOVE300BL
GLOVE400XXL,GLOVEORIGPLUSL
GLOVE400XXL,EEDM596FK
GLOVE400XXL,JT13B
GLOVE400XXL,FB336
GLOVE400XXL,GLASS50R
GLOVE400XXL,YA1050B
STMD8,STMD10
STMD8,STMD14
STMD8,STMD16
STMD8,STMD6
STMD8,STMD12
STMD8,STMD7
STMD8,STMD11
STMD8,XS1820A
STMD8,XS1214A
STMD8,SGDE230ESD
FHBB12AO,SHBB24
FHBB12AO,FHBB18A
FHBB12AO,FTX60E
FHBB12AO,AF102
FHBB12AO,210AFLEY
FHBB12AO,BT11
FHBB12AO,FM11
FHBB12AO,FM19
FHBB12AO,FM15
FHBB12AO,FM12
PKN12,SPBS8AR
PKN12,FX1
PKN12,TMXK2
PKN12,SGD4BR
PKN12,SIMM180
PKN12,TMXK4
PKN12,SIMM160A
PKN12,BLPTHC87
PKN12,FXK11
PKN12,SGD6BR
VO1820B,VO1012B
VO1820B,VO2224B
VO1820B,VO1416B
VO1820B,VO3032B
VO1820B,XS1820A
VO1820B,XS1416A
VO1820B,XS1618A
VO1820B,XS1214A
VO1820B,TM84
VO1820B,XS810A
DBH7B,CTNN13KF
DBH7B,CTB8174
DBH7B,PTGR450
DBH7B,AT109
DBH7B,DBTB121
DBH7B,MG725A
DBH7B,PT850
DBH7B,PDR5000A
DBH7B,CTS561BITSET
DBH7B,AT700F
JCK7DBL,GLASS50R
JCK7DBL,GLOVE1100L
JCK7DBL,SOSG01BKCL01
JCK7DBL,JCK8
JCK7DBL,OC5A
JCK7DBL,FB303B
JCK7DBL,ACT73A
JCK7DBL,GA460B
JCK7DBL,ITHE100
JCK7DBL,YA4000B
MAGTRAY,MAGTRAY
MAGTRAY,ECARL032R
MAGTRAY,GLOVE1100L
MAGTRAY,MAGMICRO
MAGTRAY,MAGMINI
MAGTRAY,MAGSTRIP
MAGTRAY,MAGMAT
MAGTRAY,MAGDISH
MAGTRAY,JCW80AR
MAGTRAY,JCK7DBL
TMUS161A,TMUS141A
TMUS161A,FA12LE
TMUS161A,FAML6E
TMUS161A,SA16E
TMUS161A,FRX181
TMUS161A,HD6529
TMUS161A,SAM19E
TMUS161A,KAC1224TCA
TMUS161A,AWL1010DK
TMUS161A,RC980
SFSM15,SFSM16
SFSM15,SFSM17
SFSM15,SFSM18
SFSM15,SFSM13
SFSM15,SFSM11
SFSM15,SFSM8
SFSM15,SFSM10
SFSM15,SFSM9
SFSM15,STMM6
SFSM15,STMM14
AT700F,CTS561BITSET
AT700F,CTC131A
AT700F,CTR867AK2
AT700F,AT5500
AT700F,AT109
AT700F,AT2050
AT700F,PDR3000A
AT700F,PTR2500
AT700F,AT475A
AT700F,PSO4625
MAGSTRIP,ECPNJ032
MAGSTRIP,AT4101
MAGSTRIP,ECPNI032R
MAGSTRIP,MAGMICRO
MAGSTRIP,MAGMINI
MAGSTRIP,MAGTRAY
MAGSTRIP,MAGMAT
MAGSTRIP,MAGDISH
MAGSTRIP,SVTS264
MAGSTRIP,JCK7DBL
PPC710BK,PKNC150
PPC710BK,AWM110DHK
PPC710BK,317AMMPC
PPC710BK,206EAU
PPC710BK,AWMG9
PPC710BK,AC5C
PPC710BK,PRH57A
PPC710BK,2004BSKA
PPC710BK,317MSPC
PPC710BK,OEXM6B
SHLF80AO,THLF72
SHLF80AO,FHLLF80
SHLF80AO,FHBF80A
SHLF80AO,SHLL80A
SHLF80AO,325SIMM
SHLF80AO,SHL80A
SHLF80AO,208AFX
SHLF80AO,213AFLEY
SHLF80AO,FKF80A
SHLF80AO,207IPSFM
THL72,FHL80
THL72,SHL80A
THL72,THLL72
THL72,SH80A
THL72,FHR80
THL72,AWMBPH9
THL72,SN15B
THL72,FTX60E
THL72,AF102
THL72,PT28E
S6111,S6112
S6111,S8184
S6111,S6110A
S6111,BTG9
S6111,TR108
S6111,A106
S6111,A127
S6111,A177A
S6111,S3624
S6111,LSR1000EXT
SF281,SF261
SF281,SF201
SF281,F261
SF281,SF181
SF281,F181
SF281,F241
SF281,F201
SF281,F141
SF281,F081
SF281,SF101
210RAFMA,112RTMA
210RAFMA,112RTSMA
210RAFMA,SSDMRT8A
210RAFMA,F80MP
210RAFMA,SX24
210RAFMA,AWSGT800A
210RAFMA,206EFABL
210RAFMA,FK80
210RAFMA,SR80A
210RAFMA,HCP48BCF
212SIMFYA,212IMFMSYA
212SIMFYA,311IMYA
212SIMFYA,313SIMA
212SIMFYA,320SIM
212SIMFYA,BLPTE3816
212SIMFYA,2420A
212SIMFYA,AW1020DK
212SIMFYA,OXIM6B
212SIMFYA,IM120A
212SIMFYA,IM220
312IPLM,312IPL
312IPLM,106IPTMMA
312IPLM,IPLM22C
312IPLM,325SIMM
312IPLM,IPL32C
312IPLM,IPL34C
312IPLM,IPL22C
312IPLM,IPL20C
312IPLM,IPL28C
312IPLM,TDM99117C
OEXM250B,OEXM290B
OEXM250B,OEXM300B
OEXM250B,OEXM320B
OEXM250B,OEXM230B
OEXM250B,OEXM270B
OEXM250B,OEXM240B
OEXM250B,OEX38B
OEXM250B,TW461
OEXM250B,SWM291
OEXM250B,BLPH386
OEXM260B,OEXM290B
OEXM260B,OEXM250B
OEXM260B,OEXM300B
OEXM260B,OEXM320B
OEXM260B,OEXM230B
OEXM260B,OEXM240B
OEXM260B,OEX42B
OEXM260B,OEX38B
OEXM260B,OEXM90B
OEXM260B,SWM271
PTR2505G,PT850
PTR2505G,PTR2500
PTR2505G,PDR5000A
PTR2505G,PTR2505
PTR2505G,PTR72
PTR2505G,PDR3000A
PTR2505G,MG325
PTR2505G,PT338
PTR2505G,PTGR110
PTR2505G,PH3050BR
SFSM13,SFSM16
SFSM13,SFSM17
SFSM13,SFSM14
SFSM13,SFSM19
SFSM13,SFSM11
SFSM13,SFSM8
SFSM13,SFSM18
SFSM13,SFSM12
SFSM13,SFSM10
SFSM13,UIM225
SG5ASABR,SG4ASABR
SG5ASABR,XS1214A
SG5ASABR,XS1416A
SG5ASABR,XS2226A
SG5ASABR,SG4ASHBR
SG5ASABR,SGDE220ESD
SG5ASABR,XS67A
SG5ASABR,VO2628B
SG5ASABR,SGDE225ESD
SG5ASABR,VO1820B
SWM191,SWM151A
SWM191,SWM181
SWM191,SWM221
SWM191,SWM201
SWM191,SWM211
SWM191,SWM251
SWM191,AWEF6K
SWM191,SWM261
SWM191,SWM271
SWM191,10SSD
YA381ABL,KACKMCFIBER1
YA381ABL,A277
YA381ABL,KCP2422PBO
YA381ABL,KRSC430APBO1
YA381ABL,KRSC326FPBO
YA381ABL,KWSN2455ABL
YA381ABL,KRSC343PBO
YA381ABL,KRA24
YA381ABL,KWSN2455AST
YA381ABL,KRA2007FPBO
CTR868K2,CTNN13KF
CTR868K2,MG1250
CTR868K2,PT338
CTR868K2,CTDFL861
CTR868K2,CTB8187
CTR868K2,PSO4625
CTR868K2,DB129C
CTR868K2,AT109
CTR868K2,PTGR110
CTR868K2,AT5500
PTGR210AG,PT338
PTGR210AG,CT825DB
PTGR210AG,CTR861AK2
PTGR210AG,CTINF9010
PTGR210AG,MG725A
PTGR210AG,PH3050BR
PTGR210AG,DBBPT13
PTGR210AG,CTB8174
PTGR210AG,PSO4625
PTGR210AG,PDR3000A
CJ2001P,YA9350B
CJ2001P,TF528D
CJ2001P,MSK10
CJ2001P,MSKM10
CJ2001P,PWZ4
CJ2001P,S9614A
CJ2001P,S9538A
CJ2001P,209TFSMYA
CJ2001P,E1020
CJ2001P,IPL24C
AWMG9-8,SHD1R
AWMG9-8,SIMM190
AWMG9-8,SPBS12AR
AWMG9-8,F80
AWMG9-8,SGDP42IRBR
AWMG9-8,47ACF
AWMG9-8,SIMM180
AWMG9-8,SRPCR3800
AWMG9-8,96ACF
AWMG9-8,SIMM200
AWTXL8,AWBXL13
AWTXL8,AWMXL10
AWTXL8,AWBS13
AWTXL8,AWXL13
AWTXL8,BHS13A
AWTXL8,AWS13
AWTXL8,29ACF
AWTXL8,PWCS9ACF
AWTXL8,SOEX710
AWTXL8,STMM10
AWXL13,AWMXL10
AWXL13,AWTXL8
AWXL13,DBHS13
AWXL13,HBPT24
AWXL13,HBBD8
AWXL13,110STMDY
AWXL13,STMD6
AWXL13,STMD12
AWXL13,TMD12
AWXL13,F241
AWXL13-3/8,SIMM210
AWXL13-3/8,SIMM180
AWXL13-3/8,SHD1R
AWXL13-3/8,FU8A
AWXL13-3/8,PPC4A
AWXL13-3/8,91ACP
AWXL13-3/8,FXK11
AWXL13-3/8,A2A
AWXL13-3/8,FXK3
AWXL13-3/8,SPBS8AR
IPL30C,IPL24C
IPL30C,IPL36C
IPL30C,IPL38C
IPL30C,IPL40C
IPL30C,IPL18C
IPL30C,IPL26C
IPL30C,IPL32C
IPL30C,BPPC1878
IPL30C,IPLM10C
IPL30C,IPLM24C
KRA4008FPJK,KRSC430APBO7
KRA4008FPJK,KRA2407PBO
KRA4008FPJK,KRSC430APBO1
KRA4008FPJK,KRSC343PBO
KRA4008FPJK,TB20AC
KRA4008FPJK,KRSC326FPBO
KRA4008FPJK,KASS13
KRA4008FPJK,KAERNADD6RD
KRA4008FPJK,KRWT2411
KRA4008FPJK,YA389A
AW10D,AW4D
AW10D,AW6D
AW10D,AC5C
AW10D,BTC3A
AW10D,OEX11B
AW10D,HBFE16
AW10D,FF80A
AW10D,TW381
AW10D,OEXM90B
AW10D,BP12B
CTR827DB,PTGR110
CTR827DB,CTR861AK2
CTR827DB,CT825DB
CTR827DB,PTB32K
CTR827DB,PTR2500
CTR827DB,CTB8174
CTR827DB,PH3050BR
CTR827DB,DBBPT13
CTR827DB,AT5500
CTR827DB,AT700F
AW1013DK,GA98A
AW1013DK,8HR
AW1013DK,10R
AW1013DK,AWL1010DK
AW1013DK,30SSD
AW1013DK,AVSNP01160
AW1013DK,YA337A
AW1013DK,BP12B
AW1013DK,S6106KA
AW1013DK,209FUMY
CTPOL9050DB,AT700F
CTPOL9050DB,PTR2505
CTPOL9050DB,PH3050BR
CTPOL9050DB,CTR862DB
CTPOL9050DB,PTGR110
CTPOL9050DB,AT5500
CTPOL9050DB,CTNN13KF
CTPOL9050DB,DB121C
CTPOL9050DB,CTC131A
CTPOL9050DB,CT9080K2
CTR861AK2,CT9080K2
CTR861AK2,CTR867AK2
CTR861AK2,CTB185
CTR861AK2,CTB8174
CTR861AK2,CT825DB
CTR861AK2,PSO4625
CTR861AK2,PH1050
CTR861AK2,DB129C
CTR861AK2,CTC772A
CTR861AK2,MG725A
305SIMMY,OFW2
305SIMMY,310TWMYA
305SIMMY,312SIMM
305SIMMY,SOEX40
305SIMMY,L872RM
305SIMMY,AWP160
305SIMMY,SOEX30
305SIMMY,S6103A
305SIMMY,211SFSY
305SIMMY,SIM340
307RIPLMS,LDTJT538
307RIPLMS,LDTJT512
307RIPLMS,BLPTHC87
307RIPLMS,SIMM190
307RIPLMS,FXK6
307RIPLMS,SPBS12AR
307RIPLMS,TMXK4
307RIPLMS,SGDP31IRBR
307RIPLMS,SRPCR4700
307RIPLMS,TMXK2
KRA6200FPJK,YA438B
KRA6200FPJK,KACKMCFIBER1
KRA6200FPJK,KRA4059FPBO
KRA6200FPJK,KRSC46HPBO
KRA6200FPJK,KRA2411PBO
KRA6200FPJK,KAERNADD6RD
KRA6200FPJK,KRA2422PBO
KRA6200FPJK,KRSC430APBO1
KRA6200FPJK,KRSC430APBO7
KRA6200FPJK,KWSN2455AST
THLL72,SHLL80A
THLL72,FHLL80
THLL72,THL72
THLL72,103TMXKLA
THLL72,SHL80A
THLL72,FHL80
THLL72,THLLF72
THLL72,THLX72
THLL72,FHBB12A
THLL72,THNF72
TR107A,VGP104
TR107A,BP8B
TR107A,PK500A
TR107A,8HR
TR107A,OEXM230B
TR107A,B1356E
TR107A,YA337A
TR107A,TWM26
TR107A,HBPT24
TR107A,BHS13A
DBT10,SIMM220
DBT10,96ACF
DBT10,SPBS12AR
DBT10,A2A
DBT10,FU8A
DBT10,PL400B
DBT10,T72
DBT10,FHLF80A
DBT10,TMU8B
DBT10,SRPCR3800
TMM4,STMM4
TMM4,TMM4.5
TMM4,STMM4.5
TMM4,AWCGT500
TMM4,TMM9
TMM4,TMM11
TMM4,TMM14
TMM4,TMM5.5
TMM4,STMM14
TMM4,STMM12
FS161,FS181
FS161,FS121
FS161,FS241
FS161,FS201
FS161,FS141
FS161,FS221
FS161,BHS7A
FS161,PKNC200
FS161,SWM101A
FS161,F10LD
GLOVE900LR,SOSG01BKCL01
GLOVE900LR,ECPNG032
GLOVE900LR,JCW62R
GLOVE900LR,GLOVE1100L
GLOVE900LR,GLOVE505RL
GLOVE900LR,GLOVE309L
GLOVE900LR,GLOVE300BL
GLOVE900LR,GLOVEORIGPLUSL
GLOVE900LR,GLASS50R
GLOVE900LR,YA427B
GLOVE900MB,GLOVE1100L
GLOVE900MB,GLOVE505RL
GLOVE900MB,GLOVE309L
GLOVE900MB,GLOVE300BL
GLOVE900MB,GLOVEORIGPLUSL
GLOVE900MB,GLASS50R
GLOVE900MB,SOSG01BKCL01
GLOVE900MB,JCK7DBL
GLOVE900MB,ECPNG032
GLOVE900MB,JCK8
SIMM160A,SIMM240
SIMM160A,SIMM230
SIMM160A,SIMM110A
SIMM160A,SIMM120A
SIMM160A,SIMM140A
SIMM160A,SIMM100A
SIMM160A,SIMM150A
SIMM160A,SIMM180
SIMM160A,SIM320
SIMM160A,SIM340
315AN,IPL34C
315AN,IPL36C
315AN,IPL38C
315AN,OEX42B
315AN,PPC5A
315AN,OEX714KB
315AN,SOEXM705
315AN,SRPCR4700
315AN,SRPCR3800
315AN,LDH562
PPCS60BK,GAJ12A
PPCS60BK,HSPD16
PPCS60BK,PPCL60BK
PPCS60BK,TTX40E
PPCS60BK,TTX30E
PPCS60BK,BP40B
PPCS60BK,313TSYA
PPCS60BK,120STTM
PPCS60BK,B1461
PPCS60BK,144TMPB
TWM18,TWM17
TWM18,TWM19
TWM18,TWM21
TWM18,TWM22
TWM18,TW281
TWM18,TWM24
TWM18,TWM23
TWM18,TWM20
TWM18,TWM29
TWM18,SN18B
131A,B3404B
131A,B1461
131A,BST103R
131A,S6118A
131A,S6110A
131A,TTX40E
131A,208CCP
131A,OEXM9B
131A,TTX27E
131A,S9704KR
SDM252C,SDM251C
SDM252C,SDMT25D
SDM252C,SDMT20D
SDM252C,SDMT10D
SDM252C,UIM2LT
SDM252C,114ATMP
SDM252C,SSDMR4BR
SDM252C,SGDMRC4-TM4
SDM252C,SGDMRC11A
SDM252C,TMU8B
SOEXM120,SOEXM120
SOEXM120,BOERM10
SOEXM120,SN15B
SOEXM120,SOEXM170
SOEXM120,SOEXM140
SOEXM120,SOEXM150
SOEXM120,SOEXM100
SOEXM120,SOEXM130
SOEXM120,GSAF1F
SOEXM120,96ACF
PBMS5R,PBMB5R
PBMS5R,PBMB5O
PBMS5R,PBMA5R
PBMS5R,PBMA5
PBMS5R,PBMA5G
PBMS5R,PBMMA5R
PBMS5R,PBMA5O
PBMS5R,PBMMA5
PBMS5R,PBMMB5R
PBMS5R,PBMMS5G
786CF,411CF
786CF,10R
786CF,ST50A
786CF,BF620C
786CF,TMU181A
786CF,YA900
786CF,YA337A
786CF,OXI707BK
786CF,91ACP
786CF,DS809K
AWBXL13,AWBXL13
AWBXL13,AWMBPH9
AWBXL13,BHS13A
AWBXL13,AWBMXL9
AWBXL13,AWTXL8
AWBXL13,BHM9A
AWBXL13,FHLF80A
AWBXL13,AWBPH13
AWBXL13,AWMXL10
AWBXL13,AWBS13
GLOVE505RXL,SOSG01BKCL01
GLOVE505RXL,GLOVE900LR
GLOVE505RXL,GLOVE1100L
GLOVE505RXL,GLOVE300BL
GLOVE505RXL,GLOVEORIGPLUSL
GLOVE505RXL,ECPNI032R
GLOVE505RXL,EEDM504F
GLOVE505RXL,EECT200
GLOVE505RXL,YA4000B
GLOVE505RXL,GLASS50R
GLOVE505RXX,SOSG01BKCL01
GLOVE505RXX,GLOVE900LR
GLOVE505RXX,GLOVE1100L
GLOVE505RXX,GLOVE300BL
GLOVE505RXX,GLOVEORIGPLUSL
GLOVE505RXX,GA296B
GLOVE505RXX,MAGMAT
GLOVE505RXX,RULER601
GLOVE505RXX,IM1PT
GLOVE505RXX,ECPRA072
KRA4107FPCM,KRA4114FPBO
KRA4107FPCM,KRA4810FPBO
KRA4107FPCM,KAERNADD6RD
KRA4107FPCM,KASS13
KRA4107FPCM,KCP1422PBO
KRA4107FPCM,KRBC100ABN
KRA4107FPCM,KWSP2455AST
KRA4107FPCM,KRSC46HPBO
KRA4107FPCM,KRA2055FPBO
KRA4107FPCM,KRSC343PBO
KCP2422PU,KRA2407PBO
KCP2422PU,TB20AC
KCP2422PU,KCP2422PBO
KCP2422PU,KRWT2411
KCP2422PU,KWSN2455ABL
KCP2422PU,KWSP2455AST
KCP2422PU,KWSN2455AST
KCP2422PU,KWSP2455ABL
KCP2422PU,KRA2422PBO
KCP2422PU,KCP1422PBO
ECHDD012AG,ECHDD012A
ECHDD012AG,ECPNJ032
ECHDD012AG,GLOVEORIGPLUSL
ECHDD012AG,ECHDD012AR
ECHDD012AG,LBUK1
ECHDD012AG,GLOVE300BL
ECHDD012AG,ECARL032R
ECHDD012AG,MAGMAT
ECHDD012AG,ECPNI032R
ECHDD012AG,TPGDL2000
B1467A,S6110A
B1467A,S8184
B1467A,S6112
B1467A,B1458C
B1467A,B1356E
B1467A,BCT1050
B1467A,TA360
B1467A,OFW3
B1467A,BTCW800
B1467A,222AFSMP
SSDMRT8A,BLPBTW6
SSDMRT8A,BTWOS
SSDMRT8A,BLPBTW4
SSDMRT8A,210RAFSMA
SSDMRT8A,F4LBK
SSDMRT8A,SGDMRCE44
SSDMRT8A,SGDMRC11A
SSDMRT8A,BLPBTW8
SSDMRT8A,103TMXKLA
SSDMRT8A,SDMT10D
AWSGM10A,SGD4BR
AWSGM10A,SIMM180
AWSGM10A,SPBS18AR
AWSGM10A,TMXK2
AWSGM10A,FXK3
AWSGM10A,FX1
AWSGM10A,SGDP31IRBR
AWSGM10A,SGDX80BR
AWSGM10A,SGD6BR
AWSGM10A,TMXK60
AWBSGM2A,SGD4BR
AWBSGM2A,ATECH2FR125B
AWBSGM2A,PL400B
AWBSGM2A,FX1
AWBSGM2A,F80
AWBSGM2A,SGASA204CR
AWBSGM2A,SGDP42IRBR
AWBSGM2A,SPBS704AR
AWBSGM2A,SIMM180
AWBSGM2A,FU8A
KRA6210FPBO,KRA2411PBO
KRA6210FPBO,MRB12B
KRA6210FPBO,KCP2422PBO
KRA6210FPBO,KA2422SETPJJ
KRA6210FPBO,SNA-TBP14
KRA6210FPBO,KACKMCFIBER1
KRA6210FPBO,KRSC46HPBO
KRA6210FPBO,KRSC326FPBO
KRA6210FPBO,A277
KRA6210FPBO,KRSC430APBO7
KRSC343PBO,KAERNADD6RD
KRSC343PBO,KCP1422PBO
KRSC343PBO,KACKMCFIBER1
KRSC343PBO,KRA4114FPBO
KRSC343PBO,KRA2422PBO
KRSC343PBO,TB20AC
KRSC343PBO,KRA2407PBO
KRSC343PBO,YA389A
KRSC343PBO,KRSC326FPBO
KRSC343PBO,KRSC323PBO
JCW80AO,ECHDG052
JCW80AO,YA105013
JCW80AO,MAGDISH
JCW80AO,JCW62R
JCW80AO,VAC201
JCW80AO,ASTFUN19KIT
JCW80AO,MAGTRAY
JCW80AO,MRB10B
JCW80AO,EEJP201MBKA-NA
JCW80AO,TIF160
EECS150,EECT424HD
EECS150,EEPV503
EECS150,EECS150
EECS150,EEJP201MBKA-NA
EECS150,EEBM600
EECS150,ACT925
EECS150,YA832A
EECS150,MTEE6
EECS150,RTEMPB7
EECS150,EEDMDVA
CTRS761ADB,CTRS761ADB
CTRS761ADB,CTR861AK2
CTRS761ADB,PH3050BR
CTRS761ADB,CTCO861K2
CTRS761ADB,CGG861DB
CTRS761ADB,CT825DB
CTRS761ADB,CTB8174
CTRS761ADB,CTSG861DB
CTRS761ADB,CTNN13KF
CTRS761ADB,PTC250
AWL20D,SPBS12AR
AWL20D,SIMM160A
AWL20D,SGDP42IRBR
AWL20D,SGD2BR
AWL20D,SGDP31IRBR
AWL20D,SHD1R
AWL20D,TMXK2
AWL20D,F80
AWL20D,FU8A
AWL20D,PL400B
MS8A,SRPCR4700
MS8A,SGD6BR
MS8A,SGDP31IRBR
MS8A,FXK3
MS8A,FHLF80A
MS8A,SIMM160A
MS8A,GFAT1E
MS8A,ATECH3FR300B
MS8A,SPBS704AR
MS8A,SGD8BR
BOERM18,BOERM21
BOERM18,AWCGT500
BOERM18,LSR1450
BOERM18,QD3RN350A
BOERM18,SGDTX50BR
BOERM18,204IMXA
BOERM18,PL330ACF
BOERM18,BOERM19
BOERM18,UTS105A
BOERM18,207IPFM
BOERM8,BOERM9
BOERM8,BOERM12
BOERM8,BOERM10
BOERM8,BOERM19
BOERM8,OEXM260B
BOERM8,SOXRR707A
BOERM8,OEXM713B
BOERM8,SOXRRM710A
BOERM8,TMM15
BOERM8,FS161
BTWOS,BTWROS
BTWOS,BTWS
BTWOS,BLPBTW8
BTWOS,SSDMRT8A
BTWOS,BLPBTW6
BTWOS,GMB3042
BTWOS,PWC48
BTWOS,SDM400A
BTWOS,TR72
BTWOS,SGDMRC108A
ATKIFL,91ACP
ATKIFL,SRPCR4700
ATKIFL,SRPCR3800
ATKIFL,PPC103A
ATKIFL,SGD6BR
ATKIFL,ATECH2FR125B
ATKIFL,96ACF
ATKIFL,SGDP31IRBR
ATKIFL,SIMM200
ATKIFL,SGD2BR
BLPSM146,FHR80
BLPSM146,BLPSM144
BLPSM146,FLF80A
BLPSM146,BLPSM149
BLPSM146,BLPSM145
BLPSM146,BLPSM1411
BLPSM146,BLPSM147
BLPSM146,BLPSM1413
BLPSM146,BLPSM1412
BLPSM146,BLPSM148
BLPT1415,BLPT1410
BLPT1415,BLPT1420
BLPT1415,BLPT148
BLPT1415,BLPT149
BLPT1415,BLPT147
BLPT1415,BLPT3850
BLPT1415,BLPT1430
BLPT1415,BLPT1255
BLPT1415,BLPTL1427
BLPT1415,BLPTE3812
BLPT1420,BLPT1427
BLPT1420,BLPT1415
BLPT1420,BLPT1425
BLPT1420,BLPT1410
BLPT1420,BLPT148
BLPT1420,BLPT146
BLPT1420,BLPT3845
BLPT1420,BLPT1430
BLPT1420,BLPT3840
BLPT1420,BLPT3850
BLPTE146,BLPTE144
BLPTE146,BLPTE145
BLPTE146,BLPTE148
BLPTE146,BLPTE1218
BLPTE146,BLPTE1222
BLPTE146,BLPTE1224
BLPTE146,BLPTE1220
BLPTE146,BLPT148
BLPTE146,BLPT1420
BLPTE146,BLPT1430
BLPTE3812,BLPTE3816
BLPTE3812,OXIM6B
BLPTE3812,BLPTE1218
BLPTE3812,BLPTE1220
BLPTE3812,310IMMYA
BLPTE3812,310SIMMYA
BLPTE3812,VS807B
BLPTE3812,BLPTE147
BLPTE3812,BLPT148
BLPTE3812,BLPT1420
BLPTL1425,BLPTL1420
BLPTL1425,BLPTL1415
BLPTL1425,BLPTL1410
BLPTL1425,BLPTL1430
BLPTL1425,BLPTL148
BLPTL1425,BLPTL3845
BLPTL1425,BLPTL3850
BLPTL1425,BLPTL1255
BLPTL1425,BLPT1415
BLPTL1425,TMMS10
BLPTS1420,BLPTS1420
BLPTS1420,SGASA204CR
BLPTS1420,SRPCR3800
BLPTS1420,BLPTS1415
BLPTS1420,BLPTS1425
BLPTS1420,BLPTS1410
BLPTS1420,BLPTS1430
BLPTS1420,BLPHSM146
BLPTS1420,BLPHSM1410
BLPTS1420,BLPHSM145
BLPTS1450,SPBS8AR
BLPTS1450,SGD2BR
BLPTS1450,SGDP42IRBR
BLPTS1450,A2A
BLPTS1450,SGASA204CR
BLPTS1450,FXK3
BLPTS1450,SIMM190
BLPTS1450,SHD1R
BLPTS1450,SRPCR4700
BLPTS1450,TMXK4
BLPH125,BLPH124
BLPH125,BLPH126
BLPH125,BLPH389
BLPH125,BLPH123
BLPH125,BLPH386
BLPH125,BLPH387
BLPH125,BLPT3840
BLPH125,BLPH38516
BLPH125,BLPH1414
BLPH125,BLPH3810
BLPHL144,BLPHL144
BLPHL144,BLPH1414
BLPHL144,BLPH14316
BLPHL144,BLPHL145
BLPHL144,BLPHL146
BLPHL144,BLPT1420
BLPHL144,BLPT1430
BLPHL144,BLPH14964
BLPHL144,BLPHL3810
BLPHL144,BLPH14732
BLPHL14532,BLPHL1418
BLPHL14532,BLPHL14316
BLPHL14532,BLPT1430
BLPHL14532,SIMM160A
BLPHL14532,PPC4A
BLPHL14532,SPBS12AR
BLPHL14532,SRPCR4700
BLPHL14532,SGDX80BR
BLPHL14532,SIMM210
BLPHL14532,PL400B
BLPHL146,BLPHL146
BLPHL146,GCP10
BLPHL146,PT10C
BLPHL146,BLPHL145
BLPHL146,BLPHL144
BLPHL146,BLPHSM148
BLPHL146,BLPHL3810
BLPHL146,BLPHL388
BLPHL146,AWMEF6K
BLPHL146,AWEF9K
BLPHL3810,BLPHL3810
BLPHL3810,BLPH3838
BLPHL3810,BLPH124
BLPHL3810,BLPHL387
BLPHL3810,BLPHL388
BLPHL3810,BLPH3810
BLPHL3810,BLPH389
BLPHL3810,BLPH387
BLPHL3810,BLPH38732
BLPHL3810,BLPH388
GMASEPA,SPBS8AR
GMASEPA,A2A
GMASEPA,GFAT1E
GMASEPA,47ACF
GMASEPA,SHD1R
GMASEPA,T72
GMASEPA,SGDP42IRBR
GMASEPA,F80
GMASEPA,91ACP
GMASEPA,SIMM170
SEPIMFMSIMFMA,SEPIMMSIMMA
SEPIMFMSIMFMA,YA4050B
SEPIMFMSIMFMA,FADH12C
SEPIMFMSIMFMA,207EFAMY
SEPIMFMSIMFMA,IMM140A
SEPIMFMSIMFMA,SLX80A
SEPIMFMSIMFMA,IMM160A
SEPIMFMSIMFMA,IMM170A
SEPIMFMSIMFMA,SIMM150A
SEPIMFMSIMFMA,SIMM180
SEPPROCORE2A,SEPPROCORE1A
SEPPROCORE2A,PTIM5
SEPPROCORE2A,212EFTAY
SEPPROCORE2A,120STTM
SEPPROCORE2A,SOEXM9
SEPPROCORE2A,AWS13
SEPPROCORE2A,211EFAMY
SEPPROCORE2A,S9704KR
SEPPROCORE2A,SGDMRC4-TM4
SEPPROCORE2A,FADH12C
SEPPROK12PWZA,FX1
SEPPROK12PWZA,SGDP31IRBR
SEPPROK12PWZA,SIMM150A
SEPPROK12PWZA,TMXK60
SEPPROK12PWZA,SIMM160A
SEPPROK12PWZA,BLPTHC87
SEPPROK12PWZA,SPBS704AR
SEPPROK12PWZA,PL400B
SEPPROK12PWZA,SGD6BR
SEPPROK12PWZA,47ACF
TFM7530B,TF1124B
TFM7530B,TF1127B
TFM7530B,TWM32
TFM7530B,TWM30
TFM7530B,OEXSM710B
TFM7530B,207EFAMY
TFM7530B,312IMM
TFM7530B,FABLM5E
TFM7530B,117TMM
TFM7530B,LP10WR
LSR2000,SWM111A
LSR2000,SIMM340
LSR2000,SWM101A
LSR2000,OFW3
LSR2000,OEXM9B
LSR2000,PKNC125C2
LSR2000,TMM16
LSR2000,SIMM320
LSR2000,131TMPB
LSR2000,AC58E
OFWHD3KT,OFW4KT
OFWHD3KT,A91F
OFWHD3KT,YA4275
OFWHD3KT,BT518
OFWHD3KT,BT4651
OFWHD3KT,BTC8A
OFWHD3KT,PHP2A
OFWHD3KT,AF102
OFWHD3KT,SGA102BR
OFWHD3KT,SGA1713B
PBMA5G,SX2
PBMA5G,SPBS704AR
PBMA5G,SPBS8AR
PBMA5G,PBMA5O
PBMA5G,PBMMA5G
PBMA5G,PBMMA5O
PBMA5G,PBMMB5G
PBMA5G,PBMA5R
PBMA5G,PBMA5
PBMA5G,PBMS5R
PKNG90,AWMEF7K
PKNG90,FA12E
PKNG90,FTX60E
PKNG90,OFW3
PKNG90,210AFLEY
PKNG90,PPB816A
PKNG90,TR107A
PKNG90,BTG9
PKNG90,313TSMYA
PKNG90,TMM4
PT40B,GA294
PT40B,UPT2FL
PT40B,GA265A
PT40B,GA295
PT40B,UIM2FL
PT40B,AWM110DK
PT40B,PPK15
PT40B,RXS605B
PT40B,BP40B
PT40B,FTXB50E
PWC27,PWC48
PWC27,29ACF
PWC27,UIM2FL
PWC27,AWS13
PWC27,110ETMAY
PWC27,TMA7E
PWC27,TMA4E
PWC27,TMA3.5E
PWC27,SOEX30
PWC27,86ACF
RBM1011C,RBM1011C
RBM1011C,SGASA104BR
RBM1011C,SG7ASABR
RBM1011C,RBM1213C
RBM1011C,RBM1618C
RBM1011C,RBM1415C
RBM1011C,RBM1719C
RBM1011C,RBM910C
RBM1011C,RBM78SC
RBM1011C,RBM810C
R1618C,SG5ASABR
R1618C,TM10G
R1618C,TMUS181A
R1618C,R2022C
R1618C,R2830C
R1618C,R2426C
R1618C,R2428C
R1618C,R1214C
R1618C,R1011C
R1618C,R1012C
KACKSPDWAXX,KRSC323PBO
KACKSPDWAXX,TB20AC
KACKSPDWAXX,YA438B
KACKSPDWAXX,KASS13
KACKSPDWAXX,KAERNADD6RD
KACKSPDWAXX,KRA25D
KACKSPDWAXX,KCP2422PBO
KACKSPDWAXX,TB50WC
KACKSPDWAXX,KCP1422PBO
KACKSPDWAXX,KRSC430APBO7
KWSP2455ABL,KRA2422PBO
KWSP2455ABL,KCP1422PBO
KWSP2455ABL,KRA2411PBO
KWSP2455ABL,KCP2422PBO
KWSP2455ABL,KRA4813FPBO
KWSP2455ABL,KRSC46HPBO
KWSP2455ABL,SNA-TBP14
KWSP2455ABL,KASS13
KWSP2455ABL,KRA2007FPBO
KWSP2455ABL,KWSN2455AST
WELDIGNGRANITE,YA427B
WELDIGNGRANITE,GLASS50R
WELDIGNGRANITE,ECHDD012A
WELDIGNGRANITE,YA4000B
WELDIGNGRANITE,ECSPH271
WELDIGNGRANITE,EEDM525F
WELDIGNGRANITE,ECHDD012AR
WELDIGNGRANITE,ECHDF042
WELDIGNGRANITE,GLASS30R
WELDIGNGRANITE,TPGDL2000
UIM2FL,UPT2FL
UIM2FL,GA294
UIM2FL,110ETMAY
UIM2FL,PT10C
UIM2FL,PT40B
UIM2FL,61CF
UIM2FL,TMA7E
UIM2FL,TMA5E
UIM2FL,TMA6E
UIM2FL,TMA3.5E
UKBU10,YA900
UKBU10,MS400A
UKBU10,BTC8A
UKBU10,PHT5
UKBU10,LP7R
UKBU10,YA339A
UKBU10,PWC52A
UKBU10,SR80A
UKBU10,84CF
UKBU10,SHP2KT
YA4275,SOEX38
YA4275,414AHD
YA4275,SOEX36
YA4275,PKNC150
YA4275,UPTM65K
YA4275,SOEX40
YA4275,BT4651
YA4275,305SIMMY
YA4275,LDH342
YA4275,LDH422A
XDLRM705K2A,XDLRM705K1A
XDLRM705K2A,206SPKPLGMAG
XDLRM705K2A,XDLRM11A
XDLRM705K2A,XDLR705A
XDLRM705K2A,S9704KR
XDLRM705K2A,207IPFM
XDLRM705K2A,BLPTHC87
XDLRM705K2A,SIMM110A
XDLRM705K2A,SIMM120A
XDLRM705K2A,SIMM240
YA4612,MTTL800
YA4612,ECHDD012AR
YA4612,EEDM525F
YA4612,RULER601
YA4612,EECT200
YA4612,ECHDD012A
YA4612,ECPRA072
YA4612,GLASS50R
YA4612,ECPNH012
YA4612,FB361A
RTEMPB7,RTEMPB7
RTEMPB7,EEPV500
RTEMPB7,GA460B
RTEMPB7,CAL6EA
RTEMPB7,MTTL300
RTEMPB7,EEPV503
RTEMPB7,GA296B
RTEMPB7,EEBM600
RTEMPB7,ACT1297
RTEMPB7,ACT925
SDDDM1AG,SGDX40BR
SDDDM1AG,PBMMB5R
SDDDM1AG,BLPEXTF146
SDDDM1AG,SSFP1
SDDDM1AG,86EP
SDDDM1AG,PBMS5R
SDDDM1AG,PBMB5R
SDDDM1AG,SGDMRCE44
SDDDM1AG,TR108
SDDDM1AG,TMBS8A
VWB3B,PH3050BR
VWB3B,CTQ838DB
VWB3B,PTR72
VWB3B,CT9080K2
VWB3B,DBBPT13
VWB3B,MG325
VWB3B,CT825DB
VWB3B,CTR867AK2
VWB3B,PT850
VWB3B,MG1250
TA32A,TA32A
TA32A,ACTR4151A
TA32A,MTTL700
TA32A,TA54
TA32A,TA50
TA32A,SVTS264
TA32A,RADKITULTRA
TA32A,SVTS272A
TA32A,SVTA9100
TA32A,SVTSRAD272U
TMMD6,TMMD11
TMMD6,TMMD9
TMMD6,TMMD5.5
TMMD6,TMMD10
TMMD6,SR40K
TMMD6,AW1020DK
TMMD6,TF5A
TMMD6,PT28E
TMMD6,AWP160
TMMD6,S9704KR
TEMP200,ACT9103
TEMP200,ACTUVPROKT
TEMP200,MTTL750
TEMP200,ACTR4151A
TEMP200,EEDM596FK
TEMP200,JCK7DBL
TEMP200,EECT200
TEMP200,TDG2
TEMP200,MAGDISH
TEMP200,FB336
KRSC2460POT1,KAERNADD6RD
KRSC2460POT1,SNA-TBP14
KRSC2460POT1,KACKMCFIBER1
KRSC2460POT1,KRA24
KRSC2460POT1,KA2422SETPJJ
KRSC2460POT1,KRA4813FPBO
KRSC2460POT1,KRA2422PBO
KRSC2460POT1,KRSC326FPBO
KRSC2460POT1,PLRK21
KRSC2460POT1,KRSC430APBO7
SWDK4,DBTB121
SWDK4,AT118
SWDK4,PTGR450
SWDK4,CT825DB
SWDK4,PT850
SWDK4,CTR861AK2
SWDK4,AT109
SWDK4,DBBPT13
SWDK4,AT2050
SWDK4,CTB8174
AWSGM6A,FXK11
AWSGM6A,BLPTHC87
AWSGM6A,GFAT1E
AWSGM6A,SGASA204CR
AWSGM6A,SGD2BR
AWSGM6A,ATECH2FR125B
AWSGM6A,91ACP
AWSGM6A,SIMM240
AWSGM6A,FU8A
AWSGM6A,SIMM200
206AFXW,106ATMXW
206AFXW,305SXWP
206AFXW,XO605
206AFXW,305ASX
206AFXW,SGDMRCE44
206AFXW,LP7R
206AFXW,S8
206AFXW,SXK3
206AFXW,110TMSY
206AFXW,TMMS6
IPLM21C,IPLM19C
IPLM21C,IPLM17C
IPLM21C,IPLM14C
IPLM21C,IPLM18C
IPLM21C,IPSM22
IPLM21C,IPLM22C
IPLM21C,IPLM13C
IPLM21C,IPLM16C
IPLM21C,IPLM15C
IPLM21C,IPL36C
MTTL300,MTTL300
MTTL300,GLASS30R
MTTL300,JCK7DBL
MTTL300,GA296B
MTTL300,PGP120
MTTL300,ACT83A
MTTL300,RTEMPB7
MTTL300,CAL6EA
MTTL300,PGP50
MTTL300,RULER6
CTB185,MG325
CTB185,CTPSK185
CTB185,CTR861AK2
CTB185,CTC131A
CTB185,CTB8187
CTB185,CTINF9010
CTB185,CTSG861DB
CTB185,CT9080K2
CTB185,CTB8174
CTB185,CT825DB
FTX50E,FTX40E
FTX50E,FTX45E
FTX50E,TTX8E
FTX50E,TTX25E
FTX50E,TTX20E
FTX50E,TTX15E
FTX50E,FAM8E
FTX50E,FTX60E
FTX50E,OEXM6B
FTX50E,1210B
SIMM100A,SIMM110A
SIMM100A,SIMM120A
SIMM100A,SIMM130A
SIMM100A,IMM120A
SIMM100A,IMM100A
SIMM100A,IMM110A
SIMM100A,SIMM140A
SIMM100A,SIM180A
SIMM100A,SIMM160A
SIMM100A,SIMM150A
GLOVE503CLA,GLOVE309L
GLOVE503CLA,GLASS50R
GLOVE503CLA,EECT400
GLOVE503CLA,FB336
GLOVE503CLA,YA4000B
GLOVE503CLA,JCK7DBL
GLOVE503CLA,SVTSRAD272U
GLOVE503CLA,ECARL032R
GLOVE503CLA,TDG2
GLOVE503CLA,ECHDD012AR
GLOVE503CXLA,GLOVE309L
GLOVE503CXLA,GLASS50R
GLOVE503CXLA,EECT400
GLOVE503CXLA,ECHDD012AR
GLOVE503CXLA,EEDM504F
GLOVE503CXLA,ECHDD012A
GLOVE503CXLA,FB361A
GLOVE503CXLA,FB316B
GLOVE503CXLA,YAKS42
GLOVE503CXLA,MAGMAT
AWSGM8A,SGDX80BR
AWSGM8A,91ACP
AWSGM8A,FXK3
AWSGM8A,SPBS8AR
AWSGM8A,SIMM240
AWSGM8A,47ACF
AWSGM8A,SIMM210
AWSGM8A,SPBS704AR
AWSGM8A,SGD4BR
AWSGM8A,TMXK2
108ES10MMY,TMMD10
108ES10MMY,STMM10
108ES10MMY,TMM10
108ES10MMY,SIM220
108ES10MMY,SIM300
108ES10MMY,SIM180A
108ES10MMY,SIM320
108ES10MMY,SIM360
108ES10MMY,SIM280
108ES10MMY,BTCP2SA
AWTPH8,AWTR8
AWTPH8,DBHM9
AWTPH8,AWBPH13
AWTPH8,AWMBPH9
AWTPH8,DBHS13
AWTPH8,AWP45
AWTPH8,BHM9A
AWTPH8,OEXM713B
AWTPH8,911ACF
AWTPH8,SRPCR4700
AWM10D,SGD4BR
AWM10D,SPBS704AR
AWM10D,SPBS18AR
AWM10D,SPBS8AR
AWM10D,PPC103A
AWM10D,FHLF80A
AWM10D,96ACF
AWM10D,SGD6BR
AWM10D,SIMM190
AWM10D,FXK11
VO1416B,VO1012B
VO1416B,VO2628B
VO1416B,VO2224B
VO1416B,VO3032B
VO1416B,XS67A
VO1416B,TM65
VO1416B,TM83A
VO1416B,TM84
VO1416B,SGDEL10ESD
VO1416B,TM410
TAP1,LP404
TAP1,SRPCR3800
TAP1,CSSD50R
TAP1,BT518
TAP1,BT4651
TAP1,EXD35A
TAP1,PHP3A
TAP1,F80MP
TAP1,PHG1055BK
TAP1,SRPCR4700
BT11,B1356E
BT11,S6118A
BT11,B3404B
BT11,B1461
BT11,VGP104
BT11,BP32B
BT11,S6112
BT11,ACT1370
BT11,SN25A
BT11,SWM101A
XS1820A,XS1416A
XS1820A,XS1012A
XS1820A,XS1618A
XS1820A,VO2224B
XS1820A,VO2628B
XS1820A,VO1820B
XS1820A,XS810A
XS1820A,VO1012B
XS1820A,TM82
XS1820A,TM410
AWBSG07A,PPC103A
AWBSG07A,SIMM180
AWBSG07A,SGD6BR
AWBSG07A,SPBS12AR
AWBSG07A,TMXK60
AWBSG07A,PPC4A
AWBSG07A,SIMM200
AWBSG07A,ATECH3FR300B
AWBSG07A,SIMM170
AWBSG07A,FU8A
1250,650
1250,2050
1250,1650
1250,TWM30
1250,TWM32
1250,BTC7B
1250,TMMD5
1250,TMMD6
1250,TMMD8
1250,SGDP64IRBR
106TMUSA,206AFSA
106TMUSA,110STMDY
106TMUSA,AWL1010DK
106TMUSA,VS807B
106TMUSA,FR80
106TMUSA,AW1015DHK
106TMUSA,AD6C
106TMUSA,BLPTXK4
106TMUSA,PPB30AK
106TMUSA,SF261
TTX8E,TTX10E
TTX8E,TTX20E
TTX8E,TTX15E
TTX8E,TTX25E
TTX8E,FTX50E
TTX8E,FTX45E
TTX8E,FTX40E
TTX8E,FTX60E
TTX8E,211EFAMY
TTX8E,SR40K
AWXL13-050,SGD4BR
AWXL13-050,SGDP31IRBR
AWXL13-050,A2A
AWXL13-050,SPBS18AR
AWXL13-050,PPC103A
AWXL13-050,SPBS704AR
AWXL13-050,FXK11
AWXL13-050,91ACP
AWXL13-050,SRPCR4700
AWXL13-050,SIMM220
DBHM9,DBHS13
DBHM9,AWTR8
DBHM9,AWTPH8
DBHM9,A91F
DBHM9,TK72
DBHM9,29ACF
DBHM9,106ATMXW
DBHM9,TTX8E
DBHM9,TTX20E
DBHM9,SHD6R
TKF72,FKF80A
TKF72,TMS70A
TKF72,TK72
TKF72,TXM72
TKF72,TRF72
TKF72,FK80
TKF72,110TMSY
TKF72,AVSNP01160
TKF72,BLPBTW4
TKF72,FC72
SHDX80O,AWM110DHK
SHDX80O,AC5C
SHDX80O,2004BSKA
SHDX80O,PK53A
SHDX80O,FTX60E
SHDX80O,BP8B
SHDX80O,PT5C
SHDX80O,TW381
SHDX80O,BP16B
SHDX80O,TW401
FXWP3,SFSM12
FXWP3,SFSM11
FXWP3,SFSM17
FXWP3,F12LB
FXWP3,LSR1450
FXWP3,OEXM707B
FXWP3,117TMM
FXWP3,SFSM18
FXWP3,SFSM15
FXWP3,212SFSMY
AWSG20A,AWSG24A
AWSG20A,AWSG800A
AWSG20A,TMXK60
AWSG20A,96ACF
AWSG20A,T72
AWSG20A,GFAT1E
AWSG20A,SIMM170
AWSG20A,SPBS704AR
AWSG20A,FXK3
AWSG20A,FX1
TM62B,TM84
TM62B,TM65
TM62B,VO2628B
TM62B,XS1820A
TM62B,VO2224B
TM62B,VO1820B
TM62B,VO1012B
TM62B,XS67A
TM62B,VO3032B
TM62B,TMC106E
EEPV500,EEPV500
EEPV500,SVTSRAD272U
EEPV500,SVTA9100
EEPV500,EEPV509
EEPV500,YA4000B
EEPV500,SVTS272A
EEPV500,EETL500
EEPV500,RTEMP8
EEPV500,VAC201
EEPV500,RTEMPB7
PTM30,PPCSG710
PTM30,SGDXXL20BR
PTM30,AWPBX10
PTM30,PPK300
PTM30,S4
PTM30,CSSD50R
PTM30,HCP48BCF
PTM30,FHOF80A
PTM30,THR72
PTM30,SGDXL80BR
TMM8,STMM8
TMM8,TMM12
TMM8,TMM7
TMM8,TMM6
TMM8,STMM12
TMM8,TMM14
TMM8,STMM13
TMM8,STMM10
TMM8,STMM11
TMM8,STMM5.5
PTC250G,PTGR110
PTC250G,PSO4625
PTC250G,PDR3000A
PTC250G,PDR5000A
PTC250G,PSO4525
PTC250G,SAG03S12
PTC250G,AT118
PTC250G,AT109
PTC250G,PH3050BR
PTC250G,SAG03S20
YA4000B,YA4000B
YA4000B,EETL500
YA4000B,TPM16
YA4000B,EEPV500
YA4000B,EEPV509
YA4000B,RTEMPB7
YA4000B,OC5A
YA4000B,FB303B
YA4000B,ACT73A
YA4000B,RTEMP8
111TMUSMA,206SFSUM
111TMUSMA,206FSUMA
111TMUSMA,209FUMY
111TMUSMA,207IPSFM
111TMUSMA,312IPLM
111TMUSMA,208EFTABMY
111TMUSMA,LDT8
111TMUSMA,IPLM21C
111TMUSMA,IPLM14C
111TMUSMA,208AFX
SHL80A,FHL80
SHL80A,THL72
SHL80A,THLL72
SHL80A,SH80A
SHL80A,PK52A
SHL80A,SHLL80A
SHL80A,THR72
SHL80A,SHBB24
SHL80A,SIM400
SHL80A,310IMMYA
PSO4625G,PSO4625
PSO4625G,PTC250
PSO4625G,CTCO861K2
PSO4625G,AT408
PSO4625G,PSO4525
PSO4625G,AT475A
PSO4625G,PDR3000A
PSO4625G,SDG10S25F
PSO4625G,AT425R
PSO4625G,CTR861AK2
AWMCG1600B,AWCG1600B
AWMCG1600B,AWCGT500
AWMCG1600B,AWCGT30
AWMCG1600B,AWCGT27
AWMCG1600B,BLPBTWKIT
AWMCG1600B,PPCSG710
AWMCG1600B,29ACF
AWMCG1600B,SDMEXT19K
AWMCG1600B,307ESAMY
AWMCG1600B,TF528D
307ESAY,307ESAMY
307ESAY,IPL30C
307ESAY,IPL38C
307ESAY,211EFAMY
307ESAY,212EFTAY
307ESAY,205IPF
307ESAY,SWM291
307ESAY,SWM301
307ESAY,RXFS2836B
307ESAY,IPL32C
CT9035DB,CTC772A
CT9035DB,DBTB121
CT9035DB,PH1050
CT9035DB,DB121C
CT9035DB,PTR2505
CT9035DB,SAG03S20
CT9035DB,DB129C
CT9035DB,CT825DB
CT9035DB,MG325
CT9035DB,CTCO861K2
CT9035K2,AT2050
CT9035K2,CTR862DB
CT9035K2,CTR861AK2
CT9035K2,CTNN13KF
CT9035K2,CTB8187
CT9035K2,VWB8B
CT9035K2,CTB8174
CT9035K2,MG725A
CT9035K2,MG1250
CT9035K2,PTGR450
BB71160,SVTS272A
BB71160,EEDM525F
BB71160,IM1PT
BB71160,SVTSRAD272U
BB71160,GLASS50R
BB71160,UTK150
BB71160,EECT424HD
BB71160,TDG2
BB71160,JCK7DBL
BB71160,EEDM504F
TTX20E,TTX10E
TTX20E,TTX25E
TTX20E,TTX8E
TTX20E,TTX15E
TTX20E,TTX27E
TTX20E,FTX50E
TTX20E,FTX40E
TTX20E,FTX45E
TTX20E,FTX60E
TTX20E,SR40K
KRA4813FPBO,KRA4114FPBO
KRA4813FPBO,KRA4810FPBO
KRA4813FPBO,KAERNADD6RD
KRA4813FPBO,KRA2422PBO
KRA4813FPBO,A277
KRA4813FPBO,KCP2422PBO
KRA4813FPBO,KRSC46HPBO
KRA4813FPBO,KRA25D
KRA4813FPBO,KRA2055FPBO
KRA4813FPBO,KRSC326FPBO
KRA4813FPJK,KRA4114FPBO
KRA4813FPJK,KRA4810FPBO
KRA4813FPJK,KRSC46HPBO
KRA4813FPJK,SNA-TBP14
KRA4813FPJK,KRSC326FPBO
KRA4813FPJK,KCP2422PBO
KRA4813FPJK,KRA6200FPBO
KRA4813FPJK,KRA2422PBO
KRA4813FPJK,KRA2407PBO
KRA4813FPJK,KAERNADD6RD
OEXM710B,OEX709B
OEXM710B,FRX181
OEXM710B,KAC1224TCA
OEXM710B,HD6529
OEXM710B,114ATMP
OEXM710B,2004BSKA
OEXM710B,YA2850A
OEXM710B,209EFTXBY
OEXM710B,PT5C
OEXM710B,RXS605B
A177A,A161B
A177A,1512B
A177A,BTC3A
A177A,A159
A177A,SW381
A177A,AWTEF8K
A177A,GA243
A177A,SW401
A177A,GCP10
A177A,PKRS1
AWMXL10-8,SIMM200
AWMXL10-8,SPBS12AR
AWMXL10-8,GFAT1E
AWMXL10-8,FXK11
AWMXL10-8,FX1
AWMXL10-8,SPBS8AR
AWMXL10-8,SIMM160A
AWMXL10-8,SIMM180
AWMXL10-8,47ACF
AWMXL10-8,SIMM210
CTLUV761,CTC772A
CTLUV761,CTB8174
CTLUV761,VWB8B
CTLUV761,PTGR100
CTLUV761,DB129C
CTLUV761,PT850
CTLUV761,MG725A
CTLUV761,PSO4625
CTLUV761,CTS561BITSET
CTLUV761,AT2050
307IPLMY,307IPLY
307IPLMY,207IPFM
307IPLMY,106IPTMMA
307IPLMY,207IPSFM
307IPLMY,205IPF
307IPLMY,206SFSUM
307IPLMY,IPLM22C
307IPLMY,IPL20C
307IPLMY,PW18C
307IPLMY,111TMUSMA
AWMEF7K,PKNG90
AWMEF7K,SWM251
AWMEF7K,AWEF9K
AWMEF7K,210AFLEY
AWMEF7K,FSLF80
AWMEF7K,OFW3
AWMEF7K,PPC715BK
AWMEF7K,OEXM80B
AWMEF7K,313SWYA
AWMEF7K,AWP160
SHLX80AO,FHLX80B
SHLX80AO,THLLF72
SHLX80AO,THLX72
SHLX80AO,FHLLF80
SHLX80AO,THRLX72
SHLX80AO,IPL24C
SHLX80AO,FH80MP
SHLX80AO,IPL30C
SHLX80AO,SH80A
SHLX80AO,THLL72
PLRK30,KCP1422PBO
PLRK30,PLRK30
PLRK30,KRSC326FPBO
PLRK30,PLRK27
PLRK30,PLRK21
PLRK30,KAERNADD6RD
PLRK30,YA389A
PLRK30,KACKMCFIBER1
PLRK30,KRA4107FPBO
PLRK30,MRB12B
TMMS4,TMMS4.5
TMMS4,TMM4.5
TMMS4,STMM4.5
TMMS4,STMM4
TMMS4,TMM4
TMMS4,112TMMSY
TMMS4,TMMS5
TMMS4,TMMS9
TMMS4,TMMS7
TMMS4,SPBS8AR
206EFABL,SAM19E
206EFABL,SA16E
206EFABL,HD6529
206EFABL,206EFABLM
206EFABL,FA12LE
206EFABL,FAML6E
206EFABL,FRX181
206EFABL,FABLM5E
206EFABL,KAC1224TCA
206EFABL,FTXB50E
CTR817DB,CTS561BITSET
CTR817DB,CT9080K2
CTR817DB,MG325
CTR817DB,PH3050BR
CTR817DB,PSO4525
CTR817DB,CTR862DB
CTR817DB,PT850
CTR817DB,CT825DB
CTR817DB,PTR2500
CTR817DB,PH1038
AWS13-5,SIMM170
AWS13-5,96ACF
AWS13-5,A2A
AWS13-5,SPBS704AR
AWS13-5,SHD1R
AWS13-5,SGDP31IRBR
AWS13-5,FXK11
AWS13-5,SPBS12AR
AWS13-5,SIMM220
AWS13-5,SIMM210
F18LA,SN36
F18LA,TM10G
F18LA,SN24C
F18LA,PTIM5
F18LA,PPCD70BK
F18LA,120STTM
F18LA,FZ7A
F18LA,211EFAMY
F18LA,SOEXM9
F18LA,FA8E
CTS861MDB,CTB8187
CTS861MDB,CTR861AK2
CTS861MDB,PTC250
CTS861MDB,CTS561BITSET
CTS861MDB,PDR3000A
CTS861MDB,PTGR110
CTS861MDB,CTNN13KF
CTS861MDB,PSO4625
CTS861MDB,AT2050
CTS861MDB,DBBPT13
PTGR100O,PTGR110
PTGR100O,PTC250
PTGR100O,PSO4625
PTGR100O,SAG03S12
PTGR100O,PDR3000A
PTGR100O,SAG03S20
PTGR100O,VWB8B
PTGR100O,PTGR450
PTGR100O,PTR2505
PTGR100O,AT2050
211FCOA,210FCOMA
211FCOA,314SCOA
211FCOA,VS814A
211FCOA,OEXS709B
211FCOA,210FRHMA
211FCOA,BLPTE3816
211FCOA,XB605A
211FCOA,PT10C
211FCOA,310IMMYA
211FCOA,DS809K
SIM380,SIM400
SIM380,SIM320
SIM380,SIM340
SIM380,SIM360
SIM380,IM320
SIM380,SIM260
SIM380,IM240
SIM380,SIM220
SIM380,SIM300
SIM380,IM180A
RXFMS606B,RXFS605B
RXFMS606B,RXFS2836B
RXFMS606B,BTK5
RXFMS606B,ACT1370
RXFMS606B,2004BSKA
RXFMS606B,AC5C
RXFMS606B,OFW2
RXFMS606B,OEXM7B
RXFMS606B,SIMM340
RXFMS606B,RXS605B
HBBD16O,HBBD32
HBBD16O,HBBD8
HBBD16O,HBFE16
HBBD16O,PK52A
HBBD16O,2004BSKA
HBBD16O,HBPT24
HBBD16O,AD10C
HBBD16O,PTIM5
HBBD16O,VO806B
HBBD16O,SOEXM8
STMM11,STMM6
STMM11,STMM12
STMM11,STMM14
STMM11,TMM13
STMM11,STMM13
STMM11,TMM9
STMM11,STMM7
STMM11,TMM14
STMM11,TMM12
STMM11,STMM5
STARTERSET5,117TMM
STARTERSET5,131TMPB
STARTERSET5,LSRM2000
STARTERSET5,BTG9
STARTERSET5,TMM16
STARTERSET5,BOERM21
STARTERSET5,SFSM21
STARTERSET5,SFSM6
STARTERSET5,SFSM7
STARTERSET5,PHP2A
GAX36,S3624
GAX36,SN25A
GAX36,SWM111A
GAX36,OFW3
GAX36,OEXM9B
GAX36,OEXM8B
GAX36,PWZ2A
GAX36,OFW2
GAX36,LSR1450
GAX36,LSR1000EXT
IPDLM12,IPSM21
IPDLM12,IPLM18C
IPDLM12,IPLM19C
IPDLM12,IPLM24C
IPDLM12,IPLM17C
IPDLM12,IPLM14C
IPDLM12,IPLM13C
IPDLM12,106IPTMMA
IPDLM12,207IPSFM
IPDLM12,IPSM18
SX80B,TX72
SX80B,TXM72
SX80B,SLX80A
SX80B,TRX72
SX80B,FF80A
SX80B,F80MP
SX80B,FLLF80
SX80B,313TSMYA
SX80B,SLL80A
SX80B,FLF80A
SF181,SF141
SF181,SF121
SF181,SF161
SF181,SF281
SF181,SF221
SF181,SF241
SF181,SF261
SF181,F221
SF181,SGDE225ESD
SF181,AWL1010DK
SOEX40,SOEX38
SOEX40,SOEX36
SOEX40,414AHD
SOEX40,1512B
SOEX40,AWEF6K
SOEX40,SOEX30
SOEX40,AWP160
SOEX40,SOEX32
SOEX40,YA4275
SOEX40,AW1020DK
PTGR450G,PT450-WH
PTGR450G,PDR5000A
PTGR450G,PTGR100
PTGR450G,DB129C
PTGR450G,PTC250
PTGR450G,AT109
PTGR450G,PH3050BR
PTGR450G,CTS561BITSET
PTGR450G,SAG03S20
PTGR450G,CTB8174
TMMDS10,TMMDS12
TMMDS10,TMMD10
TMMDS10,112TMMDSY
TMMDS10,TMMDS8
TMMDS10,TMMDS11
TMMDS10,TMMDS5
TMMDS10,TMMDS5.5
TMMDS10,TMMDS15
TMMDS10,TMMDS7
TMMDS10,TMMDS6
OEXM80B,OEXM90B
OEXM80B,OEXM240B
OEXM80B,OEXM260B
OEXM80B,OEXM290B
OEXM80B,218AFSP
OEXM80B,AWMEF7K
OEXM80B,TWM32
OEXM80B,TFM7530B
OEXM80B,OEXM7B
OEXM80B,PK52A
LDH402,LDH442
LDH402,LDH422A
LDH402,LDH602
LDH402,LDH482
LDH402,LDH522
LDH402,L8112A
LDH402,SOEX707
LDH402,SOEX38
LDH402,SOEX36
LDH402,SOEX30
KRSC323PBO,KRSC430APBO1
KRSC323PBO,KAERNADD6RD
KRSC323PBO,A277
KRSC323PBO,TB20AC
KRSC323PBO,KRA4114FPBO
KRSC323PBO,KRSC46HPBO
KRSC323PBO,KRSC326FPBO
KRSC323PBO,KRA2411PBO
KRSC323PBO,KACKMCFIBER1
KRSC323PBO,TB40C
111STMMDY,111TMMDY
111STMMDY,212SFMY
111STMMDY,112TMMDSY
111STMMDY,313SMYA
111STMMDY,TMMD5
111STMMDY,TMMD6
111STMMDY,TMMD5.5
111STMMDY,TMMD10
111STMMDY,TMMDS5.5
111STMMDY,TMMDS9
PKNC125C2,FTX60E
PKNC125C2,2005BSKA
PKNC125C2,AC5C
PKNC125C2,208CCP
PKNC125C2,PHT5
PKNC125C2,OEXM7B
PKNC125C2,BTC7B
PKNC125C2,OEXM6B
PKNC125C2,S9704KR
PKNC125C2,313TSMYA
211FSY,211SFSY
211FSY,317MSPC
211FSY,114ATMP
211FSY,FRX181
211FSY,GF22
211FSY,KAC1224TCA
211FSY,TW481
211FSY,STX70E
211FSY,TW381
211FSY,SA16E
FHBB12A,SHBB24
FHBB12A,FHBB18A
FHBB12A,OFW3
FHBB12A,AF102
FHBB12A,SN15B
FHBB12A,BP24B
FHBB12A,PT28E
FHBB12A,AC58E
FHBB12A,FM18
FHBB12A,FM11
PPC203A,PPC210A
PPC203A,PPC205A
PPC203A,PPC206A
PPC203A,PPC204A
PPC203A,PPC208A
PPC203A,PPC820B
PPC203A,PPC816B
PPC203A,PPC4A
PPC203A,OFW2
PPC203A,PPC3A
CTC131A,CTR862DB
CTC131A,CTPSK185
CTC131A,CTC131A
CTC131A,CTB185
CTC131A,CTB8187
CTC131A,CTINF9010
CTC131A,CTB8174
CTC131A,CTSG861DB
CTC131A,CT9080K2
CTC131A,CT825DB
F281,F261
F281,F221
F281,F241
F281,F201
F281,F141
F281,F121
F281,F101
F281,F081
F281,XS2226A
F281,TM84
RXSM605B,RXS605B
RXSM605B,AC5C
RXSM605B,207EFTXY
RXSM605B,112SIMTMM
RXSM605B,208AFX
RXSM605B,SWM211
RXSM605B,317MSPC
RXSM605B,SWM241
RXSM605B,AWP160
RXSM605B,OEXSM710B
KRSC4130PJJ,KRSC46HPBO
KRSC4130PJJ,SNA-TBP14
KRSC4130PJJ,KRA2055FPBO
KRSC4130PJJ,KA2422SETPJH
KRSC4130PJJ,KWSP2455ABL
KRSC4130PJJ,KRSC326FPBO
KRSC4130PJJ,KRSC430APBO7
KRSC4130PJJ,KASS13
KRSC4130PJJ,KRA4813FPBO
KRSC4130PJJ,KRA4107FPBO
HBBT16,PPB30AK
HBBT16,HBPT24
HBBT16,PPB1002A
HBBT16,311IMFSY
HBBT16,HBBD8
HBBT16,PPB816A
HBBT16,OEXM7B
HBBT16,BDGPL410HG
HBBT16,CSA12CR
HBBT16,PPC208A
196ANCFG,ATECH2FR125B
196ANCFG,SIMM170
196ANCFG,SIMM190
196ANCFG,A2A
196ANCFG,GFAT1E
196ANCFG,SRPCR3800
196ANCFG,TMU8B
196ANCFG,SGD2BR
196ANCFG,FXK11
196ANCFG,SPBS8AR
SHD4R,SHDP31IRR
SHD4R,SHDP42IRR
SHD4R,SHD2R
SHD4R,SHD6R
SHD4R,SHDP63IRR
SHD4R,SHD1R
SHD4R,10R
SHD4R,AW1013DK
SHD4R,S281
SHD4R,S321
TPMB25ORG,ECPNG032
TPMB25ORG,TPMB25ORG
TPMB25ORG,TPM16ORG
TPMB25ORG,TPM16EM
TPMB25ORG,UTK100
TPMB25ORG,TPM16
TPMB25ORG,TPMB25EMGRN
TPMB25ORG,FB316B
TPMB25ORG,UTK150
TPMB25ORG,FB336
SIM300,SIM200
SIM300,IM280
SIM300,IM260
SIM300,IM300
SIM300,SIM360
SIM300,SIM160A
SIM300,SIM280
SIM300,SIM340
SIM300,IM220
SIM300,IM140A
MAGMINI,ECHDD012A
MAGMINI,MAGMINI
MAGMINI,GLOVE1100L
MAGMINI,MAGMICRO
MAGMINI,MAGSTRIP
MAGMINI,MAGTRAY
MAGMINI,MAGMAT
MAGMINI,MAGDISH
MAGMINI,ECARL032R
MAGMINI,AT4101
AWP45,SGDE220ESD
AWP45,SGDE230ESD
AWP45,SGDEP200ESD
AWP45,SGDE225ESD
AWP45,PBN2
AWP45,SGDEP21ESD
AWP45,TMU121A
AWP45,TMU161A
AWP45,ADCF8
AWP45,PPK300
KRA4810FPC,KRA4107FPBO
KRA4810FPC,KRA4813FPBO
KRA4810FPC,KAERNADD6RD
KRA4810FPC,KRSC430APBO1
KRA4810FPC,YA389A
KRA4810FPC,KRBC100ABN
KRA4810FPC,A277
KRA4810FPC,KRSC46HPBO
KRA4810FPC,KRSC323PBO
KRA4810FPC,KRA4114FPBO
PTR2505,PTGR110
PTR2505,MG725A
PTR2505,PTC250
PTR2505,PTR2500
PTR2505,PDR3000A
PTR2505,PDR5000A
PTR2505,PTR72
PTR2505,PT338
PTR2505,MG325
PTR2505,AT2050
MTTL700,EECR1C
MTTL700,EEDM503D
MTTL700,MTTL7005PK
MTTL700,EEDM596FK
MTTL700,RADKITULTRA
MTTL700,YA1175KIT
MTTL700,CAL6DA
MTTL700,SVTS264
MTTL700,YAKS42
MTTL700,ACTR4151A
CDR4P11K3DB,MG725A
CDR4P11K3DB,CTR861AK2
CDR4P11K3DB,AT2050
CDR4P11K3DB,PT850
CDR4P11K3DB,PTR72
CDR4P11K3DB,DBTB121
CDR4P11K3DB,CTB8174
CDR4P11K3DB,DB129C
CDR4P11K3DB,PTC250
CDR4P11K3DB,AT109
CDR4P11K3K2,SAG03S20
CDR4P11K3K2,CTDFL861
CDR4P11K3K2,CTB8187
CDR4P11K3K2,CTR861AK2
CDR4P11K3K2,CT9080K2
CDR4P11K3K2,VWB8B
CDR4P11K3K2,CTINF9010
CDR4P11K3K2,AT2050
CDR4P11K3K2,PH3050BR
CDR4P11K3K2,PT850
CDR4P44L3K2,DBBPT13
CDR4P44L3K2,CTR862DB
CDR4P44L3K2,PTR72
CDR4P44L3K2,AT109
CDR4P44L3K2,CTR867AK2
CDR4P44L3K2,PT850
CDR4P44L3K2,MG1250
CDR4P44L3K2,CTR861AK2
CDR4P44L3K2,PT338
CDR4P44L3K2,CTC131A
1206GS,SOEX38
1206GS,AWM140DK
1206GS,SR40K
1206GS,305SIMMY
1206GS,SOEX40
1206GS,BTC7B
1206GS,TMMD7
1206GS,TMMD12
1206GS,PKNC150
1206GS,TF5A
FHNF100O,SIMM160A
FHNF100O,FX1
FHNF100O,TMXK4
FHNF100O,SPBS18AR
FHNF100O,SRPCR3800
FHNF100O,FXK3
FHNF100O,SGDP31IRBR
FHNF100O,91ACP
FHNF100O,SPBS8AR
FHNF100O,96ACF
EARPLUGBAND,EARPLUGBAND
EARPLUGBAND,GLOVE900LR
EARPLUGBAND,GLOVEORIGPLUSL
EARPLUGBAND,GLASS30R
EARPLUGBAND,PG160
EARPLUGBAND,RULER602
EARPLUGBAND,JT13B
EARPLUGBAND,GLASS90BYEAR
EARPLUGBAND,GLOVE300BL
EARPLUGBAND,SOSG01BKCL01
ECFDF108,EECT200
ECFDF108,EEDM504F
ECFDF108,EECT400
ECFDF108,TPGDL2000
ECFDF108,MTTL800
ECFDF108,FB336
ECFDF108,UTK100
ECFDF108,YA4000B
ECFDF108,ECPNH012
ECFDF108,IM1PT
PPB826A,PK52A
PPB826A,AWMG9
PPB826A,SW421
PPB826A,AWS13
PPB826A,SRP2A
PPB826A,SEPPROCORE1A
PPB826A,RXFS2836B
PPB826A,GAJ12A
PPB826A,PK50A
PPB826A,OEXM80B
PPC104A,PPC210A
PPC104A,PPC3A
PPC104A,PPC103A
PPC104A,BLPPB704
PPC104A,PPC203A
PPC104A,PPC206A
PPC104A,PPC820B
PPC104A,PPC816B
PPC104A,PPC4A
PPC104A,FZ7A
CT861MK2,PTB32K
CT861MK2,CTS561BITSET
CT861MK2,PH3050BR
CT861MK2,PT338
CT861MK2,CTNN13KF
CT861MK2,PTR72
CT861MK2,CTB185
CT861MK2,PTR2505
CT861MK2,DBTB121
CT861MK2,PSO4625
SGD2BR,SGDP31IRBR
SGD2BR,SGD4BR
SGD2BR,SGDP42IRBR
SGD2BR,SGD6BR
SGD2BR,SGD8BR
SGD2BR,SGDP64IRBR
SGD2BR,SGDP63IRBR
SGD2BR,AC58E
SGD2BR,UIM225
SGD2BR,218AFP
KRA5311FPCM,KRSC46HPBO
KRA5311FPCM,KRA2055FPBO
KRA5311FPCM,KAERNADD6RD
KRA5311FPCM,KWSP2455AST
KRA5311FPCM,KACKMCFIBER1
KRA5311FPCM,SNA-TBP14
KRA5311FPCM,KRSC343PBO
KRA5311FPCM,PLRK21
KRA5311FPCM,YA389A
KRA5311FPCM,A277
PPSG203,PCSG812
PPSG203,UIM225
PPSG203,106BTMX
PPSG203,PPSG205
PPSG203,PPSG206
PPSG203,PPSG106
PPSG203,PCSG820
PPSG203,PPSG105
PPSG203,PPSG103
PPSG203,PCSG816
THL72G,FHL80
THL72G,SHL80A
THL72G,THLL72
THL72G,SH80A
THL72G,FHR80
THL72G,HSPD16
THL72G,FHBB12A
THL72G,OFW2
THL72G,SHLL80A
THL72G,PPCD70BK
TA360,S6112
TA360,ADCF8
TA360,B1458C
TA360,BP8B
TA360,B1467A
TA360,QD2R100A
TA360,CJ2001P
TA360,AW1015DHK
TA360,SR80A
TA360,PPC5A
PSO4625,PSO4625
PSO4625,PTC250
PSO4625,CT9080K2
PSO4625,AT408
PSO4625,PSO4525
PSO4625,AT475A
PSO4625,PDR3000A
PSO4625,SDG10S25F
PSO4625,AT425R
PSO4625,CTR861AK2
MGM10C,SRPCR4700
MGM10C,F80
MGM10C,FXK3
MGM10C,SGD2BR
MGM10C,SGD8BR
MGM10C,ATECH2FR125B
MGM10C,FX1
MGM10C,SGD6BR
MGM10C,SIMM190
MGM10C,SIMM170
EXD35A,307ESAY
EXD35A,PBMP703A
EXD35A,AWSG800A
EXD35A,BLPPB704
EXD35A,AWSGM800A
EXD35A,OXKRM705
EXD35A,TDTDM500B
EXD35A,IPL32C
EXD35A,IPL34C
EXD35A,IPL38C
AWSG08A,SGD8BR
AWSG08A,ATECH3FR300B
AWSG08A,SGDP31IRBR
AWSG08A,PPC4A
AWSG08A,SRPCR4700
AWSG08A,GFAT1E
AWSG08A,SGASA204CR
AWSG08A,SIMM150A
AWSG08A,PPC103A
AWSG08A,SPBS8AR
AWS13-3,SGDX80BR
AWS13-3,SIMM160A
AWS13-3,FXK3
AWS13-3,FHLF80A
AWS13-3,96ACF
AWS13-3,SIMM150A
AWS13-3,GFAT1E
AWS13-3,FX1
AWS13-3,SGD6BR
AWS13-3,A2A
212SFSMY,LP10WR
212SFSMY,2004BSKA
212SFSMY,SEPPREMETA
212SFSMY,212FSMY
212SFSMY,211SFSY
212SFSMY,117TMM
212SFSMY,317AMMPC
212SFSMY,206EAU
212SFSMY,AC5C
212SFSMY,UIM225
AWBSGM8A,PL400B
AWBSGM8A,PPC103A
AWBSGM8A,SRPCR4700
AWBSGM8A,SIMM150A
AWBSGM8A,SPBS704AR
AWBSGM8A,FX1
AWBSGM8A,FXK3
AWBSGM8A,47ACF
AWBSGM8A,SGD2BR
AWBSGM8A,SIMM200
ASGP102BR,UTS105A
ASGP102BR,A161B
ASGP102BR,A177A
ASGP102BR,A179A
ASGP102BR,PBN500
ASGP102BR,SGA1714B
ASGP102BR,SGTT2B
ASGP102BR,SGTT10B
ASGP102BR,AVSNP01160
ASGP102BR,PPCSG710
A3046,TM65
A3046,TMC104E
A3046,TM83A
A3046,A3042
A3046,GMB3042
A3046,GFAT1E
A3046,GSAF1F
A3046,VO1416B
A3046,VO1012B
A3046,VO1820B
KRA2422PCM,KRA4114FPBO
KRA2422PCM,A277
KRA2422PCM,KRA2422PBO
KRA2422PCM,KWSN2455AST
KRA2422PCM,KRWT2411
KRA2422PCM,KWSP2455ABL
KRA2422PCM,KWSN2455ABL
KRA2422PCM,KWSP2455AST
KRA2422PCM,KCP1422PBO
KRA2422PCM,KRA2411PBO
AWBSG06A,SGD6BR
AWBSG06A,FHLF80A
AWBSG06A,SPBS8AR
AWBSG06A,FXK6
AWBSG06A,F80
AWBSG06A,SRPCR4700
AWBSG06A,96ACF
AWBSG06A,SGDP42IRBR
AWBSG06A,SPBS18AR
AWBSG06A,GFAT1E
SGDXL80BR,SGDX40BR
SGDXL80BR,SGDTX90BR
SGDXL80BR,SGASA104BR
SGDXL80BR,SGDXXL20BR
SGDXL80BR,SGDTX315BR
SGDXL80BR,OEXS709B
SGDXL80BR,OXI707BK
SGDXL80BR,SG4ASHBR
SGDXL80BR,908CF
SGDXL80BR,XO605
AWBMCG1605,SIMM180
AWBMCG1605,SGD4BR
AWBMCG1605,SIMM210
AWBMCG1605,SIMM190
AWBMCG1605,TMU8B
AWBMCG1605,SRPCR3800
AWBMCG1605,47ACF
AWBMCG1605,SHD1R
AWBMCG1605,PPC103A
AWBMCG1605,SGASA204CR
AWS13-13,PL400B
AWS13-13,SRPCR4700
AWS13-13,TMXK60
AWS13-13,T72
AWS13-13,47ACF
AWS13-13,SPBS18AR
AWS13-13,SIMM160A
AWS13-13,SIMM240
AWS13-13,96ACF
AWS13-13,SIMM170
PTGR100,PTGR110
PTGR100,PTC250
PTGR100,PSO4625
PTGR100,SAG03S12
PTGR100,PDR3000A
PTGR100,SAG03S20
PTGR100,VWB8B
PTGR100,PTGR450
PTGR100,MG1250
PTGR100,AT109
TMD9,TMD16
TMD9,TMD6
TMD9,TMD7
TMD9,TMD11
TMD9,TMD14
TMD9,TMD18
TMD9,TMD12
TMD9,TMD10
TMD9,SGDE220ESD
TMD9,VO3032B
FBST338,TPM16
FBST338,FB360C
FBST338,FB316B
FBST338,RULER601
FBST338,YA4000B
FBST338,ECHDD012A
FBST338,TDG1
FBST338,JT13B
FBST338,EEDM504F
FBST338,BB9008
IM140A,IM200
IM140A,IM240
IM140A,IM180A
IM140A,IM160A
IM140A,SIM180A
IM140A,IM260
IM140A,IM320
IM140A,309SIMYA
IM140A,SR40K
IM140A,SIM160A
KCP1422PWZ,KWSN2455ABL
KCP1422PWZ,KWSN2455AST
KCP1422PWZ,KWSP2455AST
KCP1422PWZ,KWSP2455ABL
KCP1422PWZ,KRWT2411
KCP1422PWZ,KCP2422PBO
KCP1422PWZ,KRBC100ABN
KCP1422PWZ,YA389A
KCP1422PWZ,KRA6200FPBO
KCP1422PWZ,KRSC430APBO7
MG325,MG325
MG325,AT118
MG325,DBTB121
MG325,PTR72
MG325,MG725A
MG325,PTR2500
MG325,PTR2505
MG325,PT850
MG325,MG1250
MG325,PTGR110
TW261,TW141A
TW261,TW281
TW261,TW321
TW261,TW361
TW261,TW301
TW261,TW241
TW261,TW181A
TW261,BHS7A
TW261,TWM25
TW261,1210B
SGD4BR,SGDP31IRBR
SGD4BR,SGDP42IRBR
SGD4BR,SGD2BR
SGD4BR,SGD6BR
SGD4BR,SGD8BR
SGD4BR,SGDP64IRBR
SGD4BR,SGDP63IRBR
SGD4BR,OEXM6B
SGD4BR,206EAU
SGD4BR,218AFP
SGTT3B,PALMRAT
SGTT3B,PHP2A
SGTT3B,SGTT110B
SGTT3B,SGTT9B
SGTT3B,SGTT8B
SGTT3B,SGTT1B
SGTT3B,SGTT5B
SGTT3B,SGTT7B
SGTT3B,SGTT10B
SGTT3B,SGTT6B
CAL6EBR,SVTS272A
CAL6EBR,CAL6EBR
CAL6EBR,ECSPH271
CAL6EBR,GA3634A
CAL6EBR,CAL6EA
CAL6EBR,RADKITULTRA
CAL6EBR,TPGDL2000
CAL6EBR,OC5A
CAL6EBR,GA460B
CAL6EBR,PGP50
FHBB12AG,SHBB24
FHBB12AG,FHBB18A
FHBB12AG,FTX60E
FHBB12AG,BP24B
FHBB12AG,BT11
FHBB12AG,THL72
FHBB12AG,FM18
FHBB12AG,FM11
FHBB12AG,FM16
FHBB12AG,FM13
PKN10,SIMM210
PKN10,SPBS12AR
PKN10,SRPCR4700
PKN10,SGASA204CR
PKN10,47ACF
PKN10,SPBS704AR
PKN10,SGDP42IRBR
PKN10,BLPTHC87
PKN10,96ACF
PKN10,PPC4A
PPB30AK,HBBT16
PPB30AK,PPC210BK
PPB30AK,PPCL60BK
PPB30AK,BLPHS1414
PPB30AK,BLPH1219
PPB30AK,110ETMAY
PPB30AK,214SFY
PPB30AK,TD9902C
PPB30AK,SGDMRC11A
PPB30AK,TL72
PKN1,SIMM150A
PKN1,FXK3
PKN1,SGASA204CR
PKN1,FXK6
PKN1,PL400B
PKN1,F80
PKN1,GFAT1E
PKN1,SIMM170
PKN1,SRPCR3800
PKN1,SGD2BR
LP5WR,LP7R
LP5WR,LP6LN
LP5WR,LP7WR
LP5WR,LP10R
LP5WR,LP10WR
LP5WR,AWP45
LP5WR,SSDMR4BR
LP5WR,388ACF
LP5WR,61CF
LP5WR,SGDMRC11A
PPC208A,PPC210A
PPC208A,PPC204A
PPC208A,PPC203A
PPC208A,PPC206A
PPC208A,PPC816B
PPC208A,PPC4A
PPC208A,RXS605B
PPC208A,AWM140DK
PPC208A,BLPPB704
PPC208A,BP40B
TW401,TW381
TW401,TW481
TW401,TW441
TW401,TW421
TW401,TWM26
TW401,TW461
TW401,TWM28
TW401,FA12LE
TW401,GF22
TW401,SA16E
MS4A,SGDP31IRBR
MS4A,ATECH2FR125B
MS4A,SGASA204CR
MS4A,SPBS8AR
MS4A,FX1
MS4A,SIMM160A
MS4A,SIMM170
MS4A,SGD6BR
MS4A,T72
MS4A,SGD8BR
TMA2.5E,TMA3E
TMA2.5E,TMA5E
TMA2.5E,TMA6E
TMA2.5E,XS2024A
TMA2.5E,TMA8E
TMA2.5E,TMA4E
TMA2.5E,XS1012A
TMA2.5E,XS1618A
TMA2.5E,PKN9
TMA2.5E,SGDE220ESD
XFRRM705,XFRR704
XFRRM705,SGA1714B
XFRRM705,IPLM11C
XFRRM705,IPLM10C
XFRRM705,IPLM12C
XFRRM705,SGA102BR
XFRRM705,IPLM16C
XFRRM705,IPLM14C
XFRRM705,IPLM19C
XFRRM705,ATECHFSET02R
SGDP31IRBG,SGD4BR
SGDP31IRBG,SGDP42IRBR
SGDP31IRBG,SGD2BR
SGDP31IRBG,SGD6BR
SGDP31IRBG,SGD8BR
SGDP31IRBG,SGDP64IRBR
SGDP31IRBG,SGDP63IRBR
SGDP31IRBG,222AFSP
SGDP31IRBG,AWMG9
SGDP31IRBG,SN18B
SGASA204CO,AWM110DHK
SGASA204CO,GF22
SGASA204CO,206EAU
SGASA204CO,PRH57A
SGASA204CO,HD6529
SGASA204CO,UPT35
SGASA204CO,117TMM
SGASA204CO,RC980
SGASA204CO,FAML6E
SGASA204CO,SGT4BR
TM77,XS2024A
TM77,XS2226A
TM77,XS1618A
TM77,VO1012B
TM77,TM408
TM77,SGDEL10ESD
TM77,TM82
TM77,TMC104E
TM77,TM410
TM77,TM5
FHNF100G,SGD2BR
FHNF100G,FXK3
FHNF100G,SPBS18AR
FHNF100G,GFAT1E
FHNF100G,SGASA204CR
FHNF100G,SGDP42IRBR
FHNF100G,SIMM240
FHNF100G,SPBS704AR
FHNF100G,SIMM170
FHNF100G,SRPCR3800
PWZ1A,PWZ0A
PWZ1A,PWZ3A
PWZ1A,PWZ4
PWZ1A,PWZ2A
PWZ1A,PWZ5
PWZ1A,LSRM2000
PWZ1A,LSR1000EXT
PWZ1A,TMM4
PWZ1A,117TMM
PWZ1A,AD12C
OEX714KB,OEX10B
OEX714KB,218AFSP
OEX714KB,313SYA
OEX714KB,SWM111A
OEX714KB,ACT1370
OEX714KB,TWM29
OEX714KB,TWM26
OEX714KB,PPB826A
OEX714KB,TWM25
OEX714KB,1210B
ECFDF108G,EEBC30A12V
ECFDF108G,EEPV509
ECFDF108G,EECT400
ECFDF108G,ECHDD012A
ECFDF108G,ECSPH271
ECFDF108G,TDG1
ECFDF108G,SVTSRAD272U
ECFDF108G,YAKS42
ECFDF108G,MTTL800
ECFDF108G,RULER602
ECPRL092,GLOVE300BL
ECPRL092,MAGDISH
ECPRL092,ECPRA072
ECPRL092,ECPNJ032
ECPRL092,ECARL032R
ECPRL092,ECPNI032R
ECPRL092,ECHDF042
ECPRL092,MAGMAT
ECPRL092,TPGDL2000
ECPRL092,JCK7DBL
IMM230,IMM200
IMM230,IMM240
IMM230,IMM220
IMM230,IMM210
IMM230,IMM190
IMM230,IMM180
IMM230,IMM170A
IMM230,IMM140A
IMM230,IM120A
IMM230,IM260
MRB15B,MRB15B
MRB15B,AT4101
MRB15B,ACT1290A
MRB15B,MRB10B
MRB15B,MRB5B
MRB15B,MAGMAT
MRB15B,MAGDISH
MRB15B,MAGMICRO
MRB15B,MAGMINI
MRB15B,MAGSTRIP
WHM1,SHN36
WHM1,TR117O
WHM1,BTCP500
WHM1,207IMFLE
WHM1,IMFLE80A
WHM1,IMFLE120A
WHM1,HCP10
WHM1,FLE140A
WHM1,BTCP600
WHM1,PBN500
PCSG820,PPSG203
PCSG820,F4LB
PCSG820,PHT5
PCSG820,PCSG816
PCSG820,PPSG206
PCSG820,PPSG106
PCSG820,PPSG105
PCSG820,PPSG103
PCSG820,PPSG205
PCSG820,PPSG4
PBN7,PPC103A
PBN7,96ACF
PBN7,SIMM180
PBN7,91ACP
PBN7,FHLF80A
PBN7,SRPCR3800
PBN7,FU8A
PBN7,SPBS12AR
PBN7,PL400B
PBN7,SGDX80BR
AWMG9-5,FXK3
AWMG9-5,SGDP42IRBR
AWMG9-5,96ACF
AWMG9-5,SPBS704AR
AWMG9-5,91ACP
AWMG9-5,PPC4A
AWMG9-5,SGD6BR
AWMG9-5,SHD1R
AWMG9-5,PL400B
AWMG9-5,TMXK4
AWBCG1608,AWBCG1612
AWBCG1608,AWBCG1610
AWBCG1608,PPC4A
AWBCG1608,FX1
AWBCG1608,BLPTHC87
AWBCG1608,FXK6
AWBCG1608,FXK3
AWBCG1608,ATECH2FR125B
AWBCG1608,SGD6BR
AWBCG1608,TMXK2
DBTB121,CTS561BITSET
DBTB121,VWB8B
DBTB121,AT109
DBTB121,PSO4625
DBTB121,MG325
DBTB121,MG725A
DBTB121,PH3050BR
DBTB121,PT850
DBTB121,PH1050
DBTB121,CTQ838DB
IPL18C,IPL22C
IPL18C,IPL20C
IPL18C,IPL26C
IPL18C,IPL28C
IPL18C,IPL30C
IPL18C,IPL40C
IPL18C,IPLM12C
IPL18C,IPLM13C
IPL18C,IPLM16C
IPL18C,IPLM14C
PPSG205,106BTMX
PPSG205,FX1
PPSG205,HBBD16
PPSG205,PPSG203
PPSG205,PPSG206
PPSG205,PPSG106
PPSG205,PCSG820
PPSG205,PPSG103
PPSG205,PCSG816
PPSG205,PCSG812
FM17,FM19
FM17,FM14
FM17,FM13
FM17,FM12
FM17,FM16
FM17,FM11
FM17,FM10
FM17,218AFSP
FM17,AWMEF8K
FM17,SW181A
210RAFSMA,112RTMA
210RAFSMA,112RTSMA
210RAFSMA,SSDMRT8A
210RAFSMA,F80MP
210RAFSMA,SX24
210RAFSMA,AWSGT800A
210RAFSMA,206EFABLM
210RAFSMA,FRW10
210RAFSMA,FC72
210RAFSMA,SHN36
HBBD32,HBBD16
HBBD32,305SIMMY
HBBD32,SOEX40
HBBD32,SIMM290
HBBD32,SIMM350
HBBD32,LDH362
HBBD32,LDH442
HBBD32,LDH462
HBBD32,LDH602
HBBD32,SOEX704
HBFE32,QD3RN350A
HBFE32,HBFE48
HBFE32,TWM27
HBFE32,TWM25
HBFE32,UTS105A
HBFE32,210EFTXRY
HBFE32,SS5A
HBFE32,AWS13
HBFE32,PT28E
HBFE32,DS806AK
PTR2505O,PH3050BR
PTR2505O,PTR2500
PTR2505O,PDR5000A
PTR2505O,PTR2505
PTR2505O,PTR72
PTR2505O,PDR3000A
PTR2505O,MG325
PTR2505O,PT338
PTR2505O,PTGR110
PTR2505O,PT850
AWBMCG1600,AWBCG1600
AWBMCG1600,SRPCR105
AWBMCG1600,LN46ACF
AWBMCG1600,SHLX80A
AWBMCG1600,LN47ACF
AWBMCG1600,SRPCR4700
AWBMCG1600,SRPCR3800
AWBMCG1600,PL400B
AWBMCG1600,47ACF
AWBMCG1600,SPBS12AR
FSM71,FSM61
FSM71,SFSM7
FSM71,SFSM6
FSM71,SFSM20
FSM71,SFSM21
FSM71,STMM4.5
FSM71,TMM4.5
FSM71,STMM4
FSM71,AW7D
FSM71,TMM16
KRSC326FPDG,KRA2007FPBO
KRSC326FPDG,KWSP2455AST
KRSC326FPDG,PLRK30
KRSC326FPDG,KRSC430APBO7
KRSC326FPDG,KRA5311FPBO
KRSC326FPDG,KRA2407PBO
KRSC326FPDG,KRA2422PBO
KRSC326FPDG,KCP2422PBO
KRSC326FPDG,KRSC46HPBO
KRSC326FPDG,KRA2411PBO
TMM5.5,TMM14
TMM5.5,STMM5.5
TMM5.5,TMM11
TMM5.5,TMM6
TMM5.5,TMM15
TMM5.5,TMM8
TMM5.5,STMM15
TMM5.5,TMM9
TMM5.5,TMM12
TMM5.5,STMM5
TMUS141A,FAML6E
TMUS141A,FRX181
TMUS141A,SA16E
TMUS141A,SAM19E
TMUS141A,KAC1224TCA
TMUS141A,GF22
TMUS141A,STX70E
TMUS141A,9100GSM
TMUS141A,YA2850A
TMUS141A,RC980
307ESAMY,307ESAY
307ESAMY,206EFAML
307ESAMY,IPL38C
307ESAMY,STX60E
307ESAMY,IPL30C
307ESAMY,211EFAMY
307ESAMY,208EFAY
307ESAMY,210EFTAMY
307ESAMY,SA16E
307ESAMY,1512B
VWBL400,DB129C
VWBL400,CTR867AK2
VWBL400,CTNN13KF
VWBL400,MG725A
VWBL400,PTB32K
VWBL400,PTGR110
VWBL400,CTR862DB
VWBL400,AT700F
VWBL400,CTS561BITSET
VWBL400,PTGR450
312IMM,312SIMM
312IMM,TFM7530B
312IMM,TWM30
312IMM,TWM32
312IMM,VGP12412
312IMM,IM220
312IMM,S9711KA
312IMM,IM140A
312IMM,IM280
312IMM,IM260
9100GSM,SA16E
9100GSM,FA12LE
9100GSM,FAML6E
9100GSM,KAC1224TCA
9100GSM,FRX181
9100GSM,HD6529
9100GSM,RC980
9100GSM,SAM19E
9100GSM,FTXB55E
9100GSM,FTXB45E
LN47ACF,LN46ACF
LN47ACF,HL138ACP
LN47ACF,388ACF
LN47ACF,LP6LN
LN47ACF,PPC5A
LN47ACF,PL344BCF
LN47ACF,PWZ1A
LN47ACF,AWP160
LN47ACF,PWCSS7ACF
LN47ACF,86ACF
A161B,A177A
A161B,A159
A161B,A179A
A161B,S9614A
A161B,S6103A
A161B,YA109C
A161B,GA243
A161B,VGP22418
A161B,BF775C-A
A161B,14V
QD3250A,QD1R50A
QD3250A,QD2R200A
QD3250A,QD2FR75B
QD3250A,QD2R100A
QD3250A,OEXL707B
QD3250A,QD1R200A
QD3250A,BP40B
QD3250A,IPL16C
QD3250A,IPL22C
QD3250A,313SMYA
PL330ACFO,PL803A
PL330ACFO,HBBD56
PL330ACFO,SGDXL80BR
PL330ACFO,SGD4120BR
PL330ACFO,490CF
PL330ACFO,HBFE103
PL330ACFO,912AEP
PL330ACFO,29ACF
PL330ACFO,SG7ASABR
PL330ACFO,SGASA104BR
YA4190A,IM1PT
YA4190A,SVTS272A
YA4190A,ECHDD012A
YA4190A,ECHDF042
YA4190A,MAGDISH
YA4190A,GLASS30R
YA4190A,BB9008
YA4190A,ECHDD012AR
YA4190A,ECARL032R
YA4190A,RULER601
IMM360,FRX181
IMM360,STX70E
IMM360,HD6529
IMM360,TW481
IMM360,SA16E
IMM360,FAML6E
IMM360,FABLM5E
IMM360,GF22
IMM360,FA12LE
IMM360,SAM19E
A2A,TA3
A2A,GFAT1E
A2A,GLAS1F
A2A,XS67A
A2A,VO1012B
A2A,SGDEL10ESD
A2A,XS810A
A2A,TMC106E
A2A,TM65
A2A,TM82
PKN2,SIM180A
PKN2,SIM300
PKN2,SIM340
PKN2,SIM200
PKN2,SIM260
PKN2,SIM320
PKN2,SIM240
PKN2,SIM280
PKN2,IM280
PKN2,IM260
KRA4114FPJJ,KRA4107FPBO
KRA4114FPJJ,KRA4813FPBO
KRA4114FPJJ,KRSC326FPBO
KRA4114FPJJ,YA438B
KRA4114FPJJ,KWSN2455AST
KRA4114FPJJ,KRA6200FPBO
KRA4114FPJJ,KCP1422PBO
KRA4114FPJJ,KRSC46HPBO
KRA4114FPJJ,KRWT2411
KRA4114FPJJ,PLRK30
OEXSM710B,OEXS709B
OEXSM710B,SVSM807A
OEXSM710B,OXIM710B
OEXSM710B,OEX080B
OEXSM710B,TFM7530B
OEXSM710B,TWM30
OEXSM710B,TWM32
OEXSM710B,206EFABLM
OEXSM710B,S9711KA
OEXSM710B,OEXM8B
AWML2D,PPC103A
AWML2D,SGASA204CR
AWML2D,PL400B
AWML2D,SGD8BR
AWML2D,SGD6BR
AWML2D,TMXK2
AWML2D,SHD1R
AWML2D,SGD2BR
AWML2D,SGDX80BR
AWML2D,SIMM200
AWML6D,FHLF80A
AWML6D,SPBS12AR
AWML6D,SGD4BR
AWML6D,PL400B
AWML6D,SGDX80BR
AWML6D,47ACF
AWML6D,F80
AWML6D,SPBS18AR
AWML6D,SGDP31IRBR
AWML6D,SRPCR3800
PL1000STARTG,SGDMRC108A
PL1000STARTG,ATECHFSET02R
PL1000STARTG,SVSM807A
PL1000STARTG,FADH8C
PL1000STARTG,FADH10C
PL1000STARTG,208EPIT
PL1000STARTG,313TWYA
PL1000STARTG,SIM360
PL1000STARTG,SIM400
PL1000STARTG,HBFE103
OEX707B,OEXM707B
OEX707B,206AFSP
OEX707B,OEX10B
OEX707B,OEX8B
OEX707B,211FSY
OEX707B,OEXM710B
OEX707B,AWEF9K
OEX707B,FS161
OEX707B,TN72
OEX707B,WTG10A
S6103A,S9538A
S6103A,S9614A
S6103A,A179A
S6103A,GA243
S6103A,14V
S6103A,OXIM7B
S6103A,OXIM6B
S6103A,PK52A
S6103A,LDT8
S6103A,CJ2001P
AWBSGM10A,SGDP42IRBR
AWBSGM10A,SGD4BR
AWBSGM10A,96ACF
AWBSGM10A,ATECH3FR300B
AWBSGM10A,TMXK60
AWBSGM10A,SPBS12AR
AWBSGM10A,SGD6BR
AWBSGM10A,F80
AWBSGM10A,SRPCR4700
AWBSGM10A,TMU8B
SW381,SW401
SW381,XS1820A
SW381,XS2226A
SW381,XS1214A
SW381,VO2224B
SW381,VO1820B
SW381,VO1012B
SW381,XS810A
SW381,SGDEL10ESD
SW381,TM82
SIMM340,SIMM300
SIMM340,SIMM360
SIMM340,SIMM320
SIMM340,SIMM350
SIMM340,OEXM9B
SIMM340,OEXM8B
SIMM340,OFW3
SIMM340,SWM111A
SIMM340,310TWMYA
SIMM340,STMM4
IMM200,IMM230
IMM200,IMM210
IMM200,IMM220
IMM200,IMM240
IMM200,IMM190
IMM200,IMM180
IMM200,IM120A
IMM200,IM320
IMM200,IM160A
IMM200,IM280
TMMS5.5,TMMS9
TMMS5.5,TMMS6
TMMS5.5,TMMS13
TMMS5.5,TMMS10
TMMS5.5,TMMS7
TMMS5.5,TMMS14
TMMS5.5,TMMS8
TMMS5.5,TMMS15
TMMS5.5,TMMS4.5
TMMS5.5,TMMS4
TPGDL2000,TDG2
TPGDL2000,CAL6EBR
TPGDL2000,TDG1
TPGDL2000,ACT73A
TPGDL2000,EECS150
TPGDL2000,BB9008
TPGDL2000,GA296B
TPGDL2000,ECPNG032
TPGDL2000,EEDM504F
TPGDL2000,JT13B
TW141A,TW261
TW141A,TW281
TW141A,TW221
TW141A,TW161A
TW141A,TW181A
TW141A,TW301
TW141A,TW321
TW141A,TW361
TW141A,TW401
TW141A,TWM25
SGTT9B,SGTT1B
SGTT9B,SGTT2B
SGTT9B,SGTT8B
SGTT9B,SGTT10B
SGTT9B,SGTT5B
SGTT9B,SGTT6B
SGTT9B,BLPPB704
SGTT9B,PWC48
SGTT9B,SGA1713B
SGTT9B,PALMRAT
1512B,BPPC1878
1512B,SW401
1512B,SW381
1512B,1210B
1512B,PW18C
1512B,SOEX40
1512B,PPC20LB
1512B,AC58E
1512B,A177A
1512B,AC5C
ECPNJ032,EECR1C
ECPNJ032,ECPRL092
ECPNJ032,SOSG01BKCL01
ECPNJ032,ECPNI032R
ECPNJ032,TIF160
ECPNJ032,GLOVE300BL
ECPNJ032,ECHDF042
ECPNJ032,MAGSTRIP
ECPNJ032,YAKS42
ECPNJ032,ECHDD012A
GLOVE600LG,GLASS30R
GLOVE600LG,CLRPW75
GLOVE600LG,EECR5A
GLOVE600LG,GLOVE309L
GLOVE600LG,GLOVE300BL
GLOVE600LG,GLOVE1100L
GLOVE600LG,SOSG01BKCL01
GLOVE600LG,GLASS90BYEAR
GLOVE600LG,GLOVE900LR
GLOVE600LG,GLOVE505RL
HBFE103,SRPCR112
HBFE103,HBBD16
HBFE103,PBS704
HBFE103,650
HBFE103,HBBD56
HBFE103,SG7ASABR
HBFE103,SG4ASHBR
HBFE103,PPC208A
HBFE103,SHN36
HBFE103,SG4ASABR
PBN2,PBN1
PBN2,SGDE230ESD
PBN2,SGDEP20ESD
PBN2,SGDE225ESD
PBN2,TMU101A
PBN2,PPK300
PBN2,AWP45
PBN2,TMA5E
PBN2,TMA8E
PBN2,TMA4E
GSAF1F,GLAS1F
GSAF1F,XS1820A
GSAF1F,XS1012A
GSAF1F,VO2224B
GSAF1F,VO2628B
GSAF1F,VO3032B
GSAF1F,VO1820B
GSAF1F,VO1012B
GSAF1F,VO1416B
GSAF1F,TM412
ACT1290A,ACTR4151A
ACT1290A,ACT1290A
ACT1290A,ACT51234A
ACT1290A,ACT9103
ACT1290A,ACT2105
ACT1290A,ACT413A
ACT1290A,AT4124
ACT1290A,AT4135
ACT1290A,ACT925
ACT1290A,RULER602
AWL3-1/2D,SGDP42IRBR
AWL3-1/2D,SIMM240
AWL3-1/2D,F80
AWL3-1/2D,91ACP
AWL3-1/2D,TMXK4
AWL3-1/2D,FXK3
AWL3-1/2D,FX1
AWL3-1/2D,ATECH2FR125B
AWL3-1/2D,A2A
AWL3-1/2D,SGDP31IRBR
CGRS865DB,CTB8174
CGRS865DB,CTINF9010
CGRS865DB,CTR867AK2
CGRS865DB,VWB8B
CGRS865DB,PH1038
CGRS865DB,PH3050BR
CGRS865DB,PT850
CGRS865DB,CTR861AK2
CGRS865DB,PTB32K
CGRS865DB,AT118
CDR4P11L3DB,DB121C
CDR4P11L3DB,PH1050
CDR4P11L3DB,CT825DB
CDR4P11L3DB,PTR72
CDR4P11L3DB,AT109
CDR4P11L3DB,DB129C
CDR4P11L3DB,PT850
CDR4P11L3DB,MG725A
CDR4P11L3DB,CTB8174
CDR4P11L3DB,CTR867AK2
PBMP8A,PBMP16A
PBMP8A,PBMP12A
PBMP8A,305ASX
PBMP8A,SN24C
PBMP8A,SX2
PBMP8A,SHD2R
PBMP8A,SHD6R
PBMP8A,SHD4R
PBMP8A,SPBS704AR
PBMP8A,SPBS8AR
ACTR4151A,ACT413A
ACTR4151A,RADKITULTRA
ACTR4151A,MTTL700
ACTR4151A,ACT9103
ACTR4151A,ACTR1234YF
ACTR4151A,ACT1290A
ACTR4151A,ACT1297
ACTR4151A,TEMP200
ACTR4151A,ACT925
ACTR4151A,ACT407
2003LN,PPCSG710
2003LN,LSR1580
2003LN,LSR1000EXT
2003LN,FTX50E
2003LN,FTX45E
2003LN,411CF
2003LN,HBBD16
2003LN,THLF72
2003LN,PBN500
2003LN,S9706KRA
S261,S321
S261,XS1416A
S261,XS1214A
S261,VO2628B
S261,VO1820B
S261,VO1012B
S261,SGDEL10ESD
S261,XS810A
S261,TM412
S261,TM82
TMD8,FA12LE
TMD8,TMD16
TMD8,TMD12
TMD8,TMD18
TMD8,TMD7
TMD8,TMD14
TMD8,XS1416A
TMD8,XS1214A
TMD8,VO2628B
TMD8,TM84
CGG861DB,CTRS761ADB
CGG861DB,CTCO861K2
CGG861DB,CT825DB
CGG861DB,CTB8174
CGG861DB,AT109
CGG861DB,CTC772A
CGG861DB,MG725A
CGG861DB,DB121C
CGG861DB,CTB8187
CGG861DB,AT2050
KRA5311FPC,KRA4059FPBO
KRA5311FPC,PLRK27
KRA5311FPC,A277
KRA5311FPC,KWSP2455AST
KRA5311FPC,KCP1422PBO
KRA5311FPC,KRSC430APBO7
KRA5311FPC,KASS13
KRA5311FPC,KRSC323PBO
KRA5311FPC,MRB12B
KRA5311FPC,PLRK21
PTGR110G,PTGR100
PTGR110G,PTC250
PTGR110G,PDR3000A
PTGR110G,PSO4625
PTGR110G,PTR2500
PTGR110G,PTR2505
PTGR110G,VWB8B
PTGR110G,PTGR450
PTGR110G,PTR72
PTGR110G,DBTB121
PT5C,PTIM5
PT5C,BP16B
PT5C,GF22
PT5C,FRX181
PT5C,TW481
PT5C,HD6529
PT5C,317MSPC
PT5C,AWL1010DK
PT5C,FAML6E
PT5C,114ATMP
QD3R250A,QD2R100A
QD3R250A,TWM26
QD3R250A,OEXM9B
QD3R250A,222AFSP
QD3R250A,TWM28
QD3R250A,SIMM340
QD3R250A,305SIMMY
QD3R250A,414AHD
QD3R250A,BP32B
QD3R250A,SIMM300
SFSM14,SFSM13
SFSM14,SFSM17
SFSM14,SFSM10
SFSM14,SFSM12
SFSM14,SFSM16
SFSM14,SFSM18
SFSM14,SFSM19
SFSM14,SFSM8
SFSM14,SFSM11
SFSM14,212FSMY
CDR9015DB,CTC131A
CDR9015DB,DB129C
CDR9015DB,PT850
CDR9015DB,PTR2505
CDR9015DB,CTB8174
CDR9015DB,CTINF9010
CDR9015DB,PTR2500
CDR9015DB,CTR861AK2
CDR9015DB,PTGR450
CDR9015DB,DBBPT13
KRA2422PU,KRSC343PBO
KRA2422PU,KRA2422PBO
KRA2422PU,KRA2007FPBO
KRA2422PU,KWSN2455AST
KRA2422PU,KRWT2411
KRA2422PU,KWSP2455ABL
KRA2422PU,KWSN2455ABL
KRA2422PU,KWSP2455AST
KRA2422PU,KCP1422PBO
KRA2422PU,KRA2411PBO
HL138ACP,PWZ2A
HL138ACP,AD8C
HL138ACP,AD6C
HL138ACP,912AEP
HL138ACP,388ACF
HL138ACP,AWPBX10
HL138ACP,915CF
HL138ACP,AD10C
HL138ACP,415CF
HL138ACP,AD12C
SW301,SW321
SW301,SW281
SW301,SW361
SW301,SW141A
SW301,SW161A
SW301,SW241
SW301,SW201
SW301,XS2024A
SW301,XS1214A
SW301,VO1820B
IMM240,IMM220
IMM240,IMM230
IMM240,IMM210
IMM240,IMM200
IMM240,IMM190
IMM240,IMM180
IMM240,IMM170A
IMM240,IMM160A
IMM240,IMM130A
IMM240,IM120A
AWBS13,AWMBS9
AWBS13,AWTXL8
AWBS13,BHM9A
AWBS13,AWTR8
AWBS13,OEX080B
AWBS13,AF102
AWBS13,ADCF8
AWBS13,PPC210A
AWBS13,XO605
AWBS13,FXWP3
IMM110A,IMM120A
IMM110A,IMM100A
IMM110A,IMM130A
IMM110A,IMM140A
IMM110A,IMM180
IMM110A,IMM160A
IMM110A,IMM190
IMM110A,IM120A
IMM110A,IM320
IMM110A,IM300
FA10E,10R
FA10E,FA8E
FA10E,FA12E
FA10E,HD6529
FA10E,TW481
FA10E,KAC1224TCA
FA10E,STX70E
FA10E,YA2850A
FA10E,FTXB45E
FA10E,211EFAMY
ECHDF042O,ECPNI032R
ECHDF042O,ECPNJ032
ECHDF042O,ECPNH012
ECHDF042O,ECHDD012A
ECHDF042O,ECHDD012AR
ECHDF042O,GLASS50R
ECHDF042O,TPGDL2000
ECHDF042O,AT4101
ECHDF042O,ECSPH271
ECHDF042O,JCK8
ASGP102BG,UTS105A
ASGP102BG,A161B
ASGP102BG,A177A
ASGP102BG,A179A
ASGP102BG,PBN500
ASGP102BG,SGA1713B
ASGP102BG,SGTT1B
ASGP102BG,SGTT3B
ASGP102BG,AVSNP01160
ASGP102BG,SGTT4B
KRA2422PJJ,KRSC326FPBO
KRA2422PJJ,KRSC46HPBO
KRA2422PJJ,KRA2422PBO
KRA2422PJJ,KWSN2455AST
KRA2422PJJ,KRWT2411
KRA2422PJJ,KWSP2455ABL
KRA2422PJJ,KWSN2455ABL
KRA2422PJJ,KWSP2455AST
KRA2422PJJ,KCP1422PBO
KRA2422PJJ,KRA2411PBO
BB9008,TPM16EM
BB9008,SOSG01BKCL01
BB9008,EECT400
BB9008,ECARL032R
BB9008,RULER601
BB9008,JCK8
BB9008,ECPNH012
BB9008,EEDM525F
BB9008,EEBC30A12V
BB9008,MTTL800
AWBCG1624,AWBCG1620
AWBCG1624,SGDX80BR
AWBCG1624,ATECH2FR125B
AWBCG1624,SPBS8AR
AWBCG1624,SIMM190
AWBCG1624,SIMM220
AWBCG1624,FHLF80A
AWBCG1624,SIMM150A
AWBCG1624,SIMM160A
AWBCG1624,SRPCR3800
SW221,S321
SW221,SW181A
SW221,SW241
SW221,SW161A
SW221,SW201
SW221,SW361
SW221,SW321
SW221,SW301
SW221,SW281
SW221,R1618SC
AWBPH13,AWMBPH9
AWBPH13,AWBMXL9
AWBPH13,AWTPH8
AWBPH13,STMM4
AWBPH13,HSPD16
AWBPH13,TWM27
AWBPH13,AD10C
AWBPH13,208CCP
AWBPH13,BTC3A
AWBPH13,211FSY
SHD6G,SHD2R
SHD6G,SHDP42IRR
SHD6G,SHDP31IRR
SHD6G,SHD4R
SHD6G,SHDP63IRR
SHD6G,SHD1R
SHD6G,TWM25
SHD6G,TWM26
SHD6G,313SYA
SHD6G,TW401
SHD6O,SHD2R
SHD6O,SHDP42IRR
SHD6O,SHDP31IRR
SHD6O,SHD4R
SHD6O,SHDP63IRR
SHD6O,SHD1R
SHD6O,TWM26
SHD6O,PPCD70BK
SHD6O,S321
SHD6O,SN15B
XB605A,XBM605A
XB605A,OXIM9B
XB605A,XO605
XB605A,OEXS709B
XB605A,OXI707BK
XB605A,OXIM710B
XB605A,211FCOA
XB605A,AWBSG800A
XB605A,307IPLY
XB605A,PPC210A
AWTXL8-T15,SPBS12AR
AWTXL8-T15,SHD1R
AWTXL8-T15,91ACP
AWTXL8-T15,A2A
AWTXL8-T15,T72
AWTXL8-T15,SPBS18AR
AWTXL8-T15,47ACF
AWTXL8-T15,SIMM200
AWTXL8-T15,SIMM190
AWTXL8-T15,ATECH3FR300B
YA427B,BLP15HVLP
YA427B,EARPLUGBAND
YA427B,JT13B
YA427B,UTK100
YA427B,FB361A
YA427B,TPGDL2000
YA427B,RULER602
YA427B,AT4101
YA427B,MAGDISH
YA427B,ECSPH271
KCP1422PDG,KWSN2455ABL
KCP1422PDG,KWSN2455AST
KCP1422PDG,KWSP2455AST
KCP1422PDG,KWSP2455ABL
KCP1422PDG,KRWT2411
KCP1422PDG,KCP2422PBO
KCP1422PDG,KRSC46HPBO
KCP1422PDG,KRA2422PBO
KCP1422PDG,KRSC430APBO7
KCP1422PDG,KRSC326FPBO
MG325GMG,MG325
MG325GMG,AT118
MG325GMG,CTC772A
MG325GMG,PTR72
MG325GMG,MG725A
MG325GMG,PTR2500
MG325GMG,PTR2505
MG325GMG,PT850
MG325GMG,MG1250
MG325GMG,PTGR110
LDH482,LDH562
LDH482,LDH522
LDH482,L122
LDH482,L62
LDH482,LDH362
LDH482,LDH462
LDH482,LDH602
LDH482,SOEX707
LDH482,SOEX38
LDH482,207EFAMY
GLOVE400L,SOSG01BKCL01
GLOVE400L,GLOVE900LR
GLOVE400L,GLOVE1100L
GLOVE400L,GLOVE300BL
GLOVE400L,GLOVEORIGPLUSL
GLOVE400L,RULER600
GLOVE400L,RULER6
GLOVE400L,EECT900
GLOVE400L,TDG1
GLOVE400L,ECHDD012A
SWR1A,415CF
SWR1A,HCP10
SWR1A,BLPTORX1410
SWR1A,BTCP600
SWR1A,SGRHT6BR
SWR1A,SGA1710BR
SWR1A,SGA174BR
SWR1A,IPLM15C
SWR1A,IPLM18C
SWR1A,204IMXA
MTTL433,MTTL433
MTTL433,PGP120
MTTL433,MTTL700
MTTL433,MTTL750
MTTL433,MTTL7005PK
MTTL433,YA1175KIT
MTTL433,MTTL800
MTTL433,EEDM596FK
MTTL433,JCK7DBL
MTTL433,EEPV509
PPC816B,PPC4A
PPC816B,PPC3A
PPC816B,PPC204A
PPC816B,PPC103A
PPC816B,PPC208A
PPC816B,PPC210A
PPC816B,PPC820B
PPC816B,PPC205A
PPC816B,PPC206A
PPC816B,AWS13
STMD7,STMD6
STMD7,STMD9
STMD7,STMD16
STMD7,STMD14
STMD7,STMD11
STMD7,STMD12
STMD7,STMD10
STMD7,STMD8
STMD7,XS1012A
STMD7,SGDE220ESD
OEXL707B,OEXLM710B
OEXL707B,OEX080B
OEXL707B,OEXS709B
OEXL707B,QD3250A
OEXL707B,OEXSM710B
OEXL707B,XO605
OEXL707B,OXI707BK
OEXL707B,SR80A
OEXL707B,FSS121
OEXL707B,HBBD8
SFSM7,SFSM6
SFSM7,FSM71
SFSM7,SFSM20
SFSM7,SFSM21
SFSM7,STMM4.5
SFSM7,TMM4.5
SFSM7,STMM4
SFSM7,TMM16
SFSM7,OFW3
SFSM7,TWM25
THRLX72O,FHOF80A
THRLX72O,FHLX80B
THRLX72O,SHX80B
THRLX72O,THR72
THRLX72O,FHR80
THRLX72O,FH80MP
THRLX72O,THLL72
THRLX72O,111STMMDY
THRLX72O,SHN36
THRLX72O,SHLL80A
TMMS13,TMMS6
TMMS13,TMMS15
TMMS13,TMMS9
TMMS13,TMMS7
TMMS13,TMMS12
TMMS13,TMMS5.5
TMMS13,TMMS10
TMMS13,TMMS8
TMMS13,TMMS5
TMMS13,FSS181
EECR5A,EEJP201MBKA-NA
EECR5A,ECPNH012UV
EECR5A,MRB5B
EECR5A,ECHDG052
EECR5A,GLOVE309L
EECR5A,MTIND683A
EECR5A,MTTL700
EECR5A,GLOVEORIGPLUSL
EECR5A,SOSG01BKCL01
EECR5A,JCW62R
AWTXL8-T9,TMU8B
AWTXL8-T9,96ACF
AWTXL8-T9,91ACP
AWTXL8-T9,FXK3
AWTXL8-T9,SPBS18AR
AWTXL8-T9,SIMM150A
AWTXL8-T9,SGD6BR
AWTXL8-T9,SPBS8AR
AWTXL8-T9,SPBS12AR
AWTXL8-T9,SIMM190
IMM140A,IMM130A
IMM140A,IMM120A
IMM140A,IMM100A
IMM140A,IMM110A
IMM140A,IMM170A
IMM140A,IMM160A
IMM140A,IMM150A
IMM140A,IMM210
IMM140A,IM320
IMM140A,IM280
AWSGM2A,SGDP31IRBR
AWSGM2A,FXK3
AWSGM2A,FXK6
AWSGM2A,ATECH2FR125B
AWSGM2A,SGDP42IRBR
AWSGM2A,SGD4BR
AWSGM2A,47ACF
AWSGM2A,T72
AWSGM2A,SGASA204CR
AWSGM2A,FU8A
AWL1010DHK,211SFY
AWL1010DHK,SF261
AWL1010DHK,SF161
AWL1010DHK,SF141
AWL1010DHK,SF221
AWL1010DHK,SF241
AWL1010DHK,STMD6
AWL1010DHK,STMD11
AWL1010DHK,STMD18
AWL1010DHK,STMD16
110MGMM,106IPTMMA
110MGMM,112SIMTMM
110MGMM,307IPLMY
110MGMM,SHCP1B
110MGMM,IPLM18C
110MGMM,IPLM17C
110MGMM,IPLM21C
110MGMM,IPLM19C
110MGMM,LSR1450
110MGMM,THLLF72
SHLF80A,THLF72
SHLF80A,FHLLF80
SHLF80A,SHN36
SHLF80A,SHL80A
SHLF80A,312SIMM
SHLF80A,IMX32B
SHLF80A,SHCP1B
SHLF80A,FKF80A
SHLF80A,TF72
SHLF80A,207IPSFM
DPT7A,BF775C-A
DPT7A,GA243
DPT7A,14V
DPT7A,PK50A
DPT7A,SGDMRC108A
DPT7A,OXIM7B
DPT7A,PKRS1
DPT7A,209TFSMYA
DPT7A,144TMPB
DPT7A,305SIMMY
S6106KA,YA337A
S6106KA,AW1013DK
S6106KA,AVSNP01160
S6106KA,107ATMPB
S6106KA,OEX709B
S6106KA,GA98A
S6106KA,VS807B
S6106KA,8HR
S6106KA,DS809K
S6106KA,F101
SR40K,BTC7B
SR40K,AWTEF8K
SR40K,AWMEF6K
SR40K,TMMD9
SR40K,TMMD6
SR40K,TMMD7
SR40K,SOEX38
SR40K,AWP160
SR40K,BP12B
SR40K,OEXM6B
AWBSG09A,SPBS18AR
AWBSG09A,BLPTHC87
AWBSG09A,96ACF
AWBSG09A,SIMM190
AWBSG09A,SIMM160A
AWBSG09A,SIMM210
AWBSG09A,SGDP42IRBR
AWBSG09A,SHD1R
AWBSG09A,SIMM220
AWBSG09A,TMXK2
FA12E,FA8E
FA12E,FA10E
FA12E,FRX181
FA12E,HD6529
FA12E,TW481
FA12E,SA16E
FA12E,TMA3.5E
FA12E,TMA2.5E
FA12E,FAML6E
FA12E,TWM31
AWBCG1616,SGDP42IRBR
AWBCG1616,SIMM170
AWBCG1616,SIMM180
AWBCG1616,F80
AWBCG1616,TMU8B
AWBCG1616,SIMM210
AWBCG1616,SGASA204CR
AWBCG1616,FXK6
AWBCG1616,SPBS12AR
AWBCG1616,SGD8BR
AWBMCG1610,GFAT1E
AWBMCG1610,SIMM190
AWBMCG1610,SHD1R
AWBMCG1610,SRPCR3800
AWBMCG1610,BLPTHC87
AWBMCG1610,SGD6BR
AWBMCG1610,SGDP31IRBR
AWBMCG1610,SIMM180
AWBMCG1610,91ACP
AWBMCG1610,FXK11
SGA102BR,SGAS102BR
SGA102BR,SGRHT2BR
SGA102BR,BRHC2PK
SGA102BR,PHP2A
SGA102BR,ASGP2BR
SGA102BR,HCP48BCF
SGA102BR,SGTT7B
SGA102BR,SGTT3B
SGA102BR,SGTT6B
SGA102BR,TM72
SWM201,SWM221
SWM201,SWM241
SWM201,SWM211
SWM201,SWM141A
SWM201,SWM181
SWM201,SWM291
SWM201,SWM171
SWM201,SWM271
SWM201,SWM121A
SWM201,AWEF6K
SWM221,SWM231
SWM221,SWM201
SWM221,SWM241
SWM221,SWM211
SWM221,SWM141A
SWM221,SWM281
SWM221,SWM261
SWM221,SWM271
SWM221,SWM101A
SWM221,SWM131A
911ACF,411CF
911ACF,490CF
911ACF,312CF
911ACF,912AEP
911ACF,PKN9
911ACF,SGDE220ESD
911ACF,SGDEP20ESD
911ACF,TMU181A
911ACF,TMU161A
911ACF,ADCF8
KRA1421PWZ,KRA5311FPBO
KRA1421PWZ,KRSC326FPBO
KRA1421PWZ,KRA2406BPBO
KRA1421PWZ,KRSC323PBO
KRA1421PWZ,A277
KRA1421PWZ,KRA2422PBO
KRA1421PWZ,TB40C
KRA1421PWZ,KAERNADD6RD
KRA1421PWZ,KRA24
KRA1421PWZ,KRBC100ABN
TPGIF1600A,TPGIF1600A
TPGIF1600A,MTIND683A
TPGIF1600A,ECPNJ032
TPGIF1600A,MRB5B
TPGIF1600A,FB360C
TPGIF1600A,GLASS30R
TPGIF1600A,JT13B
TPGIF1600A,UTK100
TPGIF1600A,GLASS50R
TPGIF1600A,CAL6DA
PL330ACFG,PL803A
PL330ACFG,HBBD56
PL330ACFG,PBMP703A
PL330ACFG,SGDP162BR
PL330ACFG,490CF
PL330ACFG,PL344BCF
PL330ACFG,29ACF
PL330ACFG,SHLL80A
PL330ACFG,SG7ASABR
PL330ACFG,HL138ACP
YA4190FAR,YA4190A
YA4190FAR,IM1PT
YA4190FAR,SVTS272A
YA4190FAR,ECHDD012A
YA4190FAR,ECHDD012AR
YA4190FAR,FB336
YA4190FAR,ECHDF042
YA4190FAR,GLASS30R
YA4190FAR,JCK7DBL
YA4190FAR,JT13B
EECT400R,EECT400
EECT400R,TIF160
EECT400R,CAL6DA
EECT400R,ECFLD030
EECT400R,EEDM503D
EECT400R,TPM16
EECT400R,FB360C
EECT400R,OC5A
EECT400R,GA460B
EECT400R,PGP50
TMU81B,TMU101A
TMU81B,TMU121A
TMU81B,TMU161A
TMU81B,XS1416A
TMU81B,XS2226A
TMU81B,SGDE220ESD
TMU81B,SGDEP20ESD
TMU81B,SGDE230ESD
TMU81B,VO1820B
TMU81B,VO1012B
SOEXM150,SOEXM150
SOEXM150,SW181A
SOEXM150,FM15
SOEXM150,SOEXM140
SOEXM150,SOEXM170
SOEXM150,SOEXM120
SOEXM150,SOEXM100
SOEXM150,SOEXM130
SOEXM150,SOEXM110
SOEXM150,FM19
AWMBPH9,AWBPH13
AWMBPH9,IPL16C
AWMBPH9,AWTPH8
AWMBPH9,BHS13A
AWMBPH9,SFSM21
AWMBPH9,STMM4
AWMBPH9,HSPD16
AWMBPH9,TWM25
AWMBPH9,SN15B
AWMBPH9,AD12C
FCF72,FC72
FCF72,FLLF80
FCF72,TF72
FCF72,FKF80A
FCF72,TRF72
FCF72,FHOF80A
FCF72,RAF80A
FCF72,FH80MP
FCF72,F80MP
FCF72,HL138ACP
YA4609,EEDM504F
YA4609,RULER601
YA4609,UTK150
YA4609,ECPNI032R
YA4609,ECPNH012
YA4609,SVTSRAD272U
YA4609,EEDM525F
YA4609,YAKS42
YA4609,JCK8
YA4609,RULER602
205IPF,207IPFM
205IPF,307IPLY
205IPF,312IPL
205IPF,IPL16C
205IPF,307ESAY
205IPF,IPL24C
205IPF,SW421
205IPF,IPL18C
205IPF,317MPC
205IPF,SW381
209FUMY,111TMUSMA
209FUMY,TW421
209FUMY,AW1013DK
209FUMY,LP7WR
209FUMY,IPLM16C
209FUMY,208AFX
209FUMY,SGTT9B
209FUMY,SGTT2B
209FUMY,SGTT3B
209FUMY,SGTT7B
29ACFO,PWCS9ACFO
29ACFO,SS5A
29ACFO,AWMCG1600B
29ACFO,CSA12CR
29ACFO,PT28E
29ACFO,313SWYA
29ACFO,TMMD11
29ACFO,TMMD9
29ACFO,TMMD8
29ACFO,QD1R200A
ATECH4RS600,429IM
ATECH4RS600,L62
ATECH4RS600,L872RJ
ATECH4RS600,BLPPB704
ATECH4RS600,LDH362
ATECH4RS600,LDH442
ATECH4RS600,LDH462
ATECH4RS600,LDH342
ATECH4RS600,LDH602
ATECH4RS600,LDH522
SHLX80AG,FHLLF80
SHLX80AG,THRLX72
SHLX80AG,SHN36
SHLX80AG,FH80MP
SHLX80AG,IPL18C
SHLX80AG,IPL36C
SHLX80AG,312IPLM
SHLX80AG,IPLM16C
SHLX80AG,IPLM13C
SHLX80AG,THLL72
PLRK27,KRSC46HPBO
PLRK27,KWSN2455AST
PLRK27,PLRK27
PLRK27,PLRK30
PLRK27,PLRK21
PLRK27,KAERNADD6RD
PLRK27,YA389A
PLRK27,KACKMCFIBER1
PLRK27,A277
PLRK27,KCP1422PBO
TMMS4.5,TMMS4
TMMS4.5,STMM4.5
TMMS4.5,TMM4.5
TMMS4.5,STMM4
TMMS4.5,TMM4
TMMS4.5,112TMMSY
TMMS4.5,TMMS9
TMMS4.5,TMMS5.5
TMMS4.5,TMMS7
TMMS4.5,TMMS13
SRP2A,SRP3A
SRP2A,PPB826A
SRP2A,SRP3B
SRP2A,SRP400B
SRP2A,YA4250
SRP2A,AWMG9
SRP2A,OEXM90B
SRP2A,FS221
SRP2A,FS241
SRP2A,FS121
STMM4.5,TMM4.5
STMM4.5,STMM4
STMM4.5,SFSM6
STMM4.5,SFSM20
STMM4.5,SFSM7
STMM4.5,TMMS4.5
STMM4.5,TMM16
STMM4.5,TMMS4
STMM4.5,TM05
STMM4.5,TWM28
112SIMTMM,106IPTMMA
112SIMTMM,312IPLM
112SIMTMM,204IMXA
112SIMTMM,214IMFMYA
112SIMTMM,214SIMFMYA
112SIMTMM,210IMFSYA
112SIMTMM,310SIMMYA
112SIMTMM,IPLM11C
112SIMTMM,IPLM10C
112SIMTMM,IPLM19C
OEX8B,OEX10B
OEX8B,OEX11B
OEX8B,OEX711B
OEX8B,SGDE225ESD
OEX8B,SGDE215ESD
OEX8B,SGDEP21ESD
OEX8B,PBN2
OEX8B,TMU181A
OEX8B,SN25A
OEX8B,TMU161A
MTEE6,TPM16EM
MTEE6,ACTUVPROKT
MTEE6,MTEE6
MTEE6,CAL6V
MTEE6,GA1D
MTEE6,CAL6EA
MTEE6,GA3634A
MTEE6,CAL6DA
MTEE6,FB336
MTEE6,EEPV503
OEXM320B,OEXM300B
OEXM320B,OEXM260B
OEXM320B,OEXM250B
OEXM320B,OEX44B
OEXM320B,OEX42B
OEXM320B,OEXM240B
OEXM320B,OEX38B
OEXM320B,OEXM80B
OEXM320B,1210B
OEXM320B,OXIM707SBK
SOEXM110,SIM240
SOEXM110,SIM280
SOEXM110,SN25A
SOEXM110,SOEXM150
SOEXM110,SOEXM100
SOEXM110,FS241
SOEXM110,SIM200
SOEXM110,FS161
SOEXM110,SIM260
SOEXM110,SIM320
SIM180A,SIM200
SIM180A,IM320
SIM180A,SIM320
SIM180A,SIM340
SIM180A,SIM240
SIM180A,IM280
SIM180A,IM180A
SIM180A,SIM280
SIM180A,SIM400
SIM180A,IM240
CTLFD761,JT13B
CTLFD761,EECT200
CTLFD761,EECT400
CTLFD761,SVTS272A
CTLFD761,ECSPH271
CTLFD761,EEPV500
CTLFD761,ECPNI032R
CTLFD761,EEDM504F
CTLFD761,EEDM525F
CTLFD761,IM1PT
KRBC100ABN,KRA2411PBO
KRBC100ABN,KRA2422PBO
KRBC100ABN,KACKMCFIBER1
KRBC100ABN,KRSC343PBO
KRBC100ABN,SNA-TBP14
KRBC100ABN,KRSC46HPBO
KRBC100ABN,TB20AC
KRBC100ABN,KRWT2411
KRBC100ABN,KRSC430APBO7
KRBC100ABN,KAERNADD6RD
AWML12D,TMXK60
AWML12D,SIMM180
AWML12D,SIMM210
AWML12D,TMU8B
AWML12D,SPBS12AR
AWML12D,FU8A
AWML12D,SIMM200
AWML12D,SIMM170
AWML12D,47ACF
AWML12D,F80
106BTMX,206AFX
106BTMX,208AFX
106BTMX,305ASX
106BTMX,124STTMM
106BTMX,110ETMAY
106BTMX,FXK8
106BTMX,212EFTAY
106BTMX,SX2
106BTMX,TMA2.5E
106BTMX,TMA3E
124STTMM,120STTM
124STTMM,106BTMX
124STTMM,110STMY
124STTMM,110TMY
124STTMM,SGD153BR
124STTMM,PK52A
124STTMM,S9704KR
124STTMM,TMXK110
124STTMM,PPCD70BK
124STTMM,SOEXM8
415CF,915CF
415CF,PL5ESWIRESTRIP
415CF,HBBD56
415CF,SWR1A
415CF,BEXD10A
415CF,HL138ACP
415CF,CSSD1R
415CF,XO605
415CF,LP6LN
415CF,SLL80A
SWM261,SWM251
SWM261,SWM291
SWM261,SWM301
SWM261,SWM281
SWM261,SWM201
SWM261,SWM221
SWM261,SWM111A
SWM261,SW401
SWM261,SW381
SWM261,AW1020DK
S9538A,S9614A
S9538A,A179A
S9538A,A159
S9538A,14V
S9538A,BF775C-A
S9538A,A161B
S9538A,A177A
S9538A,PK50A
S9538A,OXIM6B
S9538A,FTX60E
SGA1713B,SGA1714B
SGA1713B,SGAS102BR
SGA1713B,PHP3A
SGA1713B,SGAS102BG
SGA1713B,LDT40
SGA1713B,PHP2A
SGA1713B,SHP2KT
SGA1713B,SGTT110B
SGA1713B,SGTT3B
SGA1713B,SGTT2B
GLOVE600L,GLOVE1100L
GLOVE600L,EARPLUGBAND
GLOVE600L,EECR5A
GLOVE600L,GLOVE309L
GLOVE600L,GLOVE300BL
GLOVE600L,SOSG01BKCL01
GLOVE600L,GLASS90BYEAR
GLOVE600L,GLOVE900LR
GLOVE600L,GLOVE505RL
GLOVE600L,GLASS50R
GLOVE600LO,GLOVE309L
GLOVE600LO,GLOVE300BL
GLOVE600LO,GLOVE1100L
GLOVE600LO,SOSG01BKCL01
GLOVE600LO,GLASS90BYEAR
GLOVE600LO,GLOVE900LR
GLOVE600LO,GLOVE505RL
GLOVE600LO,GLASS50R
GLOVE600LO,CLRPW75
GLOVE600LO,ECFLD030
AWM110DHK,AW1015DHK
AWM110DHK,340SSDP
AWM110DHK,10SSD
AWM110DHK,SEPPT850KA
AWM110DHK,TW421
AWM110DHK,AC5C
AWM110DHK,2004BSKA
AWM110DHK,PK53A
AWM110DHK,TW461
AWM110DHK,BP16B
CTPSK8174,PTC250
CTPSK8174,CTQ838DB
CTPSK8174,PT850
CTPSK8174,CTR867AK2
CTPSK8174,MG725A
CTPSK8174,CTINF9010
CTPSK8174,CTDFL861
CTPSK8174,PH3050BR
CTPSK8174,AT2050
CTPSK8174,DBBPT13
AWTR8-3,SIMM170
AWTR8-3,SIMM210
AWTR8-3,SGD8BR
AWTR8-3,SPBS18AR
AWTR8-3,SGASA204CR
AWTR8-3,FXK3
AWTR8-3,ATECH3FR300B
AWTR8-3,FXK6
AWTR8-3,TMXK2
AWTR8-3,FX1
8R,10MA
8R,SGHF616BR
8R,XS1012A
8R,XS2226A
8R,VO2628B
8R,VO3032B
8R,VO1820B
8R,VO1012B
8R,TM65
8R,TMC106E
TM65,VO2628B
TM65,VO1416B
TM65,VO1012B
TM65,TM84
TM65,TMC104E
TM65,TM82
TM65,TM62B
TM65,TMP23E
TM65,XS1416A
TM65,XS1012A
PPC210BK,PPB30AK
PPC210BK,PKB52A
PPC210BK,AWM140DK
PPC210BK,VGP12509
PPC210BK,VGP104
PPC210BK,218AFP
PPC210BK,AD12C
PPC210BK,PKNC300
PPC210BK,317MPC
PPC210BK,VGP12412
AWXL13-5/64,SIMM240
AWXL13-5/64,SIMM150A
AWXL13-5/64,SIMM210
AWXL13-5/64,SGD6BR
AWXL13-5/64,SIMM180
AWXL13-5/64,47ACF
AWXL13-5/64,SRPCR4700
AWXL13-5/64,SGASA204CR
AWXL13-5/64,SGD2BR
AWXL13-5/64,SGD4BR
PPSG206,PPSG206
PPSG206,TL72
PPSG206,AVSNP01160
PPSG206,PPSG205
PPSG206,PPSG203
PPSG206,PCSG812
PPSG206,PPSG106
PPSG206,PCSG820
PPSG206,PPSG103
PPSG206,PPSG4
DBT25,SGD8BR
DBT25,SGDP31IRBR
DBT25,SGD4BR
DBT25,47ACF
DBT25,SHD1R
DBT25,ATECH3FR300B
DBT25,SGD2BR
DBT25,SPBS704AR
DBT25,SPBS18AR
DBT25,T72
CDR861GK2,MG1250
CDR861GK2,VWB8B
CDR861GK2,DB129C
CDR861GK2,MG325
CDR861GK2,PH3050BR
CDR861GK2,PTGR110
CDR861GK2,CTB8174
CDR861GK2,AT700F
CDR861GK2,PSO4625
CDR861GK2,CTB185
MG725A,MG725A
MG725A,VWB8B
MG725A,AT2050
MG725A,MG325
MG725A,PTR72
MG725A,PTR2500
MG725A,PTR2505
MG725A,PDR3000A
MG725A,PDR5000A
MG725A,SAG03S20
PPC205A,PPC206A
PPC205A,PPC203A
PPC205A,PPC210A
PPC205A,PPC204A
PPC205A,PPC820B
PPC205A,PPC816B
PPC205A,PPC4A
PPC205A,PPC103A
PPC205A,PPC5A
PPC205A,OFW2
ACT73A,FB305A
ACT73A,FB361A
ACT73A,ACT73A
ACT73A,ACT413A
ACT73A,FB303B
ACT73A,ACT2105
ACT73A,JCW62R
ACT73A,RULER601
ACT73A,YA4000B
ACT73A,ACT51234A
B260A,AC5C
B260A,208CCP
B260A,BTC3A
B260A,PT28E
B260A,BTC7B
B260A,FTX60E
B260A,131A
B260A,RXS605B
B260A,AWM110DHK
B260A,BL1B
411CF,911ACF
411CF,490CF
411CF,912AEP
411CF,908CF
411CF,312CF
411CF,612AEP
411CF,BDGPL300HG
411CF,SRPCR4700
411CF,388ACF
411CF,95ACF
TRSLF72,FSLF80
TRSLF72,TXM72
TRSLF72,FHBF80A
TRSLF72,F80MP
TRSLF72,FKF80A
TRSLF72,YA824C
TRSLF72,SSFP2
TRSLF72,TMUS141A
TRSLF72,FK80
TRSLF72,612AEP
PTC250O,PTGR100
PTC250O,PTGR110
PTC250O,PSO4625
PTC250O,PDR3000A
PTC250O,PDR5000A
PTC250O,SAG03S12
PTC250O,AT109
PTC250O,PH3050BR
PTC250O,SAG03S20
PTC250O,PTR72
210FRHMA,211FCOA
210FRHMA,210FCOMA
210FRHMA,XOM605
210FRHMA,OEXLM710B
210FRHMA,XBM605A
210FRHMA,OXKRM705
210FRHMA,208EFTABMY
210FRHMA,YA9350B
210FRHMA,111TMUSMA
210FRHMA,IPL30C
TMR4,FZ80
TMR4,303SXWKL
TMR4,TNF72
TMR4,OXI707BK
TMR4,IMFLE120A
TMR4,SDMT25D
TMR4,908CF
TMR4,110TMSY
TMR4,IMFLE80A
TMR4,SGDMRC103A
TMS4E,TM5
TMS4E,TM82
TMS4E,XS2024A
TMS4E,XS1416A
TMS4E,XS1820A
TMS4E,XS1214A
TMS4E,VO2628B
TMS4E,VO1820B
TMS4E,TM408
TMS4E,XS810A
GAW1908,FXK3
GAW1908,T72
GAW1908,SGDP42IRBR
GAW1908,TMU8B
GAW1908,BLPTHC87
GAW1908,SRPCR3800
GAW1908,FU8A
GAW1908,SIMM240
GAW1908,ATECH3FR300B
GAW1908,PPC103A
STMM14,TMM14
STMM14,TMM12
STMM14,TMM6
STMM14,TMM9
STMM14,TMM11
STMM14,STMM11
STMM14,TMM13
STMM14,STMM8
STMM14,STMM15
STMM14,STMM10
SWM231,SWM221
SWM231,SWM201
SWM231,SWM241
SWM231,SWM181
SWM231,SWM171
SWM231,SWM141A
SWM231,SWM281
SWM231,SWM301
SWM231,SWM271
SWM231,SWM121A
208FRDHM,208FRDH
208FRDHM,SRES306
208FRDHM,SRES20
208FRDHM,SRES18
208FRDHM,SRES26
208FRDHM,SRES24
208FRDHM,AWBSGM800A
208FRDHM,L872RJ
208FRDHM,FADH6C
208FRDHM,SGTT110B
SHDX60O,222AFSMP
SHDX60O,SOEX707
SHDX60O,LDH362
SHDX60O,LDH462
SHDX60O,LDH482
SHDX60O,LDH602
SHDX60O,LDH562
SHDX60O,L62
SHDX60O,YA4275
SHDX60O,SOEX40
AWBMCG16025,SGASA204CR
AWBMCG16025,47ACF
AWBMCG16025,SIMM190
AWBMCG16025,SGD6BR
AWBMCG16025,91ACP
AWBMCG16025,FXK6
AWBMCG16025,T72
AWBMCG16025,A2A
AWBMCG16025,SGDP42IRBR
AWBMCG16025,SPBS18AR
AWBMCG1604,AWBMCG1603
AWBMCG1604,ATECH2FR125B
AWBMCG1604,SIMM180
AWBMCG1604,SGD8BR
AWBMCG1604,FHLF80A
AWBMCG1604,SGD2BR
AWBMCG1604,SPBS704AR
AWBMCG1604,SGD6BR
AWBMCG1604,BLPTHC87
AWBMCG1604,SIMM160A
AWSG09A,SIMM200
AWSG09A,ATECH2FR125B
AWSG09A,SIMM210
AWSG09A,ATECH3FR300B
AWSG09A,FX1
AWSG09A,SGD6BR
AWSG09A,FXK6
AWSG09A,SGDP42IRBR
AWSG09A,F80
AWSG09A,SGD4BR
F10LD,R1618SC
F10LD,SN25A
F10LD,ACT1370
F10LD,OFW3
F10LD,SWM111A
F10LD,SWM101A
F10LD,DS806AK
F10LD,PK53A
F10LD,SRP3A
F10LD,SIMM340
IPLM11C,IPLM10C
IPLM11C,IPLM12C
IPLM11C,IPLM13C
IPLM11C,IPLM16C
IPLM11C,IPL26C
IPLM11C,IPL38C
IPLM11C,IPLM15C
IPLM11C,IPLM14C
IPLM11C,IPLM24C
IPLM11C,IPL24C
MAGBOWLXL,GLASS30R
MAGBOWLXL,JCK8
MAGBOWLXL,EEPV509
MAGBOWLXL,ECARL032R
MAGBOWLXL,TPGDL2000
MAGBOWLXL,GLASS50R
MAGBOWLXL,AT4101
MAGBOWLXL,EECT200
MAGBOWLXL,EECT400
MAGBOWLXL,YA4000B
211FSSY,212FSMSY
211FSSY,110TMSY
211FSSY,112TMMSY
211FSSY,112TMMDSY
211FSSY,TMMDS7
211FSSY,TMMDS15
211FSSY,TMMS12
211FSSY,TMMDS14
211FSSY,TMMS15
211FSSY,TMMS13
SHCP1B,SHP2KT
SHCP1B,PHP2A
SHCP1B,PHP3A
SHCP1B,HCP10
SHCP1B,SGRHT6BR
SHCP1B,BLPXZNM389
SHCP1B,B260A
SHCP1B,HCP48BCF
SHCP1B,LSR1500
SHCP1B,111TMUSMA
GAW1907,SIMM220
GAW1907,SRPCR4700
GAW1907,TMU8B
GAW1907,SPBS8AR
GAW1907,SGASA204CR
GAW1907,SIMM150A
GAW1907,PL400B
GAW1907,FXK3
GAW1907,SGD2BR
GAW1907,FXK11
PTR72,PTR72
PTR72,MG725A
PTR72,AT2050
PTR72,PTR2500
PTR72,PTR2505
PTR72,MG325
PTR72,SAG03S20
PTR72,PDR3000A
PTR72,PT850
PTR72,AT118
SGDEP21ESD,SGDEP20ESD
SGDEP21ESD,SGDE225ESD
SGDEP21ESD,SGDE220ESD
SGDEP21ESD,SGDE215ESD
SGDEP21ESD,SGDE230ESD
SGDEP21ESD,PKN9
SGDEP21ESD,TMU141A
SGDEP21ESD,TMU101A
SGDEP21ESD,ADCF8
SGDEP21ESD,SSF1
SIMM350,SIMM290
SIMM350,SIMM340
SIMM350,SIMM360
SIMM350,SIMM300
SIMM350,SIMM320
SIMM350,OFW1
SIMM350,OFW3
SIMM350,OFW2
SIMM350,310TWMYA
SIMM350,SN24C
FHBB18AG,SHBB24
FHBB18AG,SHN36
FHBB18AG,FHBB12A
FHBB18AG,103UFTS
FHBB18AG,YA9350B
FHBB18AG,FHLL80
FHBB18AG,THNF72
FHBB18AG,OEXLM710B
FHBB18AG,210IMFSYA
FHBB18AG,SG7ASABR
MAGMAT,YAKS42
MAGMAT,ASTFUN19KIT
MAGMAT,ECPNJ032
MAGMAT,MAGDISH
MAGMAT,MAGMINI
MAGMAT,MAGSTRIP
MAGMAT,MAGMICRO
MAGMAT,MAGTRAY
MAGMAT,MRB5B
MAGMAT,GLOVE300BL
AT4101O,GA296B
AT4101O,MAGDISH
AT4101O,AT4101
AT4101O,AT4124
AT4101O,YA105013
AT4101O,EECT424HD
AT4101O,AT4135
AT4101O,ACT1290A
AT4101O,RULER602
AT4101O,EEDM525F
PWZ0A,PWZ3A
PWZ0A,PWZ1A
PWZ0A,PWZ4
PWZ0A,PWZ2A
PWZ0A,PWZ5
PWZ0A,AWPBX10
PWZ0A,PBMMS5R
PWZ0A,490CF
PWZ0A,BLPEXTF388
PWZ0A,PT40B
LTAM811,VS814A
LTAM811,XFRM705
LTAM811,RXFMS606B
LTAM811,IMM230
LTAM811,IMM200
LTAM811,IMM220
LTAM811,IMM210
LTAM811,IMM160A
LTAM811,IMM180
LTAM811,IMM190
PPC3A,PPC204A
PPC3A,PPC905B
PPC3A,XS1416A
PPC3A,XS1012A
PPC3A,XS1618A
PPC3A,VO2224B
PPC3A,VO3032B
PPC3A,VO1416B
PPC3A,TM412
PPC3A,TMC106E
PL400B,UIM225
PL400B,LP10WR
PL400B,117TMM
PL400B,PRH57A
PL400B,TMM4
PL400B,UPT35
PL400B,OEXM9B
PL400B,SGT4BR
PL400B,SFSM9
PL400B,STMM5
KRSC430APU1,KRSC323PBO
KRSC430APU1,MRB12B
KRSC430APU1,SNA-TBP14
KRSC430APU1,KRA4107FPBO
KRSC430APU1,PLRK27
KRSC430APU1,KRSC430APBO7
KRSC430APU1,KCP1422PBO
KRSC430APU1,KRA2055FPBO
KRSC430APU1,KWSP2455AST
KRSC430APU1,TB20AC
SHX80B,THLX72
SHX80B,FHLX80B
SHX80B,THRLX72
SHX80B,FHLF80A
SHX80B,SHBB24
SHX80B,SHN36
SHX80B,SHLL80A
SHX80B,SHLX80A
SHX80B,FHBB18A
SHX80B,313TSMYA
IMX32B,A98M
IMX32B,A98A
IMX32B,TF5A
IMX32B,SIMM350
IMX32B,SIMM290
IMX32B,QD3RN350A
IMX32B,312IMM
IMX32B,312SIMM
IMX32B,OFW2
IMX32B,BT4651
STMD10,STMD12
STMD10,STMD14
STMD10,STMD9
STMD10,STMD8
STMD10,STMD16
STMD10,STMD7
STMD10,STMD18
STMD10,XS1416A
STMD10,XS1214A
STMD10,PKN9
RADKITULTRA,RTEMP8
RADKITULTRA,RADKITULTRA
RADKITULTRA,ACT1297
RADKITULTRA,SVTA9100
RADKITULTRA,SVTS264
RADKITULTRA,TA32A
RADKITULTRA,SVTS272A
RADKITULTRA,EEBC30A12V
RADKITULTRA,CAL6EBR
RADKITULTRA,MTTL700
AWBSGM6A,BLPTHC87
AWBSGM6A,GFAT1E
AWBSGM6A,ATECH2FR125B
AWBSGM6A,SHD1R
AWBSGM6A,SRPCR4700
AWBSGM6A,SGD6BR
AWBSGM6A,SGDX80BR
AWBSGM6A,SIMM200
AWBSGM6A,TMXK4
AWBSGM6A,SIMM160A
10MA,8R
10MA,SGHF616BR
10MA,XS1820A
10MA,XS2226A
10MA,VO1012B
10MA,XS67A
10MA,TM408
10MA,XS810A
10MA,SGDEL10ESD
10MA,PPC905B
AWL18D,SPBS704AR
AWL18D,47ACF
AWL18D,SGDX80BR
AWL18D,SGDP31IRBR
AWL18D,SHD1R
AWL18D,SIMM170
AWL18D,SPBS18AR
AWL18D,ATECH2FR125B
AWL18D,SPBS12AR
AWL18D,TMXK4
QD2R100A,QD3R250A
QD2R100A,SN25A
QD2R100A,ACT1370
QD2R100A,OEXM8B
QD2R100A,SWM111A
QD2R100A,OEXM7B
QD2R100A,SW421
QD2R100A,PK53A
QD2R100A,SIMM340
QD2R100A,LSR2000
AWBSG08A,SPBS12AR
AWBSG08A,SIMM180
AWBSG08A,47ACF
AWBSG08A,T72
AWBSG08A,SIMM210
AWBSG08A,SGDP31IRBR
AWBSG08A,SIMM240
AWBSG08A,SHD1R
AWBSG08A,FXK6
AWBSG08A,GFAT1E
IP80D,IPF800B
IP80D,BT11
IP80D,IMX32B
IP80D,SN25A
IP80D,OFW3
IP80D,SIMM290
IP80D,OEXM9B
IP80D,SIMM350
IP80D,AWCGT500
IP80D,305SIMMY
FHBF80A,FHOF80A
FHBF80A,TRSLF72
FHBF80A,SHLL80A
FHBF80A,FHLL80
FHBF80A,SGTT9B
FHBF80A,SGTT8B
FHBF80A,SGTT3B
FHBF80A,SGTT1B
FHBF80A,86EP
FHBF80A,204FXKLA
BTCP600,BTCP400
BTCP600,BTCW800
BTCP600,OFC14KT
BTCP600,BRHC2PK
BTCP600,OFSKIT
BTCP600,BTCWSO16KT
BTCP600,A129
BTCP600,A106
BTCP600,BTK5
BTCP600,312IMMS
HBFE32G,QD3RN350A
HBFE32G,HBFE48
HBFE32G,FZ7A
HBFE32G,309SIMYA
HBFE32G,TWM26
HBFE32G,TWM28
HBFE32G,TWM27
HBFE32G,OEX42B
HBFE32G,SW341
HBFE32G,208EFTAMXSY
HBFE48,HBFE24
HBFE48,2050
HBFE48,PK52A
HBFE48,HBFE32
HBFE48,BTC7B
HBFE48,317MPC
HBFE48,AC58E
HBFE48,TMMD5
HBFE48,TMMD5.5
HBFE48,TMMD7
AWSGT20A,SRPCR4700
AWSGT20A,TMXK2
AWSGT20A,SPBS12AR
AWSGT20A,SGD2BR
AWSGT20A,SGD8BR
AWSGT20A,SIMM220
AWSGT20A,PL400B
AWSGT20A,SIMM160A
AWSGT20A,ATECH3FR300B
AWSGT20A,96ACF
PTB32K,PTB32K
PTB32K,AT118
PTB32K,MG725A
PTB32K,DBBPT13
PTB32K,CTS561BITSET
PTB32K,DB121C
PTB32K,CTS561CHUCK
PTB32K,CTNN13KF
PTB32K,PSO4525
PTB32K,PDR3000A
SGDMRC11A,SGDMRC4A
SGDMRC11A,SGDMRC103A
SGDMRC11A,SGDMRCE44
SGDMRC11A,F4LBK
SGDMRC11A,BTWSMPK
SGDMRC11A,BTWS
SGDMRC11A,SSDMRT8A
SGDMRC11A,808CF
SGDMRC11A,110ETMAY
SGDMRC11A,908CF
STMD18,STMD16
STMD18,STMD9
STMD18,STMD12
STMD18,STMD14
STMD18,STMD6
STMD18,STMD10
STMD18,STMD11
STMD18,XS2024A
STMD18,STMD7
STMD18,XS1618A
RXFS605B,RXFMS606B
RXFS605B,RXFS2836B
RXFS605B,317MPC
RXFS605B,218AFP
RXFS605B,BPPC1878
RXFS605B,TF5A
RXFS605B,PPB826A
RXFS605B,AWMG9
RXFS605B,SGDP64IRBR
RXFS605B,SW181A
BT4651,BT518
BT4651,BTGHD9
BT4651,YA4275
BT4651,PKNC150
BT4651,SIMM350
BT4651,SIMM290
BT4651,310TWMYA
BT4651,SOEX40
BT4651,AD8C
BT4651,211SFSY
PGP50,PGP50
PGP50,FB316B
PGP50,TPM16
PGP50,FB360C
PGP50,GA296B
PGP50,GA460B
PGP50,OC5A
PGP50,PGP120
PGP50,ITHE100
PGP50,FB305A
EECT413,ECHDF042
EECT413,EECT400
EECT413,FB316B
EECT413,EEDM596FK
EECT413,PGP120
EECT413,YA1050B
EECT413,JCK8
EECT413,EEPV509
EECT413,SVTS272A
EECT413,EECT200
TMA8E,TMA6E
TMA8E,TMA7E
TMA8E,XS1820A
TMA8E,XS1012A
TMA8E,SGDEP20ESD
TMA8E,TM84
TMA8E,XS67A
TMA8E,SGDE225ESD
TMA8E,SGDE215ESD
TMA8E,VO1416B
IPL26C,IPL16C
IPL26C,IPL34C
IPL26C,IPL40C
IPL26C,IPL28C
IPL26C,IPL36C
IPL26C,IPL30C
IPL26C,312IPLM
IPL26C,IPLM16C
IPL26C,IPLM15C
IPL26C,IPLM18C
IPL36C,IPL24C
IPL36C,IPL30C
IPL36C,IPL34C
IPL36C,IPL38C
IPL36C,IPL16C
IPL36C,IPL28C
IPL36C,IPL20C
IPL36C,IPL42C
IPL36C,312IPLM
IPL36C,IPLM12C
IPLM12C,IPLM13C
IPLM12C,IPLM11C
IPLM12C,IPLM10C
IPLM12C,IPLM14C
IPLM12C,IPLM16C
IPLM12C,IPLM15C
IPLM12C,312IPL
IPLM12C,IPLM19C
IPLM12C,IPL28C
IPLM12C,IPLM22C
AWM3D,SIMM180
AWM3D,PL400B
AWM3D,FXK3
AWM3D,TMXK60
AWM3D,SHD1R
AWM3D,SGD4BR
AWM3D,T72
AWM3D,SPBS12AR
AWM3D,TMU8B
AWM3D,ATECH2FR125B
AWMXL10-7,SGD6BR
AWMXL10-7,SRPCR3800
AWMXL10-7,SIMM200
AWMXL10-7,T72
AWMXL10-7,PPC4A
AWMXL10-7,FX1
AWMXL10-7,SGD2BR
AWMXL10-7,TMU8B
AWMXL10-7,SIMM160A
AWMXL10-7,SIMM170
CTR862K2,PT850
CTR862K2,CTR867AK2
CTR862K2,PTGR100
CTR862K2,CTSG861DB
CTR862K2,CT9080K2
CTR862K2,CT825DB
CTR862K2,AT109
CTR862K2,CTB8174
CTR862K2,PDR3000A
CTR862K2,PTB32K
CT9038K2,CTC772A
CT9038K2,CTB8187
CT9038K2,DB121C
CT9038K2,PT850
CT9038K2,PTC250
CT9038K2,MG1250
CT9038K2,CTB8174
CT9038K2,PH3050BR
CT9038K2,PTB32K
CT9038K2,PTGR100
HSPD16,30SSD
HSPD16,OXIM6B
HSPD16,PPCS60BK
HSPD16,TTX40E
HSPD16,TTX27E
HSPD16,AWMBPH9
HSPD16,TTX30E
HSPD16,SFSM21
HSPD16,SN15B
HSPD16,TWM27
AW1020DK,AWM140DK
AW1020DK,2420A
AW1020DK,SWM291
AW1020DK,SWM271
AW1020DK,SWM261
AW1020DK,SWM301
AW1020DK,CSA14CR
AW1020DK,210AFLEY
AW1020DK,222AFSMP
AW1020DK,207EFTXY
310IMMYA,310SIMMYA
310IMMYA,BLPTE3816
310IMMYA,BLPTE3810
310IMMYA,BLPTE3812
310IMMYA,OXIM6B
310IMMYA,309SIMYA
310IMMYA,311IMYA
310IMMYA,IM120A
310IMMYA,IM180A
310IMMYA,IM320
CT9050GK2,CTINF9010
CT9050GK2,VWB8B
CT9050GK2,MG325
CT9050GK2,CT825DB
CT9050GK2,CTB8174
CT9050GK2,PT850
CT9050GK2,PTR2505
CT9050GK2,MG1250
CT9050GK2,AT5500
CT9050GK2,PH3050BR
KRSC46HPCM,PLRK30
KRSC46HPCM,TB50WC
KRSC46HPCM,KWSP2455ABL
KRSC46HPCM,KA2422SETPJH
KRSC46HPCM,KRA2407PBO
KRSC46HPCM,KASS13
KRSC46HPCM,KRSC430APBO7
KRSC46HPCM,MRB12B
KRSC46HPCM,SNA-TBP14
KRSC46HPCM,KCP1422PBO
SGDMRCE44,SGDMRC4A
SGDMRCE44,SGDMRC4-TM4
SGDMRCE44,SGDMRC11A
SGDMRCE44,SSDMRT8A
SGDMRCE44,SSFP2
SGDMRCE44,SSFP1
SGDMRCE44,XO605
SGDMRCE44,214SFY
SGDMRCE44,PPB30AK
SGDMRCE44,SDMT10D
SGDMRCE44O,SGDMRC4A
SGDMRCE44O,SGDMRC4-TM4
SGDMRCE44O,SGDMRC11A
SGDMRCE44O,SSDMRT8A
SGDMRCE44O,SSFP2
SGDMRCE44O,SSFP1
SGDMRCE44O,PPB30AK
SGDMRCE44O,84CF
SGDMRCE44O,SDMT10D
SGDMRCE44O,110STMDY
CTR825HVDB,CTS561BITSET
CTR825HVDB,CTB8174
CTR825HVDB,PDR3000A
CTR825HVDB,PH3050BR
CTR825HVDB,MG1250
CTR825HVDB,AT2050
CTR825HVDB,PSO4625
CTR825HVDB,CTQ838DB
CTR825HVDB,PTGR110
CTR825HVDB,AT109
CSA12CR,PKNC200
CSA12CR,SS5A
CSA12CR,S9704KR
CSA12CR,218AFSP
CSA12CR,TF5A
CSA12CR,RXS605B
CSA12CR,313SWYA
CSA12CR,S9711KA
CSA12CR,TW441
CSA12CR,SW161A
CTLAR761,CAL6EA
CTLAR761,EEDM525F
CTLAR761,EECT400
CTLAR761,EEDM596FK
CTLAR761,BB9008
CTLAR761,TPGDL2000
CTLAR761,GLASS50R
CTLAR761,EECT900
CTLAR761,ECHDD012AR
CTLAR761,MAGMAT
SRP400B,SRPCR112
SRP400B,SRP2A
SRP400B,PPC715BK
SRP400B,BLPPB704
SRP400B,PHP2A
SRP400B,BLPXZNM389
SRP400B,SGTT110B
SRP400B,SGTT9B
SRP400B,SGTT5B
SRP400B,SGTT6B
112RTMA,210RAFSMA
112RTMA,112RTSMA
112RTMA,TMMDS12
112RTMA,TMMDS11
112RTMA,TMMDS5.5
112RTMA,TMMDS7
112RTMA,TMMDS8
112RTMA,TFY72
112RTMA,XFR704
112RTMA,214SFY
CTR869DB,PT850
CTR869DB,MG725A
CTR869DB,PT338
CTR869DB,CTNN13KF
CTR869DB,MG325
CTR869DB,PTB32K
CTR869DB,CTS561BITSET
CTR869DB,CTC772A
CTR869DB,VWB8B
CTR869DB,CTR861AK2
CTR869GMDB,SAG03S20
CTR869GMDB,CTB185
CTR869GMDB,CTINF9010
CTR869GMDB,CTR867AK2
CTR869GMDB,PH3050BR
CTR869GMDB,CT825DB
CTR869GMDB,PT338
CTR869GMDB,AT118
CTR869GMDB,CTDFL861
CTR869GMDB,AT5500
SGDMRC103AG,SGDMRC11A
SGDMRC103AG,OEX707B
SGDMRC103AG,BLPBTWSET
SGDMRC103AG,TMR4
SGDMRC103AG,WTG8A
SGDMRC103AG,FSM71
SGDMRC103AG,110STMDY
SGDMRC103AG,RBYA605
SGDMRC103AG,TMUS141A
SGDMRC103AG,STMD11
S9614A,S6103A
S9614A,S9538A
S9614A,A179A
S9614A,GA243
S9614A,14V
S9614A,A161B
S9614A,A177A
S9614A,OXIM6B
S9614A,AD10C
S9614A,SGDMRC108A
TM408,TM412
TM408,TM410
TM408,TM04
TM408,XS1416A
TM408,XS1012A
TM408,XS1618A
TM408,VO2628B
TM408,TM84
TM408,SGDEL10ESD
TM408,XS810A
TWM30,TWM32
TWM30,TWM28
TWM30,TWM29
TWM30,TWM26
TWM30,TWM25
TWM30,TW461
TWM30,TW421
TWM30,TWM27
TWM30,OEXSM710B
TWM30,206EFABLM
SGDX60BG,117TMM
SGDX60BG,206EAU
SGDX60BG,PK23A
SGDX60BG,QD3RN350A
SGDX60BG,PRH57A
SGDX60BG,SGT4BR
SGDX60BG,BOERM712
SGDX60BG,S9704KA
SGDX60BG,SGDMRC44B
SGDX60BG,SOEXM710
SGDX60BO,117TMM
SGDX60BO,206EAU
SGDX60BO,317AMMPC
SGDX60BO,LP10WR
SGDX60BO,PK23A
SGDX60BO,TMM4
SGDX60BO,SOEX707
SGDX60BO,S9704KA
SGDX60BO,SGDMRC44B
SGDX60BO,TFM7530B
GLOVE900XLO,GLOVE300BL
GLOVE900XLO,GLASS30R
GLOVE900XLO,SOSG01BKCL01
GLOVE900XLO,GLOVE1100L
GLOVE900XLO,GLOVE505RL
GLOVE900XLO,GLOVE309L
GLOVE900XLO,GLOVEORIGPLUSL
GLOVE900XLO,GLASS50R
GLOVE900XLO,YA427B
GLOVE900XLO,JCW62R
SIMM190,SIMM220
SIMM190,SIMM210
SIMM190,SIMM170
SIMM190,SIMM180
SIMM190,SIMM200
SIMM190,SIMM240
SIMM190,SIMM230
SIMM190,SIMM130A
SIMM190,SIMM120A
SIMM190,SIM260
KRA2407POT,KCP2422PBO
KRA2407POT,KRSC46HPBO
KRA2407POT,KCP1422PBO
KRA2407POT,KACKMCFIBER1
KRA2407POT,KASS13
KRA2407POT,KRSC326FPBO
KRA2407POT,KRSC343PBO
KRA2407POT,KRA5311FPBO
KRA2407POT,KRA2007FPBO
KRA2407POT,KRSC430APBO1
GLOVE307XL,TPGDL2000
GLOVE307XL,TDG2
GLOVE307XL,EECT424HD
GLOVE307XL,TDG1
GLOVE307XL,ECHDD012AR
GLOVE307XL,EECT200
GLOVE307XL,YAKS42
GLOVE307XL,BB9008
GLOVE307XL,RULER602
GLOVE307XL,MAGDISH
SHDP31IRO,SHD4R
SHDP31IRO,SHDP42IRR
SHDP31IRO,SHD2R
SHDP31IRO,SHD6R
SHDP31IRO,SHDP63IRR
SHDP31IRO,SHD1R
SHDP31IRO,10R
SHDP31IRO,GA98A
SHDP31IRO,BP24B
SHDP31IRO,AW1015DHK
TQSG4R600,FB336
TQSG4R600,EEDM596FK
TQSG4R600,EECT200
TQSG4R600,ECHDD012A
TQSG4R600,GLASS30R
TQSG4R600,YA1050B
TQSG4R600,EEDM504F
TQSG4R600,RULER602
TQSG4R600,EECT400
TQSG4R600,SVTS272A
2006IT,TM83A
2006IT,TM62B
2006IT,TMP23E
2006IT,TM65
2006IT,VO2628B
2006IT,VO1416B
2006IT,VO1012B
2006IT,TM84
2006IT,TMC104E
2006IT,VO1820B
AWCGT45,AWCGT40
AWCGT45,AWCGT27
AWCGT45,AWCGT500
AWCGT45,T72
AWCGT45,SPBS12AR
AWCGT45,SIMM150A
AWCGT45,SGDP42IRBR
AWCGT45,BLPTHC87
AWCGT45,SGDX80BR
AWCGT45,91ACP
AWEF11K,AWEF11K
AWEF11K,PCSG820
AWEF11K,IPL30C
AWEF11K,AWMEF10K
AWEF11K,SGDMRC11A
AWEF11K,HBBD16
AWEF11K,47ACF
AWEF11K,BLPHL145
AWEF11K,BLPHL146
AWEF11K,PPSG205
SGD8BR,SGD6BR
SGD8BR,SGD2BR
SGD8BR,SGDP31IRBR
SGD8BR,SGD4BR
SGD8BR,SGDP42IRBR
SGD8BR,SGDP64IRBR
SGD8BR,AC58E
SGD8BR,SN25A
SGD8BR,BTC7B
SGD8BR,OEXM7B
SGDE220ESD,SGDEP200ESD
SGDE220ESD,SGDE215ESD
SGDE220ESD,SGDE225ESD
SGDE220ESD,SGDEP20ESD
SGDE220ESD,SGDEP21ESD
SGDE220ESD,PBN2
SGDE220ESD,TMU181A
SGDE220ESD,TMU121A
SGDE220ESD,TMA8E
SGDE220ESD,TMA5E
AWEF9K,AWMEF8K
AWEF9K,AWMEF7K
AWEF9K,AWTEF8K
AWEF9K,AWEFBH9K
AWEF9K,AWMEF6K
AWEF9K,VGP12509
AWEF9K,VGP104
AWEF9K,PK50A
AWEF9K,1210B
AWEF9K,PT28E
AWT55A,SIMM150A
AWT55A,FXK6
AWT55A,F80
AWT55A,SGDP42IRBR
AWT55A,SPBS12AR
AWT55A,SPBS704AR
AWT55A,SGASA204CR
AWT55A,SHD1R
AWT55A,FXK11
AWT55A,ATECH2FR125B
786CFO,411CF
786CFO,AW1013DK
786CFO,ST50A
786CFO,97ACF
786CFO,BF620C
786CFO,SRPCR4700
786CFO,AD12C
786CFO,91ACP
786CFO,TMU161A
786CFO,DS809K
KRA2411POT,KWSN2455AST
KRA2411POT,KRWT2411
KRA2411POT,KWSP2455ABL
KRA2411POT,KRA6210FPBO
KRA2411POT,KRA2422PBO
KRA2411POT,KCP1422PBO
KRA2411POT,KCP2422PBO
KRA2411POT,MRB12B
KRA2411POT,SNA-TBP14
KRA2411POT,KRSC46HPBO
AW4D,AW4-1/2D
AW4D,AW6D
AW4D,AW8D
AW4D,AW7D
AW4D,AW12D
AW4D,AW5D
AW4D,AW10D
AW4D,10SSD
AW4D,FSM61
AW4D,BP12B
AWCGT20,PPC4A
AWCGT20,SIMM200
AWCGT20,TMXK4
AWCGT20,SIMM240
AWCGT20,ATECH3FR300B
AWCGT20,A2A
AWCGT20,SGDX80BR
AWCGT20,FU8A
AWCGT20,SRPCR3800
AWCGT20,SGD2BR
KRA2411PU,KWSN2455AST
KRA2411PU,KRWT2411
KRA2411PU,KWSP2455ABL
KRA2411PU,KRA6210FPBO
KRA2411PU,KRA2422PBO
KRA2411PU,KCP1422PBO
KRA2411PU,KCP2422PBO
KRA2411PU,KRA2007FPBO
KRA2411PU,KRA2055FPBO
KRA2411PU,KRSC326FPBO
SOEXM130,TMM13
SOEXM130,TMM14
SOEXM130,STMM6
SOEXM130,SOEXM120
SOEXM130,SOEXM170
SOEXM130,SOEXM150
SOEXM130,SOEXM140
SOEXM130,SOEXM100
SOEXM130,OEXM8B
SOEXM130,TMM9
313SWMYA,SWM101A
313SWMYA,SWM271
313SWMYA,SEPPRECOMBA
313SWMYA,SWM111A
313SWMYA,SWM251
313SWMYA,AWEF6K
313SWMYA,340SSDP
313SWMYA,SN25A
313SWMYA,222AFSP
313SWMYA,10SSD
CT861GDB,PTB32K
CT861GDB,CTS561BITSET
CT861GDB,DBTB121
CT861GDB,PH3050BR
CT861GDB,PTR2505
CT861GDB,CTNN13KF
CT861GDB,CTB8174
CT861GDB,DBBPT13
CT861GDB,AT700F
CT861GDB,MG1250
KRSC430APC7,KAERNADD6RD
KRSC430APC7,KRSC323PBO
KRSC430APC7,KRSC430APBO1
KRSC430APC7,KCP1422PBO
KRSC430APC7,TB20AC
KRSC430APC7,KRSC326FPBO
KRSC430APC7,PLRK30
KRSC430APC7,TB40C
KRSC430APC7,KRSC46HPBO
KRSC430APC7,KWSP2455ABL
PWCS9ACFO,29ACF
PWCS9ACFO,PPC20LB
PWCS9ACFO,DS806AK
PWCS9ACFO,313SYA
PWCS9ACFO,PT28E
PWCS9ACFO,S261
PWCS9ACFO,SGA1713B
PWCS9ACFO,HBBT16
PWCS9ACFO,SGA1714B
PWCS9ACFO,OEXM230B
FA12LE,FAML6E
FA12LE,SA16E
FA12LE,FABLM5E
FA12LE,HD6529
FA12LE,KAC1224TCA
FA12LE,TW481
FA12LE,206EFABL
FA12LE,TW401
FA12LE,IMM360
FA12LE,209EFTXBY
JCW80AR,ECHDG052
JCW80AR,MRB10B
JCW80AR,MAGMICRO
JCW80AR,JCW62R
JCW80AR,VAC201
JCW80AR,ASTFUN19KIT
JCW80AR,YA427B
JCW80AR,EEJP201MBKA-NA
JCW80AR,TIF160
JCW80AR,YA105013
FB336,FB336
FB336,PGP50
FB336,CAL6DA
FB336,FB307RNB
FB336,GA3634A
FB336,MTEE6
FB336,CAL6EA
FB336,MAGMAT
FB336,SVTA9100
FB336,CAL6EBR
BTCP400,BTCP600
BTCP400,BTCW800
BTCP400,BRHC2PK
BTCP400,BTCWSO16KT
BTCP400,LIL59000
BTCP400,S6118A
BTCP400,305TSKTA
BTCP400,112RTSMA
BTCP400,BP40B
BTCP400,BTCP2SA
AWMG9-4,ATECH3FR300B
AWMG9-4,SIMM220
AWMG9-4,FHLF80A
AWMG9-4,GFAT1E
AWMG9-4,BLPTHC87
AWMG9-4,SPBS704AR
AWMG9-4,SPBS8AR
AWMG9-4,91ACP
AWMG9-4,SIMM200
AWMG9-4,ATECH2FR125B
BOERM16,SIM360
BOERM16,SIM280
BOERM16,BOERM18
BOERM16,BOERM17
BOERM16,BOERM14
BOERM16,BOERM12
BOERM16,BOERM10
BOERM16,SIM220
BOERM16,SIM300
BOERM16,SIM180A
CDR9050DB,CTR867AK2
CDR9050DB,PTGR110
CDR9050DB,MG1250
CDR9050DB,AT5500
CDR9050DB,CTB8187
CDR9050DB,AT118
CDR9050DB,PT338
CDR9050DB,SAG03S20
CDR9050DB,MG325
CDR9050DB,AT700F
ACTUVLITE4,ECPNH012UV
ACTUVLITE4,JT17A
ACTUVLITE4,IM1PT
ACTUVLITE4,GLASS30R
ACTUVLITE4,ECHDD012AR
ACTUVLITE4,ECPNH012
ACTUVLITE4,SVTSRAD272U
ACTUVLITE4,FB336
ACTUVLITE4,TDG2
ACTUVLITE4,YA1050B
ACTUVPROKT,GLASS50R
ACTUVPROKT,EECT400
ACTUVPROKT,ECSPH271
ACTUVPROKT,ACT1297
ACTUVPROKT,ACT925
ACTUVPROKT,ACT407
ACTUVPROKT,ACT1290A
ACTUVPROKT,ACT51234A
ACTUVPROKT,ACT73A
ACTUVPROKT,ECHDF042
109STMML,SPBS12AR
109STMML,TMXK60
109STMML,SPBS704AR
109STMML,SGDP42IRBR
109STMML,47ACF
109STMML,SRPCR3800
109STMML,FXK11
109STMML,SGDP31IRBR
109STMML,T72
109STMML,SIMM150A
CDR4P32L3DB,MG725A
CDR4P32L3DB,PH3050BR
CDR4P32L3DB,CTB8187
CDR4P32L3DB,CTR861AK2
CDR4P32L3DB,PTGR110
CDR4P32L3DB,CTB8174
CDR4P32L3DB,PTR2505
CDR4P32L3DB,CTNN13KF
CDR4P32L3DB,PTR72
CDR4P32L3DB,CTB185
CDR4P63K3DB,CTC772A
CDR4P63K3DB,PTB32K
CDR4P63K3DB,CTB8187
CDR4P63K3DB,CTR862DB
CDR4P63K3DB,CTB8174
CDR4P63K3DB,PT850
CDR4P63K3DB,AT2050
CDR4P63K3DB,AT109
CDR4P63K3DB,PTGR100
CDR4P63K3DB,CT9080K2
TMXK2,TMXK4
TMXK2,TMXK110
TMXK2,TMX1
TMXK2,XS2024A
TMXK2,XS1416A
TMXK2,XS1012A
TMXK2,VO2224B
TMXK2,VO2628B
TMXK2,VO1012B
TMXK2,VO1820B
CTR825DB,MG325
CTR825DB,DB121C
CTR825DB,CT825DB
CTR825DB,PH3050BR
CTR825DB,CTC131A
CTR825DB,PDR3000A
CTR825DB,CTB8187
CTR825DB,CTR861AK2
CTR825DB,PT850
CTR825DB,MG725A
CSA14CO,CSA12CR
CSA14CO,CSSD50R
CSA14CO,AW1020DK
CSA14CO,AWM140DK
CSA14CO,CSSD1R
CSA14CO,2420A
CSA14CO,207EFTXY
CSA14CO,310IMMYA
CSA14CO,SOEX38
CSA14CO,A91F
CSSD50O,CSSD1R
CSSD50O,CSA14CR
CSSD50O,CSA12CR
CSSD50O,SGAS102BG
CSSD50O,PKN500
CSSD50O,PTM30
CSSD50O,208FRDHM
CSSD50O,86EP
CSSD50O,PHP2A
CSSD50O,HBBT16
ECFLD030,YA1050B
ECFLD030,FB336
ECFLD030,EEPV500
ECFLD030,EECT400
ECFLD030,TIF160
ECFLD030,CAL6DA
ECFLD030,GA460B
ECFLD030,UTK150
ECFLD030,ECPNI032R
ECFLD030,RULER600
FTX45E,FTX40E
FTX45E,FTX50E
FTX45E,TTX8E
FTX45E,TTX10E
FTX45E,TTX25E
FTX45E,TTX20E
FTX45E,TTX15E
FTX45E,FAM8E
FTX45E,AW1020DK
FTX45E,210AFLEY
GLAS1F,GFAT1E
GLAS1F,GSAF1F
GLAS1F,TA3
GLAS1F,SOEX40
GLAS1F,SIMM350
GLAS1F,PKNC150
GLAS1F,TMMD11
GLAS1F,TMMD12
GLAS1F,111TMMDY
GLAS1F,TMMD6
ASGP2BR,ASGP1BR
ASGP2BR,A179A
ASGP2BR,UTS105A
ASGP2BR,SGA102BR
ASGP2BR,GA358B
ASGP2BR,SGTT110B
ASGP2BR,SGTT1B
ASGP2BR,SGTT5B
ASGP2BR,SGTT10B
ASGP2BR,SGTT6B
1412A,2420A
1412A,1250
1412A,A50A
1412A,PPC204A
1412A,PPC3A
1412A,SHLF80A
1412A,PPC205A
1412A,S80A
1412A,PPC816B
1412A,TMXK4
TMS70A,TM5
TMS70A,TM408
TMS70A,TM412
TMS70A,XS2024A
TMS70A,XS1820A
TMS70A,XS2226A
TMS70A,VO1820B
TMS70A,VO1012B
TMS70A,XS67A
TMS70A,TMC106E
10SSD,340SSDP
10SSD,AW10D
10SSD,AW5D
10SSD,AWM110DHK
10SSD,120SSDP
10SSD,AW1015DHK
10SSD,AW6D
10SSD,AW12D
10SSD,SWM211
10SSD,SWM241
30SSD,120SSDP
30SSD,GA98A
30SSD,AW1013DK
30SSD,8HR
30SSD,HSPD16
30SSD,FADH10C
30SSD,HBFE16
30SSD,BLPTXK4
30SSD,SOEX30
30SSD,95ACF
FCOM9A,TMXK60
FCOM9A,PPC4A
FCOM9A,SPBS704AR
FCOM9A,FXK11
FCOM9A,A2A
FCOM9A,47ACF
FCOM9A,91ACP
FCOM9A,SIMM220
FCOM9A,96ACF
FCOM9A,SIMM150A
KRA6200FPBO,YA438B
KRA6200FPBO,KCP2422PBO
KRA6200FPBO,KRA4810FPBO
KRA6200FPBO,KRSC430APBO1
KRA6200FPBO,KCP1422PBO
KRA6200FPBO,KRA2422PBO
KRA6200FPBO,KWSN2455ABL
KRA6200FPBO,KRA2055FPBO
KRA6200FPBO,PLRK27
KRA6200FPBO,A277
SHDP63IRO,SHD6R
SHDP63IRO,SHDP42IRR
SHDP63IRO,SHDP31IRR
SHDP63IRO,SHD2R
SHDP63IRO,SHD4R
SHDP63IRO,LDH362
SHDP63IRO,LDH462
SHDP63IRO,LDH442
SHDP63IRO,LDH422A
SHDP63IRO,PKNC150
FS201,FS181
FS201,FS161
FS201,FS141
FS201,FS121
FS201,SN25A
FS201,TWM29
FS201,PKNC200
FS201,SWM111A
FS201,SWM101A
FS201,OEXM9B
SH80A,THL72
SH80A,FHR80
SH80A,THR72
SH80A,SHL80A
SH80A,SN15B
SH80A,THLL72
SH80A,FHBB12A
SH80A,FHL80
SH80A,OFW3
SH80A,SHN36
SH80AO,THL72
SH80AO,FHR80
SH80AO,THR72
SH80AO,SHL80A
SH80AO,SN15B
SH80AO,FHBB12A
SH80AO,OFW3
SH80AO,FHOF80A
SH80AO,SHX80B
SH80AO,SX2
GLOVE900XXB,GLOVE309L
GLOVE900XXB,GLASS50R
GLOVE900XXB,YA427B
GLOVE900XXB,GLOVE1100L
GLOVE900XXB,GLOVE505RL
GLOVE900XXB,GLOVE300BL
GLOVE900XXB,GLOVEORIGPLUSL
GLOVE900XXB,SOSG01BKCL01
GLOVE900XXB,JCW62R
GLOVE900XXB,ACT51234A
GLOVE900XXR,GLOVE1100L
GLOVE900XXR,GLOVE505RL
GLOVE900XXR,GLOVE309L
GLOVE900XXR,GLOVE300BL
GLOVE900XXR,GLOVEORIGPLUSL
GLOVE900XXR,GLASS50R
GLOVE900XXR,YA427B
GLOVE900XXR,ACT51234A
GLOVE900XXR,GLASS30R
GLOVE900XXR,ECPNG032
IMM150A,IMM180
IMM150A,IMM170A
IMM150A,IMM160A
IMM150A,IMM190
IMM150A,IMM140A
IMM150A,IMM120A
IMM150A,IMM130A
IMM150A,IM120A
IMM150A,IM160A
IMM150A,IM240
KRA2407PBO,KACKMCFIBER1
KRA2407PBO,YA389A
KRA2407PBO,KRA4059FPBO
KRA2407PBO,KRA5311FPBO
KRA2407PBO,KWSN2455ABL
KRA2407PBO,A277
KRA2407PBO,KACKCAREKIT
KRA2407PBO,YA438B
KRA2407PBO,KCP1422PBO
KRA2407PBO,KRSC326FPBO
S9704KA,S9706KRA
S9704KA,PK23A
S9704KA,PRH57A
S9704KA,FADH12C
S9704KA,AWM110DHK
S9704KA,AC5C
S9704KA,SN25A
S9704KA,ACT1370
S9704KA,F10LD
S9704KA,OFW3
310TWMYA,305SIMMY
310TWMYA,OFW2
310TWMYA,313TWYA
310TWMYA,SIMM350
310TWMYA,SIMM290
310TWMYA,PKNC150
310TWMYA,UPTM65K
310TWMYA,SOEX38
310TWMYA,SIMM300
310TWMYA,SOEX32
SIM320,IM320
SIM320,SIM260
SIM320,SIM400
SIM320,SIM360
SIM320,SIM340
SIM320,SIM240
SIM320,SIM380
SIM320,SIM280
SIM320,IM140A
SIM320,IM160A
SIM340,SIM400
SIM340,SIM360
SIM340,SIM180A
SIM340,IM320
SIM340,SIM260
SIM340,SIM380
SIM340,SIM220
SIM340,SIM200
SIM340,IM160A
SIM340,IM200
AWMG9-1,SGDP42IRBR
AWMG9-1,47ACF
AWMG9-1,SGD8BR
AWMG9-1,SRPCR4700
AWMG9-1,SPBS8AR
AWMG9-1,SRPCR3800
AWMG9-1,96ACF
AWMG9-1,SGD4BR
AWMG9-1,TMXK2
AWMG9-1,SGDX80BR
TM82,TMC104E
TM82,TM65
TM82,VO2628B
TM82,XS1416A
TM82,XS1012A
TM82,VO1012B
TM82,VO3032B
TM82,TM408
TM82,SGDEL10ESD
TM82,XS810A
TMC105E,TMP23E
TMC105E,TM82
TMC105E,TM65
TMC105E,TM5
TMC105E,XS2024A
TMC105E,XS1416A
TMC105E,XS1820A
TMC105E,XS1012A
TMC105E,VO2224B
TMC105E,VO1012B
LP7WR,LP5WR
LP7WR,LP6LN
LP7WR,LP7R
LP7WR,LP10R
LP7WR,AWM140DK
LP7WR,VGP22412
LP7WR,PK53A
LP7WR,BTC3A
LP7WR,BP8B
LP7WR,PT10C
BLP14CONV,AT4101
BLP14CONV,FB316B
BLP14CONV,TDG2
BLP14CONV,MAGMAT
BLP14CONV,ECHDD012A
BLP14CONV,GLASS30R
BLP14CONV,ECHDF042
BLP14CONV,TPGDL2000
BLP14CONV,YAKS42
BLP14CONV,EEDM596FK
PBMS5,PBMB5R
PBMS5,PBMB5O
PBMS5,PBMA5R
PBMS5,PBMA5
PBMS5,PBMA5G
PBMS5,PBMMA5R
PBMS5,PBMA5O
PBMS5,PBMMA5
PBMS5,PBMMB5R
PBMS5,PPB1002A
TECH3FR250,TECH2FR100
TECH3FR250,TECH1FR240
TECH3FR250,SHBB24
TECH3FR250,LDH362
TECH3FR250,LDH402
TECH3FR250,LDH522
TECH3FR250,XB605A
TECH3FR250,414AHD
TECH3FR250,OEX44B
TECH3FR250,310TWMYA
TTX40E,TTX30E
TTX40E,TTX27E
TTX40E,B1461
TTX40E,FTX60E
TTX40E,TW401
TTX40E,QD1R50A
TTX40E,AC58E
TTX40E,BT11
TTX40E,131A
TTX40E,SIMM300
XS2024A,XS1416A
XS2024A,XS2226A
XS2024A,XS67A
XS2024A,TM84
XS2024A,VO2628B
XS2024A,XS810A
XS2024A,VO1416B
XS2024A,VO1820B
XS2024A,SGDEL10ESD
XS2024A,TM410
YA450B,YA438B
YA450B,KRA2055FPBO
YA450B,KCP1422PBO
YA450B,KAERNADD6RD
YA450B,KCP2422PBO
YA450B,KACKFLTCLNR
YA450B,KRSC326FPBO
YA450B,KRSC430APBO1
YA450B,KRA2422PBO
YA450B,KRA6200FPBO
DBBPT13,PTC250
DBBPT13,DBBPT13
DBBPT13,DB121C
DBBPT13,PTB32K
DBBPT13,CTS561BITSET
DBBPT13,PSO4525
DBBPT13,CTS561CHUCK
DBBPT13,PDR3000A
DBBPT13,AT5500
DBBPT13,VWB8B
GAW1912,SIMM150A
GAW1912,SRPCR4700
GAW1912,SPBS12AR
GAW1912,SPBS8AR
GAW1912,SIMM240
GAW1912,SHD1R
GAW1912,47ACF
GAW1912,PPC103A
GAW1912,SGD6BR
GAW1912,SGD4BR
AWBSGM800A,AWBSG800A
AWBSGM800A,AWSGT800A
AWBSGM800A,AWSG800A
AWBSGM800A,XB605A
AWBSGM800A,208FRDHM
AWBSGM800A,GF22
AWBSGM800A,206EFABL
AWBSGM800A,SGDTX90BR
AWBSGM800A,FC72
AWBSGM800A,612AEP
AWTEFBH11K,AWTEFBH11K
AWTEFBH11K,XS67A
AWTEFBH11K,ATKIFL
AWTEFBH11K,AWMEFBH10K
AWTEFBH11K,AWEFBH11K
AWTEFBH11K,VO1820B
AWTEFBH11K,VO1012B
AWTEFBH11K,VO2224B
AWTEFBH11K,VO1416B
AWTEFBH11K,VO2628B
9000GS3O,SGD6BR
9000GS3O,F80
9000GS3O,FXK11
9000GS3O,SRPCR3800
9000GS3O,SPBS12AR
9000GS3O,SIMM150A
9000GS3O,SGDP42IRBR
9000GS3O,TMU8B
9000GS3O,TMXK60
9000GS3O,PL400B
GLOVE505RL,SOSG01BKCL01
GLOVE505RL,GLOVE900LR
GLOVE505RL,GLOVE1100L
GLOVE505RL,GLOVE300BL
GLOVE505RL,GLOVEORIGPLUSL
GLOVE505RL,JCK8
GLOVE505RL,TPGDL2000
GLOVE505RL,MAGMAT
GLOVE505RL,FB316B
GLOVE505RL,ECHDD012A
313SWYA,SWM261
313SWYA,SW261
313SWYA,SW141A
313SWYA,313SYA
313SWYA,SWM251
313SWYA,340SSDP
313SWYA,AWEF6K
313SWYA,AWMEF8K
313SWYA,10SSD
313SWYA,SWM271
KRA4107FPBO,KRA4114FPBO
KRA4107FPBO,KRA4810FPBO
KRA4107FPBO,KAERNADD6RD
KRA4107FPBO,KRA2406BPBO
KRA4107FPBO,KRSC323PBO
KRA4107FPBO,KCP1422PBO
KRA4107FPBO,KRA2411PBO
KRA4107FPBO,KRA2055FPBO
KRA4107FPBO,KRSC326FPBO
KRA4107FPBO,KWSN2455AST
PWCSS7ACF,PWCS9ACF
PWCSS7ACF,309SIMYA
PWCSS7ACF,HBPT24
PWCSS7ACF,317AMMPC
PWCSS7ACF,BTK5
PWCSS7ACF,IM220
PWCSS7ACF,IM320
PWCSS7ACF,IM240
PWCSS7ACF,UIM225
PWCSS7ACF,SLX80A
AW7D,AW6D
AW7D,AW8D
AW7D,AW4D
AW7D,AW4-1/2D
AW7D,AW12D
AW7D,AW5D
AW7D,AW10D
AW7D,YA2020
AW7D,TW381
AW7D,LP6LN
KRSC430APJJ7,KAERNADD6RD
KRSC430APJJ7,KRSC323PBO
KRSC430APJJ7,KRSC46HPBO
KRSC430APJJ7,MRB12B
KRSC430APJJ7,KRA2411PBO
KRSC430APJJ7,KCP2422PBO
KRSC430APJJ7,A277
KRSC430APJJ7,KRA2007FPBO
KRSC430APJJ7,TB40C
KRSC430APJJ7,KASS13
KRSC430APWZ1,KAERNADD6RD
KRSC430APWZ1,KRSC323PBO
KRSC430APWZ1,KRA2422PBO
KRSC430APWZ1,KCP2422PBO
KRSC430APWZ1,KRA4107FPBO
KRSC430APWZ1,KACKMCFIBER1
KRSC430APWZ1,KRA2055FPBO
KRSC430APWZ1,KWSP2455ABL
KRSC430APWZ1,KRA4810FPBO
KRSC430APWZ1,KRSC46HPBO
KRA62D,KCP1422PBO
KRA62D,KRSC430APBO1
KRA62D,SNA-TBP14
KRA62D,KRA2407PBO
KRA62D,KRSC430APBO7
KRA62D,TB40C
KRA62D,TB20AC
KRA62D,KRA6200FPBO
KRA62D,KRA2411PBO
KRA62D,A277
IMFLE180A,IMSLEPL240
IMFLE180A,SX24
IMFLE180A,WHM1
IMFLE180A,OXKRM705
IMFLE180A,211EFAMY
IMFLE180A,FZ80
IMFLE180A,112SIMTMM
IMFLE180A,210EFTAMY
IMFLE180A,BLPHEXS1418
IMFLE180A,213AFLEY
GA1D,ACT1290A
GA1D,ACT51234A
GA1D,CAL6V
GA1D,MTEE6
GA1D,CAL6DA
GA1D,FB336
GA1D,EECT200
GA1D,TDG1
GA1D,EECT400
GA1D,ACTUVPROKT
106ATMXW,206AFXW
106ATMXW,305SXWP
106ATMXW,BTWSMPK
106ATMXW,XO605
106ATMXW,SGDMRCE44
106ATMXW,TNF72
106ATMXW,TRX72
106ATMXW,TL72
106ATMXW,OXI707BK
106ATMXW,TRF72
BOERM9,BOERM9
BOERM9,BOERM13
BOERM9,BOERM11
BOERM9,BOERM8
BOERM9,IP80D
BOERM9,SOXRRM710A
BOERM9,BOERM14
BOERM9,BOERM17
BOERM9,BOERM12
BOERM9,BOERM10
BT101,AF102
BT101,BTC8A
BT101,212SIMFYA
BT101,RXFS605B
BT101,SG4ASABR
BT101,SG5ASABR
BT101,SRPCR107
BT101,LP404
BT101,RXFMS606B
BT101,SRPCR3800
BOER708,BOERM712
BOER708,BOERM704
BOER708,UTV614A
BOER708,UTV615A
BOER708,SRPCR105
BOER708,206EAU
BOER708,UIM225
BOER708,TWM24
BOER708,TMM4
BOER708,SIM220
CLRPW75,MAGDISH
CLRPW75,JCK7DBL
CLRPW75,ECARL032R
CLRPW75,UTK150
CLRPW75,JCK8
CLRPW75,ASTFUN19KIT
CLRPW75,GLOVE1100L
CLRPW75,GLOVEORIGPLUSL
CLRPW75,IM1PT
CLRPW75,MAGMAT
61CF,VO2224B
61CF,XS2024A
61CF,XS1416A
61CF,XS1618A
61CF,XS2226A
61CF,SGDE230ESD
61CF,VO1416B
61CF,XS67A
61CF,VO3032B
61CF,XS810A
AT4124,SVTS272A
AT4124,UTK150
AT4124,AT4124
AT4124,AT4135
AT4124,ACT1290A
AT4124,RULER602
AT4124,BLP15HVLP
AT4124,BLP18HVLP
AT4124,MTTL300
AT4124,GA3634A
2004BSKA,BTK5
2004BSKA,10R
2004BSKA,TF5A
2004BSKA,S6118A
2004BSKA,AC5C
2004BSKA,AWM110DHK
2004BSKA,PK53A
2004BSKA,PRH57A
2004BSKA,117TMM
2004BSKA,HSG319
144TMPB,222AFSP
144TMPB,OEXM7B
144TMPB,SN25A
144TMPB,ACT1370
144TMPB,TTX40E
144TMPB,SWM111A
144TMPB,OEXM9B
144TMPB,14V
144TMPB,S9538A
144TMPB,DPT7A
XS1618A,XS1214A
XS1618A,XS810A
XS1618A,XS67A
XS1618A,VO2628B
XS1618A,VO2224B
XS1618A,VO1820B
XS1618A,VO3032B
XS1618A,TM65
XS1618A,TMC104E
XS1618A,TM5
SFSM6,SFSM7
SFSM6,FSM61
SFSM6,SFSM20
SFSM6,FSM71
SFSM6,SFSM21
SFSM6,STMM4.5
SFSM6,TMM4.5
SFSM6,STMM4
SFSM6,TTX27E
SFSM6,STARTERSET5
SW361,SW321
SW361,SW221
SW361,SW301
SW361,SW141A
SW361,SW181A
SW361,SW161A
SW361,TM84
SW361,SW261
SW361,VO2224B
SW361,VO1820B
AT109,PTC250
AT109,PTR2500
AT109,AT109
AT109,PDR3000A
AT109,PSO4625
AT109,AT408
AT109,AT700F
AT109,PSO4525
AT109,AT425R
AT109,PTGR450
303SXWKL,103TMXKLA
303SXWKL,204FXKLA
303SXWKL,TRX72
303SXWKL,S4
303SXWKL,SX24
303SXWKL,305SXWP
303SXWKL,313SYA
303SXWKL,SR80A
303SXWKL,208AFX
303SXWKL,FR80
KRA6200FPC,YA438B
KRA6200FPC,KASS13
KRA6200FPC,KRA4059FPBO
KRA6200FPC,KRA2411PBO
KRA6200FPC,SNA-TBP14
KRA6200FPC,KRA24
KRA6200FPC,KWSN2455ABL
KRA6200FPC,KACKCAREKIT
KRA6200FPC,KRSC343PBO
KRA6200FPC,KRA2007FPBO
304IMX,204IMXA
304IMX,312SIMM
304IMX,320SIM
304IMX,305SIMMY
304IMX,SIMM290
304IMX,UPTM65K
304IMX,SGDTX50BR
304IMX,312IMM
304IMX,YA4275
304IMX,UTS105A
TMM14,TMM12
TMM14,STMM14
TMM14,STMM12
TMM14,TMM15
TMM14,TMM6
TMM14,STMM13
TMM14,TMM7
TMM14,STMM11
TMM14,TMM10
TMM14,STMM5
FB361A,FB361A
FB361A,FB303B
FB361A,ACT73A
FB361A,FB316B
FB361A,FB360C
FB361A,GA296B
FB361A,PGP50
FB361A,TPM16
FB361A,RTEMPB7
FB361A,MTTL300
SIMM200,SIMM230
SIMM200,SIMM240
SIMM200,SIMM180
SIMM200,SIMM220
SIMM200,SIMM210
SIMM200,SIMM190
SIMM200,SIMM170
SIMM200,SIMM120A
SIMM200,SIMM150A
SIMM200,SIM260
PPCSG710,AWMCG1600B
PPCSG710,S9711KA
PPCSG710,PTM30
PPCSG710,103TMXKLA
PPCSG710,SGHBF500A
PPCSG710,THLL72
PPCSG710,SGDTX50BR
PPCSG710,XBM605A
PPCSG710,8R
PPCSG710,TECH3FR250
TMMS6,TMMS13
TMMS6,TMMS9
TMMS6,TMMS14
TMMS6,TMMS7
TMMS6,TMMS11
TMMS6,TMMS5.5
TMMS6,TMMS12
TMMS6,TMMS15
TMMS6,TMMS10
TMMS6,TMMS8
QD1RN25B,QD2RN100A
QD1RN25B,UTV617A
QD1RN25B,QD3RN350A
QD1RN25B,208EFTAMXSY
QD1RN25B,209EFTXBY
QD1RN25B,FTXB55E
QD1RN25B,FTXB50E
QD1RN25B,FLE140A
QD1RN25B,BDGPL300HG
QD1RN25B,207EFAMY
PWCS7ACFO,PK52A
PWCS7ACFO,AWM110DHK
PWCS7ACFO,AC5C
PWCS7ACFO,PPB826A
PWCS7ACFO,FADH12C
PWCS7ACFO,PK53A
PWCS7ACFO,411CF
PWCS7ACFO,PK23A
PWCS7ACFO,PTIM5
PWCS7ACFO,SGD153BR
SOEXM710,SOEX710
SOEXM710,SOEXM8
SOEXM710,SOEXM705
SOEXM710,SOEXM9
SOEXM710,SOEX704
SOEXM710,SOEX38
SOEXM710,SOEX26
SOEXM710,SOEX28
SOEXM710,UPT35
SOEXM710,SOEX32
STMM7,STMM8
STMM7,STMM6
STMM7,TMM8
STMM7,STMM12
STMM7,STMM13
STMM7,TMM14
STMM7,TMM11
STMM7,STMM10
STMM7,TMM10
STMM7,STMM14
STMM8,STMM7
STMM8,TMM8
STMM8,STMM12
STMM8,STMM13
STMM8,TMM11
STMM8,STMM6
STMM8,STMM14
STMM8,STMM10
STMM8,TMM14
STMM8,TMM10
SW421,SW401
SW421,MS800
SW421,317MPC
SW421,PPB826A
SW421,218AFP
SW421,PPC20LB
SW421,OEX38B
SW421,SW181A
SW421,SW141A
SW421,AWMG9
SWM101A,SWM251
SWM101A,SWM261
SWM101A,SWM271
SWM101A,SWM281
SWM101A,SWM301
SWM101A,222AFSP
SWM101A,AWMEF8K
SWM101A,OEXM8B
SWM101A,SWM141A
SWM101A,SWM171
SWM181,SWM141A
SWM181,SWM201
SWM181,SWM231
SWM181,SWM221
SWM181,SWM171
SWM181,SWM211
SWM181,SWM121A
SWM181,SN25A
SWM181,SWM131A
SWM181,222AFSP
SWM161,SWM191
SWM161,SWM221
SWM161,SWM141A
SWM161,SWM121A
SWM161,SWM211
SWM161,SWM111A
SWM161,SWM261
SWM161,SWM271
SWM161,SN25A
SWM161,222AFSP
VO2224B,VO1820B
VO2224B,VO2628B
VO2224B,VO1012B
VO2224B,VO3032B
VO2224B,XS1214A
VO2224B,TM408
VO2224B,XS810A
VO2224B,SGDEL10ESD
VO2224B,TM412
VO2224B,TMC104E
TMM9,TMM6
TMM9,TMM13
TMM9,STMM6
TMM9,TMM14
TMM9,STMM12
TMM9,TMM15
TMM9,TMM7
TMM9,STMM11
TMM9,TMM5.5
TMM9,STMM5
IM1PT,IM1PT
IM1PT,FB303B
IM1PT,ACT83A
IM1PT,YA4190DIS
IM1PT,YA105013
IM1PT,OC5A
IM1PT,GA460B
IM1PT,ACT73A
IM1PT,JCW62R
IM1PT,PGP50
OEXM270B,OEXM260B
OEXM270B,OEXM300B
OEXM270B,OEXM250B
OEXM270B,OEXM320B
OEXM270B,OEXM230B
OEXM270B,OEXM240B
OEXM270B,OEX44B
OEXM270B,OEX42B
OEXM270B,208EFTAMXSY
OEXM270B,TWM27
XFR704,XFRM705
XFR704,TFY72
XFR704,BDGPL412HG
XFR704,PALMRAT
XFR704,ADCF8
XFR704,XDHF605
XFR704,313SMYA
XFR704,UIM2RSLT
XFR704,313SYA
XFR704,120STTM
OXRM710A,SFSM21
OXRM710A,BEXD10A
OXRM710A,310IMMYA
OXRM710A,A159
OXRM710A,SR80A
OXRM710A,TMMS10
OXRM710A,SWM151A
OXRM710A,AWMCG1600B
OXRM710A,312IPLM
OXRM710A,TMMS5
786CFG,411CF
786CFG,YA2019
786CFG,10R
786CFG,S6106KA
786CFG,TMU181A
786CFG,YA900
786CFG,SRPCR3800
786CFG,8HR
786CFG,OEX709B
786CFG,AD12C
KRA2411PBO,KWSN2455AST
KRA2411PBO,KRWT2411
KRA2411PBO,KWSP2455ABL
KRA2411PBO,KRA6210FPBO
KRA2411PBO,KRA2422PBO
KRA2411PBO,KCP1422PBO
KRA2411PBO,KCP2422PBO
KRA2411PBO,MRB12B
KRA2411PBO,KRSC430APBO7
KRA2411PBO,KRA4107FPBO
GAW1914,SIMM180
GAW1914,SGDP31IRBR
GAW1914,SGDX80BR
GAW1914,SGASA204CR
GAW1914,SPBS704AR
GAW1914,SGD2BR
GAW1914,ATECH3FR300B
GAW1914,TMXK4
GAW1914,SPBS8AR
GAW1914,F80
AW24D,SGDX80BR
AW24D,SPBS12AR
AW24D,SGD2BR
AW24D,FX1
AW24D,SGASA204CR
AW24D,SPBS704AR
AW24D,TMXK2
AW24D,SIMM150A
AW24D,FU8A
AW24D,SIMM200
IM300,IM260
IM300,IM200
IM300,IM280
IM300,IM320
IM300,IM240
IM300,IM180A
IM300,SIM300
IM300,IM160A
IM300,BLPTE3814
IM300,BLPTE3812
KRA2411PWZ,KRA25D
KRA2411PWZ,YA389A
KRA2411PWZ,KRA2411PBO
KRA2411PWZ,KWSN2455AST
KRA2411PWZ,KRWT2411
KRA2411PWZ,KWSP2455ABL
KRA2411PWZ,KRA6210FPBO
KRA2411PWZ,KRA2422PBO
KRA2411PWZ,KCP1422PBO
KRA2411PWZ,KCP2422PBO
ACTR1234YF,ACTR1234YF
ACTR1234YF,TEMP200
ACTR1234YF,EFPHANNIBALB
ACTR1234YF,ACTR4151A
ACTR1234YF,ACT51234A
ACTR1234YF,ACT1297
ACTR1234YF,ACT413A
ACTR1234YF,ACT9103
ACTR1234YF,ACT1290A
ACTR1234YF,ACT407
KRA4107FPJJ,KRA4114FPBO
KRA4107FPJJ,KRA4810FPBO
KRA4107FPJJ,KAERNADD6RD
KRA4107FPJJ,SNA-TBP14
KRA4107FPJJ,KRA2422PBO
KRA4107FPJJ,KWSN2455AST
KRA4107FPJJ,KRSC46HPBO
KRA4107FPJJ,A277
KRA4107FPJJ,KRSC343PBO
KRA4107FPJJ,KRSC430APBO7
B1458C,S6112
B1458C,B1467A
B1458C,S6110A
B1458C,B1461
B1458C,BT11
B1458C,B1356E
B1458C,BCT1050
B1458C,BP8B
B1458C,TF528D
B1458C,YA824C
B1461,131A
B1461,BT11
B1461,TTX40E
B1461,S6118A
B1461,B3404B
B1461,B1356E
B1461,BHS7A
B1461,BP32B
B1461,OEXM9B
B1461,TTX27E
AWCG1600B,AWMCG1600B
AWCG1600B,AWCGT30
AWCG1600B,AWCGT500
AWCG1600B,AWCG1624B
AWCG1600B,AWCG1620B
AWCG1600B,AWCGT27
AWCG1600B,AWCPEF16K
AWCG1600B,84CF
AWCG1600B,SSM5A
AWCG1600B,TM10G
AWCGT15,SIMM160A
AWCGT15,SPBS8AR
AWCGT15,PL400B
AWCGT15,SIMM240
AWCGT15,47ACF
AWCGT15,GFAT1E
AWCGT15,SGD2BR
AWCGT15,TMXK2
AWCGT15,SIMM150A
AWCGT15,SGASA204CR
KRSC430APET7,KAERNADD6RD
KRSC430APET7,KRSC323PBO
KRSC430APET7,KRSC326FPBO
KRSC430APET7,KRA2055FPBO
KRSC430APET7,KRSC46HPBO
KRSC430APET7,KRA4813FPBO
KRSC430APET7,KRA2422PBO
KRSC430APET7,SNA-TBP14
KRSC430APET7,KRA2007FPBO
KRSC430APET7,TB20AC
ECFB200BL,ACTUVLITE4
ECFB200BL,JT13B
ECFB200BL,EECT200
ECFB200BL,LBUK1
ECFB200BL,OC5A
ECFB200BL,PG160
ECFB200BL,PGP120
ECFB200BL,FB360C
ECFB200BL,ITHE100
ECFB200BL,EEDMDVA
ECFLJ092,AT4101
ECFLJ092,IM1PT
ECFLJ092,ECHDD012A
ECFLJ092,SVTS272A
ECFLJ092,FB336
ECFLJ092,YAKS42
ECFLJ092,ECARL032R
ECFLJ092,EECT400
ECFLJ092,UTK100
ECFLJ092,ECHDF042
AC5C,B260A
AC5C,AW10D
AC5C,AW4D
AC5C,AW8D
AC5C,AW6D
AC5C,AW4-1/2D
AC5C,2004BSKA
AC5C,VGP12418
AC5C,PKNC125C2
AC5C,PK53A
ECPRN062,MAGMAT
ECPRN062,ECARL032R
ECPRN062,SVTS264
ECPRN062,ACT407
ECPRN062,MAGTRAY
ECPRN062,FB307RNB
ECPRN062,FB336
ECPRN062,MTTL800
ECPRN062,UTK150
ECPRN062,RULER601
ECSPN108,ECPRA072
ECSPN108,TDG2
ECSPN108,EEPV500
ECSPN108,JCK8
ECSPN108,RULER602
ECSPN108,RULER6
ECSPN108,JT13B
ECSPN108,EECT424HD
ECSPN108,ECPNG032
ECSPN108,EEDM503D
BLPTS1447,SGASA204CR
BLPTS1447,SGD8BR
BLPTS1447,SGDP42IRBR
BLPTS1447,SRPCR3800
BLPTS1447,TMXK2
BLPTS1447,F80
BLPTS1447,TMU8B
BLPTS1447,SIMM160A
BLPTS1447,A2A
BLPTS1447,47ACF
BLPBTW8,BLPBTW4
BLPBTW8,BLPBTW6
BLPBTW8,BTWROS
BLPBTW8,BTWOS
BLPBTW8,BTWS
BLPBTW8,SSDMRT8A
BLPBTW8,TFY72
BLPBTW8,ADCF8
BLPBTW8,SGDMRC11A
BLPBTW8,SSFP2
BLPBTWKIT,AWMCG1600B
BLPBTWKIT,SGDMRC108A
BLPBTWKIT,SDMEXT19K
BLPBTWKIT,XOM605
BLPBTWKIT,OFC14KT
BLPBTWKIT,PT40B
BLPBTWKIT,PBMB5R
BLPBTWKIT,SGDMRC4A
BLPBTWKIT,SGTT4B
BLPBTWKIT,F10LD
BLPEXTF146,BLPEXTF388
BLPEXTF146,PBMMA5G
BLPEXTF146,XLE605
BLPEXTF146,TL72FOD
BLPEXTF146,PTM2
BLPEXTF146,ST50A
BLPEXTF146,SDMV208
BLPEXTF146,UIM325
BLPEXTF146,313SYA
BLPEXTF146,AWMCG1600B
BLPEXTF388,BLPEXTF146
BLPEXTF388,TM61A
BLPEXTF388,FXK4
BLPEXTF388,FXK8
BLPEXTF388,FZ80
BLPEXTF388,206EFABLM
BLPEXTF388,PHP2A
BLPEXTF388,TL72FOD
BLPEXTF388,PWC52A
BLPEXTF388,PPK15
BLPH14732,BLPH1418
BLPH14732,BLPH14316
BLPH14732,BLPH1414
BLPH14732,BLPH14532
BLPH14732,BLPH3838
BLPH14732,BLPH124
BLPH14732,BLPH125
BLPH14732,BLPH126
BLPH14732,BLPH386
BLPH14732,BLPT1255
BLPHL14316,BLPHL14316
BLPHL14316,BLPH124
BLPHL14316,BLPH126
BLPHL14316,BLPHL1418
BLPHL14316,BLPHL14532
BLPHL14316,BLPT1430
BLPHL14316,BLPH1418
BLPHL14316,BLPH14316
BLPHL14316,BLPH14964
BLPHL14316,BLPH14732
FCT706,SIMM190
FCT706,A2A
FCT706,SGD2BR
FCT706,FXK3
FCT706,PPC4A
FCT706,FHLF80A
FCT706,SIMM170
FCT706,SIMM210
FCT706,SGD6BR
FCT706,SIMM200
BLPSM1410,BLPSM1413
BLPSM1410,TMMS15
BLPSM1410,BLPSM145
BLPSM1410,BLPSM148
BLPSM1410,BLPSM147
BLPSM1410,BLPSM149
BLPSM1410,BLPSM1411
BLPSM1410,BLPSM146
BLPSM1410,BLPSM144
BLPSM1410,BLPTXK4
BLPSM145,BLPSM147
BLPSM145,BLPSM148
BLPSM145,FHR80
BLPSM145,BLPSM144
BLPSM145,BLPSM146
BLPSM145,BLPSM149
BLPSM145,BLPSM1411
BLPSM145,BLPSM1413
BLPSM145,BLPSM1412
BLPSM145,BLPSM1410
BLPT1260,HBFE24
BLPT1260,BLPT146
BLPT1260,BLPT147
BLPT1260,BLPT1255
BLPT1260,BLPT1427
BLPT1260,BLPT3845
BLPT1260,BLPT3850
BLPT1260,BLPT1410
BLPT1260,BLPT3840
BLPT1260,BLPT1415
BLPTL1260,BLPTL1260
BLPTL1260,BLPTL1410
BLPTL1260,BLPTL3840
BLPTL1260,BLPTL3850
BLPTL1260,BLPTL3845
BLPTL1260,BLPTL1427
BLPTL1260,BLPTL1420
BLPTL1260,BLPTL1425
BLPTL1260,BLPTL147
BLPTL1260,BLPTL148
BLPTL146,BLPTL146
BLPTL146,BLPTL3850
BLPTL146,BLPTL3845
BLPTL146,BLPTL147
BLPTL146,BLPTL148
BLPTL146,BLPTL149
BLPTL146,BLPTL1427
BLPTL146,BLPTL1410
BLPTL146,BLPTL1415
BLPTL146,BLPTL3840
BLPTL3850,BLPTL1260
BLPTL3850,BLPTL1255
BLPTL3850,BLPTL148
BLPTL3850,BLPTL3840
BLPTL3850,BLPTL3845
BLPTL3850,BLPTL1415
BLPTL3850,BLPTL1427
BLPTL3850,BLPTL1410
BLPTL3850,BLPTL1420
BLPTL3850,BLPTL1425
BLPBTW6,BLPBTW4
BLPBTW6,BLPBTW8
BLPBTW6,SSDMRT8A
BLPBTW6,BTWOS
BLPBTW6,AWP45
BLPBTW6,F4LBK
BLPBTW6,SSFP1
BLPBTW6,YA900
BLPBTW6,84CF
BLPBTW6,HCP10
BLPH1219,BLPH1217
BLPH1219,BLPHS1414
BLPH1219,BLPH1214
BLPH1219,STX70E
BLPH1219,SA16E
BLPH1219,TWM27
BLPH1219,TMA3E
BLPH1219,BHS13A
BLPH1219,OEXM80B
BLPH1219,FLE140A
BLPH14316,BLPH14732
BLPH14316,BLPH1418
BLPH14316,BLPH14964
BLPH14316,BLPH1414
BLPH14316,BLPH14532
BLPH14316,BLPH3838
BLPH14316,BLPH124
BLPH14316,BLPH125
BLPH14316,BLPT1427
BLPH14316,BLPT1430
BLPH389,BLPH388
BLPH389,BLPH386
BLPH389,BLPH38732
BLPH389,BLPH38516
BLPH389,BLPH3814
BLPH389,BLPH3838
BLPH389,BLPH125
BLPH389,BLPH3810
BLPH389,PK52A
BLPH389,AWM110DK
BLPHS1418,SGDP42IRBR
BLPHS1418,91ACP
BLPHS1418,BLPTHC87
BLPHS1418,SHD1R
BLPHS1418,ATECH2FR125B
BLPHS1418,SGD6BR
BLPHS1418,FX1
BLPHS1418,FU8A
BLPHS1418,PPC103A
BLPHS1418,SGDP31IRBR
KRA25D,PLRK21
KRA25D,KRA2055FPBO
KRA25D,KRSC323PBO
KRA25D,YA450B
KRA25D,KCP1422PBO
KRA25D,YA438B
KRA25D,KACKMCFIBER1
KRA25D,TB20AC
KRA25D,KRSC343PBO
KRA25D,KRA2411PBO
KRSC343PCM,KRSC430APBO1
KRSC343PCM,KRSC326FPBO
KRSC343PCM,YA438B
KRSC343PCM,KRA2055FPBO
KRSC343PCM,KCP1422PBO
KRSC343PCM,KA2422SETPJJ
KRSC343PCM,KRA2007FPBO
KRSC343PCM,KAERNADD6RD
KRSC343PCM,A277
KRSC343PCM,KRSC323PBO
KRSC343PDG,YA389A
KRSC343PDG,PLRK27
KRSC343PDG,KAERNADD6RD
KRSC343PDG,KCP2422PBO
KRSC343PDG,TB50WC
KRSC343PDG,KRA4813FPBO
KRSC343PDG,PLRK21
KRSC343PDG,KASS13
KRSC343PDG,KRSC430APBO1
KRSC343PDG,KRSC430APBO7
IMFLE100A,IMSLEPL240
IMFLE100A,SX24
IMFLE100A,STX60E
IMFLE100A,WHM1
IMFLE100A,206EFABLM
IMFLE100A,207IPSFM
IMFLE100A,210EFTAMY
IMFLE100A,AWSGT800A
IMFLE100A,213AFLEY
IMFLE100A,FABLM5E
IMFLE120A,IMSLEPL240
IMFLE120A,SX24
IMFLE120A,IMFLE80A
IMFLE120A,OXKRM705
IMFLE120A,210EFTXRY
IMFLE120A,IPL38C
IMFLE120A,BLPHEXS1418
IMFLE120A,SIMM320
IMFLE120A,AWSGT800A
IMFLE120A,213AFLEY
KRSC4130POT,KCP2422PBO
KRSC4130POT,KRA2422PBO
KRSC4130POT,KWSP2455AST
KRSC4130POT,PLRK27
KRSC4130POT,KRSC326FPBO
KRSC4130POT,KRA4813FPBO
KRSC4130POT,PLRK30
KRSC4130POT,YA389A
KRSC4130POT,PLRK21
KRSC4130POT,KRA2407PBO
EFPBONEHEDB,RULER602
EFPBONEHEDB,TDG1
EFPBONEHEDB,EEBC30A12V
EFPBONEHEDB,EEDM596FK
EFPBONEHEDB,EEPV509
EFPBONEHEDB,ECSPH271
EFPBONEHEDB,TPGDL2000
EFPBONEHEDB,EEDM525F
EFPBONEHEDB,MAGMAT
EFPBONEHEDB,RULER600
GA3634A,GA3634A
GA3634A,OC5A
GA3634A,GA460B
GA3634A,CAL6EBR
GA3634A,MTEE6
GA3634A,CAL6EA
GA3634A,FB336
GA3634A,AT4135
GA3634A,PGP50
GA3634A,CAL6DA
YA4282,FB336
YA4282,TDG2
YA4282,EEDM596FK
YA4282,GA296B
YA4282,TDG1
YA4282,EECT424HD
YA4282,MTTL800
YA4282,UTK150
YA4282,FB361A
YA4282,YAKS42
A106,A127
A106,S3625
A106,S3624
A106,A129
A106,OFCA2
A106,BCS70A
A106,BTCW800
A106,S6110A
A106,LSRM2000
A106,313TWMYA
A129,S3625
A129,A106
A129,A127
A129,S3624
A129,OFCA2
A129,BCS70A
A129,LSR1500
A129,S6110A
A129,LSR1000EXT
A129,B1461
AWL5D,PPC103A
AWL5D,SIMM160A
AWL5D,T72
AWL5D,SPBS12AR
AWL5D,FHLF80A
AWL5D,SGDP42IRBR
AWL5D,SPBS704AR
AWL5D,PPC4A
AWL5D,FXK11
AWL5D,TMXK60
BOERM15,SIM220
BOERM15,SIM240
BOERM15,BOERM8
BOERM15,BOERM13
BOERM15,BOERM14
BOERM15,BOERM12
BOERM15,BOERM17
BOERM15,SIM200
BOERM15,SIM280
BOERM15,BOERM10
BOERM712,BOER708
BOERM712,BOERM704
BOERM712,309SIMYA
BOERM712,UPT35
BOERM712,SN18B
BOERM712,TWM23
BOERM712,TWM21
BOERM712,TWM20
BOERM712,TWM24
BOERM712,TWM18
BTC7B,OEXM6B
BTC7B,208CCP
BTC7B,AC58E
BTC7B,SR40K
BTC7B,111TMMDY
BTC7B,AWMG9
BTC7B,PT28E
BTC7B,B260A
BTC7B,TMMD8
BTC7B,TF5A
LDTF2,ATECH2FR125B
LDTF2,SGD6BR
LDTF2,SRPCR4700
LDTF2,SGDP42IRBR
LDTF2,SHD1R
LDTF2,FXK6
LDTF2,SPBS12AR
LDTF2,TMXK60
LDTF2,91ACP
LDTF2,SGDP31IRBR
FZ4B,FZ7A
FZ4B,UIM2RSLT
FZ4B,YA824C
FZ4B,SSF1
FZ4B,YA900
FZ4B,SSFP2
FZ4B,TR108
FZ4B,HCP48BCF
FZ4B,SHCP1B
FZ4B,FHLLF80
HP650M,SGDP31IRBR
HP650M,FXK3
HP650M,SGD2BR
HP650M,SGASA204CR
HP650M,SGD4BR
HP650M,TMU8B
HP650M,PPC4A
HP650M,SIMM190
HP650M,SGDP42IRBR
HP650M,96ACF
SEPDIESELADDA,TMXK60
SEPDIESELADDA,F80
SEPDIESELADDA,47ACF
SEPDIESELADDA,SGD6BR
SEPDIESELADDA,FXK11
SEPDIESELADDA,SHD1R
SEPDIESELADDA,BLPTHC87
SEPDIESELADDA,FXK3
SEPDIESELADDA,A2A
SEPDIESELADDA,FHLF80A
SEPKCAMETPOTA,FXK11
SEPKCAMETPOTA,FX1
SEPKCAMETPOTA,TMU8B
SEPKCAMETPOTA,SIMM150A
SEPKCAMETPOTA,SIMM220
SEPKCAMETPOTA,SIMM170
SEPKCAMETPOTA,SGDX80BR
SEPKCAMETPOTA,SIMM180
SEPKCAMETPOTA,BLPTHC87
SEPKCAMETPOTA,ATECH3FR300B
SDMEXT19K,SDMT20D
SDMEXT19K,SDMT10D
SDMEXT19K,SDMT25D
SDMEXT19K,BLPBTWKIT
SDMEXT19K,BTWS
SDMEXT19K,GMB3042
SDMEXT19K,R404
SDMEXT19K,OEXS709B
SDMEXT19K,214SFY
SDMEXT19K,OXRM710A
GA295,PT5C
GA295,AW1015DHK
GA295,AC5C
GA295,GF22
GA295,KAC1224TCA
GA295,2004BSKA
GA295,114ATMP
GA295,SR40K
GA295,STX70E
GA295,HSG319
GMB3041,SEPSTARTERA
GMB3041,GM3046
GMB3041,TFM7530B
GMB3041,STMM5
GMB3041,STMM6
GMB3041,STMM5.5
GMB3041,STMM8
GMB3041,STMM10
GMB3041,AC58E
GMB3041,TWM30
SEPPMSER,BLPTHC87
SEPPMSER,ATECH3FR300B
SEPPMSER,FXK3
SEPPMSER,TMXK2
SEPPMSER,SIMM150A
SEPPMSER,PPC103A
SEPPMSER,SIMM160A
SEPPMSER,47ACF
SEPPMSER,SRPCR4700
SEPPMSER,SPBS12AR
SEPPROK1PCA,SIMM200
SEPPROK1PCA,SRPCR4700
SEPPROK1PCA,TMXK2
SEPPROK1PCA,SIMM150A
SEPPROK1PCA,TMU8B
SEPPROK1PCA,FU8A
SEPPROK1PCA,SPBS704AR
SEPPROK1PCA,SPBS18AR
SEPPROK1PCA,SGD4BR
SEPPROK1PCA,47ACF
E1020,MSKM10
E1020,RTD48
E1020,TF528D
E1020,TW421
E1020,208EPIT
E1020,TW461
E1020,SS5A
E1020,OEX38B
E1020,TWM26
E1020,FZ7A
ASTFUN19KIT,ASTFUN19KIT
ASTFUN19KIT,TPM16EM
ASTFUN19KIT,SVTA9100
ASTFUN19KIT,VAC201
ASTFUN19KIT,TDG2
ASTFUN19KIT,CLRPW75
ASTFUN19KIT,JCW80AR
ASTFUN19KIT,GLOVE309L
ASTFUN19KIT,GLOVE1100L
ASTFUN19KIT,MAGMAT
BLPPKM5-7,SIMM190
BLPPKM5-7,SGDP42IRBR
BLPPKM5-7,47ACF
BLPPKM5-7,TMXK4
BLPPKM5-7,A2A
BLPPKM5-7,91ACP
BLPPKM5-7,SIMM180
BLPPKM5-7,TMXK2
BLPPKM5-7,BLPTHC87
BLPPKM5-7,F80
BLPSM148,BLPSM1410
BLPSM148,TK72
BLPSM148,THLX72
BLPSM148,BLPSM146
BLPSM148,BLPSM1412
BLPSM148,BLPSM1413
BLPSM148,BLPSM149
BLPSM148,BLPSM1411
BLPSM148,BLPSM147
BLPSM148,BLPSM144
BLPT148,BLPT146
BLPT148,BLPT1410
BLPT148,BLPT1425
BLPT148,BLPTE1218
BLPT148,BLPT3845
BLPT148,BLPTE146
BLPT148,BLPTE1220
BLPT148,BLPT3850
BLPT148,BLPTE3816
BLPT148,BLPTE3814
BLPT149,BLPT1410
BLPT149,BLPT1430
BLPT149,BLPTE3812
BLPT149,BLPT147
BLPT149,BLPT146
BLPT149,BLPT148
BLPT149,BLPT1427
BLPT149,BLPT1415
BLPT149,BLPT1425
BLPT149,BLPT1420
BLPTE1224,BLPTE1222
BLPTE1224,BLPTE1220
BLPTE1224,BLPTE1218
BLPTE1224,BLPTE144
BLPTE1224,BLPTE146
BLPTE1224,BLPTE145
BLPTE1224,BLPTE147
BLPTE1224,BLPTE148
BLPTE1224,BLPTE3810
BLPTE1224,BLPT1420
BLPTL148,BLPTL3850
BLPTL148,BLPTL148
BLPTL148,BLPTL3845
BLPTL148,BLPTL146
BLPTL148,BLPTL147
BLPTL148,BLPTL149
BLPTL148,BLPTL1410
BLPTL148,BLPTL1415
BLPTL148,BLPTL1427
BLPTL148,BLPTL1420
BLPTS1430,BLPTS1430
BLPTS1430,BLPHSM148
BLPTS1430,SIMM190
BLPTS1430,BLPTS1425
BLPTS1430,BLPTS1420
BLPTS1430,BLPTS1415
BLPTS1430,BLPTS1410
BLPTS1430,RTD48
BLPTS1430,PWCS7ACF
BLPTS1430,SGASA204CR
BDGPL300HG,HCP10
BDGPL300HG,490CF
BDGPL300HG,SRPCR107
BDGPL300HG,YA824C
BDGPL300HG,912AEP
BDGPL300HG,411CF
BDGPL300HG,SGRHT6BR
BDGPL300HG,SGA1711BR
BDGPL300HG,SGA1710BR
BDGPL300HG,SHN36
BLPH1234,SPBS704AR
BLPH1234,SPBS12AR
BLPH1234,SIMM210
BLPH1234,SGDP42IRBR
BLPH1234,SGASA204CR
BLPH1234,47ACF
BLPH1234,PPC4A
BLPH1234,96ACF
BLPH1234,SGDP31IRBR
BLPH1234,SRPCR4700
BLPH386,BLPH389
BLPH386,BLPH387
BLPH386,BLPH38732
BLPH386,BLPH38516
BLPH386,BLPH3814
BLPH386,BLPH3838
BLPH386,BLPH3810
BLPH386,BLPH14732
BLPH386,BLPH14532
BLPH386,BLPT3850
BLPHS1414,BLPH1219
BLPHS1414,TW301
BLPHS1414,SN25A
BLPHS1414,210EFTAMY
BLPHS1414,TWM28
BLPHS1414,PPB30AK
BLPHS1414,212EFTAY
BLPHS1414,TMA2.5E
BLPHS1414,OEXM80B
BLPHS1414,FM10
SRES306,208FRDHM
SRES306,208FRDH
SRES306,L872RM
SRES306,312CF
SRES306,PL330ACF
SRES306,SDDDM1AR
SRES306,ATECH1FS300
SRES306,IMM220
SRES306,IMM240
SRES306,PWCS7ACF
TF1124B,TF1127B
TF1124B,TFM7530B
TF1124B,EXDL10A
TF1124B,HBBT16
TF1124B,SGTT4B
TF1124B,SGDTX90BR
TF1124B,SGDTX315BR
TF1124B,SHLF80A
TF1124B,PWCSS7ACF
TF1124B,IMX32B
TF5A,AWMG9-7
TF5A,TBS200A
TF5A,2004BSKA
TF5A,TC15A
TF5A,UPTM65K
TF5A,SR40K
TF5A,SGDTX50BR
TF5A,207EFTXY
TF5A,TMMD5
TF5A,TMMD9
TFTFM932A,GCP10
TFTFM932A,SGHBF500A
TFTFM932A,MSK10
TFTFM932A,SBT26
TFTFM932A,BEXD10A
TFTFM932A,MS3000
TFTFM932A,PKNC300
TFTFM932A,SGHF616BR
TFTFM932A,TFM7530B
TFTFM932A,BDGPL412HG
SRES22,SRES28
SRES22,SRES18
SRES22,SRES26
SRES22,SRES20
SRES22,SRES24
SRES22,208FRDH
SRES22,L872RM
SRES22,490CF
SRES22,PL330ACF
SRES22,PWCS7ACF
OFWHD2,OFWHD1
OFWHD2,OFW3
OFWHD2,OFW4KT
OFWHD2,PPC4A
OFWHD2,47ACF
OFWHD2,SIMM160A
OFWHD2,SPBS18AR
OFWHD2,BLPTHC87
OFWHD2,TMXK60
OFWHD2,SPBS12AR
PH1038,PH1038
PH1038,MG725A
PH1038,PTGR110
PH1038,PH1050
PH1038,VWB8B
PH1038,PH3050BR
PH1038,CTB8174
PH1038,PTR2505
PH1038,PTC250
PH1038,PTGR450
TB50C,KRSC430APBO7
TB50C,KRA2407PBO
TB50C,KRSC46HPBO
TB50C,KRA4114FPBO
TB50C,KRSC430APBO1
TB50C,SNA-TBP14
TB50C,KRSC326FPBO
TB50C,KACKMCFIBER1
TB50C,TB20AC
TB50C,KRA2422PBO
TDTDM117B,EXDL10A
TDTDM117B,EXD35A
TDTDM117B,HBBT16
TDTDM117B,SRPCR112
TDTDM117B,ATECHFSET02R
TDTDM117B,SOXRR707A
TDTDM117B,PBS704
TDTDM117B,PPC204A
TDTDM117B,SRPCR107
TDTDM117B,2050
TD9902C,TDM99117C
TD9902C,PPC210A
TD9902C,IPL36C
TD9902C,PPCS60BK
TD9902C,RTD48
TD9902C,SRPCR107
TD9902C,IPLM15C
TD9902C,IPLM14C
TD9902C,IPLM18C
TD9902C,IPLM17C
PK500A,UTV614A
PK500A,14V
PK500A,UTV615A
PK500A,BF775C-A
PK500A,T72FOD
PK500A,HBPT24
PK500A,SDMT25D
PK500A,PKNC300
PK500A,OEXM300B
PK500A,B1461
PK52A,PPB826A
PK52A,AWMEF8K
PK52A,AWS13
PK52A,AWMG9
PK52A,SEPPROCORE2A
PK52A,SWM261
PK52A,SWM271
PK52A,OXIM7B
PK52A,PTIM5
PK52A,SOEXM9
TF275A,911ACF
TF275A,47ACF
TF275A,96ACF
TF275A,TC15A
TF275A,TBS200A
TF275A,R404
TF275A,LP404
TF275A,PW18C
TF275A,AWP120
TF275A,PHG1055BK
R2630C,TMXK2
R2630C,TMXK60
R2630C,PPC4A
R2630C,TMU8B
R2630C,FU8A
R2630C,SIMM180
R2630C,SIMM220
R2630C,FXK3
R2630C,ATECH3FR300B
R2630C,FXK6
MSKM10,MSK10
MSKM10,E1020
MSKM10,CJ2001P
MSKM10,A50A
MSKM10,208EFTABMY
MSKM10,PBMP703A
MSKM10,HBBT16
MSKM10,L872RM
MSKM10,SF80A
MSKM10,ASGP102BR
OFC14KT,LSR1500
OFC14KT,OFSKIT
OFC14KT,BCS70A
OFC14KT,BTCW800
OFC14KT,YA9350B
OFC14KT,SBT26
OFC14KT,A129
OFC14KT,A106
OFC14KT,206ESSPKPLG2
OFC14KT,LIL59000
OFCA2,OFSKIT
OFCA2,OFCADPTR
OFCA2,LSR1500
OFCA2,BTCW800
OFCA2,A127
OFCA2,A106
OFCA2,S3624
OFCA2,204FXKLA
OFCA2,OFW4KT
OFCA2,313TWMYA
PBMA5R,PBMMA5R
PBMA5R,PBMA5
PBMA5R,PBMMA5
PBMA5R,PBMMB5R
PBMA5R,PBMMS5R
PBMA5R,PBMA5G
PBMA5R,PBMMB5
PBMA5R,PBMS5R
PBMA5R,PBMB5R
PBMA5R,BJP1
PBMMA5R,PBMMS5R
PBMMA5R,PBMMA5
PBMMA5R,PBMA5
PBMMA5R,PBMMS5
PBMMA5R,PBMMA5G
PBMMA5R,PBMMS5G
PBMMA5R,PBMMB5O
PBMMA5R,PBMS5R
PBMMA5R,PTM2
PBMMA5R,PBMB5R
RBM1213SC,TMXK2
RBM1213SC,SPBS18AR
RBM1213SC,SIMM170
RBM1213SC,FU8A
RBM1213SC,BLPTHC87
RBM1213SC,ATECH3FR300B
RBM1213SC,FHLF80A
RBM1213SC,SPBS12AR
RBM1213SC,ATECH2FR125B
RBM1213SC,SIMM240
R3436A,ATECH3FR300B
R3436A,PL400B
R3436A,BLPTHC87
R3436A,SIMM210
R3436A,SGDX80BR
R3436A,SPBS12AR
R3436A,SPBS8AR
R3436A,SPBS704AR
R3436A,TMXK60
R3436A,SIMM220
KA2422SETPJJ,KRA24
KA2422SETPJJ,A277
KA2422SETPJJ,PLRK30
KA2422SETPJJ,KRA2007FPBO
KA2422SETPJJ,KCP2422PBO
KA2422SETPJJ,KRSC46HPBO
KA2422SETPJJ,KRA4810FPBO
KA2422SETPJJ,KRSC430APBO7
KA2422SETPJJ,KRA4813FPBO
KA2422SETPJJ,KRSC326FPBO
SWG10S1245,CTCO861K2
SWG10S1245,PH3050BR
SWG10S1245,CTINF9010
SWG10S1245,AT700F
SWG10S1245,CTNN13KF
SWG10S1245,PT850
SWG10S1245,PTB32K
SWG10S1245,CTR867AK2
SWG10S1245,CTB8174
SWG10S1245,PTGR100
UPTLP2,UIM2RSLT
UPTLP2,UIM2LT
UPTLP2,F081
UPTLP2,F221
UPTLP2,F201
UPTLP2,F121
UPTLP2,F181
UPTLP2,SGDP63IRBR
UPTLP2,PWCS7ACF
UPTLP2,SRPCR3800
UTV618A,FXK6
UTV618A,91ACP
UTV618A,PPC103A
UTV618A,SIMM210
UTV618A,96ACF
UTV618A,SGDP31IRBR
UTV618A,SHD1R
UTV618A,TMXK60
UTV618A,F80
UTV618A,PL400B
YA6160,SHCP1B
YA6160,ASGP2BR
YA6160,SGHBF500A
YA6160,SGA1710BR
YA6160,SGHF616BR
YA6160,8R
YA6160,SHLF80A
YA6160,SXK11
YA6160,SGASA204CR
YA6160,SGDP31IRBR
WTG8A,ATKIFL
WTG8A,GA98A
WTG8A,8HR
WTG8A,XS2024A
WTG8A,XS1416A
WTG8A,XS1618A
WTG8A,XS67A
WTG8A,VO1820B
WTG8A,VO1012B
WTG8A,TM82
TPMB25EMORG,UTK100
TPMB25EMORG,ECSPH271
TPMB25EMORG,EECT424HD
TPMB25EMORG,TPMB25EMGRN
TPMB25EMORG,FB316B
TPMB25EMORG,UTK150
TPMB25EMORG,FB336
TPMB25EMORG,ECHDF042
TPMB25EMORG,EECT400
TPMB25EMORG,TPMB25ORG
KRA1421PC,KRSC323PBO
KRA1421PC,KRA4813FPBO
KRA1421PC,KCP2422PBO
KRA1421PC,KRA4008FPBO
KRA1421PC,KRBC100ABN
KRA1421PC,KRA2411PBO
KRA1421PC,KRA24
KRA1421PC,KACKCAREKIT
KRA1421PC,KRA4059FPBO
KRA1421PC,KRA6200FPBO
KRA1421POT,KCP1422PBO
KRA1421POT,KCP2422PBO
KRA1421POT,A277
KRA1421POT,KRA25D
KRA1421POT,MRB12B
KRA1421POT,KAERNADD6RD
KRA1421POT,KRA24
KRA1421POT,KRA2411PBO
KRA1421POT,KRSC326FPBO
KRA1421POT,KRSC323PBO
VGP12509,VGP12808
VGP12509,VGP12418
VGP12509,VGP12412
VGP12509,VGP12406
VGP12509,PKB52A
VGP12509,VGP104
VGP12509,A159
VGP12509,AWMEF8K
VGP12509,207EFTXY
VGP12509,OEX10B
YA7646,SIMM210
YA7646,GFAT1E
YA7646,FXK6
YA7646,SGD2BR
YA7646,SPBS12AR
YA7646,SPBS8AR
YA7646,ATECH3FR300B
YA7646,SRPCR4700
YA7646,SIMM160A
YA7646,SGDP42IRBR
YA4050B,YA4250
YA4050B,YA4274A
YA4050B,OFSKIT
YA4050B,S3624
YA4050B,YA4275
YA4050B,YA824C
YA4050B,STARTERSET5
YA4050B,LSR1580
YA4050B,LSR1450
YA4050B,S9711KA
SAG03S20,AT2050
SAG03S20,PTGR110
SAG03S20,PSO4625
SAG03S20,PTR72
SAG03S20,PTGR100
SAG03S20,VWB8B
SAG03S20,MG325
SAG03S20,PTC250
SAG03S20,PH3050BR
SAG03S20,AT408
XDHF605,TMU121A
XDHF605,TMU101A
XDHF605,TMU141A
XDHF605,TMU161A
XDHF605,XDHFM606K1
XDHF605,PWC52A
XDHF605,DS809K
XDHF605,BDGPL410HG
XDHF605,OEX080B
XDHF605,TFY72
222SFFS,SEPPROCORE2A
222SFFS,PK52A
222SFFS,212EFTAY
222SFFS,120STTM
222SFFS,SOEXM9
222SFFS,AWS13
222SFFS,PPB826A
222SFFS,SGDMRC4-TM4
222SFFS,HSG319
222SFFS,SOEX710
FRW10,SEPIMMSIMMA
FRW10,RBYAM605
FRW10,F80MP
FRW10,QD3RN350A
FRW10,AWCGT500
FRW10,208EFTAMXSY
FRW10,BTK7A
FRW10,UTS105A
FRW10,LSR1450
FRW10,SX24
HBBD24G,317AMMPC
HBBD24G,PRH57A
HBBD24G,TMM4
HBBD24G,AWCGT500
HBBD24G,S9704KA
HBBD24G,FADH12C
HBBD24G,STMM15
HBBD24G,BTWSMPK
HBBD24G,TWM27
HBBD24G,110ETMAY
FKF80A,TKF72
FKF80A,TK72
FKF80A,FK80
FKF80A,FCF72
FKF80A,OXKRM705
FKF80A,TRF72
FKF80A,FF80A
FKF80A,F80MP
FKF80A,204FXKLA
FKF80A,TFY72
HBFE48O,HBFE24
HBFE48O,2050
HBFE48O,PK52A
HBFE48O,PPB826A
HBFE48O,HBFE32
HBFE48O,TF5A
HBFE48O,GAJ12A
HBFE48O,AWS13
HBFE48O,111TMMDY
HBFE48O,TMMD5.5
S8,TWM25
S8,TW401
S8,TWM26
S8,TWM29
S8,206AFSA
S8,FU8A
S8,AWM140DK
S8,SRP3A
S8,TWM32
S8,AWMG9
ECSPH271,ECARL032R
ECSPH271,EEBC30A12V
ECSPH271,ECSPH271
ECSPH271,EEJP201MBKA-NA
ECSPH271,RADKITULTRA
ECSPH271,AT4135
ECSPH271,ECPNG032
ECSPH271,EECS150
ECSPH271,EEDM596FK
ECSPH271,YA105013
TMMDS8,TMMDS10
TMMDS8,TMMDS5.5
TMMDS8,TMMDS13
TMMDS8,TMMDS7
TMMDS8,TMMDS6
TMMDS8,TMMDS11
TMMDS8,TMMDS12
TMMDS8,TMMDS9
TMMDS8,TMMDS14
TMMDS8,111STMMDY
TM410,TM412
TM410,TM408
TM410,TM5
TM410,XS2024A
TM410,XS1820A
TM410,VO2628B
TM410,VO1416B
TM410,VO1820B
TM410,XS67A
TM410,VO3032B
SIMM110A,SIMM100A
SIMM110A,SIMM120A
SIMM110A,IMM100A
SIMM110A,SIMM130A
SIMM110A,IMM110A
SIMM110A,SIMM140A
SIMM110A,IMM130A
SIMM110A,SIMM230
SIMM110A,SIMM150A
SIMM110A,SIMM220
TMUSM13A,OFC7374-14
TMUSM13A,206SFSUM
TMUSM13A,208EFTABMY
TMUSM13A,207IPSFM
TMUSM13A,210AFLEY
TMUSM13A,210EFTAMY
TMUSM13A,TECH1FR240
TMUSM13A,IPLM21C
TMUSM13A,OXIM710B
TMUSM13A,IPLM24C
106TMUSMA,206FSUMA
106TMUSMA,106TMUSA
106TMUSMA,OFC7374-14
106TMUSMA,207IPSFM
106TMUSMA,206AFSA
106TMUSMA,TMUS181A
106TMUSMA,112SIMTMM
106TMUSMA,TRX72
106TMUSMA,OEXSM710B
106TMUSMA,OFSKIT
SGTT1B,SGTT9B
SGTT1B,SGTT2B
SGTT1B,SGTT10B
SGTT1B,SGTT7B
SGTT1B,SGTT3B
SGTT1B,SGTT5B
SGTT1B,SGTT6B
SGTT1B,SGTT4B
SGTT1B,SGA1713B
SGTT1B,CSSD50R
MTTL7005PK,MTTL7005PK
MTTL7005PK,ACT51234A
MTTL7005PK,ACT73A
MTTL7005PK,MTTL433
MTTL7005PK,MTTL750
MTTL7005PK,YA1175KIT
MTTL7005PK,PGP120
MTTL7005PK,MTTL700
MTTL7005PK,MTTL300
MTTL7005PK,RULER602
AWTXL8-T30,ATECH2FR125B
AWTXL8-T30,SPBS704AR
AWTXL8-T30,47ACF
AWTXL8-T30,SPBS12AR
AWTXL8-T30,SRPCR3800
AWTXL8-T30,SIMM200
AWTXL8-T30,PPC103A
AWTXL8-T30,SIMM190
AWTXL8-T30,TMXK2
AWTXL8-T30,GFAT1E
AWML5D,PPC4A
AWML5D,SGD4BR
AWML5D,PL400B
AWML5D,SIMM240
AWML5D,SIMM200
AWML5D,FXK3
AWML5D,SPBS8AR
AWML5D,SIMM180
AWML5D,PPC103A
AWML5D,SIMM210
211FY,211SFY
211FY,214SFY
211FY,AWL1010DK
211FY,107ATMPB
211FY,SF181
211FY,SF161
211FY,SF141
211FY,SF241
211FY,SF221
211FY,SWM251
SGAS102BR,SGA1714B
SGAS102BR,SGA102BR
SGAS102BR,SGA1713B
SGAS102BR,SGA1712BR
SGAS102BR,PBMA5R
SGAS102BR,SGDXXL20BR
SGAS102BR,HCP48BCF
SGAS102BR,PBMP703A
SGAS102BR,SGTT110B
SGAS102BR,SGTT2B
SSFP1,SSF1
SSFP1,SSFP2
SSFP1,SGDE220ESD
SSFP1,SGDEP20ESD
SSFP1,SGDEP21ESD
SSFP1,TMU181A
SSFP1,TMU101A
SSFP1,ADCF8
SSFP1,PPK300
SSFP1,TMA5E
TBS100,SGDP42IRBR
TBS100,TMXK60
TBS100,F80
TBS100,T72
TBS100,SIMM240
TBS100,SGDX80BR
TBS100,SIMM200
TBS100,SPBS704AR
TBS100,BLPTHC87
TBS100,SGD2BR
TDTDM500B,REX25C
TDTDM500B,TDM99117C
TDTDM500B,EXD35A
TDTDM500B,BJP1
TDTDM500B,EXDL10A
TDTDM500B,CJ2001P
TDTDM500B,205IPF
TDTDM500B,PPC210A
TDTDM500B,PBMP703A
TDTDM500B,SGTT110B
LSR2503,SHD1R
LSR2503,47ACF
LSR2503,TMU8B
LSR2503,SIMM210
LSR2503,SRPCR4700
LSR2503,SIMM180
LSR2503,ATECH3FR300B
LSR2503,SIMM240
LSR2503,SIMM170
LSR2503,BLPTHC87
LSRM2000,S3624
LSRM2000,312SIMM
LSRM2000,STARTERSET5
LSRM2000,SOEXM705
LSRM2000,TQSG3F250
LSRM2000,BTCP500
LSRM2000,FXWP3
LSRM2000,BTK7A
LSRM2000,B1467A
LSRM2000,S6112
OFC93-15,SRPCR3800
OFC93-15,SPBS704AR
OFC93-15,SIMM240
OFC93-15,SIMM190
OFC93-15,SGD2BR
OFC93-15,PPC4A
OFC93-15,SGD6BR
OFC93-15,FXK6
OFC93-15,ATECH2FR125B
OFC93-15,PL400B
OFW4KT,OFWHD3KT
OFW4KT,SW341
OFW4KT,SGD153BR
OFW4KT,S9704KR
OFW4KT,STMM4
OFW4KT,317AMMPC
OFW4KT,IM120A
OFW4KT,IM160A
OFW4KT,IM280
OFW4KT,IM240
PPC5A,MS800
PPC5A,SW421
PPC5A,AW1015DHK
PPC5A,PPC204A
PPC5A,AWM140DK
PPC5A,PPC3A
PPC5A,TF5A
PPC5A,TMC105E
PPC5A,AWMEF8K
PPC5A,TWM25
PPK15,PPN4050
PPK15,SG4ASABR
PPK15,SG5ASABR
PPK15,SSF1
PPK15,SSFP1
PPK15,SSFP2
PPK15,YA339A
PPK15,PT40B
PPK15,OEX080B
PPK15,YA2019
RBPK5,TPGDL2000
RBPK5,TDG1
RBPK5,GLASS50R
RBPK5,ECPRA072
RBPK5,ECPNI032R
RBPK5,TDG2
RBPK5,EECT400
RBPK5,EEPV509
RBPK5,EEPV500
RBPK5,EEDM503D
RC980,HD6529
RC980,FRX181
RC980,FA12LE
RC980,KAC1224TCA
RC980,SA16E
RC980,GF22
RC980,206EFABL
RC980,9100GSM
RC980,209EFTXBY
RC980,TW441
R2426C,TMUS181A
R2426C,106TMUSA
R2426C,R2426C
R2426C,R2830C
R2426C,R2022C
R2426C,R1618C
R2426C,R1011C
R2426C,R1214C
R2426C,R810C
R2426C,TMUS141A
CT9080DB,CT9080K2
CT9080DB,CTPSK185
CT9080DB,VWB8B
CT9080DB,CTB185
CT9080DB,CTB8187
CT9080DB,CTINF9010
CT9080DB,CTC131A
CT9080DB,CTR867AK2
CT9080DB,CTQ838DB
CT9080DB,CTR862DB
CDR4P63L3DB,CT9080K2
CDR4P63L3DB,AT700F
CDR4P63L3DB,CTR861AK2
CDR4P63L3DB,AT109
CDR4P63L3DB,MG725A
CDR4P63L3DB,CTS561CHUCK
CDR4P63L3DB,PTGR450
CDR4P63L3DB,DB121C
CDR4P63L3DB,CTC131A
CDR4P63L3DB,PTGR110
KRSC46HPJK,SNA-TBP14
KRSC46HPJK,KASS13
KRSC46HPJK,KRA2407PBO
KRSC46HPJK,PLRK21
KRSC46HPJK,YA389A
KRSC46HPJK,KRBC100ABN
KRSC46HPJK,KWSP2455AST
KRSC46HPJK,KCP2422PBO
KRSC46HPJK,KRSC343PBO
KRSC46HPJK,KACKMCFIBER1
CSA12CG,PKNC200
CSA12CG,SS5A
CSA12CG,S9704KR
CSA12CG,RXS605B
CSA12CG,RC980
CSA12CG,AWSGM800A
CSA12CG,PT28E
CSA12CG,FZ7A
CSA12CG,SW221
CSA12CG,SW241
CSA12CO,PKNC200
CSA12CO,SS5A
CSA12CO,S9704KR
CSA12CO,TF5A
CSA12CO,RXS605B
CSA12CO,S9711KA
CSA12CO,BTC7B
CSA12CO,TW441
CSA12CO,SW141A
CSA12CO,SW241
CSA14CG,CSA12CR
CSA14CG,CSSD50R
CSA14CG,AW1020DK
CSA14CG,AWM140DK
CSA14CG,CSSD1R
CSA14CG,207EFTXY
CSA14CG,SOEX40
CSA14CG,FSM61
CSA14CG,TMMD5
CSA14CG,TMMD5.5
A98M,IMX32B
A98M,A98A
A98M,LSR1580
A98M,313TWYA
A98M,LSR1000EXT
A98M,TW341
A98M,TW301
A98M,FTX50E
A98M,FTX45E
A98M,HBBD16
CTR827HVDB,CTB8174
CTR827HVDB,PT338
CTR827HVDB,CTQ838DB
CTR827HVDB,PTGR100
CTR827HVDB,CTS561CHUCK
CTR827HVDB,MG725A
CTR827HVDB,PT850
CTR827HVDB,CT9080K2
CTR827HVDB,CTR861AK2
CTR827HVDB,PH1038
THLF72,FHLF80A
THLF72,SHLF80A
THLF72,THLL72
THLF72,SHX80B
THLF72,FHOF80A
THLF72,THL72
THLF72,SHL80A
THLF72,112TMMY
THLF72,103UFTS
THLF72,305SXWP
SGDE225ESD,SGDEP20ESD
SGDE225ESD,SGDE220ESD
SGDE225ESD,SGDE215ESD
SGDE225ESD,SGDEP21ESD
SGDE225ESD,SGDE230ESD
SGDE225ESD,PKN9
SGDE225ESD,PBN2
SGDE225ESD,PPK300
SGDE225ESD,TMA7E
SGDE225ESD,TMA4.5E
EFPADFLENSA,SVTS272A
EFPADFLENSA,BB9008
EFPADFLENSA,ECHDF042
EFPADFLENSA,EEDM596FK
EFPADFLENSA,TDG1
EFPADFLENSA,RULER601
EFPADFLENSA,MAGDISH
EFPADFLENSA,GLASS30R
EFPADFLENSA,EEDM504F
EFPADFLENSA,MAGMAT
FADH704CG,THL72
FADH704CG,103UFTS
FADH704CG,786CF
FADH704CG,110TMY
FADH704CG,SHLX80A
FADH704CG,FHLX80B
FADH704CG,TWM21
FADH704CG,HBBD24
FADH704CG,TWM19
FADH704CG,TWM17
SHDP63IRG,SHD6R
SHDP63IRG,SHDP42IRR
SHDP63IRG,SHDP31IRR
SHDP63IRG,SHD2R
SHDP63IRG,SHD4R
SHDP63IRG,LDH362
SHDP63IRG,LDH402
SHDP63IRG,LDH482
SHDP63IRG,L62
SHDP63IRG,PPCD70BK
IMSLE200,IMFLE80A
IMSLE200,IMFLE120A
IMSLE200,IMSLEPL240
IMSLE200,OXKRM705
IMSLE200,SX24
IMSLE200,OEXM300B
IMSLE200,TMR4
IMSLE200,IPL38C
IMSLE200,BLPHEXS1418
IMSLE200,YA9350B
GLOVE900LO,GLOVE300BL
GLOVE900LO,GLASS30R
GLOVE900LO,JCK7DBL
GLOVE900LO,GLOVE1100L
GLOVE900LO,GLOVE505RL
GLOVE900LO,GLOVE309L
GLOVE900LO,GLOVEORIGPLUSL
GLOVE900LO,GLASS50R
GLOVE900LO,SOSG01BKCL01
GLOVE900LO,JCW62R
GLOVE900XXG,GLOVE1100L
GLOVE900XXG,GLASS30R
GLOVE900XXG,SOSG01BKCL01
GLOVE900XXG,GLOVE505RL
GLOVE900XXG,GLOVE309L
GLOVE900XXG,GLOVE300BL
GLOVE900XXG,GLOVEORIGPLUSL
GLOVE900XXG,GLASS50R
GLOVE900XXG,YA427B
GLOVE900XXG,ACT51234A
KRA2407PC,KRSC343PBO
KRA2407PC,KACKCAREKIT
KRA2407PC,KRA2422PBO
KRA2407PC,KRA4107FPBO
KRA2407PC,PLRK27
KRA2407PC,KRA2411PBO
KRA2407PC,A277
KRA2407PC,KAERNADD6RD
KRA2407PC,KCP2422PBO
KRA2407PC,KRSC430APBO7
S9704RHS,PRH57A
S9704RHS,OFW3
S9704RHS,SEPPREMETA
S9704RHS,S9706KRA
S9704RHS,PK23A
S9704RHS,FADH12C
S9704RHS,BHS7A
S9704RHS,AWM110DHK
S9704RHS,AC5C
S9704RHS,ACT1370
TMMD8,TMMD7
TMMD8,TMMD5
TMMD8,TMMD9
TMMD8,TMMD10
TMMD8,SR40K
TMMD8,BTC7B
TMMD8,AWMG9
TMMD8,AW1020DK
TMMD8,SOEX40
TMMD8,S9704KR
TMP23E,TMP22E
TMP23E,TMC106E
TMP23E,TM82
TMP23E,VO2628B
TMP23E,TM65
TMP23E,VO3032B
TMP23E,XS1618A
TMP23E,VO1820B
TMP23E,TM408
TMP23E,SGDEL10ESD
SHDP31IRG,SHD4R
SHDP31IRG,SHDP42IRR
SHDP31IRG,SHD2R
SHDP31IRG,SHD6R
SHDP31IRG,SHDP63IRR
SHDP31IRG,SHD1R
SHDP31IRG,10R
SHDP31IRG,GA98A
SHDP31IRG,AW1015DHK
SHDP31IRG,PPCD70BK
SHDP31IRR,SHD4R
SHDP31IRR,SHDP42IRR
SHDP31IRR,SHD2R
SHDP31IRR,SHD6R
SHDP31IRR,SHDP63IRR
SHDP31IRR,SHD1R
SHDP31IRR,10R
SHDP31IRR,GA98A
SHDP31IRR,BP24B
SHDP31IRR,PPCD70BK
FABLM5E,FAML6E
FABLM5E,SA16E
FABLM5E,HD6529
FABLM5E,SAM19E
FABLM5E,TW481
FABLM5E,GF22
FABLM5E,STX70E
FABLM5E,9100GSM
FABLM5E,YA2850A
FABLM5E,IMM360
XO605,XOM605
XO605,XB605A
XO605,OEXS709B
XO605,110ETMAY
XO605,OEX080B
XO605,TD2425A
XO605,F12LB
XO605,SSFP2
XO605,XDHF605
XO605,106TMUSA
SGASA104BR,SGHBF500A
SGASA104BR,SGDXL80BR
SGASA104BR,HBPT24
SGASA104BR,OEXS709B
SGASA104BR,103UFTS
SGASA104BR,SGDTX90BR
SGASA104BR,HBBD8
SGASA104BR,OEXLM710B
SGASA104BR,S8
SGASA104BR,SHBB24
AWT30A,FHLF80A
AWT30A,47ACF
AWT30A,PPC103A
AWT30A,SGASA204CR
AWT30A,A2A
AWT30A,PL400B
AWT30A,SPBS704AR
AWT30A,SRPCR4700
AWT30A,SGD6BR
AWT30A,SPBS18AR
GLOVE505RM,SOSG01BKCL01
GLOVE505RM,GLOVE900LR
GLOVE505RM,GLOVE1100L
GLOVE505RM,GLOVE300BL
GLOVE505RM,GLOVEORIGPLUSL
GLOVE505RM,MAGDISH
GLOVE505RM,EECT400
GLOVE505RM,TDG1
GLOVE505RM,EECT900
GLOVE505RM,TPGDL2000
SIMM150A,SIMM160A
SIMM150A,SIMM180
SIMM150A,SIMM100A
SIMM150A,SIMM140A
SIMM150A,SIMM110A
SIMM150A,SIMM130A
SIMM150A,SIMM220
SIMM150A,SIMM210
SIMM150A,SIM260
SIMM150A,SIM400
PDR5000AG,AT118
PDR5000AG,AT109
PDR5000AG,DBBPT13
PDR5000AG,PTR2505
PDR5000AG,PTC250
PDR5000AG,PTGR450
PDR5000AG,PTGR100
PDR5000AG,PSO4625
PDR5000AG,MG1250
PDR5000AG,PTGR110
IM320,IM260
IM320,SIM320
IM320,IM240
IM320,IM300
IM320,IM200
IM320,SIM180A
IM320,SIM360
IM320,SIM400
IM320,IM160A
IM320,SIM380
KRA6210FPC,KRA2411PBO
KRA6210FPC,KCP1422PBO
KRA6210FPC,KACKMCFIBER1
KRA6210FPC,KAERNADD6RD
KRA6210FPC,A277
KRA6210FPC,KCP2422PBO
KRA6210FPC,KRSC326FPBO
KRA6210FPC,KRA4813FPBO
KRA6210FPC,KRSC46HPBO
KRA6210FPC,KRSC430APBO1
KRA6210FPJK,KRA2411PBO
KRA6210FPJK,KRA2055FPBO
KRA6210FPJK,KRSC46HPBO
KRA6210FPJK,KRA2422PBO
KRA6210FPJK,PLRK27
KRA6210FPJK,KACKCAREKIT
KRA6210FPJK,KRSC430APBO7
KRA6210FPJK,KCP1422PBO
KRA6210FPJK,KACKFLTCLNR
KRA6210FPJK,KCP2422PBO
BJP1,PBMA5
BJP1,PBMMA5R
BJP1,PBMA5R
BJP1,SWR1A
BJP1,TDTDM500B
BJP1,B1467A
BJP1,FADH704C
BJP1,GAX36
BJP1,PBMS5R
BJP1,REX25C
BST103R,131A
BST103R,B3404B
BST103R,B1356E
BST103R,SPRG625R
BST103R,BT11
BST103R,BTCW800
BST103R,BCT1050
BST103R,S6110A
BST103R,LP10R
BST103R,S9704KR
AWCGT25,AWCGT27
AWCGT25,FXK11
AWCGT25,SPBS12AR
AWCGT25,SIMM160A
AWCGT25,T72
AWCGT25,BLPTHC87
AWCGT25,F80
AWCGT25,91ACP
AWCGT25,SPBS8AR
AWCGT25,SIMM220
AWXL13-7/64,91ACP
AWXL13-7/64,TMXK60
AWXL13-7/64,FXK3
AWXL13-7/64,SGDP31IRBR
AWXL13-7/64,SIMM190
AWXL13-7/64,FU8A
AWXL13-7/64,TMXK4
AWXL13-7/64,SPBS704AR
AWXL13-7/64,ATECH3FR300B
AWXL13-7/64,SPBS12AR
BOERM12,BOERM12
BOERM12,SIM280
BOERM12,BOERM13
BOERM12,BOERM14
BOERM12,BOERM17
BOERM12,BOERM10
BOERM12,BOERM8
BOERM12,BOERM19
BOERM12,SIM220
BOERM12,SIM300
BP24B,UTV614A
BP24B,14V
BP24B,BF775C-A
BP24B,VGP12412
BP24B,UTV615A
BP24B,AWM12D
BP24B,FTX60E
BP24B,BLPH124
BP24B,BLPH125
BP24B,TWM30
TPGDL2000HD,EEDM504F
TPGDL2000HD,EEDM525F
TPGDL2000HD,ECSPH271
TPGDL2000HD,EECT200
TPGDL2000HD,SVTSRAD272U
TPGDL2000HD,ECPRA072
TPGDL2000HD,ECHDD012A
TPGDL2000HD,TDG1
TPGDL2000HD,YA1050B
TPGDL2000HD,EEPV500
UTV614A,UTV615A
UTV614A,14V
UTV614A,BF775C-A
UTV614A,PK500A
UTV614A,BOER708
UTV614A,F80FOD
UTV614A,110STMY
UTV614A,BOERM712
UTV614A,110TMY
UTV614A,STMM15
VSC4KT-1,FU8A
VSC4KT-1,SHD1R
VSC4KT-1,SGD8BR
VSC4KT-1,SRPCR4700
VSC4KT-1,SIMM200
VSC4KT-1,T72
VSC4KT-1,TMXK60
VSC4KT-1,PPC103A
VSC4KT-1,FHLF80A
VSC4KT-1,SGDP42IRBR
YA4250,YA4274A
YA4250,YA4275
YA4250,B260A
YA4250,YA4050B
YA4250,SRP2A
YA4250,218AFP
YA4250,PL803A
YA4250,212EFTAY
YA4250,86EP
YA4250,OXIM710B
YA1050B,YA1050B
YA1050B,JT17A
YA1050B,TPM16EM
YA1050B,YA105013
YA1050B,OC5A
YA1050B,PGP120
YA1050B,ACT83A
YA1050B,MTTL300
YA1050B,GA296B
YA1050B,GA460B
YA109C,GA243
YA109C,VGP12418
YA109C,VGP12406
YA109C,VGP22418
YA109C,PK50A
YA109C,A159
YA109C,VGP12808
YA109C,VGP12412
YA109C,AC5C
YA109C,144TMPB
ECARN052,MAGMAT
ECARN052,SVTS264
ECARN052,RADKITULTRA
ECARN052,ECHDF042
ECARN052,SVTS272A
ECARN052,SVTSRAD272U
ECARN052,FB316B
ECARN052,ECHDD012A
ECARN052,TDG1
ECARN052,EEPV509
ECF35,UTK100
ECF35,RULER601
ECF35,EEDM504F
ECF35,GA296B
ECF35,FB336
ECF35,EECT400
ECF35,YA1050B
ECF35,GLASS50R
ECF35,MTTL800
ECF35,EEBC30A12V
ECSPH271O-L,YA4000B
ECSPH271O-L,ECSPH271O-L
ECSPH271O-L,ECPNI032R
ECSPH271O-L,ECSPH271G-L
ECSPH271O-L,ECPRA072
ECSPH271O-L,AT4124
ECSPH271O-L,AT4135
ECSPH271O-L,ECPNG032
ECSPH271O-L,FB361A
ECSPH271O-L,SVTS272A
AD6C,AD8C
AD6C,AD10C
AD6C,AD12C
AD6C,S9724RHS
AD6C,PPC905B
AD6C,AWL1010DK
AD6C,14V
AD6C,8HR
AD6C,YA339A
AD6C,10R
ATI590RGK-4X,SW361
ATI590RGK-4X,SW321
ATI590RGK-4X,214SFY
ATI590RGK-4X,OEX10B
ATI590RGK-4X,STMD7
ATI590RGK-4X,STMD11
ATI590RGK-4X,SF161
ATI590RGK-4X,STMD14
ATI590RGK-4X,SF141
ATI590RGK-4X,STMD18
BLPPKTX5-T45,SPBS12AR
BLPPKTX5-T45,SIMM160A
BLPPKTX5-T45,FU8A
BLPPKTX5-T45,FXK6
BLPPKTX5-T45,SGD4BR
BLPPKTX5-T45,SPBS704AR
BLPPKTX5-T45,SGD6BR
BLPPKTX5-T45,SIMM170
BLPPKTX5-T45,SPBS8AR
BLPPKTX5-T45,TMU8B
BLPPKTX5-T47,SHD1R
BLPPKTX5-T47,SIMM240
BLPPKTX5-T47,PPC103A
BLPPKTX5-T47,91ACP
BLPPKTX5-T47,GFAT1E
BLPPKTX5-T47,SPBS704AR
BLPPKTX5-T47,SIMM180
BLPPKTX5-T47,SGDX80BR
BLPPKTX5-T47,SPBS12AR
BLPPKTX5-T47,96ACF
BLPT1425,BLPT1420
BLPT1425,BLPT1415
BLPT1425,BLPT1410
BLPT1425,BLPT147
BLPT1425,BLPT149
BLPT1425,BLPT3845
BLPT1425,BLPT1430
BLPT1425,BLPT3850
BLPT1425,BLPH126
BLPT1425,BLPTL3840
BLPTL147,BLPTL147
BLPTL147,BLPTL3850
BLPTL147,BLPTL3845
BLPTL147,BLPTL146
BLPTL147,BLPTL148
BLPTL147,BLPTL149
BLPTL147,BLPTL1410
BLPTL147,BLPTL1427
BLPTL147,BLPTL1415
BLPTL147,BLPTL3840
BLPH1210,BLPH386
BLPH1210,BLPH3814
BLPH1210,BLPH3838
BLPH1210,BLPHL145
BLPH1210,BLPHL146
BLPH1210,BLPHL387
BLPH1210,BLPHL3810
BLPH1210,BLPHL388
BLPH1210,BLPH389
BLPH1210,BLPH38732
BLPH1258,A2A
BLPH1258,FHLF80A
BLPH1258,PL400B
BLPH1258,SPBS8AR
BLPH1258,SHD1R
BLPH1258,SIMM190
BLPH1258,SRPCR4700
BLPH1258,FU8A
BLPH1258,SPBS18AR
BLPH1258,91ACP
BLPH1414,BLPH1418
BLPH1414,BLPT3850
BLPH1414,BLPH1414
BLPH1414,BLPH14732
BLPH1414,BLPH14964
BLPH1414,BLPH14316
BLPH1414,BLPH14532
BLPH1414,BLPH3838
BLPH1414,BLPH126
BLPH1414,BLPH124
LIL81200,BLPHL14316
LIL81200,BLPHL14532
LIL81200,BLPHL1418
LIL81200,SRP3B
LIL81200,SRP400B
LIL81200,1206GS
LIL81200,GLAS1F
LIL81200,TA3
LIL81200,GSAF1F
LIL81200,GFAT1E
GLOVEORIGPLUSL,GLASS50R
GLOVEORIGPLUSL,EARPLUGBAND
GLOVEORIGPLUSL,GLASS30R
GLOVEORIGPLUSL,GLOVE309L
GLOVEORIGPLUSL,GLOVE300BL
GLOVEORIGPLUSL,GLOVE1100L
GLOVEORIGPLUSL,SOSG01BKCL01
GLOVEORIGPLUSL,GLASS90BYEAR
GLOVEORIGPLUSL,GLOVE900LR
GLOVEORIGPLUSL,GLOVE505RL
SEPACTEST,SPBS18AR
SEPACTEST,SGASA204CR
SEPACTEST,TMU8B
SEPACTEST,SRPCR4700
SEPACTEST,T72
SEPACTEST,PPC103A
SEPACTEST,BLPTHC87
SEPACTEST,ATECH3FR300B
SEPACTEST,SGDP31IRBR
SEPACTEST,SIMM170
SGDP63IRBG,SGDP64IRBR
SGDP63IRBG,212EFTAY
SGDP63IRBG,317MPC
SGDP63IRBG,AWM110DHK
SGDP63IRBG,OEXM7B
SGDP63IRBG,GAJ12A
SGDP63IRBG,SGDTX90BR
SGDP63IRBG,A91F
SGDP63IRBG,BHM9A
SGDP63IRBG,TW381
SEPHDSETAOBA,FA12LE
SEPHDSETAOBA,KAC1224TCA
SEPHDSETAOBA,GF22
SEPHDSETAOBA,PPCD70BK
SEPHDSETAOBA,317MSPC
SEPHDSETAOBA,114ATMP
SEPHDSETAOBA,OEX709B
SEPHDSETAOBA,PT5C
SEPHDSETAOBA,BHM9A
SEPHDSETAOBA,BLPH1418
SEPKCAMETPCA,SIMM150A
SEPKCAMETPCA,SPBS8AR
SEPKCAMETPCA,TMXK60
SEPKCAMETPCA,SRPCR4700
SEPKCAMETPCA,SIMM210
SEPKCAMETPCA,FX1
SEPKCAMETPCA,SGASA204CR
SEPKCAMETPCA,PL400B
SEPKCAMETPCA,PPC103A
SEPKCAMETPCA,96ACF
SEPMG31KA,S6112
SEPMG31KA,B1467A
SEPMG31KA,S6110A
SEPMG31KA,S6111
SEPMG31KA,BT11
SEPMG31KA,SGASA204CR
SEPMG31KA,SGDP31IRBR
SEPMG31KA,ATECH2FR125B
SEPMG31KA,SPBS8AR
SEPMG31KA,SPBS18AR
SEPPMINP,SRPCR4700
SEPPMINP,SGASA204CR
SEPPMINP,47ACF
SEPPMINP,SHD1R
SEPPMINP,SPBS18AR
SEPPMINP,FXK3
SEPPMINP,FXK6
SEPPMINP,SIMM170
SEPPMINP,SGD6BR
SEPPMINP,SIMM190
SEPPREENTRY,TMXK60
SEPPREENTRY,SIMM190
SEPPREENTRY,PPC4A
SEPPREENTRY,SIMM220
SEPPREENTRY,SGDP42IRBR
SEPPREENTRY,FU8A
SEPPREENTRY,FX1
SEPPREENTRY,BLPTHC87
SEPPREENTRY,SGD6BR
SEPPREENTRY,SGD8BR
SEPPREHDA,ATECH2FR125B
SEPPREHDA,ATECH3FR300B
SEPPREHDA,SGASA204CR
SEPPREHDA,SIMM210
SEPPREHDA,SRPCR4700
SEPPREHDA,SGD6BR
SEPPREHDA,SGDP42IRBR
SEPPREHDA,PL400B
SEPPREHDA,PPC103A
SEPPREHDA,BLPTHC87
SEPPROK1PCMA,SIMM180
SEPPROK1PCMA,FXK3
SEPPROK1PCMA,SIMM220
SEPPROK1PCMA,TMXK2
SEPPROK1PCMA,BLPTHC87
SEPPROK1PCMA,SRPCR4700
SEPPROK1PCMA,FXK6
SEPPROK1PCMA,SHD1R
SEPPROK1PCMA,PPC103A
SEPPROK1PCMA,SGDP42IRBR
SEPU38TWA,QD3R250A
SEPU38TWA,QD1R200A
SEPU38TWA,GSAF1F
SEPU38TWA,F80
SEPU38TWA,SPBS704AR
SEPU38TWA,91ACP
SEPU38TWA,PL400B
SEPU38TWA,TMXK2
SEPU38TWA,SGASA204CR
SEPU38TWA,SGD8BR
SNA-TBP14,KACKMCFIBER1
SNA-TBP14,KAERNADD6RD
SNA-TBP14,KCP1422PBO
SNA-TBP14,PLRK21
SNA-TBP14,KACKFLTCLNR
SNA-TBP14,KRSC46HPBO
SNA-TBP14,KCP2422PBO
SNA-TBP14,PLRK27
SNA-TBP14,KWSN2455AST
SNA-TBP14,KRA2055FPBO
SS5A,VO2628B
SS5A,VO1416B
SS5A,XS2024A
SS5A,XS1618A
SS5A,VO2224B
SS5A,XS1214A
SS5A,XS67A
SS5A,SGDEL10ESD
SS5A,TM65
SS5A,TM412
TB20AC,KACKMCFIBER1
TB20AC,KAERNADD6RD
TB20AC,KRA4813FPBO
TB20AC,KCP1422PBO
TB20AC,KASS13
TB20AC,A277
TB20AC,PLRK27
TB20AC,KRSC326FPBO
TB20AC,KRSC2460PWZ7
TB20AC,KRSC343PBO
OFC86-16,PL400B
OFC86-16,F80
OFC86-16,91ACP
OFC86-16,IMM180
OFC86-16,IMM210
OFC86-16,IMM240
OFC86-16,IMM160A
OFC86-16,IMM150A
OFC86-16,IMM170A
OFC86-16,IMM190
OFW4,OFW3
OFW4,OFW1
OFW4,OFW2
OFW4,BTC3A
OFW4,SWM291
OFW4,AWM140DK
OFW4,SWM261
OFW4,SWM271
OFW4,PPB826A
OFW4,SIMM290
PKRS1,HBBD8
PKRS1,S9538A
PKRS1,VGP12418
PKRS1,FTX60E
PKRS1,GA243
PKRS1,VGP12406
PKRS1,VGP12412
PKRS1,BF620C
PKRS1,A159
PKRS1,A179A
PBMMA5,PBMB5R
PBMMA5,PBMMB5G
PBMMA5,HBBD32
PBMMA5,PBMMS5
PBMMA5,PBMMB5
PBMMA5,PBMMA5R
PBMMA5,PBMA5
PBMMA5,PBMMS5R
PBMMA5,PBMMB5R
PBMMA5,PBMA5R
PBMMB5G,PBMMS5G
PBMMB5G,PBMMA5G
PBMMB5G,PBMMB5O
PBMMB5G,PBMMS5O
PBMMB5G,PBMMA5O
PBMMB5G,PBMA5G
PBMMB5G,PBMMS5R
PBMMB5G,PBMMB5R
PBMMB5G,PBMA5
PBMMB5G,PBMS5R
PK50A,BF775C-A
PK50A,14V
PK50A,DPT7A
PK50A,GA243
PK50A,OXIM7B
PK50A,VGP12412
PK50A,A179A
PK50A,S9614A
PK50A,OXIM6B
PK50A,310SWMYA
PTIM5,PT5C
PTIM5,SGDMRC4-TM4
PTIM5,SGDMRC44B
PTIM5,F4LBK
PTIM5,OEX11B
PTIM5,SEPPROCORE2A
PTIM5,120STTM
PTIM5,212EFTAY
PTIM5,FZ7A
PTIM5,317MPC
RBYAM605,RBYA605
RBYAM605,SR80A
RBYAM605,TECH3FR250
RBYAM605,FRW10
RBYAM605,PPN4050
RBYAM605,RD8
RBYAM605,AWMCG1600B
RBYAM605,PALMRAT
RBYAM605,VSM807B
RBYAM605,PPK15
R2022C,SG5ASABR
R2022C,TMUS181A
R2022C,F80FOD
R2022C,R2428C
R2022C,R2426C
R2022C,R2830C
R2022C,R1618C
R2022C,R1214C
R2022C,R810C
R2022C,R1011C
R2428C,R2428C
R2428C,TM10G
R2428C,TM61A
R2428C,R2022C
R2428C,R1618C
R2428C,R1214C
R2428C,R810C
R2428C,R2830C
R2428C,R2426C
R2428C,R1011C
R2830C,R2830C
R2830C,R1011C
R2830C,R1012C
R2830C,R2426C
R2830C,R2022C
R2830C,R1618C
R2830C,R1214C
R2830C,R810C
R2830C,TMUS181A
R2830C,106TMUSA
KACKMCFIBER1,KACKFLTCLNR
KACKMCFIBER1,YA389A
KACKMCFIBER1,PLRK21
KACKMCFIBER1,PLRK30
KACKMCFIBER1,TB20AC
KACKMCFIBER1,KAERNADD6RD
KACKMCFIBER1,A277
KACKMCFIBER1,KRSC46HPBO
KACKMCFIBER1,YA450B
KACKMCFIBER1,KRSC326FPBO
US710,T72
US710,SGASA204CR
US710,PPC103A
US710,SIMM220
US710,SRPCR4700
US710,91ACP
US710,SPBS18AR
US710,SGDP31IRBR
US710,96ACF
US710,SHD1R
UTV617A,UTV616A
UTV617A,BLPXZNM389
UTV617A,BLPTORX1410
UTV617A,PBN500
UTV617A,209EFTXBY
UTV617A,FTXB45E
UTV617A,FLE140A
UTV617A,IMM110A
UTV617A,IMM100A
UTV617A,IMM120A
VSC4KT,TR108
VSC4KT,QDTPMS
VSC4KT,BTCP400
VSC4KT,TMMS5.5
VSC4KT,TMMS14
VSC4KT,TMMS12
VSC4KT,TMMS15
VSC4KT,TR117O
VSC4KT,BTCP600
VSC4KT,PWZ2A
XDSG606K1,SGD4120BR
XDSG606K1,SGDP162BR
XDSG606K1,BP24B
XDSG606K1,VGP12808
XDSG606K1,VGP12418
XDSG606K1,VGP12412
XDSG606K1,VGP12406
XDSG606K1,PKB52A
XDSG606K1,VGP104
XDSG606K1,A159
