item_sku,rec_sku
TMMS7,TMMS14
TMMS7,TMMS6
TMMS7,TMMS13
TMMS7,TMMS10
TMMS7,TMMS9
TMMS7,ECHDD012A
TMMS7,CTB8174
TMMS7,PH3050BR
TMMS7,GA460B
TMMS7,OC5A
FTX40E,TTX20E
FTX40E,TTX25E
FTX40E,FAM8E
FTX40E,FTX45E
FTX40E,FTX50E
FTX40E,TTX8E
FTX40E,TTX10E
FTX40E,KRSC46HPBO
FTX40E,ECHDD012A
FTX40E,CTB8174
HBBD16,HBBD32
HBBD16,HBBD8
HBBD16,HBFE16
HBBD16,PK52A
HBBD16,2004BSKA
HBBD16,PH3050BR
HBBD16,DB121C
HBBD16,AT4124
HBBD16,MTTL300
HBBD16,AT4135
STMM5.5,TMM5.5
STMM5.5,TMM13
STMM5.5,TMM9
STMM5.5,TMM11
STMM5.5,TMM14
STMM5.5,KRSC46HPBO
STMM5.5,ECHDD012A
STMM5.5,CTB8174
STMM5.5,PH3050BR
STMM5.5,FB303B
AWTEFTP11K,SIMM230
AWTEFTP11K,47ACF
AWTEFTP11K,SGD4BR
AWTEFTP11K,SGDP42IRBR
AWTEFTP11K,SGD8BR
AWTEFTP11K,EECT400
AWTEFTP11K,KRSC46HPBO
AWTEFTP11K,ECHDD012A
AWTEFTP11K,CTB8174
AWTEFTP11K,PH3050BR
TPMB25,SR40K
TPMB25,TWM31
TPMB25,SWM101A
TPMB25,GAJ12A
TPMB25,BHS7A
TPMB25,340SSDP
TPMB25,10SSD
TPMB25,222AFSP
TPMB25,OFW3
TPMB25,SN25A
TMR4R,208AFX
TMR4R,HCP48BCF
TMR4R,F4LBK
TMR4R,2004BSKA
TMR4R,208CCP
TMR4R,BTC3A
TMR4R,PK53A
TMR4R,TMS4E
TMR4R,ECHDD012A
TMR4R,AT4101
TMXM114,TK72
TMXM114,IPLM24C
TMXM114,PHG1055BK
TMXM114,TMC109A
TMXM114,TMBS8A
TMXM114,CTNN13KF
TMXM114,GMB3042
TMXM114,PBMB5R
TMXM114,PBMS5R
TMXM114,KRSC46HPBO
IPDLM17A,IPSM21
IPDLM17A,IPLM21C
IPDLM17A,IPLM18C
IPDLM17A,IPLM19C
IPDLM17A,IPLM24C
IPDLM17A,EECT400
IPDLM17A,KRSC46HPBO
IPDLM17A,ECHDD012A
IPDLM17A,CTB8174
IPDLM17A,PH3050BR
R404,ACT83A
R404,2005BSKA
R404,AWEFBH11K
R404,TF275A
R404,AWMG9-7
R404,TC15A
R404,ACT407
R404,R1618SC
R404,SEPPT850KA
R404,ACT73A
SR80A,FR80
SR80A,TR72
SR80A,TRF72
SR80A,310SWMYA
SR80A,313SYA
SR80A,KRSC46HPBO
SR80A,ECHDD012A
SR80A,CTB8174
SR80A,PH3050BR
SR80A,KRA2407PBO
SFSM11,SFSM15
SFSM11,SFSM8
SFSM11,SFSM13
SFSM11,SFSM16
SFSM11,SFSM17
SFSM11,SFSM18
SFSM11,SFSM19
SFSM11,EECT400
SFSM11,KRSC46HPBO
SFSM11,ECHDD012A
SGA173BR,206EAU
SGA173BR,S9704KA
SGA173BR,PKNC150
SGA173BR,SGA175BR
SGA173BR,SGA174BR
SGA173BR,SGA1710BR
SGA173BR,SGA1711BR
SGA173BR,SGA1712BR
SGA173BR,ECHDD012A
SGA173BR,CTB8174
313TWYA,313TSYA
313TWYA,313TSMYA
313TWYA,313TWMYA
313TWYA,TWM25
313TWYA,TW401
313TWYA,ECHDD012A
313TWYA,CTB8174
313TWYA,PH3050BR
313TWYA,PTGR450
313TWYA,EFPHANNIBALB
FHR80G,FHBB12A
FHR80G,THLL72
FHR80G,SHL80A
FHR80G,THR72
FHR80G,THL72
FHR80G,SH80A
FHR80G,FHOF80A
FHR80G,EECT400
FHR80G,KRSC46HPBO
FHR80G,ECHDD012A
F80,S80A
F80,SEPPREMETA
F80,222AFSP
F80,206EAU
F80,AWM110DHK
F80,317MSPC
F80,317AMMPC
F80,EECT400
F80,KRSC46HPBO
F80,ECHDD012A
SIMM170,SIMM190
SIMM170,SIMM220
SIMM170,SIMM210
SIMM170,SIMM180
SIMM170,SIMM200
SIMM170,EECT400
SIMM170,KRSC46HPBO
SIMM170,ECHDD012A
SIMM170,CTB8174
SIMM170,PH3050BR
SHD4O,SHD1R
SHD4O,10R
SHD4O,SHDX60R
SHD4O,SHDP31IRR
SHD4O,SHDP42IRR
SHD4O,SHD2R
SHD4O,SHD6R
SHD4O,SHDP63IRR
SHD4O,ECHDD012A
SHD4O,CTB8174
SGD6BG,SGD4BR
SGD6BG,SGDP64IRBR
SGD6BG,SGDX80BR
SGD6BG,SGDP31IRBR
SGD6BG,SGDP42IRBR
SGD6BG,SGD2BR
SGD6BG,SGD8BR
SGD6BG,PH3050BR
SGD6BG,GA296B
SGD6BG,MTTL300
FM10,FM12
FM10,FM14
FM10,FM17
FM10,FM19
FM10,FM11
FM10,FM18
FM10,EECT400
FM10,KRSC46HPBO
FM10,ECHDD012A
FM10,CTB8174
AWBMXL9,BHM9A
AWBMXL9,THRLX72
AWBMXL9,SW261
AWBMXL9,AWBXL13
AWBMXL9,AWBPH13
AWBMXL9,BHS13A
AWBMXL9,CTB8174
AWBMXL9,PH3050BR
AWBMXL9,FB316B
AWBMXL9,MAGDISH
CGRS865K2,CTB8174
CGRS865K2,LN47ACF
CGRS865K2,SGD6BR
CGRS865K2,SIMM180
CGRS865K2,FX1
CGRS865K2,TMXK60
CGRS865K2,91ACP
CGRS865K2,F80
CGRS865K2,GFAT1E
CGRS865K2,SRPCR4700
KAC1224TCA,FAML6E
KAC1224TCA,SA16E
KAC1224TCA,FABLM5E
KAC1224TCA,HD6529
KAC1224TCA,FA12LE
KAC1224TCA,FRX181
KAC1224TCA,CTB8174
KAC1224TCA,PH3050BR
KAC1224TCA,A277
KAC1224TCA,TPM16EM
FTA35,TKF72
FTA35,SGDMRC4A
FTA35,ATECH1FS300
FTA35,STA35
FTA35,TTA35
FTA35,SRES28
FTA35,208FRDH
FTA35,A277
FTA35,FRW10
FTA35,MAGDISH
GLASS50R,GLOVE300BL
GLASS50R,EARPLUGBAND
GLASS50R,SOSG01BKCL01
GLASS50R,GLOVE1100L
GLASS50R,GLOVE900LR
GLASS50R,212EFTAY
GLASS50R,340SSDP
GLASS50R,PTIM5
GLASS50R,10SSD
GLASS50R,PK52A
SHDX80G,9100AGMO
SHDX80G,9100GSO
SHDX80G,SHD2R
SHDX80G,AWM110DHK
SHDX80G,TPM16
SHDX80G,AC5C
SHDX80G,2004BSKA
SHDX80G,FB360C
SHDX80G,KRA2007FPBO
SHDX80G,PK53A
VO806B,S281
VO806B,VO3032B
VO806B,RULER600
VO806B,DS809K
VO806B,107ATMPB
VO806B,ST50A
VO806B,KRA4059FPBO
VO806B,TB20AC
VO806B,MTTL300
VO806B,EARPLUGBAND
PTGR110,PSO4625
PTGR110,PTR2500
PTGR110,PTR2505
PTGR110,PTGR100
PTGR110,PTC250
PTGR110,PDR3000A
PTGR110,CJ2001P
PTGR110,211EFAMY
PTGR110,YA105013
PTGR110,307ESAY
TW181A,TW281
TW181A,TW221
TW181A,TW161A
TW181A,TW261
TW181A,TW321
TW181A,KRSC46HPBO
TW181A,ECHDD012A
TW181A,CTB8174
TW181A,PH3050BR
TW181A,EFPHANNIBALB
TA27,SPBS8AR
TA27,PWCS7ACF
TA27,FU8A
TA27,PPC4A
TA27,SHD1R
TA27,TMXK2
TA27,96ACF
TA27,SRPCR3800
TA27,SIMM200
TA27,SPBS12AR
F80MP,210RAFSMA
F80MP,112RTMA
F80MP,SX80B
F80MP,FZ80
F80MP,RAF80A
F80MP,TRSLF72
F80MP,EECT400
F80MP,KRSC46HPBO
F80MP,ECHDD012A
F80MP,CTB8174
KRA2422PWZ,TM84
KRA2422PWZ,VO2224B
KRA2422PWZ,VO2628B
KRA2422PWZ,KWSN2455AST
KRA2422PWZ,KRWT2411
KRA2422PWZ,KWSP2455ABL
KRA2422PWZ,KWSN2455ABL
KRA2422PWZ,KWSP2455AST
KRA2422PWZ,PG160
KRA2422PWZ,EFPHANNIBALB
FM18,SW141A
FM18,SW181A
FM18,SW241
FM18,FM19
FM18,FM15
FM18,FM16
FM18,FM11
FM18,EECT400
FM18,KRSC46HPBO
FM18,ECHDD012A
CSSD1G,CSA12CR
CSSD1G,PHP2A
CSSD1G,AWPBX10
CSSD1G,CSSD50R
CSSD1G,CSA14CR
CSSD1G,PKWSS53A
CSSD1G,FB307RNB
CSSD1G,PKNC300
CSSD1G,AT4124
CSSD1G,SVTS264
AWCGT7,BLPTHC87
AWCGT7,SIMM210
AWCGT7,PWCS7ACF
AWCGT7,GFAT1E
AWCGT7,SRPCR4700
AWCGT7,EECT400
AWCGT7,KRSC46HPBO
AWCGT7,ECHDD012A
AWCGT7,CTB8174
AWCGT7,PH3050BR
BRHC2PK,BTCP600
BRHC2PK,SGA102BR
BRHC2PK,SGA1713B
BRHC2PK,BTCP400
BRHC2PK,BCS70A
BRHC2PK,YA832A
BRHC2PK,S6111
BRHC2PK,ACT407
BRHC2PK,ECUHD218
BRHC2PK,PBFT50R
FMAS,SGD2BR
FMAS,SIMM160A
FMAS,SPBS8AR
FMAS,FX1
FMAS,SPBS18AR
FMAS,EECT400
FMAS,KRSC46HPBO
FMAS,ECHDD012A
FMAS,CTB8174
FMAS,PH3050BR
TMA4E,ATKIFL
TMA4E,AOGMHC
TMA4E,TMA6E
TMA4E,TMA7E
TMA4E,TMA4.5E
TMA4E,TMA5E
TMA4E,XS2024A
TMA4E,TMA8E
TMA4E,EECT400
TMA4E,KRSC46HPBO
BB9008KIT,FU8A
BB9008KIT,GFAT1E
BB9008KIT,FHLF80A
BB9008KIT,SIMM150A
BB9008KIT,SIMM220
BB9008KIT,SIMM190
BB9008KIT,SPBS8AR
BB9008KIT,SIMM210
BB9008KIT,SGD6BR
BB9008KIT,SHD1R
A3042,GMB3042
A3042,F12LB
A3042,LSR1580
A3042,A3046
A3042,CAL6EBR
A3042,BTK7A
A3042,B1458C
A3042,PH3050BR
A3042,CTS561BITSET
A3042,CTQ838DB
CTR817GK2,T72
CTR817GK2,SPBS18AR
CTR817GK2,SGASA204CR
CTR817GK2,SGDX80BR
CTR817GK2,SPBS12AR
CTR817GK2,47ACF
CTR817GK2,PL400B
CTR817GK2,91ACP
CTR817GK2,TMXK2
CTR817GK2,SRPCR3800
F081,F181
F081,F141
F081,F121
F081,F101
F081,F281
F081,F261
F081,EECT400
F081,KRSC46HPBO
F081,ECHDD012A
F081,CTB8174
210FRXM,BDGPL300HG
210FRXM,650
210FRXM,SRPCR112
210FRXM,BTCP2SA
210FRXM,PBMP703A
210FRXM,VS814A
210FRXM,210FRHMA
210FRXM,PBS704
210FRXM,EECT400
210FRXM,KRSC46HPBO
QD1R200A,TW461
QD1R200A,S9711KA
QD1R200A,TWM26
QD1R200A,QD2R1000A
QD1R200A,R1618SC
QD1R200A,BPPC1878
QD1R200A,RTEMPB7
QD1R200A,SS5A
QD1R200A,RC980
QD1R200A,EEPV503
TNF72,OEXS709B
TNF72,WTG10A
TNF72,TRF72
TNF72,TX72
TNF72,TN72
TNF72,TMR4
TNF72,BLPBTWKIT
TNF72,S80AFOD
TNF72,EECT400
TNF72,KRSC46HPBO
QD2RN100A,QD1RN25B
QD2RN100A,QD3RN350A
QD2RN100A,SL80A
QD2RN100A,FL80
QD2RN100A,SN24C
QD2RN100A,EEPV503
QD2RN100A,ECHDD012A
QD2RN100A,CTB8174
QD2RN100A,PH3050BR
QD2RN100A,TDG1
PL5ESWIRESTRIP,SGTT6B
PL5ESWIRESTRIP,PWCSS7ACF
PL5ESWIRESTRIP,PWCS9ACF
PL5ESWIRESTRIP,SGTT110B
PL5ESWIRESTRIP,PTM30
PL5ESWIRESTRIP,SGTT8B
PL5ESWIRESTRIP,SGTT9B
PL5ESWIRESTRIP,PH3050BR
PL5ESWIRESTRIP,EECT900
PL5ESWIRESTRIP,AT2050
TW361,TW321
TW361,TW281
TW361,TW261
TW361,TW301
TW361,TW221
TW361,KRSC46HPBO
TW361,ECHDD012A
TW361,CTB8174
TW361,PH3050BR
TW361,EFPHANNIBALB
KRSC4130PBO,BLPTHC87
KRSC4130PBO,T72
KRSC4130PBO,SIMM240
KRSC4130PBO,PPC4A
KRSC4130PBO,96ACF
KRSC4130PBO,SGD4BR
KRSC4130PBO,SGDX80BR
KRSC4130PBO,TMXK60
KRSC4130PBO,SGD6BR
KRSC4130PBO,SIMM150A
314SCOA,IPL38C
314SCOA,VS814A
314SCOA,211FCOA
314SCOA,210FCOMA
314SCOA,312IPL
314SCOA,KRSC46HPBO
314SCOA,ECHDD012A
314SCOA,CTB8174
314SCOA,PH3050BR
314SCOA,SVTSRAD272U
VWB4B,AT2050
VWB4B,206AFSP
VWB4B,UTS105A
VWB4B,AWM12D
VWB4B,14V
VWB4B,AT425R
VWB4B,BF775C-A
VWB4B,BLP18HVLP
VWB4B,PK50A
VWB4B,DB121C
SGDX40BR,S9711KA
SGDX40BR,CSA12CR
SGDX40BR,TW441
SGDX40BR,RBM1011SC
SGDX40BR,PKWLR53A
SGDX40BR,RTEMPB7
SGDX40BR,SS5A
SGDX40BR,TW461
SGDX40BR,RC980
SGDX40BR,CAL6EA
FHLL80,SHN36
FHLL80,THLLF72
FHLL80,SH80A
FHLL80,SHLL80A
FHLL80,THLL72
FHLL80,FHL80
FHLL80,SHL80A
FHLL80,FHBF80A
FHLL80,KRSC46HPBO
FHLL80,ECHDD012A
TMMS8,TMMS10
TMMS8,TMMS12
TMMS8,TMMS7
TMMS8,TMMS5.5
TMMS8,TMMS14
TMMS8,ECHDD012A
TMMS8,CTB8174
TMMS8,PH3050BR
TMMS8,GA460B
TMMS8,OC5A
SRPCR107,SRPCR4700
SRPCR107,SRPCR3800
SRPCR107,PBS704
SRPCR107,BDGPL300HG
SRPCR107,PPC715BK
SRPCR107,PWZ4
SRPCR107,SRP2A
SRPCR107,SRP400B
SRPCR107,CTB8174
SRPCR107,PH3050BR
FHNF100,SGDP42IRBR
FHNF100,T72
FHNF100,TMXK2
FHNF100,SIMM160A
FHNF100,47ACF
FHNF100,EECT400
FHNF100,KRSC46HPBO
FHNF100,ECHDD012A
FHNF100,CTB8174
FHNF100,PH3050BR
14V12,14V
14V12,VGP12808
14V12,VGP12418
14V12,BF775C-A
14V12,SGHBF500A
14V12,SGHF616BR
14V12,8R
14V12,10MA
14V12,ECHDD012A
14V12,CTB8174
EEJP1224,47ACF
EEJP1224,SHD1R
EEJP1224,91ACP
EEJP1224,312IMMS
EEJP1224,EEDM503D
EEJP1224,EEPV509
EEJP1224,EEPV500
EEJP1224,PT850
EEJP1224,FX1
EEJP1224,PL400B
AWS13-8,SGDP31IRBR
AWS13-8,SPBS704AR
AWS13-8,SGD4BR
AWS13-8,SGDX80BR
AWS13-8,SIMM210
AWS13-8,EECT400
AWS13-8,KRSC46HPBO
AWS13-8,ECHDD012A
AWS13-8,CTB8174
AWS13-8,PH3050BR
110TMY,110STMY
110TMY,211FSY
110TMY,112TMMY
110TMY,313TWYA
110TMY,BHS7A
110TMY,PG160
110TMY,EFPHANNIBALB
110TMY,PTGR450
110TMY,CTB8174
110TMY,PH3050BR
YA4608,TMXK60
YA4608,SGD6BR
YA4608,SPBS8AR
YA4608,PPC103A
YA4608,SHD1R
YA4608,FHLF80A
YA4608,SPBS704AR
YA4608,ATECH3FR300B
YA4608,SIMM170
YA4608,SGD2BR
212IMFYA,214IMFMYA
212IMFYA,SOEX38
212IMFYA,BLPTE3812
212IMFYA,212SIMFYA
212IMFYA,210IMFSYA
212IMFYA,YA438B
212IMFYA,BLPTE3816
212IMFYA,BLPTE3814
212IMFYA,KRSC46HPBO
212IMFYA,ECHDD012A
HBFE48G,2050
HBFE48G,HBFE103
HBFE48G,BTC7B
HBFE48G,HBFE24
HBFE48G,AT4124
HBFE48G,PK52A
HBFE48G,PPB826A
HBFE48G,SR40K
HBFE48G,PH3050BR
HBFE48G,DB129C
SGDEP20ESD,SGDEP21ESD
SGDEP20ESD,SGDE215ESD
SGDEP20ESD,AOGMHC
SGDEP20ESD,SGDE225ESD
SGDEP20ESD,SGDE220ESD
SGDEP20ESD,SGDEP200ESD
SGDEP20ESD,EECT400
SGDEP20ESD,KRSC46HPBO
SGDEP20ESD,ECHDD012A
SGDEP20ESD,CTB8174
PBMB5G,PBMB5O
PBMB5G,PBMMA5R
PBMB5G,MS3000
PBMB5G,PBMS5R
PBMB5G,PBMA5R
PBMB5G,PBMA5
PBMB5G,PBMA5G
PBMB5G,FB361A
PBMB5G,RULER601
PBMB5G,FB336
KRSC326FPJJ,9100AGMO
KRSC326FPJJ,TPM16EM
KRSC326FPJJ,AWM110DK
KRSC326FPJJ,9100GSM
KRSC326FPJJ,FA12LE
KRSC326FPJJ,FRX181
KRSC326FPJJ,GF22
KRSC326FPJJ,KAC1224TCA
KRSC326FPJJ,HD6529
KRSC326FPJJ,TW481
PCSG816,PPSG105
PCSG816,PCSG812
PCSG816,PPSG103
PCSG816,PCSG820
PCSG816,PPSG106
PCSG816,PPSG203
PCSG816,PPSG205
PCSG816,EECT400
PCSG816,KRSC46HPBO
PCSG816,ECHDD012A
9100GSO,FABLM5E
9100GSO,FRX181
9100GSO,SA16E
9100GSO,FAML6E
9100GSO,FA12LE
9100GSO,KRSC46HPBO
9100GSO,ECHDD012A
9100GSO,CTB8174
9100GSO,PH3050BR
9100GSO,BB9008
SGDMRC108A,WTG10A
SGDMRC108A,WTG8A
SGDMRC108A,ST50A
SGDMRC108A,DPT7A
SGDMRC108A,OXIM7B
SGDMRC108A,CTB8174
SGDMRC108A,PH3050BR
SGDMRC108A,OC5A
SGDMRC108A,KRA2407PBO
SGDMRC108A,PDR3000A
CSA8CR,PK23A
CSA8CR,PRH57A
CSA8CR,SOEX38
CSA8CR,PKNC150
CSA8CR,FA12LE
CSA8CR,CTB8174
CSA8CR,PH3050BR
CSA8CR,TPM16EM
CSA8CR,TPM16
CSA8CR,KRA2007FPBO
AWBMCG1602,SRPCR4700
AWBMCG1602,F80
AWBMCG1602,SIMM190
AWBMCG1602,96ACF
AWBMCG1602,SIMM170
AWBMCG1602,EECT400
AWBMCG1602,KRSC46HPBO
AWBMCG1602,ECHDD012A
AWBMCG1602,CTB8174
AWBMCG1602,PH3050BR
XS67A,XS810A
XS67A,VO1416B
XS67A,XS1214A
XS67A,VO1012B
XS67A,XS1618A
XS67A,EECT400
XS67A,KRSC46HPBO
XS67A,ECHDD012A
XS67A,CTB8174
XS67A,PH3050BR
EECT400BL,ECFLD030
EECT400BL,EEDM503D
EECT400BL,2005BSKA
EECT400BL,AWM110DHK
EECT400BL,TPM16
EECT400BL,AC5C
EECT400BL,2004BSKA
EECT400BL,KRA2007FPBO
EECT400BL,FB360C
EECT400BL,OC5A
EECT400O,ECFLD030
EECT400O,EEDM503D
EECT400O,2005BSKA
EECT400O,AWM110DHK
EECT400O,TPM16
EECT400O,AC5C
EECT400O,2004BSKA
EECT400O,KRA2007FPBO
EECT400O,FB360C
EECT400O,OC5A
AWMG9-3,SIMM170
AWMG9-3,FXK3
AWMG9-3,SIMM240
AWMG9-3,PL400B
AWMG9-3,SPBS12AR
AWMG9-3,EECT400
AWMG9-3,KRSC46HPBO
AWMG9-3,ECHDD012A
AWMG9-3,CTB8174
AWMG9-3,PH3050BR
PKN4,SIMM190
PKN4,SGD4BR
PKN4,TMXK4
PKN4,SIMM150A
PKN4,FXK11
PKN4,EECT400
PKN4,KRSC46HPBO
PKN4,ECHDD012A
PKN4,CTB8174
PKN4,PH3050BR
KRA4114FPBO,SGASA204CR
KRA4114FPBO,SGD2BR
KRA4114FPBO,SGD6BR
KRA4114FPBO,KRA4107FPBO
KRA4114FPBO,KRA4813FPBO
KRA4114FPBO,F12LB
KRA4114FPBO,206AFXW
KRA4114FPBO,SGDX60BR
KRA4114FPBO,112TMMY
KRA4114FPBO,HBBD24
PBN11,PBN10
PBN11,SIMM220
PBN11,PPC103A
PBN11,SPBS12AR
PBN11,FU8A
PBN11,EECT400
PBN11,KRSC46HPBO
PBN11,ECHDD012A
PBN11,CTB8174
PBN11,PH3050BR
PBN12,TWM24
PBN12,TWM20
PBN12,TWM22
PBN12,TWM17
PBN12,TWM18
PBN12,TMMDS10
PBN12,TWM21
PBN12,TWM23
PBN12,EECT400
PBN12,KRSC46HPBO
AWCGT40,AWCGT40
AWCGT40,AWMCG1600B
AWCGT40,AWCGT25
AWCGT40,AWCGT30
AWCGT40,AWCGT27
AWCGT40,AWCGT500
AWCGT40,AWCGT45
AWCGT40,AWCG1600B
AWCGT40,EECT400
AWCGT40,KRSC46HPBO
AWMXL10-2,SGD8BR
AWMXL10-2,SHD1R
AWMXL10-2,TMXK2
AWMXL10-2,FXK11
AWMXL10-2,SGDP31IRBR
AWMXL10-2,EECT400
AWMXL10-2,KRSC46HPBO
AWMXL10-2,ECHDD012A
AWMXL10-2,CTB8174
AWMXL10-2,PH3050BR
KRA4008FPBO,212SFSMY
KRA4008FPBO,CSA8CR
KRA4008FPBO,SN18B
KRA4008FPBO,OEXM710B
KRA4008FPBO,OEXM80B
KRA4008FPBO,S9704KA
KRA4008FPBO,FS221
KRA4008FPBO,FS241
KRA4008FPBO,FS121
KRA4008FPBO,FS141
KRA4008FPCM,212SFSMY
KRA4008FPCM,CSA8CR
KRA4008FPCM,SN18B
KRA4008FPCM,OEXM710B
KRA4008FPCM,OEXM80B
KRA4008FPCM,S9704KA
KRA4008FPCM,FS221
KRA4008FPCM,FS241
KRA4008FPCM,FS121
KRA4008FPCM,FS141
CTGR-CW50,ATECH3FR300B
CTGR-CW50,SGD8BR
CTGR-CW50,ATECH2FR125B
CTGR-CW50,SPBS704AR
CTGR-CW50,FXK6
CTGR-CW50,TMU8B
CTGR-CW50,SIMM230
CTGR-CW50,SGD4BR
CTGR-CW50,SPBS8AR
CTGR-CW50,SIMM170
317MPC,218AFP
317MPC,SW421
317MPC,SW401
317MPC,SW381
317MPC,206AFSA
317MPC,PH3050BR
317MPC,ACT83A
317MPC,AT4135
317MPC,AT4124
317MPC,ACT413A
218AFP,DS806AK
218AFP,SGDP64IRBR
218AFP,PT28E
218AFP,317MPC
218AFP,SRP3A
218AFP,SW421
218AFP,AWM140DK
218AFP,PH3050BR
218AFP,FB303B
218AFP,PGP120
BTK5,2004BSKA
BTK5,BCS70A
BTK5,YA4000B
BTK5,FB303B
BTK5,10R
BTK5,HBPT24
BTK5,2005BSKA
BTK5,CTB8174
BTK5,PH3050BR
BTK5,ACT73A
SL80A,SWM251
SL80A,2420A
SL80A,9000GS3O
SL80A,AWEF6K
SL80A,SWM261
SL80A,218AFSP
SL80A,KRSC46HPBO
SL80A,ECHDD012A
SL80A,CTB8174
SL80A,PH3050BR
KRSC2460POT7,ATECH3FR300B
KRSC2460POT7,SRPCR3800
KRSC2460POT7,PPC206A
KRSC2460POT7,LP404
KRSC2460POT7,SPBS704AR
KRSC2460POT7,PL400B
KRSC2460POT7,SPBS8AR
KRSC2460POT7,SPBS12AR
KRSC2460POT7,SPBS18AR
KRSC2460POT7,47ACF
TMXK60,TMXK110
TMXK60,144TMPB
TMXK60,SEPPREMETA
TMXK60,XS2024A
TMXK60,XS1416A
TMXK60,XS1820A
TMXK60,XS1618A
TMXK60,EECT400
TMXK60,KRSC46HPBO
TMXK60,ECHDD012A
206ESSPKPLG2,S9711KA
206ESSPKPLG2,207EFTXY
206ESSPKPLG2,GAX36
206ESSPKPLG2,AT5500
206ESSPKPLG2,OFSKIT
206ESSPKPLG2,A129
206ESSPKPLG2,A106
206ESSPKPLG2,A127
206ESSPKPLG2,S3624
206ESSPKPLG2,EEPV500
TMMD11,111TMMDY
TMMD11,TMMD7
TMMD11,TMMD8
TMMD11,TMMD12
TMMD11,TMMD5
TMMD11,TMMD9
TMMD11,TMMD6
TMMD11,TMMD5.5
TMMD11,ECHDD012A
TMMD11,CTB8174
TMU141A,TMU161A
TMU141A,TMU181A
TMU141A,TMU121A
TMU141A,TMU81B
TMU141A,XS2024A
TMU141A,EECT400
TMU141A,KRSC46HPBO
TMU141A,ECHDD012A
TMU141A,CTB8174
TMU141A,PH3050BR
SLX80A,IM160A
SLX80A,IM180A
SLX80A,IM320
SLX80A,309SIMYA
SLX80A,CAL6EA
SLX80A,RTEMPB7
SLX80A,SS5A
SLX80A,IM220
SLX80A,IM120A
SLX80A,IM140A
SW201,SW161A
SW201,S321
SW201,SW301
SW201,SW141A
SW201,SW221
SW201,SW241
SW201,SW181A
SW201,EECT400
SW201,KRSC46HPBO
SW201,ECHDD012A
TL72,FL80
TL72,SL80A
TL72,AF102
TL72,BTWSMPK
TL72,110ETMAY
TL72,EECT400
TL72,KRSC46HPBO
TL72,ECHDD012A
TL72,CTB8174
TL72,PH3050BR
91ACP,47ACF
91ACP,PL1000START
91ACP,9100GSM
91ACP,96ACF
91ACP,AWM110DHK
91ACP,317MSPC
91ACP,FA12LE
91ACP,PGP50
91ACP,FB360C
91ACP,ACT83A
PALMRAT,RAF80A
PALMRAT,FHOF80A
PALMRAT,TW481
PALMRAT,EEDMDVA
PALMRAT,FZ80
PALMRAT,HD6529
PALMRAT,STX70E
PALMRAT,EEPV503
PALMRAT,CTB8174
PALMRAT,PLRK30
FHR80,FHBB12A
FHR80,THLL72
FHR80,SHL80A
FHR80,THR72
FHR80,THL72
FHR80,SH80A
FHR80,FHOF80A
FHR80,EECT400
FHR80,KRSC46HPBO
FHR80,ECHDD012A
112TMMDSY,TMMD5.5
112TMMDSY,111TMMDY
112TMMDSY,TMMDS11
112TMMDSY,111STMMDY
112TMMDSY,BCS70A
112TMMDSY,OEXM707B
112TMMDSY,AT5500
112TMMDSY,MTIND683A
112TMMDSY,ECHDD012A
112TMMDSY,CTB8174
SFSM21,FSM61
SFSM21,STMM4.5
SFSM21,STMM4
SFSM21,SFSM20
SFSM21,SFSM6
SFSM21,SFSM7
SFSM21,CTB8174
SFSM21,PH3050BR
SFSM21,GLOVEORIGPLUSL
SFSM21,MTTL7005PK
AWTR8-2,TMXK60
AWTR8-2,SIMM190
AWTR8-2,SGD6BR
AWTR8-2,SGD8BR
AWTR8-2,PPC816B
AWTR8-2,EECT400
AWTR8-2,KRSC46HPBO
AWTR8-2,ECHDD012A
AWTR8-2,CTB8174
AWTR8-2,PH3050BR
IPL16C,IPL24C
IPL16C,IPL36C
IPL16C,205IPF
IPL16C,IPL26C
IPL16C,IPL32C
IPL16C,EECT400
IPL16C,KRSC46HPBO
IPL16C,ECHDD012A
IPL16C,CTB8174
IPL16C,PH3050BR
ACTUVINJKTB,SGD2BR
ACTUVINJKTB,TMU8B
ACTUVINJKTB,96ACF
ACTUVINJKTB,SPBS18AR
ACTUVINJKTB,T72
ACTUVINJKTB,SIMM200
ACTUVINJKTB,A2A
ACTUVINJKTB,SGDP31IRBR
ACTUVINJKTB,SGD6BR
ACTUVINJKTB,F80
SIM200,SIM360
SIM200,SIM280
SIM200,SIM260
SIM200,SIM220
SIM200,SIM300
SIM200,SIM180A
SIM200,SIM320
SIM200,KRSC46HPBO
SIM200,ECHDD012A
SIM200,CTB8174
SGDMRC4A,SGDMRC4-TM4
SGDMRC4A,SGDMRCE44
SGDMRC4A,SGDMRC11A
SGDMRC4A,SDMT20D
SGDMRC4A,SDMT10D
SGDMRC4A,KRSC46HPBO
SGDMRC4A,ECHDD012A
SGDMRC4A,CTB8174
SGDMRC4A,PH3050BR
SGDMRC4A,YA450B
SGDEL10ESD,TM62B
SGDEL10ESD,ATKIFL
SGDEL10ESD,XS1618A
SGDEL10ESD,XS2024A
SGDEL10ESD,XS1416A
SGDEL10ESD,XS1820A
SGDEL10ESD,XS1012A
SGDEL10ESD,EECT400
SGDEL10ESD,KRSC46HPBO
SGDEL10ESD,ECHDD012A
AWXL13-5/32,SGD4BR
AWXL13-5/32,SIMM190
AWXL13-5/32,FXK6
AWXL13-5/32,F80
AWXL13-5/32,TMU8B
AWXL13-5/32,EECT400
AWXL13-5/32,KRSC46HPBO
AWXL13-5/32,ECHDD012A
AWXL13-5/32,CTB8174
AWXL13-5/32,PH3050BR
OEX11B,OEX8B
OEX11B,OEX10B
OEX11B,PTIM5
OEX11B,PKN9
OEX11B,SGDE220ESD
OEX11B,ECHDD012A
OEX11B,CTB8174
OEX11B,PH3050BR
OEX11B,RULER602
OEX11B,FB303B
PBN5,IMSLEPL240
PBN5,SX24
PBN5,IMFLE80A
PBN5,PBN1
PBN5,BLPHSM145
PBN5,BLPHSM148
PBN5,BLPHL3810
PBN5,BLPHL388
PBN5,EECT400
PBN5,KRSC46HPBO
PBN15,SPBS12AR
PBN15,SGASA204CR
PBN15,RBM1415C
PBN15,PBN10
PBN15,PBN500
PBN15,SPBS8AR
PBN15,SPBS18AR
PBN15,SPBS704AR
PBN15,EECT400
PBN15,KRSC46HPBO
95ACF,ATKBFL
95ACF,AOGMHC
95ACF,SGDE225ESD
95ACF,TB40C
95ACF,PKN9
95ACF,SGDE220ESD
95ACF,SGDE230ESD
95ACF,SGDEP20ESD
95ACF,SGDE215ESD
95ACF,CTB8174
MAGDISHGR,CLRPW75
MAGDISHGR,MRB5B
MAGDISHGR,GLOVE300BL
MAGDISHGR,MAGMAT
MAGDISHGR,MAGTRAY
MAGDISHGR,MAGMICRO
MAGDISHGR,MAGMINI
MAGDISHGR,MAGSTRIP
MAGDISHGR,KAERNADD6RD
MAGDISHGR,PTM2
MAGDISHHV,CLRPW75
MAGDISHHV,MRB5B
MAGDISHHV,GLOVE300BL
MAGDISHHV,MAGMAT
MAGDISHHV,MAGTRAY
MAGDISHHV,MAGMICRO
MAGDISHHV,MAGMINI
MAGDISHHV,MAGSTRIP
MAGDISHHV,KAERNADD6RD
MAGDISHHV,PTM2
111TMMDY,TMMD11
111TMMDY,TMMD12
111TMMDY,TMMD5
111TMMDY,111STMMDY
111TMMDY,BTC7B
111TMMDY,SR40K
111TMMDY,AWMG9
111TMMDY,2420A
111TMMDY,ECHDD012A
111TMMDY,DB129C
HBBD8,PPC905B
HBBD8,PKRS1
HBBD8,TESLASTUKIT
HBBD8,AWL1010DK
HBBD8,TMM16
HBBD8,BOERM22
HBBD8,ECHDD012A
HBBD8,CTB8174
HBBD8,PH3050BR
HBBD8,CAL6DA
TMX1,SX2
TMX1,FXK4
TMX1,FXK8
TMX1,TMXK110
TMX1,TMXK2
TMX1,TMXK4
TMX1,EECT400
TMX1,KRSC46HPBO
TMX1,ECHDD012A
TMX1,CTB8174
AWM7D,TMXK2
AWM7D,SGASA204CR
AWM7D,SPBS18AR
AWM7D,PPC816B
AWM7D,TMU8B
AWM7D,EECT400
AWM7D,KRSC46HPBO
AWM7D,ECHDD012A
AWM7D,CTB8174
AWM7D,PH3050BR
1210B,1512B
1210B,VGP12412
1210B,A91F
1210B,TWM31
1210B,TWM29
1210B,311IMFSY
1210B,CTB8174
1210B,PH3050BR
1210B,CAL6DA
1210B,EECT900
IPSM18,IPLM21C
IPSM18,IPLM12C
IPSM18,IPLM24C
IPSM18,IPSM15
IPSM18,IPSM21
IPSM18,IPSM22
IPSM18,EECT400
IPSM18,KRSC46HPBO
IPSM18,ECHDD012A
IPSM18,CTB8174
FB307RNB,SVTA9100
FB307RNB,CSSD1R
FB307RNB,206AFSA
FB307RNB,FB336
FB307RNB,AWM140DK
FB307RNB,TF1127B
FB307RNB,TF1124B
FB307RNB,AT4124
FB307RNB,AD12C
FB307RNB,PKNC300
212FMY,313SWYA
212FMY,9100GSM
212FMY,AYESHDA
212FMY,212SFMY
212FMY,AWEF6K
212FMY,340SSDP
212FMY,TPM16EM
212FMY,218AFSP
212FMY,KRSC46HPBO
212FMY,ECHDD012A
SRPCR105,BOER708
SRPCR105,317AMMPC
SRPCR105,SRPCR4700
SRPCR105,SW421
SRPCR105,TW461
SRPCR105,SRP3A
SRPCR105,GA296B
SRPCR105,BOERM712
SRPCR105,RTEMPB7
SRPCR105,ACT73A
KRA2422PBO,TM84
KRA2422PBO,VO2224B
KRA2422PBO,VO2628B
KRA2422PBO,KWSN2455AST
KRA2422PBO,KRWT2411
KRA2422PBO,KWSP2455ABL
KRA2422PBO,KWSN2455ABL
KRA2422PBO,KWSP2455AST
KRA2422PBO,PG160
KRA2422PBO,EFPHANNIBALB
PPC110A,PPCD70BK
PPC110A,PPC210BK
PPC110A,PPCL60BK
PPC110A,PPC210A
PPC110A,SEPHDSETAOBA
PPC110A,PPC5A
PPC110A,PPC208A
PPC110A,PPC204A
PPC110A,ECHDD012A
PPC110A,CTB8174
TWM26,TWM30
TWM26,TWM32
TWM26,TWM27
TWM26,TWM25
TWM26,TWM28
TWM26,TWM29
TWM26,TWM31
TWM26,PH3050BR
TWM26,PG160
TWM26,EFPHANNIBALB
AW8D,AW10D
AW8D,AW5D
AW8D,10SSD
AW8D,AW4-1/2D
AW8D,AW4D
AW8D,AW6D
AW8D,AW7D
AW8D,AW12D
AW8D,PH3050BR
AW8D,FB361A
AWS13-4,SGASA204CR
AWS13-4,T72
AWS13-4,FX1
AWS13-4,SHDP42IRR
AWS13-4,AWBCG1608
AWS13-4,AWBCG1612
AWS13-4,EECT400
AWS13-4,KRSC46HPBO
AWS13-4,ECHDD012A
AWS13-4,CTB8174
SPBS704AG,SEPPREMETA
SPBS704AG,SPBS8AR
SPBS704AG,SPBS12AR
SPBS704AG,317AMMPC
SPBS704AG,UIM225
SPBS704AG,PK23A
SPBS704AG,UPT35
SPBS704AG,BTC7B
SPBS704AG,KRSC46HPBO
SPBS704AG,ECHDD012A
BF555,BLPTHC87
BF555,SPBS8AR
BF555,SPBS704AR
BF555,BLP14HVLP
BF555,BLP13HVLP
BF555,BLP18HVLP
BF555,PSO4625
BF555,PTGR110
BF555,208EPIT
BF555,BP16B
KCP1422POT,AWM140DK
KCP1422POT,AC58E
KCP1422POT,111TMMDY
KCP1422POT,KWSN2455ABL
KCP1422POT,KWSN2455AST
KCP1422POT,KWSP2455AST
KCP1422POT,KWSP2455ABL
KCP1422POT,KRWT2411
KCP1422POT,SR40K
KCP1422POT,BTC7B
OXIM8B,OXIM9B
OXIM8B,OXIM7B
OXIM8B,OEXM8B
OXIM8B,OEXM9B
OXIM8B,OXIM710B
OXIM8B,ECHDD012A
OXIM8B,CTB8174
OXIM8B,PH3050BR
OXIM8B,PGP50
OXIM8B,ITHE100
QDTPMS,BTK5
QDTPMS,OFSKIT
QDTPMS,S6110A
QDTPMS,JCK8
QDTPMS,BCS70A
QDTPMS,PGP120
QDTPMS,ECPNG032
QDTPMS,VSC4KT
QDTPMS,MTEE6
QDTPMS,MRB10B
SGD4BG,SGDP64IRBR
SGD4BG,SGDP63IRBR
SGD4BG,13ELECTBP14KIT
SGD4BG,SGDP31IRBR
SGD4BG,SGDP42IRBR
SGD4BG,SGD2BR
SGD4BG,SGD6BR
SGD4BG,SGD8BR
SGD4BG,ACT83A
SGD4BG,FB303B
KRSC430APBO1,HSPD16
KRSC430APBO1,LDH442
KRSC430APBO1,LDH462
KRSC430APBO1,OXIM6B
KRSC430APBO1,AWMBPH9
KRSC430APBO1,KRSC323PBO
KRSC430APBO1,STMM4
KRSC430APBO1,YA2019
KRSC430APBO1,AWBPH13
KRSC430APBO1,10R
IM120A,IM200
IM120A,IM280
IM120A,IM260
IM120A,IM220
IM120A,IM140A
IM120A,IM160A
IM120A,IM180A
IM120A,IM320
IM120A,KRSC46HPBO
IM120A,ECHDD012A
FS121,FS161
FS121,SN25A
FS121,222AFSP
FS121,FS241
FS121,FS181
FS121,FS221
FS121,FS201
FS121,PH3050BR
FS121,OC5A
FS121,DB121C
PPC108A,PPC715BK
PPC108A,PPCD70BK
PPC108A,PPC210BK
PPC108A,PPC208A
PPC108A,PPC204A
PPC108A,PPC210A
PPC108A,PPC3A
PPC108A,PPC5A
PPC108A,ECHDD012A
PPC108A,OC5A
TRF72,TFY72
TRF72,FC72
TRF72,SF80A
TRF72,FR80
TRF72,SR80A
TRF72,TR72
TRF72,FF80A
TRF72,KRSC46HPBO
TRF72,ECHDD012A
TRF72,CTB8174
VO1012B,VO1820B
VO1012B,VO1416B
VO1012B,VO2628B
VO1012B,VO2224B
VO1012B,VO3032B
VO1012B,EECT400
VO1012B,KRSC46HPBO
VO1012B,ECHDD012A
VO1012B,CTB8174
VO1012B,PH3050BR
HBFE24G,HBFE48
HBFE24G,FABLM5E
HBFE24G,FA12LE
HBFE24G,HD6529
HBFE24G,FRX181
HBFE24G,PH3050BR
HBFE24G,AT4124
HBFE24G,ACT83A
HBFE24G,BB9008
HBFE24G,FB303B
HBFE24O,HBFE48
HBFE24O,FABLM5E
HBFE24O,FA12LE
HBFE24O,HD6529
HBFE24O,FRX181
HBFE24O,PH3050BR
HBFE24O,AT4124
HBFE24O,ACT83A
HBFE24O,BB9008
HBFE24O,FB303B
SGDTX90BO,SGDXL80BR
SGDTX90BO,SGDTX315BR
SGDTX90BO,SGDP63IRBG
SGDTX90BO,ACT73A
SGDTX90BO,SGDP64IRBR
SGDTX90BO,SRP3A
SGDTX90BO,JCW62R
SGDTX90BO,ACT413A
SGDTX90BO,OEXM7B
SGDTX90BO,YA339A
TM72,PALMRAT
TM72,FR80
TM72,103TMXKLA
TM72,FC72
TM72,TL72FOD
TM72,TXM72
TM72,TRX72
TM72,TN72
TM72,CTB8174
TM72,PH3050BR
SRPCR112,PPC715BK
SRPCR112,VS814A
SRPCR112,SRPCR4700
SRPCR112,SRP400B
SRPCR112,PPC210BK
SRPCR112,BLPPB704
SRPCR112,PTGR110
SRPCR112,VWB8B
SRPCR112,ACT51234A
SRPCR112,MG1250
EXDL10A,REX25C
EXDL10A,FZ7A
EXDL10A,PT28E
EXDL10A,RTEMPB7
EXDL10A,TDM117B
EXDL10A,SS5A
EXDL10A,EEPV503
EXDL10A,RC980
EXDL10A,CAL6EA
EXDL10A,CSA12CR
IMM130A,IMM170A
IMM130A,IMM150A
IMM130A,315IMMYA
IMM130A,IMM140A
IMM130A,IMM120A
IMM130A,IMM110A
IMM130A,IMM100A
IMM130A,KRSC46HPBO
IMM130A,ECHDD012A
IMM130A,CTB8174
PPB816A,B3404B
PPB816A,PPB30AK
PPB816A,OEXM6B
PPB816A,AWL1010DK
PPB816A,ACT83A
PPB816A,YA450B
PPB816A,FB303B
PPB816A,SN25A
PPB816A,222AFSP
PPB816A,ACT1370
ATECH2FR125B,ATECH3FR250B
ATECH2FR125B,TMM4
ATECH2FR125B,GAX36
ATECH2FR125B,ATECH3FR300B
ATECH2FR125B,TFM7530B
ATECH2FR125B,QD3RN350A
ATECH2FR125B,TWM27
ATECH2FR125B,KRSC326FPBO
ATECH2FR125B,EEDM525F
ATECH2FR125B,EEPV509
AWBSG10A,SIMM160A
AWBSG10A,SPBS12AR
AWBSG10A,SPBS704AR
AWBSG10A,SGDP31IRBR
AWBSG10A,TMXK60
AWBSG10A,EECT400
AWBSG10A,KRSC46HPBO
AWBSG10A,ECHDD012A
AWBSG10A,CTB8174
AWBSG10A,PH3050BR
AWBSG12A,PPC816B
AWBSG12A,ATECH3FR300B
AWBSG12A,SIMM190
AWBSG12A,SIMM220
AWBSG12A,SPBS8AR
AWBSG12A,EECT400
AWBSG12A,KRSC46HPBO
AWBSG12A,ECHDD012A
AWBSG12A,CTB8174
AWBSG12A,PH3050BR
PKNC075,SW141A
PKNC075,SW181A
PKNC075,SW241
PKNC075,GAJ12A
PKNC075,GLASS50R
PKNC075,SGA173BR
PKNC075,SW321
PKNC075,SW221
PKNC075,SW201
PKNC075,KRSC46HPBO
AWBCG1607,SIMM240
AWBCG1607,TMXK2
AWBCG1607,FXK3
AWBCG1607,SGASA204CR
AWBCG1607,ATECH3FR300B
AWBCG1607,EECT400
AWBCG1607,KRSC46HPBO
AWBCG1607,ECHDD012A
AWBCG1607,CTB8174
AWBCG1607,PH3050BR
86EP,PL803A
86EP,490CF
86EP,84CF
86EP,912AEP
86EP,612AEP
86EP,EPC160
86EP,A36A
86EP,EECT400
86EP,KRSC46HPBO
86EP,ECHDD012A
TMMS14,TMMS12
TMMS14,TMMS7
TMMS14,TMMS13
TMMS14,TMMS6
TMMS14,TMMS10
TMMS14,ECHDD012A
TMMS14,CTB8174
TMMS14,PH3050BR
TMMS14,GA460B
TMMS14,OC5A
FHBF80AG,SHLL80A
FHBF80AG,AWSGT800A
FHBF80AG,FH80MP
FHBF80AG,FHOF80A
FHBF80AG,TRSLF72
FHBF80AG,PLRK30
FHBF80AG,311IMFSY
FHBF80AG,PHP2A
FHBF80AG,ECHDD012A
FHBF80AG,CTB8174
STMD9,STMD16
STMD9,STMD14
STMD9,STMD10
STMD9,STMD6
STMD9,STMD7
STMD9,STMD11
STMD9,KRSC46HPBO
STMD9,ECHDD012A
STMD9,CTB8174
STMD9,PH3050BR
HBBD32G,HBBD16
HBBD32G,YA4275
HBBD32G,SOEX40
HBBD32G,PKNC150
HBBD32G,UPTM65K
HBBD32G,SOEX38
HBBD32G,305SIMMY
HBBD32G,EECT400
HBBD32G,KRSC46HPBO
HBBD32G,ECHDD012A
TA54,TA32A
TA54,SPBS704AR
TA54,FXK6
TA54,91ACP
TA54,TMXK4
TA54,SIMM190
TA54,SPBS12AR
TA54,PPC103A
TA54,BLPTHC87
TA54,SGD6BR
S321,S261
S321,XS1214A
S321,TM84
S321,VO3032B
S321,S281
S321,EECT400
S321,KRSC46HPBO
S321,ECHDD012A
S321,CTB8174
S321,PH3050BR
KRSC326FPES,9100AGMO
KRSC326FPES,TPM16EM
KRSC326FPES,AWM110DK
KRSC326FPES,9100GSM
KRSC326FPES,FA12LE
KRSC326FPES,FRX181
KRSC326FPES,GF22
KRSC326FPES,KAC1224TCA
KRSC326FPES,HD6529
KRSC326FPES,TW481
KRSC326FPJK,9100AGMO
KRSC326FPJK,TPM16EM
KRSC326FPJK,AWM110DK
KRSC326FPJK,9100GSM
KRSC326FPJK,FA12LE
KRSC326FPJK,FRX181
KRSC326FPJK,GF22
KRSC326FPJK,KAC1224TCA
KRSC326FPJK,HD6529
KRSC326FPJK,TW481
PWZ3A,BLPPB704
PWZ3A,SX20
PWZ3A,OXIM707SBK
PWZ3A,PWZ0A
PWZ3A,PWZ4
PWZ3A,PWZ1A
PWZ3A,PWZ5
PWZ3A,PWZ2A
PWZ3A,PH3050BR
PWZ3A,DB129C
SGDMRC108AG,WTG10A
SGDMRC108AG,WTG8A
SGDMRC108AG,ST50A
SGDMRC108AG,DPT7A
SGDMRC108AG,OXIM7B
SGDMRC108AG,CTB8174
SGDMRC108AG,PH3050BR
SGDMRC108AG,OC5A
SGDMRC108AG,KRA2407PBO
SGDMRC108AG,PDR3000A
SDM400A,SGDMRC108A
SDM400A,SDMT25D
SDM400A,SDMT10D
SDM400A,SGDMRC4-TM4
SDM400A,SGDMRC4A
SDM400A,DPT7A
SDM400A,S6103A
SDM400A,S9538A
SDM400A,ECHDD012A
SDM400A,CTB8174
915CF,415CF
915CF,BDGPL411HG
915CF,BDGPL412HG
915CF,BDGPL410HG
915CF,HBBD56
915CF,CTB8174
915CF,PH3050BR
915CF,ECHDG052
915CF,FB307RNB
915CF,VWB8B
SIMM180,SIMM200
SIMM180,SIMM220
SIMM180,SIMM230
SIMM180,SIMM190
SIMM180,SIMM240
SIMM180,EECT400
SIMM180,KRSC46HPBO
SIMM180,ECHDD012A
SIMM180,CTB8174
SIMM180,PH3050BR
PL305ACFG,SGD2BR
PL305ACFG,TMXK60
PL305ACFG,SRPCR3800
PL305ACFG,ATECH2FR125B
PL305ACFG,SPBS18AR
PL305ACFG,EECT400
PL305ACFG,KRSC46HPBO
PL305ACFG,ECHDD012A
PL305ACFG,CTB8174
PL305ACFG,PH3050BR
RXS605B,AWM110DK
RXS605B,311IMFSY
RXS605B,2005BSKA
RXS605B,OC5A
RXS605B,RXSM605B
RXS605B,SS5A
RXS605B,GA460B
RXS605B,BP40B
RXS605B,YA1050B
RXS605B,PGP50
PL330ACF,312CF
PL330ACF,911ACF
PL330ACF,BDGPL300HG
PL330ACF,PL803A
PL330ACF,HBBD56
PL330ACF,84CF
PL330ACF,SGDXL80BR
PL330ACF,PBMP703A
PL330ACF,KRSC46HPBO
PL330ACF,ECHDD012A
AWTXL8-T20,SPBS704AR
AWTXL8-T20,TMXK4
AWTXL8-T20,FX1
AWTXL8-T20,96ACF
AWTXL8-T20,SGD8BR
AWTXL8-T20,EECT400
AWTXL8-T20,KRSC46HPBO
AWTXL8-T20,ECHDD012A
AWTXL8-T20,CTB8174
AWTXL8-T20,PH3050BR
PKN13,SPBS8AR
PKN13,SPBS12AR
PKN13,FXK11
PKN13,SPBS704AR
PKN13,SPBS18AR
PKN13,EECT400
PKN13,KRSC46HPBO
PKN13,ECHDD012A
PKN13,CTB8174
PKN13,PH3050BR
SOEXM170,91ACP
SOEXM170,SOEXM170
SOEXM170,GSAF1F
SOEXM170,SOEXM120
SOEXM170,SOEXM150
SOEXM170,SOEXM140
SOEXM170,SOEXM100
SOEXM170,SOEXM130
SOEXM170,EECT400
SOEXM170,KRSC46HPBO
AWTXL8-T40,SIMM150A
AWTXL8-T40,SRPCR4700
AWTXL8-T40,GFAT1E
AWTXL8-T40,SIMM180
AWTXL8-T40,SGD4BR
AWTXL8-T40,EECT400
AWTXL8-T40,KRSC46HPBO
AWTXL8-T40,ECHDD012A
AWTXL8-T40,CTB8174
AWTXL8-T40,PH3050BR
IPL34C,IPL36C
IPL34C,IPL38C
IPL34C,IPL24C
IPL34C,IPL30C
IPL34C,IPL42C
IPL34C,EECT400
IPL34C,KRSC46HPBO
IPL34C,ECHDD012A
IPL34C,CTB8174
IPL34C,PH3050BR
PBN500,UTS105A
PBN500,SGDTX50BR
PBN500,OEXM270B
PBN500,AWCGT500
PBN500,QD3RN350A
PBN500,BOERM21
PBN500,TWM27
PBN500,PH3050BR
PBN500,AT4101
PBN500,CTS561BITSET
AWMCG1605B,SPBS8AR
AWMCG1605B,SIMM230
AWMCG1605B,FXK6
AWMCG1605B,FXK11
AWMCG1605B,FHLF80A
AWMCG1605B,EECT400
AWMCG1605B,KRSC46HPBO
AWMCG1605B,ECHDD012A
AWMCG1605B,CTB8174
AWMCG1605B,PH3050BR
AWMCG1606B,SGASA204CR
AWMCG1606B,TMXK60
AWMCG1606B,SGDP31IRBR
AWMCG1606B,FX1
AWMCG1606B,T72
AWMCG1606B,EECT400
AWMCG1606B,KRSC46HPBO
AWMCG1606B,ECHDD012A
AWMCG1606B,CTB8174
AWMCG1606B,PH3050BR
AWMEF6K,FMAS
AWMEF6K,OEX44B
AWMEF6K,YA9350B
AWMEF6K,AWTEF8K
AWMEF6K,AWEF9K
AWMEF6K,AWEF6K
AWMEF6K,GCP10
AWMEF6K,PT10C
AWMEF6K,JT13B
AWMEF6K,SOSG01BKCL01
AWMXL10-6,96ACF
AWMXL10-6,PPC816B
AWMXL10-6,ATECH3FR300B
AWMXL10-6,SGDP31IRBR
AWMXL10-6,A2A
AWMXL10-6,EECT400
AWMXL10-6,KRSC46HPBO
AWMXL10-6,ECHDD012A
AWMXL10-6,CTB8174
AWMXL10-6,PH3050BR
CTR867AK2,LSR1000EXT
CTR867AK2,CTS561BITSET
CTR867AK2,PTC250
CTR867AK2,CT9080K2
CTR867AK2,CT825DB
CTR867AK2,LSR2000
CTR867AK2,LSR1150
CTR867AK2,LSR1250
CTR867AK2,CTR861AK2
CTR867AK2,CTB8174
GLASS70BYEAR,SGDP42IRBR
GLASS70BYEAR,SGD4BR
GLASS70BYEAR,47ACF
GLASS70BYEAR,YA427B
GLASS70BYEAR,ECHDF042
GLASS70BYEAR,SDDDM1AR
GLASS70BYEAR,ECHDD012A
GLASS70BYEAR,EECT400
GLASS70BYEAR,SHD2R
GLASS70BYEAR,SHDP31IRR
GLOVE300BL,GLOVE309L
GLOVE300BL,GLOVEORIGPLUSL
GLOVE300BL,GLASS50R
GLOVE300BL,GLOVE1100L
GLOVE300BL,SOSG01BKCL01
GLOVE300BL,KACKMCFIBER1
GLOVE300BL,CTINF9010
GLOVE300BL,IND25HAT
GLOVE300BL,BCS70A
GLOVE300BL,CTSG861DB
206SFSUM,207IPSFM
206SFSUM,307IPLMY
206SFSUM,BLPEXTF388
206SFSUM,206FSUMA
206SFSUM,111TMUSMA
206SFSUM,206AFSA
206SFSUM,EECT400
206SFSUM,KRSC46HPBO
206SFSUM,ECHDD012A
206SFSUM,CTB8174
218AFSP,114ATMP
218AFSP,CSA12CR
218AFSP,TW401
218AFSP,PKNC200
218AFSP,10R
218AFSP,RULER602
218AFSP,FB316B
218AFSP,ECPNG032
218AFSP,AWSGM800A
218AFSP,TW381
SDMT20D,SDM252C
SDMT20D,TMC109A
SDMT20D,R404
SDMT20D,SDMT10D
SDMT20D,SDMT25D
SDMT20D,SDM251C
SDMT20D,KRSC46HPBO
SDMT20D,ECHDD012A
SDMT20D,CTB8174
SDMT20D,PH3050BR
LDH442,LDH422A
LDH442,LDH602
LDH442,LDH522
LDH442,LDH362
LDH442,LDH482
LDH442,LDH462
LDH442,LDH342
LDH442,LDH402
LDH442,KRSC46HPBO
LDH442,ECHDD012A
SOXRRM710A,OXIM710B
SOXRRM710A,TWM27
SOXRRM710A,SGDTX50BR
SOXRRM710A,SOXRR707A
SOXRRM710A,AWCGT500
SOXRRM710A,QD3RN350A
SOXRRM710A,208EFTAMXSY
SOXRRM710A,UTS105A
SOXRRM710A,PH3050BR
SOXRRM710A,PSO4625
EECT200,9000GS3O
EECT200,OEXM7B
EECT200,YA1175KIT
EECT200,310IMMYA
EECT200,QDTPMS
EECT200,OEXM9B
EECT200,OEXM8B
EECT200,YA2020
EECT200,309SIMYA
EECT200,EECT424HD
SXK11,SWM101A
SXK11,SWM251
SXK11,305ASX
SXK11,SXK5
SXK11,SXK3
SXK11,SX2
SXK11,SWM111A
SXK11,KRSC46HPBO
SXK11,ECHDD012A
SXK11,FB303B
KRSC2460PC7,ATECH3FR300B
KRSC2460PC7,SIMM180
KRSC2460PC7,SGD6BR
KRSC2460PC7,LP404
KRSC2460PC7,SPBS704AR
KRSC2460PC7,PL400B
KRSC2460PC7,SPBS8AR
KRSC2460PC7,SPBS12AR
KRSC2460PC7,SPBS18AR
KRSC2460PC7,47ACF
OXIM7B,PK50A
OXIM7B,TPM16
OXIM7B,BLPH124
OXIM7B,OXIM9B
OXIM7B,OXIM8B
OXIM7B,OXIM6B
OXIM7B,BLPT1255
OXIM7B,GA460B
OXIM7B,AT4135
OXIM7B,AT4124
HBBD16G,HBBD32
HBBD16G,HBBD8
HBBD16G,HBFE16
HBBD16G,PK52A
HBBD16G,2004BSKA
HBBD16G,PH3050BR
HBBD16G,DB121C
HBBD16G,AT4124
HBBD16G,MTTL300
HBBD16G,AT4135
STMM10,TMM10
STMM10,STMM8
STMM10,STMM7
STMM10,STMM12
STMM10,TMM8
STMM10,KRSC46HPBO
STMM10,ECHDD012A
STMM10,CTB8174
STMM10,PH3050BR
STMM10,FB303B
DS809K,VO806B
DS809K,BF620C
DS809K,AVSNP01160
DS809K,10R
DS809K,WTG8A
DS809K,KRSC46HPBO
DS809K,ECHDD012A
DS809K,CTB8174
DS809K,PH3050BR
DS809K,TPMB25EM
DB121C,14V
DB121C,BF775C-A
DB121C,VGP12412
DB121C,AT408
DB121C,VGP12808
DB121C,PK52A
DB121C,A159
DB121C,MTTL300
DB121C,AWS13
DB121C,AWMG9
TMC106E,TMC104E
TMC106E,TM82
TMC106E,TMP23E
TMC106E,TMC105E
TMC106E,TM65
TMC106E,EECT400
TMC106E,KRSC46HPBO
TMC106E,ECHDD012A
TMC106E,CTB8174
TMC106E,PH3050BR
FAM8E,FTX50E
FAM8E,FTX40E
FAM8E,FTX45E
FAM8E,FTX60E
FAM8E,212EFTAY
FAM8E,EECT400
FAM8E,KRSC46HPBO
FAM8E,ECHDD012A
FAM8E,CTB8174
FAM8E,PH3050BR
AWP120,13ELECTBP14KIT
AWP120,SGDP64IRBR
AWP120,TWM26
AWP120,ECF35
AWP120,SNA-TBP14
AWP120,AWM140DK
AWP120,UTK100
AWP120,RTEMPB7
AWP120,218AFP
AWP120,SRP3A
388ACF,196ACF
388ACF,HL138ACP
388ACF,908CF
388ACF,PKN90
388ACF,AWTR8
388ACF,AWMXL10
388ACF,VO806B
388ACF,ECHDD012A
388ACF,CTB8174
388ACF,PH3050BR
KRSC323PC,SDMT10D
KRSC323PC,SDMT20D
KRSC323PC,SOEX707
KRSC323PC,EEDM504F
KRSC323PC,PK500A
KRSC323PC,SEPPREMETA
KRSC323PC,SN15B
KRSC323PC,IM1PT
KRSC323PC,KRSC430APBO1
KRSC323PC,313TWYA
KRSC323PJJ,SDMT10D
KRSC323PJJ,SDMT20D
KRSC323PJJ,SOEX707
KRSC323PJJ,EEDM504F
KRSC323PJJ,PK500A
KRSC323PJJ,SEPPREMETA
KRSC323PJJ,SN15B
KRSC323PJJ,IM1PT
KRSC323PJJ,KRSC430APBO1
KRSC323PJJ,313TWYA
AWS13-7,91ACP
AWS13-7,47ACF
AWS13-7,SGASA204CR
AWS13-7,VS807B
AWS13-7,61CF
AWS13-7,SRPCR4700
AWS13-7,SRPCR3800
AWS13-7,SHD1R
AWS13-7,EECT400
AWS13-7,KRSC46HPBO
91ACPO,47ACF
91ACPO,PL1000START
91ACPO,9100GSM
91ACPO,96ACF
91ACPO,AWM110DHK
91ACPO,317MSPC
91ACPO,FA12LE
91ACPO,PGP50
91ACPO,FB360C
91ACPO,ACT83A
1650,SW421
1650,SWM251
1650,AC58E
1650,650
1650,2050
1650,1250
1650,AC5C
1650,ACT83A
1650,KRA2007FPBO
1650,OC5A
SWM281,SWM201
SWM281,SWM221
SWM281,SWM231
SWM281,SWM291
SWM281,SWM301
SWM281,SWM261
SWM281,SWM271
SWM281,SWM251
SWM281,KRSC46HPBO
SWM281,ECHDD012A
GLOVE309M,GLOVEORIGPLUSL
GLOVE309M,GLOVE300BL
GLOVE309M,YA427B
GLOVE309M,GLOVE900LR
GLOVE309M,GLASS50R
GLOVE309M,L872RJ
GLOVE309M,BF620C
GLOVE309M,TECH3FR250
GLOVE309M,SN15B
GLOVE309M,L62
MG1250G,ATECH4RS600
MG1250G,L872RJ
MG1250G,429IM
MG1250G,425IMM
MG1250G,L62
MG1250G,L8112A
MG1250G,L122
MG1250G,L872RM
MG1250G,PWZ5
MG1250G,ACT51234A
TPM16EM,TPMB25ORG
TPM16EM,OXIM7B
TPM16EM,9100AGMO
TPM16EM,AWM110DHK
TPM16EM,AC5C
TPM16EM,2004BSKA
TPM16EM,KRA2007FPBO
TPM16EM,FB360C
TPM16EM,PK53A
TPM16EM,FB316B
AT411A,AYESCRD
AT411A,GLASS30R
AT411A,HBFE16
AT411A,BF775C-A
AT411A,JT17A
AT411A,A159
AT411A,OEXM707B
AT411A,A161B
AT411A,FSS141
AT411A,FSS121
BB71171,FXK3
BB71171,T72
BB71171,SHD1R
BB71171,TMU8B
BB71171,96ACF
BB71171,SPBS18AR
BB71171,SIMM220
BB71171,PL400B
BB71171,TMXK60
BB71171,TMXK4
S9724RHS,SGA174BR
S9724RHS,S9711KA
S9724RHS,OEXM320B
S9724RHS,AD6C
S9724RHS,SWM301
S9724RHS,SWM261
S9724RHS,ECHDD012A
S9724RHS,CTB8174
S9724RHS,PH3050BR
S9724RHS,TDG1
808CF,908CF
808CF,SGDMRC11A
808CF,AOGMHC
808CF,PKN9
808CF,SGDE220ESD
808CF,SGDE230ESD
808CF,EECT400
808CF,KRSC46HPBO
808CF,ECHDD012A
808CF,CTB8174
EEBC30A12V,ECUHD218
EEBC30A12V,YA1175KIT
EEBC30A12V,204FXKLA
EEBC30A12V,RADKITULTRA
EEBC30A12V,EEJP201MBKA-NA
EEBC30A12V,EEBM600
EEBC30A12V,CTINF9010
EEBC30A12V,SVTSRAD272U
EEBC30A12V,103TMXKLA
EEBC30A12V,VSC4KT
AWTR8-5,SPBS8AR
AWTR8-5,SGDX80BR
AWTR8-5,TMXK60
AWTR8-5,SGDP42IRBR
AWTR8-5,SPBS704AR
AWTR8-5,EECT400
AWTR8-5,KRSC46HPBO
AWTR8-5,ECHDD012A
AWTR8-5,CTB8174
AWTR8-5,PH3050BR
RULER600,FB360C
RULER600,AW1015DHK
RULER600,AW1013DK
RULER600,107ATMPB
RULER600,US712
RULER600,PKRS1
RULER600,PTIM5
RULER600,MTTL310
RULER600,AWM140DK
RULER600,OEX080B
KRA4810FPCM,SIM180A
KRA4810FPCM,SIM220
KRA4810FPCM,SIM200
KRA4810FPCM,KRA4107FPBO
KRA4810FPCM,KRA4813FPBO
KRA4810FPCM,RXFS605B
KRA4810FPCM,SGA1710BR
KRA4810FPCM,SIM340
KRA4810FPCM,SIM380
KRA4810FPCM,SIM360
KRA4810FPJK,SIM180A
KRA4810FPJK,SIM220
KRA4810FPJK,SIM200
KRA4810FPJK,KRA4107FPBO
KRA4810FPJK,KRA4813FPBO
KRA4810FPJK,RXFS605B
KRA4810FPJK,SGA1710BR
KRA4810FPJK,SIM340
KRA4810FPJK,SIM380
KRA4810FPJK,SIM360
KRA4810FPOT,SIM180A
KRA4810FPOT,SIM220
KRA4810FPOT,SIM200
KRA4810FPOT,KRA4107FPBO
KRA4810FPOT,KRA4813FPBO
KRA4810FPOT,RXFS605B
KRA4810FPOT,SGA1710BR
KRA4810FPOT,SIM340
KRA4810FPOT,SIM380
KRA4810FPOT,SIM360
CDR4P44L3DB,FHLF80A
CDR4P44L3DB,ATECH3FR300B
CDR4P44L3DB,SIMM150A
CDR4P44L3DB,47ACF
CDR4P44L3DB,A2A
CDR4P44L3DB,SIMM190
CDR4P44L3DB,SPBS12AR
CDR4P44L3DB,FXK11
CDR4P44L3DB,SGD8BR
CDR4P44L3DB,FXK6
AWTPEF10K,TMXK4
AWTPEF10K,FXK6
AWTPEF10K,PL400B
AWTPEF10K,SPBS8AR
AWTPEF10K,91ACP
AWTPEF10K,EECT400
AWTPEF10K,KRSC46HPBO
AWTPEF10K,ECHDD012A
AWTPEF10K,CTB8174
AWTPEF10K,PH3050BR
KRA2406BPWZ,313TWYA
KRA2406BPWZ,TW121A
KRA2406BPWZ,TW201
KRA2406BPWZ,TW221
KRA2406BPWZ,TW161A
KRA2406BPWZ,TW261
KRA2406BPWZ,TW181A
KRA2406BPWZ,TW361
KRA2406BPWZ,TW321
KRA2406BPWZ,TW141A
SN25A,SRP3B
SN25A,OEXM9B
SN25A,OFW3
SN25A,SWM111A
SN25A,SWM101A
SN25A,BLPHS1414
SN25A,ACT1370
SN25A,FB303B
SN25A,ECHDD012A
SN25A,CTB8174
AWS13-11,SGASA204CR
AWS13-11,PPC103A
AWS13-11,SGDP42IRBR
AWS13-11,SGD4BR
AWS13-11,PL400B
AWS13-11,EECT400
AWS13-11,KRSC46HPBO
AWS13-11,ECHDD012A
AWS13-11,CTB8174
AWS13-11,PH3050BR
WELDIGNPHNTM,SRPCR4700
WELDIGNPHNTM,PL400B
WELDIGNPHNTM,SRPCR3800
WELDIGNPHNTM,FXK3
WELDIGNPHNTM,TMXK4
WELDIGNPHNTM,SGD2BR
WELDIGNPHNTM,SHD1R
WELDIGNPHNTM,SGD6BR
WELDIGNPHNTM,A2A
WELDIGNPHNTM,SIMM150A
PTC250,PTGR100
PTC250,PTGR110
PTC250,PSO4625
PTC250,PDR3000A
PTC250,PDR5000A
PTC250,VGP12406
PTC250,VGP22412
PTC250,VGP12808
PTC250,VGP22418
PTC250,PHG1055BK
IPLM16C,IPLM13C
IPLM16C,IPLM18C
IPLM16C,IPLM12C
IPLM16C,IPLM22C
IPLM16C,IPLM14C
IPLM16C,EECT400
IPLM16C,KRSC46HPBO
IPLM16C,ECHDD012A
IPLM16C,CTB8174
IPLM16C,PH3050BR
AWT100KA,313TSYA
AWT100KA,OEX714KB
AWT100KA,313TSMYA
AWT100KA,AW1013DK
AWT100KA,AWM110DK
AWT100KA,S6110A
AWT100KA,B1461
AWT100KA,212SFMY
AWT100KA,EECT400
AWT100KA,KRSC46HPBO
TWM32,TWM26
TWM32,TWM25
TWM32,TW441
TWM32,TWM30
TWM32,TWM28
TWM32,TWM29
TWM32,TWM31
TWM32,ECHDD012A
TWM32,CTB8174
TWM32,PH3050BR
OEXM8B,OEXM9B
OEXM8B,OEXM7B
OEXM8B,OEXM6B
OEXM8B,SIMM340
OEXM8B,FB303B
OEXM8B,OXIM8B
OEXM8B,PH3050BR
OEXM8B,AT425R
OEXM8B,ACT83A
OEXM8B,VWB5B
PG160,A50A
PG160,313SMYA
PG160,BHS13A
PG160,TR107A
PG160,PK53A
PG160,EFPHANNIBALB
PG160,BP8B
PG160,TWM26
PG160,FB302A
PG160,TWM25
S281,VO2224B
S281,313SYA
S281,ATKIFL
S281,S321
S281,S261
S281,XS2024A
S281,XS1416A
S281,EECT400
S281,KRSC46HPBO
S281,ECHDD012A
IM180A,IM240
IM180A,IM260
IM180A,IM300
IM180A,IM200
IM180A,IM160A
IM180A,IM140A
IM180A,KRSC46HPBO
IM180A,ECHDD012A
IM180A,CTB8174
IM180A,PH3050BR
211SFY,211FY
211SFY,110STMDY
211SFY,AYESHDA
211SFY,107ATMPB
211SFY,AWEF6K
211SFY,TWM31
211SFY,KRSC46HPBO
211SFY,ECHDD012A
211SFY,CTB8174
211SFY,PH3050BR
SHDP42IRO,SHDP63IRR
SHDP42IRO,SHD1R
SHDP42IRO,AOGMHC
SHDP42IRO,SHD4R
SHDP42IRO,SHDP31IRR
SHDP42IRO,SHD2R
SHDP42IRO,SHD6R
SHDP42IRO,ECHDD012A
SHDP42IRO,CTB8174
SHDP42IRO,PH3050BR
SF101,SF141
SF101,SF201
SF101,SF221
SF101,SF121
SF101,SF161
SF101,SF181
SF101,EECT400
SF101,KRSC46HPBO
SF101,ECHDD012A
SF101,CTB8174
ECHDF042G,JCK7DBL
ECHDF042G,ECHDD012A
ECHDF042G,TDG2
ECHDF042G,ECPNI032R
ECHDF042G,ECPNJ032
ECHDF042G,PBFT50R
ECHDF042G,GLOVE300BL
ECHDF042G,ECPNH012
ECHDF042G,UIM2RSLT
ECHDF042G,ECARL032R
208EPIT,EEPV503
208EPIT,S9711KA
208EPIT,TWM32
208EPIT,E1020
208EPIT,RTEMPB7
208EPIT,TWM30
208EPIT,TW441
208EPIT,MTTL300
208EPIT,GA3634A
208EPIT,CAL6EA
KRA2422PDG,TM84
KRA2422PDG,VO2224B
KRA2422PDG,VO2628B
KRA2422PDG,KWSN2455AST
KRA2422PDG,KRWT2411
KRA2422PDG,KWSP2455ABL
KRA2422PDG,KWSN2455ABL
KRA2422PDG,KWSP2455AST
KRA2422PDG,PG160
KRA2422PDG,EFPHANNIBALB
SHDX60G,222AFSMP
SHDX60G,SOEX707
SHDX60G,SHDP63IRR
SHDX60G,414AHD
SHDX60G,PKNC150
SHDX60G,UPTM65K
SHDX60G,KRSC46HPBO
SHDX60G,ECHDD012A
SHDX60G,CTB8174
SHDX60G,PH3050BR
SPBS704AO,SEPPREMETA
SPBS704AO,SPBS8AR
SPBS704AO,SPBS12AR
SPBS704AO,317AMMPC
SPBS704AO,UIM225
SPBS704AO,PK23A
SPBS704AO,UPT35
SPBS704AO,BTC7B
SPBS704AO,KRSC46HPBO
SPBS704AO,ECHDD012A
CTS861MGDB,SIMM210
CTS861MGDB,A2A
CTS861MGDB,SPBS12AR
CTS861MGDB,T72
CTS861MGDB,FXK6
CTS861MGDB,FX1
CTS861MGDB,ATECH2FR125B
CTS861MGDB,SIMM230
CTS861MGDB,SGDX80BR
CTS861MGDB,47ACF
210FCOMA,211FCOA
210FCOMA,A277
210FCOMA,210FRHMA
210FCOMA,OXKRM705
210FCOMA,314SCOA
210FCOMA,BFCR708A
210FCOMA,ACT413A
210FCOMA,SVTA9100
210FCOMA,JCW62R
210FCOMA,FB303B
CTPP861DB,SPBS18AR
CTPP861DB,SPBS8AR
CTPP861DB,SIMM220
CTPP861DB,SGD6BR
CTPP861DB,GFAT1E
CTPP861DB,SGD2BR
CTPP861DB,PL400B
CTPP861DB,47ACF
CTPP861DB,SGDP31IRBR
CTPP861DB,FX1
AWT40A,SGD2BR
AWT40A,SRPCR4700
AWT40A,FX1
AWT40A,SIMM190
AWT40A,SGASA204CR
AWT40A,EECT400
AWT40A,KRSC46HPBO
AWT40A,ECHDD012A
AWT40A,CTB8174
AWT40A,PH3050BR
YA4280,SEPABODYADD
YA4280,SEPUAUTOBODYA
YA4280,JT13B
YA4280,YA109C
YA4280,VGP22418
YA4280,GA243
YA4280,BLP15HVLP
YA4280,PK50A
YA4280,A159
YA4280,A179A
TECH2FR100,ATECH3FR250B
TECH2FR100,211FSSY
TECH2FR100,AWMCG1600B
TECH2FR100,TECH3FR250
TECH2FR100,TECH1FR240
TECH2FR100,QD1R50A
TECH2FR100,QD3250A
TECH2FR100,YA1050B
TECH2FR100,PTC250
TECH2FR100,SVTS272A
AT351,SPBS12AR
AT351,SGD4BR
AT351,PL400B
AT351,F80
AT351,47ACF
AT351,FXK11
AT351,T72
AT351,SPBS704AR
AT351,SGDX80BR
AT351,SIMM200
MAGMATG,ASTFUN19KIT
MAGMATG,PLRK21
MAGMATG,PTM2
MAGMATG,MAGDISH
MAGMATG,MAGMINI
MAGMATG,MAGSTRIP
MAGMATG,MAGMICRO
MAGMATG,MAGTRAY
MAGMATG,KASS13
MAGMATG,MRB12B
PPB1001A,DS806AK
PPB1001A,PPC20LB
PPB1001A,SRP3A
PPB1001A,YA2020
PPB1001A,YA2019
PPB1001A,ACT413A
PPB1001A,ACT83A
PPB1001A,RULER602
PPB1001A,OC5A
PPB1001A,PGP120
SG7ASABR,SGASA104BR
SG7ASABR,SR80A
SG7ASABR,SGHBF500A
SG7ASABR,SG4ASABR
SG7ASABR,SG4ASHBR
SG7ASABR,SG5ASABR
SG7ASABR,PPK15
SG7ASABR,SGDXL80BR
SG7ASABR,KAERNADD6RD
SG7ASABR,KRSC46HPBO
SGRHT6BR,BDGPL300HG
SGRHT6BR,HCP10
SGRHT6BR,SGA1711BR
SGRHT6BR,SHP2KT
SGRHT6BR,SHCP1B
SGRHT6BR,SGA102BR
SGRHT6BR,CTB8174
SGRHT6BR,SVTS264
SGRHT6BR,PH3050BR
SGRHT6BR,RADKITULTRA
SF121,SF221
SF121,SF241
SF121,SF201
SF121,SF181
SF121,SF141
SF121,SF161
SF121,SF281
SF121,EECT400
SF121,KRSC46HPBO
SF121,ECHDD012A
S9711KA,206ESSPKPLG2
S9711KA,AWEFBH9K
S9711KA,TW461
S9711KA,TWM30
S9711KA,TWM32
S9711KA,EEPV503
S9711KA,S9724RHS
S9711KA,SS5A
S9711KA,MTTL310
S9711KA,TFM7530B
TMBS8A,TMU81B
TMBS8A,TMA4E
TMBS8A,TMU101A
TMBS8A,SDMT25D
TMBS8A,SGDEP20ESD
TMBS8A,KRSC46HPBO
TMBS8A,ECHDD012A
TMBS8A,CTB8174
TMBS8A,PH3050BR
TMBS8A,DBH7B
STMD11,STMD16
STMD11,STMD12
STMD11,STMD10
STMD11,STMD9
STMD11,STMD7
STMD11,STMD6
STMD11,KRSC46HPBO
STMD11,ECHDD012A
STMD11,CTB8174
STMD11,PH3050BR
FHLX80BO,FHOF80A
FHLX80BO,FHR80
FHLX80BO,THLL72
FHLX80BO,THLX72
FHLX80BO,THRLX72
FHLX80BO,SHX80B
FHLX80BO,THLLF72
FHLX80BO,SHLX80A
FHLX80BO,ECHDD012A
FHLX80BO,CTB8174
SGD4120BR,SGDXL80BR
SGD4120BR,PTM30
SGD4120BR,PPC210BK
SGD4120BR,SGDP162BR
SGD4120BR,PT10C
SGD4120BR,SGDXXL20BR
SGD4120BR,SGDX40BR
SGD4120BR,SGDTX90BR
SGD4120BR,KRSC46HPBO
SGD4120BR,ECHDD012A
PPC103A,PPC3A
PPC103A,PPC816B
PPC103A,PPC4A
PPC103A,PPC206A
PPC103A,PPC820B
PPC103A,PPC205A
PPC103A,ECHDD012A
PPC103A,CTB8174
PPC103A,PH3050BR
PPC103A,MTTL300
SFSM19,SFSM15
SFSM19,STMM5.5
SFSM19,SFSM13
SFSM19,SFSM17
SFSM19,SFSM18
SFSM19,SFSM16
SFSM19,SFSM11
SFSM19,EECT400
SFSM19,KRSC46HPBO
SFSM19,ECHDD012A
110TMSY,112TMMSY
110TMSY,TMMS5
110TMSY,TMMS9
110TMSY,211FSSY
110TMSY,FSS141
110TMSY,FSS121
110TMSY,FSS181
110TMSY,KRSC46HPBO
110TMSY,ECHDD012A
110TMSY,CTB8174
AWSGT30A,SRPCR3800
AWSGT30A,SIMM170
AWSGT30A,SGD2BR
AWSGT30A,GFAT1E
AWSGT30A,PPC816B
AWSGT30A,EECT400
AWSGT30A,KRSC46HPBO
AWSGT30A,ECHDD012A
AWSGT30A,CTB8174
AWSGT30A,PH3050BR
AWBCG1612,AWBCG1608
AWBCG1612,AWBCG1610
AWBCG1612,FXK6
AWBCG1612,SGD2BR
AWBCG1612,FU8A
AWBCG1612,EECT400
AWBCG1612,KRSC46HPBO
AWBCG1612,ECHDD012A
AWBCG1612,CTB8174
AWBCG1612,PH3050BR
SHLF80AG,SHN36
SHLF80AG,312IMMS
SHLF80AG,SH80A
SHLF80AG,THLF72
SHLF80AG,FHLLF80
SHLF80AG,FHLF80A
SHLF80AG,THLLF72
SHLF80AG,FHBF80A
SHLF80AG,KRSC46HPBO
SHLF80AG,ECHDD012A
S6112,S6111
S6112,BCT1050
S6112,B240B
S6112,S8184
S6112,B1458C
S6112,B1467A
S6112,GA3634A
S6112,PGP50
S6112,CAL6EBR
S6112,GA460B
AWL14D,SGASA204CR
AWL14D,PL400B
AWL14D,FX1
AWL14D,91ACP
AWL14D,SRPCR3800
AWL14D,EECT400
AWL14D,KRSC46HPBO
AWL14D,ECHDD012A
AWL14D,CTB8174
AWL14D,PH3050BR
CAL6DA,MTEE6
CAL6DA,PPC905B
CAL6DA,WTG10A
CAL6DA,GA1D
CAL6DA,AWL1010DK
CAL6DA,TWM31
CAL6DA,TWM29
CAL6DA,1210B
CAL6DA,AD6C
CAL6DA,TWM28
ATECH3FR250B,TECH2FR100
ATECH3FR250B,SEPPREMETA
ATECH3FR250B,FADH12C
ATECH3FR250B,PK23A
ATECH3FR250B,207EFAMY
ATECH3FR250B,PRH57A
ATECH3FR250B,S9704KA
ATECH3FR250B,EECT400
ATECH3FR250B,KRSC46HPBO
ATECH3FR250B,ECHDD012A
OEXLM710B,OEXL707B
OEXLM710B,XBM605A
OEXLM710B,210FRHMA
OEXLM710B,SR80A
OEXLM710B,XOM605
OEXLM710B,KRSC46HPBO
OEXLM710B,ECHDD012A
OEXLM710B,CTB8174
OEXLM710B,PH3050BR
OEXLM710B,MTIND683A
TPMB25EM,13ELECTBP14KIT
TPMB25EM,9100AGMO
TPMB25EM,SEPPROCORE1A
TPMB25EM,SEPPROCORE2A
TPMB25EM,ECF35
TPMB25EM,TPM16
TPMB25EM,SNA-TBP14
TPMB25EM,AWM110DHK
TPMB25EM,AWTEF8K
TPMB25EM,AC5C
TF72,9000GS3O
TF72,310IMMYA
TF72,OEXM300B
TF72,FF80A
TF72,SF80A
TF72,FLF80A
TF72,TLLF72
TF72,FCF72
TF72,TPGIF1600A
TF72,ECHDD012A
KRSC326FPBO,9100AGMO
KRSC326FPBO,TPM16EM
KRSC326FPBO,AWM110DK
KRSC326FPBO,9100GSM
KRSC326FPBO,FA12LE
KRSC326FPBO,FRX181
KRSC326FPBO,GF22
KRSC326FPBO,KAC1224TCA
KRSC326FPBO,HD6529
KRSC326FPBO,TW481
SXK5,SWM111A
SXK5,SWM101A
SXK5,TWM17
SXK5,SXK11
SXK5,SXK3
SXK5,SX2
SXK5,KRSC46HPBO
SXK5,ECHDD012A
SXK5,CTB8174
SXK5,FB303B
SGA1711BR,SGRHT6BR
SGA1711BR,SHP2KT
SGA1711BR,SHCP1B
SGA1711BR,SGA1712BR
SGA1711BR,SGA1710BR
SGA1711BR,SGA175BR
SGA1711BR,SGA173BR
SGA1711BR,SGA174BR
SGA1711BR,CTB8174
SGA1711BR,PH3050BR
THLLF72G,BLPHEXS1418
THLLF72G,FHLL80
THLLF72G,TKF72
THLLF72G,FHLLF80
THLLF72G,THLL72
THLLF72G,FHLX80B
THLLF72G,SHLX80A
THLLF72G,FHOF80A
THLLF72G,EECT400
THLLF72G,KRSC46HPBO
SGTT2B,SGTT110B
SGTT2B,SGTT5B
SGTT2B,SGTT7B
SGTT2B,SGTT9B
SGTT2B,SGTT1B
SGTT2B,SGTT8B
SGTT2B,SGTT10B
SGTT2B,SGTT3B
SGTT2B,YA1175KIT
SGTT2B,YAKS42
SGTT7B,SGTT110B
SGTT7B,SGTT5B
SGTT7B,SGTT10B
SGTT7B,SGTT8B
SGTT7B,SGTT9B
SGTT7B,SGTT1B
SGTT7B,SGTT2B
SGTT7B,SGTT3B
SGTT7B,YA1175KIT
SGTT7B,YAKS42
YA4190DIS,YA4190DIS
YA4190DIS,YA4190A
YA4190DIS,SGTT3B
YA4190DIS,PBFT50R
YA4190DIS,IM1PT
YA4190DIS,CTB8174
YA4190DIS,PTGR100
YA4190DIS,CTNN13KF
YA4190DIS,SGTT110B
YA4190DIS,SGTT8B
EEFI500ACORE,TMU8B
EEFI500ACORE,TMXK4
EEFI500ACORE,F80
EEFI500ACORE,ATECH3FR300B
EEFI500ACORE,SIMM170
EEFI500ACORE,T72
EEFI500ACORE,SRPCR3800
EEFI500ACORE,SIMM200
EEFI500ACORE,SGASA204CR
EEFI500ACORE,SPBS18AR
IPL40C,IPL36C
IPL40C,IPL24C
IPL40C,IPL30C
IPL40C,IPL42C
IPL40C,IPL38C
IPL40C,IPL34C
IPL40C,EECT400
IPL40C,KRSC46HPBO
IPL40C,ECHDD012A
IPL40C,CTB8174
AW2D,FXK3
AW2D,SIMM220
AW2D,SIMM200
AW2D,PL400B
AW2D,SIMM150A
AW2D,EECT400
AW2D,KRSC46HPBO
AW2D,ECHDD012A
AW2D,CTB8174
AW2D,PH3050BR
AW3-1/2D,SGD8BR
AW3-1/2D,SPBS18AR
AW3-1/2D,BLPTHC87
AW3-1/2D,SIMM170
AW3-1/2D,SGASA204CR
AW3-1/2D,EECT400
AW3-1/2D,KRSC46HPBO
AW3-1/2D,ECHDD012A
AW3-1/2D,CTB8174
AW3-1/2D,PH3050BR
AWMEF10K,FXK8
AWMEF10K,LN47ACF
AWMEF10K,FXK3
AWMEF10K,AWEF11K
AWMEF10K,SSDMR4BR
AWMEF10K,F4LB
AWMEF10K,SGDMRC44B
AWMEF10K,LN46ACF
AWMEF10K,EECT400
AWMEF10K,KRSC46HPBO
AWM110DK,AW1015DK
AWM110DK,RXS605B
AWM110DK,9100GSM
AWM110DK,OC5A
AWM110DK,TPM16EM
AWM110DK,FA12LE
AWM110DK,GF22
AWM110DK,FRX181
AWM110DK,ECHDD012A
AWM110DK,CTB8174
AWMCG1604B,FHLF80A
AWMCG1604B,TMXK2
AWMCG1604B,F80
AWMCG1604B,91ACP
AWMCG1604B,47ACF
AWMCG1604B,EECT400
AWMCG1604B,KRSC46HPBO
AWMCG1604B,ECHDD012A
AWMCG1604B,CTB8174
AWMCG1604B,PH3050BR
AWMXL10-4,BLPTHC87
AWMXL10-4,F80
AWMXL10-4,A2A
AWMXL10-4,TMU8B
AWMXL10-4,SRPCR3800
AWMXL10-4,EECT400
AWMXL10-4,KRSC46HPBO
AWMXL10-4,ECHDD012A
AWMXL10-4,CTB8174
AWMXL10-4,PH3050BR
BLP14HVLP,SHD2R
BLP14HVLP,SHD6R
BLP14HVLP,SHDP31IRR
BLP14HVLP,BLP18HVLP
BLP14HVLP,BLP13HVLP
BLP14HVLP,BF555
BLP14HVLP,PSO4625
BLP14HVLP,AT109
BLP14HVLP,UTS105A
BLP14HVLP,PBN500
CT9038DB,TMXK2
CT9038DB,FXK11
CT9038DB,SIMM190
CT9038DB,BLPTHC87
CT9038DB,TMXK60
CT9038DB,SPBS704AR
CT9038DB,ATECH2FR125B
CT9038DB,SIMM170
CT9038DB,47ACF
CT9038DB,SGDP31IRBR
CTINF9010,CT9080K2
CTINF9010,GLOVE300BL
CTINF9010,FZ7A
CTINF9010,CTB185
CTINF9010,CTC131A
CTINF9010,CTB8187
CTINF9010,CTSG861DB
CTINF9010,EEJP201MBKA-NA
CTINF9010,EECS150
CTINF9010,JCW62R
AWL3D,FU8A
AWL3D,SIMM190
AWL3D,SPBS8AR
AWL3D,T72
AWL3D,SIMM150A
AWL3D,EECT400
AWL3D,KRSC46HPBO
AWL3D,ECHDD012A
AWL3D,CTB8174
AWL3D,PH3050BR
TMA4.5E,ATKIFL
TMA4.5E,AOGMHC
TMA4.5E,TMA4E
TMA4.5E,TMA7E
TMA4.5E,TMA5E
TMA4.5E,XS2024A
TMA4.5E,TMA8E
TMA4.5E,TMA6E
TMA4.5E,EECT400
TMA4.5E,KRSC46HPBO
CSSD50G,CSA12CR
CSSD50G,PKN500
CSSD50G,SGAS102BR
CSSD50G,CSSD1R
CSSD50G,CSA14CR
CSSD50G,PKNC300
CSSD50G,AWPBX10
CSSD50G,PH3050BR
CSSD50G,FB336
CSSD50G,RADKITULTRA
CTR869GDB,SGDX80BR
CTR869GDB,PPC4A
CTR869GDB,SPBS12AR
CTR869GDB,SRPCR4700
CTR869GDB,SGD8BR
CTR869GDB,TMXK60
CTR869GDB,96ACF
CTR869GDB,SGASA204CR
CTR869GDB,SGD6BR
CTR869GDB,SHD1R
CTS561BITSET,DBTB121
CTS561BITSET,TESLASTUKIT
CTS561BITSET,BTK5
CTS561BITSET,PTB32K
CTS561BITSET,TMM16
CTS561BITSET,BOERM22
CTS561BITSET,BOERM21
CTS561BITSET,131TMPB
CTS561BITSET,PPCL60BK
CTS561BITSET,STMM4
SPBS8AR,UPTM65K
SPBS8AR,SOEX40
SPBS8AR,AWP160
SPBS8AR,SPBS12AR
SPBS8AR,SOEX38
SPBS8AR,PKNC150
SPBS8AR,SPBS18AR
SPBS8AR,EECT400
SPBS8AR,KRSC46HPBO
SPBS8AR,ECHDD012A
THLX72,112SIMTMM
THLX72,SH80A
THLX72,THLLF72
THLX72,SHX80B
THLX72,FHLX80B
THLX72,THLL72
THLX72,FHOF80A
THLX72,SHLX80A
THLX72,EECT400
THLX72,KRSC46HPBO
THNF72,SH80A
THNF72,103TMXKLA
THNF72,THLL72
THNF72,340SSDP
THNF72,10SSD
THNF72,AWM110DHK
THNF72,FH80MP
THNF72,ECHDD012A
THNF72,PGP120
THNF72,CTB8174
S3624,LSRM2000
S3624,S3625
S3624,S9704KA
S3624,A106
S3624,A127
S3624,GAX36
S3624,PH3050BR
S3624,BTG8
S3624,MRB10B
S3624,KRSC326FPBO
SGDMRC103A,OEX707B
SGDMRC103A,SGDMRC4A
SGDMRC103A,WTG8A
SGDMRC103A,SGDMRC11A
SGDMRC103A,BLPBTWSET
SGDMRC103A,BTWSMPK
SGDMRC103A,WTG10A
SGDMRC103A,KRSC46HPBO
SGDMRC103A,ECHDD012A
SGDMRC103A,CTB8174
SOEX26,SOEX32
SOEX26,PKNC150
SOEX26,414AHD
SOEX26,SOEX28
SOEX26,SOEX36
SOEX26,SOEX30
SOEX26,SOEX38
SOEX26,EECT400
SOEX26,KRSC46HPBO
SOEX26,ECHDD012A
TMM10,STMM10
TMM10,TMM8
TMM10,STMM7
TMM10,TMM12
TMM10,STMM12
TMM10,EECT400
TMM10,KRSC46HPBO
TMM10,ECHDD012A
TMM10,CTB8174
TMM10,PH3050BR
SHDP63IRR,SHDX60R
SHDP63IRR,LDH362
SHDP63IRR,LDH342
SHDP63IRR,SHD6R
SHDP63IRR,SHDP42IRR
SHDP63IRR,SHDP31IRR
SHDP63IRR,SHD2R
SHDP63IRR,SHD4R
SHDP63IRR,PG160
SHDP63IRR,CTB8174
FADH8C,FADH704C
FADH8C,FADH704CG
FADH8C,FADH704CO
FADH8C,FADH6C
FADH8C,FADH10C
FADH8C,FADH12C
FADH8C,PKNC300
FADH8C,AWSG800A
FADH8C,EECT400
FADH8C,KRSC46HPBO
TWM28,TWM30
TWM28,TWM32
TWM28,TWM25
TWM28,TWM29
TWM28,TWM26
TWM28,TWM31
TWM28,KRSC46HPBO
TWM28,ECHDD012A
TWM28,CTB8174
TWM28,PH3050BR
CTC772A,305TSKTA
CTC772A,SVTS272A
CTC772A,LSR1250
CTC772A,CTB8174
CTC772A,CTSG861DB
CTC772A,CTDFL861
CTC772A,CT825DB
CTC772A,BDGPL300HG
CTC772A,ECARL032R
CTC772A,GMB3042
IMM210,IMM190
IMM210,IMM170A
IMM210,IMM180
IMM210,IMM220
IMM210,IMM200
IMM210,IMM230
IMM210,IMM240
IMM210,EECT400
IMM210,KRSC46HPBO
IMM210,ECHDD012A
TWM19,TWM24
TWM19,TWM22
TWM19,310TWMYA
TWM19,TWM17
TWM19,TWM18
TWM19,TWM21
TWM19,TWM23
TWM19,EECT400
TWM19,KRSC46HPBO
TWM19,ECHDD012A
TWM24,TWM17
TWM24,TWM26
TWM24,TWM19
TWM24,TWM22
TWM24,TWM20
TWM24,TWM23
TWM24,TWM21
TWM24,TWM18
TWM24,EECT400
TWM24,KRSC46HPBO
MS6A,TMXK4
MS6A,SGASA204CR
MS6A,FU8A
MS6A,FXK6
MS6A,91ACP
MS6A,EECT400
MS6A,KRSC46HPBO
MS6A,ECHDD012A
MS6A,CTB8174
MS6A,PH3050BR
EFPBLACKICE,47ACF
EFPBLACKICE,FHLF80A
EFPBLACKICE,SGD2BR
EFPBLACKICE,SPBS8AR
EFPBLACKICE,ATECH2FR125B
EFPBLACKICE,SIMM170
EFPBLACKICE,SPBS12AR
EFPBLACKICE,SRPCR4700
EFPBLACKICE,SPBS704AR
EFPBLACKICE,T72
PWCS7ACFG,PL1000START
PWCS7ACFG,PL5ESWIRESTRIP
PWCS7ACFG,SEPPREMETA
PWCS7ACFG,PK52A
PWCS7ACFG,AWM110DHK
PWCS7ACFG,AC5C
PWCS7ACFG,TPM16
PWCS7ACFG,786CF
PWCS7ACFG,2004BSKA
PWCS7ACFG,FB360C
SIM360,SIM320
SIM360,IM320
SIM360,IM260
SIM360,SIM400
SIM360,SIM340
SIM360,SIM380
SIM360,KRSC46HPBO
SIM360,ECHDD012A
SIM360,CTB8174
SIM360,PH3050BR
SWM121A,SWM141A
SWM121A,SWM171
SWM121A,SWM241
SWM121A,SWM221
SWM121A,SWM201
SWM121A,KRSC46HPBO
SWM121A,ECHDD012A
SWM121A,CTB8174
SWM121A,PH3050BR
SWM121A,FB303B
TMM6,STMM6
TMM6,TMM14
TMM6,STMM14
TMM6,TMM9
TMM6,TMM11
TMM6,TMM13
TMM6,TMM12
TMM6,EECT400
TMM6,KRSC46HPBO
TMM6,ECHDD012A
PBMP16A,HBBT16
PBMP16A,650
PBMP16A,PBS704
PBMP16A,PBMP8A
PBMP16A,PBMP12A
PBMP16A,PHP1A
PBMP16A,HBBD56
PBMP16A,CSSD1R
PBMP16A,KRSC46HPBO
PBMP16A,A277
PBMS5O,PBMB5R
PBMS5O,PBMMA5R
PBMS5O,PBMMA5
PBMS5O,PBMB5O
PBMS5O,PBMA5R
PBMS5O,PBMA5
PBMS5O,PBMA5G
PBMS5O,KRSC46HPBO
PBMS5O,ECHDD012A
PBMS5O,CTB8174
FM12,FM14
FM12,FM10
FM12,FM15
FM12,FM19
FM12,FM17
FM12,FM18
FM12,EECT400
FM12,KRSC46HPBO
FM12,ECHDD012A
FM12,CTB8174
EEDM503D,MTTL700
EEDM503D,AWM110DK
EEDM503D,BF620C
EEDM503D,EECT400
EEDM503D,BHS7A
EEDM503D,PKNC125C2
EEDM503D,PTGR450
EEDM503D,AC5C
EEDM503D,KRA2007FPBO
EEDM503D,EFPHANNIBALB
AD8C,ECF35
AD8C,YA4275
AD8C,PPC20LB
AD8C,AD12C
AD8C,AD6C
AD8C,AD10C
AD8C,1512B
AD8C,ACT1290A
AD8C,DB129C
AD8C,AC5C
SF201,SF141
SF201,SF121
SF201,SF161
SF201,SF221
SF201,SF281
SF201,SF241
SF201,SF261
SF201,SF181
SF201,EECT400
SF201,KRSC46HPBO
214SFY,211FY
214SFY,AWL1010DK
214SFY,30SSD
214SFY,110STMDY
214SFY,WTG10A
214SFY,EECT400
214SFY,KRSC46HPBO
214SFY,ECHDD012A
214SFY,CTB8174
214SFY,PH3050BR
TMMS5,112TMMSY
TMMS5,TMMS14
TMMS5,TMMS15
TMMS5,TMMS5.5
TMMS5,TMMS9
TMMS5,TMMS6
TMMS5,TMMS11
TMMS5,TMMS12
TMMS5,KRSC46HPBO
TMMS5,ECHDD012A
AWCG1624B,AWCG1624B
AWCG1624B,AWBCG1608
AWCG1624B,AWBCG1612
AWCG1624B,AWCG1620B
AWCG1624B,AWCG1600B
AWCG1624B,AWCGT40
AWCG1624B,AWCGT30
AWCG1624B,AWCGT27
AWCG1624B,EECT400
AWCG1624B,KRSC46HPBO
KRSC430APCM7,ST50A
KRSC430APCM7,KAERNADD6RD
KRSC430APCM7,LP10WR
KRSC430APCM7,SEPPREMETA
KRSC430APCM7,YA2019
KRSC430APCM7,PK23A
KRSC430APCM7,317AMMPC
KRSC430APCM7,UIM225
KRSC430APCM7,117TMM
KRSC430APCM7,RADKITULTRA
KRSC430APWZ7,ST50A
KRSC430APWZ7,KAERNADD6RD
KRSC430APWZ7,LP10WR
KRSC430APWZ7,SEPPREMETA
KRSC430APWZ7,YA2019
KRSC430APWZ7,PK23A
KRSC430APWZ7,317AMMPC
KRSC430APWZ7,UIM225
KRSC430APWZ7,117TMM
KRSC430APWZ7,RADKITULTRA
SPBS18AG,UPTM65K
SPBS18AG,PK52A
SPBS18AG,SOEX40
SPBS18AG,SPBS8AR
SPBS18AG,SPBS12AR
SPBS18AG,PKNC150
SPBS18AG,SOEX38
SPBS18AG,EECT400
SPBS18AG,KRSC46HPBO
SPBS18AG,ECHDD012A
KRSC343PC,SFSM19
KRSC343PC,SFSM17
KRSC343PC,SFSM14
KRSC343PC,RULER600
KRSC343PC,DS809K
KRSC343PC,WTG8A
KRSC343PC,HBFE16
KRSC343PC,208EFAY
KRSC343PC,PPC208A
KRSC343PC,206EAU
JCW80ABL,PLRK21
JCW80ABL,ECHDG052
JCW80ABL,MAGTRAY
JCW80ABL,JCW62R
JCW80ABL,MRB12B
JCW80ABL,VAC201
JCW80ABL,BL1B
JCW80ABL,ASTFUN19KIT
JCW80ABL,KASS13
JCW80ABL,310SWMYA
KRA2007FPC,TFM7530B
KRA2007FPC,PK53A
KRA2007FPC,BLPH386
KRA2007FPC,SEPPREATV
KRA2007FPC,9100AGMO
KRA2007FPC,TPM16
KRA2007FPC,AWM110DHK
KRA2007FPC,AC5C
KRA2007FPC,BLPH389
KRA2007FPC,BLPH124
KRA2055FPCM,BTC3A
KRA2055FPCM,PWC48
KRA2055FPCM,PGP120
KRA2055FPCM,US712
KRA2055FPCM,AW1020DK
KRA2055FPCM,AWM140DK
KRA2055FPCM,OFW4
KRA2055FPCM,222AFSMP
KRA2055FPCM,ITHE100
KRA2055FPCM,FB360C
BTC8A,SR40K
BTC8A,UTK150
BTC8A,YA9350B
BTC8A,BL1B
BTC8A,BT101
BTC8A,ACT73A
BTC8A,UKBU10
BTC8A,SBT26
BTC8A,ASTFUN19KIT
BTC8A,GA460B
110STMDY,110TMDY
110STMDY,214SFY
110STMDY,SEPAMTSETA
110STMDY,211SFY
110STMDY,107ATMPB
110STMDY,SF261
110STMDY,EECT400
110STMDY,KRSC46HPBO
110STMDY,ECHDD012A
110STMDY,CTB8174
8HR,GA98A
8HR,ATKIFL
8HR,XS1618A
8HR,XS2024A
8HR,XS1416A
8HR,XS1820A
8HR,XS1012A
8HR,EECT400
8HR,KRSC46HPBO
8HR,ECHDD012A
CDR4P44K3DB,91ACP
CDR4P44K3DB,SPBS8AR
CDR4P44K3DB,TMXK4
CDR4P44K3DB,SGD2BR
CDR4P44K3DB,SGDP42IRBR
CDR4P44K3DB,SHD1R
CDR4P44K3DB,SGASA204CR
CDR4P44K3DB,SGD6BR
CDR4P44K3DB,FXK11
CDR4P44K3DB,SGDP31IRBR
CDR4P63L3K2,96ACF
CDR4P63L3K2,SRPCR4700
CDR4P63L3K2,SHD1R
CDR4P63L3K2,47ACF
CDR4P63L3K2,SGD4BR
CDR4P63L3K2,SPBS18AR
CDR4P63L3K2,PPC816B
CDR4P63L3K2,SPBS12AR
CDR4P63L3K2,SGD2BR
CDR4P63L3K2,FX1
SFSM20,FSM71
SFSM20,STMM4.5
SFSM20,TMM4.5
SFSM20,SFSM6
SFSM20,SFSM21
SFSM20,SFSM7
SFSM20,FSM61
SFSM20,PH3050BR
SFSM20,PTB32K
SFSM20,TPGIF1600A
SHD2G,SHDP63IRR
SHD2G,SHD1R
SHD2G,AOGMHC
SHD2G,SHDP42IRR
SHD2G,SHD6R
SHD2G,SHDP31IRR
SHD2G,SHD4R
SHD2G,ECHDD012A
SHD2G,CTB8174
SHD2G,PH3050BR
L8112A,L872RJ
L8112A,L872RM
L8112A,L62
L8112A,L122
L8112A,425IMM
L8112A,MG1250
L8112A,KRSC46HPBO
L8112A,ECHDD012A
L8112A,CTB8174
L8112A,PH3050BR
CTSG861DB,EECT200
CTSG861DB,CTR862DB
CTSG861DB,CTB8174
CTSG861DB,CTCO861K2
CTSG861DB,CTINF9010
CTSG861DB,CTB185
CTSG861DB,CTC131A
CTSG861DB,EECS150
CTSG861DB,EEJP201MBKA-NA
CTSG861DB,MTTL700
SW261,313SWYA
SW261,SW201
SW261,SW281
SW261,SW221
SW261,SW141A
SW261,SW181A
SW261,SW161A
SW261,SW241
SW261,EECT400
SW261,KRSC46HPBO
209TFSMYA,EXDL10A
209TFSMYA,A179A
209TFSMYA,QD3RN350A
209TFSMYA,DPT7A
209TFSMYA,S6103A
209TFSMYA,S9538A
209TFSMYA,S9614A
209TFSMYA,ECHDD012A
209TFSMYA,CTB8174
209TFSMYA,PH3050BR
FLLF80,FCF72
FLLF80,FLF80A
FLLF80,F80MP
FLLF80,TLLF72
FLLF80,SLL80A
FLLF80,SLX80A
FLLF80,EECT400
FLLF80,KRSC46HPBO
FLLF80,ECHDD012A
FLLF80,CTB8174
THLF72G,THLLF72
THLF72G,SH80A
THLF72G,FHLLF80
THLF72G,FHLF80A
THLF72G,SHLF80A
THLF72G,THLL72
THLF72G,SHX80B
THLF72G,103TMXKLA
THLF72G,CTB8174
THLF72G,PH3050BR
SAM19E,SA16E
SAM19E,FA12LE
SAM19E,FAML6E
SAM19E,FABLM5E
SAM19E,FRX181
SAM19E,CTB8174
SAM19E,PH3050BR
SAM19E,TPM16EM
SAM19E,BB9008
SAM19E,A277
F181,F141
F181,F101
F181,F241
F181,F121
F181,F221
F181,F261
F181,F201
F181,EECT400
F181,KRSC46HPBO
F181,ECHDD012A
TM83A,VO2628B
TM83A,VO1416B
TM83A,ATKIFL
TM83A,TM84
TM83A,XS2024A
TM83A,XS1416A
TM83A,EECT400
TM83A,KRSC46HPBO
TM83A,ECHDD012A
TM83A,CTB8174
TMM4.5,STMM4.5
TMM4.5,TMM4
TMM4.5,STMM4
TMM4.5,SFSM6
TMM4.5,SFSM20
TMM4.5,KRSC46HPBO
TMM4.5,ECHDD012A
TMM4.5,CTB8174
TMM4.5,PH3050BR
TMM4.5,ACT73A
KHP415PWZ,FU8A
KHP415PWZ,T72
KHP415PWZ,FXK6
KHP415PWZ,FHLF80A
KHP415PWZ,F80
KHP415PWZ,SGDP42IRBR
KHP415PWZ,SIMM200
KHP415PWZ,SGDP31IRBR
KHP415PWZ,A2A
KHP415PWZ,SIMM230
EEDM504F,BTC3A
EEDM504F,AD10C
EEDM504F,PK53A
EEDM504F,FB360C
EEDM504F,KRA2007FPBO
EEDM504F,9100AGMO
EEDM504F,340SSDP
EEDM504F,10SSD
EEDM504F,AWM110DHK
EEDM504F,AWEF9K
GLOVE1100M,XS1012A
GLOVE1100M,XS2226A
GLOVE1100M,XS1618A
GLOVE1100M,GLOVEORIGPLUSL
GLOVE1100M,GLOVE300BL
GLOVE1100M,GLOVE505RL
GLOVE1100M,SOSG01BKCL01
GLOVE1100M,GLOVE309L
GLOVE1100M,XS1214A
GLOVE1100M,ATKIFL
GLOVE900XLB,GLOVEORIGPLUSL
GLOVE900XLB,GLASS50R
GLOVE900XLB,SOSG01BKCL01
GLOVE900XLB,GLOVE1100L
GLOVE900XLB,GLOVE505RL
GLOVE900XLB,GLOVE309L
GLOVE900XLB,GLOVE300BL
GLOVE900XLB,OFC14KT
GLOVE900XLB,CTB8187
GLOVE900XLB,PHP1A
JCW62R,TWM26
JCW62R,FB303B
JCW62R,OEXM6B
JCW62R,JCW80AR
JCW62R,A91F
JCW62R,BPPC1878
JCW62R,SRP3A
JCW62R,ACT73A
JCW62R,SGDP64IRBR
JCW62R,ACT413A
KRA2407PDG,TESLASTUKIT
KRA2407PDG,DPT7A
KRA2407PDG,S6103A
KRA2407PDG,TMM16
KRA2407PDG,BOERM22
KRA2407PDG,BOERM21
KRA2407PDG,131TMPB
KRA2407PDG,14V
KRA2407PDG,GA243
KRA2407PDG,PPCL60BK
312CF,411CF
312CF,612AEP
312CF,FHBF80A
312CF,86EP
312CF,490CF
312CF,911ACF
312CF,EECT400
312CF,KRSC46HPBO
312CF,ECHDD012A
312CF,CTB8174
GLOVE307M,SIMM150A
GLOVE307M,T72
GLOVE307M,SGDP42IRBR
GLOVE307M,TMU8B
GLOVE307M,47ACF
GLOVE307M,PPC4A
GLOVE307M,SIMM190
GLOVE307M,FXK3
GLOVE307M,F80
GLOVE307M,SPBS12AR
GLOVE307XX,SIMM180
GLOVE307XX,SGD8BR
GLOVE307XX,FXK11
GLOVE307XX,SIMM170
GLOVE307XX,PWCS7ACF
GLOVE307XX,SGDX80BR
GLOVE307XX,A2A
GLOVE307XX,FXK3
GLOVE307XX,SGASA204CR
GLOVE307XX,TMXK2
SIMM220,SIMM190
SIMM220,SIMM210
SIMM220,SIMM170
SIMM220,SIMM180
SIMM220,SIMM200
SIMM220,EECT400
SIMM220,KRSC46HPBO
SIMM220,ECHDD012A
SIMM220,CTB8174
SIMM220,PH3050BR
PPK300,PKN500
PPK300,AOGMHC
PPK300,SGDE225ESD
PPK300,PKN9
PPK300,SGDE220ESD
PPK300,SGDE230ESD
PPK300,SGDEP20ESD
PPK300,EECT400
PPK300,KRSC46HPBO
PPK300,ECHDD012A
SWM241,SWM171
SWM241,SWM141A
SWM241,SWM181
SWM241,SWM231
SWM241,SWM221
SWM241,SWM201
SWM241,SWM211
SWM241,KRSC46HPBO
SWM241,ECHDD012A
SWM241,CTB8174
ECFD0102,JCK8
ECFD0102,212FSMSY
ECFD0102,TDG2
ECFD0102,LDT8
ECFD0102,DBBPT13
ECFD0102,ECPRA072
ECFD0102,RBYAM605
ECFD0102,ECHDD012AR
ECFD0102,EEDM503D
ECFD0102,BDGPL300HG
PKNC301,PPC208A
PKNC301,PPC204A
PKNC301,PPC3A
PKNC301,PKNC300
PKNC301,PPB30AK
PKNC301,USS103
PKNC301,HBPT24
PKNC301,PPB816A
PKNC301,FB336
PKNC301,KRSC46HPBO
AWEF6M6K,SGDX80BR
AWEF6M6K,SGD8BR
AWEF6M6K,96ACF
AWEF6M6K,AWEF9K
AWEF6M6K,BHM9A
AWEF6M6K,GLASS50R
AWEF6M6K,PWCS7ACF
AWEF6M6K,112TMMY
AWEF6M6K,HBFE32
AWEF6M6K,KRSC46HPBO
YA4616,F80
YA4616,SIMM200
YA4616,SIMM150A
YA4616,FXK11
YA4616,SRPCR4700
YA4616,SGD2BR
YA4616,FX1
YA4616,SGD4BR
YA4616,TMXK2
YA4616,BLPTHC87
SF221,SF121
SF221,SF141
SF221,SF161
SF221,SF281
SF221,SF241
SF221,SF261
SF221,SF201
SF221,SF181
SF221,EECT400
SF221,KRSC46HPBO
KRA2411PC,KWSP2455ABL
KRA2411PC,313SMYA
KRA2411PC,310TWMYA
KRA2411PC,KWSN2455AST
KRA2411PC,KRWT2411
KRA2411PC,KRA6210FPBO
KRA2411PC,BHS7A
KRA2411PC,EFPHANNIBALB
KRA2411PC,PG160
KRA2411PC,AWM140DK
KRA2411PDC,KWSP2455ABL
KRA2411PDC,313SMYA
KRA2411PDC,310TWMYA
KRA2411PDC,KWSN2455AST
KRA2411PDC,KRWT2411
KRA2411PDC,KRA6210FPBO
KRA2411PDC,BHS7A
KRA2411PDC,EFPHANNIBALB
KRA2411PDC,PG160
KRA2411PDC,AWM140DK
AWT8A,SGD4BR
AWT8A,ATECH2FR125B
AWT8A,SIMM240
AWT8A,PPC4A
AWT8A,SIMM170
AWT8A,EECT400
AWT8A,KRSC46HPBO
AWT8A,ECHDD012A
AWT8A,CTB8174
AWT8A,PH3050BR
AWMEF8K,SWM111A
AWMEF8K,AWEF9K
AWMEF8K,PK52A
AWMEF8K,AWEF6K
AWMEF8K,SWM251
AWMEF8K,SWM261
AWMEF8K,SWM271
AWMEF8K,KRSC46HPBO
AWMEF8K,ECF35
AWMEF8K,ECHDD012A
SGD155CR,SW341
SGD155CR,F18LA
SGD155CR,PPCD70BK
SGD155CR,SGD153BR
SGD155CR,FZ7A
SGD155CR,EEPV509
SGD155CR,YA4000B
SGD155CR,EEPV500
SGD155CR,USS103
SGD155CR,RTEMP8
SIMM360,OEXM9B
SIMM360,305SIMMY
SIMM360,SN25A
SIMM360,SIMM300
SIMM360,SIMM320
SIMM360,SIMM340
SIMM360,SIMM350
SIMM360,SIMM290
SIMM360,FB303B
SIMM360,CTB8174
ACT925,EECT200
ACT925,SVTS264
ACT925,ACT1290A
ACT925,ACTUVPROKT
ACT925,ACT51234A
ACT925,RTEMP8
ACT925,ACTR4151A
ACT925,AWP120
ACT925,RTD48
ACT925,OFWHD3KT
GA296B,PT28E
GA296B,FB361A
GA296B,TESLASTUKIT
GA296B,PGP50
GA296B,PGP120
GA296B,VGP104
GA296B,MTTL300
GA296B,BLPHS1414
GA296B,BHS7A
GA296B,US712
QD3R150A,QD1R200A
QD3R150A,QD2FR75B
QD3R150A,YA4275
QD3R150A,QD1R50A
QD3R150A,BTK5
QD3R150A,S6110A
QD3R150A,ECHDD012A
QD3R150A,CTB8174
QD3R150A,PH3050BR
QD3R150A,EEPV509
FRX181,FA12LE
FRX181,FAML6E
FRX181,SA16E
FRX181,FABLM5E
FRX181,HD6529
FRX181,CTB8174
FRX181,PH3050BR
FRX181,TPM16EM
FRX181,BB9008
FRX181,A277
AW6D,AW10D
AW6D,AW5D
AW6D,10SSD
AW6D,AW4-1/2D
AW6D,AW4D
AW6D,AW7D
AW6D,AW8D
AW6D,AW12D
AW6D,PH3050BR
AW6D,FB361A
SDMT10D,SDM252C
SDMT10D,TMC109A
SDMT10D,R404
SDMT10D,SDMT20D
SDMT10D,SDMT25D
SDMT10D,SDM251C
SDMT10D,KRSC46HPBO
SDMT10D,ECHDD012A
SDMT10D,CTB8174
SDMT10D,PH3050BR
SA16E,FAML6E
SA16E,FABLM5E
SA16E,SAM19E
SA16E,FA12LE
SA16E,FRX181
SA16E,HD6529
SA16E,ECHDD012A
SA16E,CTB8174
SA16E,PH3050BR
SA16E,TPM16EM
KRSC430APQD7,ST50A
KRSC430APQD7,KAERNADD6RD
KRSC430APQD7,LP10WR
KRSC430APQD7,SEPPREMETA
KRSC430APQD7,YA2019
KRSC430APQD7,PK23A
KRSC430APQD7,317AMMPC
KRSC430APQD7,UIM225
KRSC430APQD7,117TMM
KRSC430APQD7,RADKITULTRA
PWCS9ACFG,206AFSA
PWCS9ACFG,PL5ESWIRESTRIP
PWCS9ACFG,13ELECTBP14KIT
PWCS9ACFG,218AFP
PWCS9ACFG,ECF35
PWCS9ACFG,SNA-TBP14
PWCS9ACFG,TWM31
PWCS9ACFG,AWM140DK
PWCS9ACFG,TWM29
PWCS9ACFG,RULER601
SPBS18A,UPTM65K
SPBS18A,PK52A
SPBS18A,SOEX40
SPBS18A,SPBS8AR
SPBS18A,SPBS12AR
SPBS18A,PKNC150
SPBS18A,SOEX38
SPBS18A,EECT400
SPBS18A,KRSC46HPBO
SPBS18A,ECHDD012A
PH3050BRCH4,PTR72
PH3050BRCH4,IPL20C
PH3050BRCH4,IPL18C
PH3050BRCH4,PHG1055BK
PH3050BRCH4,PTC250
PH3050BRCH4,PTGR100
PH3050BRCH4,MG1250
PH3050BRCH4,VWB8B
PH3050BRCH4,PTGR110
PH3050BRCH4,RADKITULTRA
BLP13HVLP,BLP13HVLP
BLP13HVLP,JT13B
BLP13HVLP,A161B
BLP13HVLP,BLP14HVLP
BLP13HVLP,BLP18HVLP
BLP13HVLP,BF555
BLP13HVLP,PSO4625
BLP13HVLP,AT475A
BLP13HVLP,BLP15HVLP
BLP13HVLP,AT425R
GLOVE502BLB,FL80
GLOVE502BLB,SN24C
GLOVE502BLB,BLPTL1425
GLOVE502BLB,BLPTL146
GLOVE502BLB,BLPTL148
GLOVE502BLB,BLPTL149
GLOVE502BLB,BLPTL1410
GLOVE502BLB,BLPTL1427
GLOVE502BLB,BLPTL1415
GLOVE502BLB,BLPTL3840
A127,BTG9
A127,OFSKIT
A127,206ESSPKPLG2
A127,A106
A127,S3625
A127,S3624
A127,MRB10B
A127,A129
A127,CTB8174
A127,PH3050BR
GF22,FAML6E
GF22,SA16E
GF22,FABLM5E
GF22,FRX181
GF22,FA12LE
GF22,HD6529
GF22,CTB8174
GF22,PH3050BR
GF22,TPM16EM
GF22,BB9008
AWCG1610B,47ACF
AWCG1610B,PPC4A
AWCG1610B,PWCS7ACF
AWCG1610B,SGD4BR
AWCG1610B,FXK3
AWCG1610B,EECT400
AWCG1610B,KRSC46HPBO
AWCG1610B,ECHDD012A
AWCG1610B,CTB8174
AWCG1610B,PH3050BR
BOERM24,SHDX80R
BOERM24,214SIMFMYA
BOERM24,SHD2R
BOERM24,BOERM22
BOERM24,BOERM21
BOERM24,BOERM712
BOERM24,IMX32B
BOERM24,SOXRRM710A
BOERM24,EECT400
BOERM24,KRSC46HPBO
BTCP500,BTG8
BTCP500,S3624
BTCP500,BTCW800
BTCP500,LSR1000EXT
BTCP500,SEPIMMSIMMA
BTCP500,TWM27
BTCP500,MRB5B
BTCP500,KRSC326FPBO
BTCP500,TDG1
BTCP500,CAL6EBR
CT9100K2,SIMM220
CT9100K2,SIMM190
CT9100K2,PPC4A
CT9100K2,SHD1R
CT9100K2,96ACF
CT9100K2,TMXK2
CT9100K2,SGDP31IRBR
CT9100K2,F80
CT9100K2,SGASA204CR
CT9100K2,SGD8BR
XS1012A,ATKIFL
XS1012A,XS1214A
XS1012A,XS67A
XS1012A,XS2024A
XS1012A,XS1416A
XS1012A,XS1820A
XS1012A,XS2226A
XS1012A,XS1618A
XS1012A,EECT400
XS1012A,KRSC46HPBO
XS1214A,XS810A
XS1214A,XS67A
XS1214A,ATKIFL
XS1214A,XS1618A
XS1214A,XS2024A
XS1214A,XS1416A
XS1214A,EECT400
XS1214A,KRSC46HPBO
XS1214A,ECHDD012A
XS1214A,CTB8174
KRSC46HPBO,SIMM350
KRSC46HPBO,SIMM290
KRSC46HPBO,ECFLD030
KRSC46HPBO,PKNC150
KRSC46HPBO,UPTM65K
KRSC46HPBO,317AMMPC
KRSC46HPBO,305SIMMY
KRSC46HPBO,BOERM712
KRSC46HPBO,MG725A
KRSC46HPBO,309SIMYA
KRSC46HPJJ,SIMM350
KRSC46HPJJ,SIMM290
KRSC46HPJJ,ECFLD030
KRSC46HPJJ,PKNC150
KRSC46HPJJ,UPTM65K
KRSC46HPJJ,317AMMPC
KRSC46HPJJ,305SIMMY
KRSC46HPJJ,BOERM712
KRSC46HPJJ,MG725A
KRSC46HPJJ,309SIMYA
86ACF,PL803A
86ACF,ATKIFL
86ACF,XS2226A
86ACF,XS1820A
86ACF,XS2024A
86ACF,XS1416A
86ACF,XS1618A
86ACF,XS1012A
86ACF,EECT400
86ACF,KRSC46HPBO
SGDX80BR,9100GSM
SGDX80BR,ATKIFL
SGDX80BR,XS2226A
SGDX80BR,XS2024A
SGDX80BR,XS1416A
SGDX80BR,XS1820A
SGDX80BR,XS1618A
SGDX80BR,XS1012A
SGDX80BR,EECT400
SGDX80BR,KRSC46HPBO
CSA14CR,CSA12CR
CSA14CR,CSSD50R
CSA14CR,AW1020DK
CSA14CR,AWM140DK
CSA14CR,CSSD1R
CSA14CR,CTB8174
CSA14CR,PH3050BR
CSA14CR,GA296B
CSA14CR,FB360C
CSA14CR,ECFB200BL
CSSD50R,CSA12CR
CSSD50R,PKN500
CSSD50R,SGAS102BR
CSSD50R,CSSD1R
CSSD50R,CSA14CR
CSSD50R,PKNC300
CSSD50R,AWPBX10
CSSD50R,PH3050BR
CSSD50R,FB336
CSSD50R,RADKITULTRA
210AFLEY,210EFTAMY
210AFLEY,BF620C
210AFLEY,FLE140A
210AFLEY,FTX60E
210AFLEY,US712
210AFLEY,AWMEF7K
210AFLEY,MTTL300
210AFLEY,OC5A
210AFLEY,ACT83A
210AFLEY,KRA2055FPBO
SW341,SW361
SW341,SW321
SW341,SW301
SW341,SW141A
SW341,SW261
SW341,EECT400
SW341,KRSC46HPBO
SW341,ECHDD012A
SW341,CTB8174
SW341,PH3050BR
SVSM807A,786CF
SVSM807A,FC72
SVSM807A,VS807B
SVSM807A,OEXSM710B
SVSM807A,208EPIT
SVSM807A,SRPCR112
SVSM807A,FADH6C
SVSM807A,PL1000START
SVSM807A,KRSC46HPBO
SVSM807A,ECHDD012A
112RTSMA,BTCW800
112RTSMA,A129
112RTSMA,XOM605
112RTSMA,210RAFSMA
112RTSMA,112RTMA
112RTSMA,RAF80A
112RTSMA,XDLRM11A
112RTSMA,BLPBTWKIT
112RTSMA,ECHDD012A
112RTSMA,CTB8174
THNF72O,SH80A
THNF72O,103TMXKLA
THNF72O,THLL72
THNF72O,340SSDP
THNF72O,10SSD
THNF72O,AWM110DHK
THNF72O,FH80MP
THNF72O,ECHDD012A
THNF72O,PGP120
THNF72O,CTB8174
PT850G,IM1PT
PT850G,PT338
PT850G,MG325
PT850G,PTR72
PT850G,PTR2500
PT850G,ACT1370
PT850G,PKNC125C2
PT850G,PTGR450
PT850G,QD3RN350A
PT850G,PGP50
KHP415PBO,SIMM180
KHP415PBO,T72
KHP415PBO,SIMM170
KHP415PBO,96ACF
KHP415PBO,PL400B
KHP415PBO,TMXK4
KHP415PBO,SPBS12AR
KHP415PBO,PPC103A
KHP415PBO,SGD2BR
KHP415PBO,FX1
GLOVE900LB,GLOVEORIGPLUSL
GLOVE900LB,GLASS50R
GLOVE900LB,SOSG01BKCL01
GLOVE900LB,GLOVE1100L
GLOVE900LB,GLOVE505RL
GLOVE900LB,GLOVE309L
GLOVE900LB,GLOVE300BL
GLOVE900LB,OFC14KT
GLOVE900LB,CTB8187
GLOVE900LB,PHP1A
PT338,PTR72
PT338,IM1PT
PT338,VWB8B
PT338,PTR2505
PT338,PTR2500
PT338,PT850
PT338,BLPPB704
PT338,TPMB25EMGRN
PT338,PTC250
PT338,SX24
TMMD9,111TMMDY
TMMD9,TMMD5.5
TMMD9,TMMD8
TMMD9,TMMD11
TMMD9,TMMD12
TMMD9,TMMD5
TMMD9,TMMD7
TMMD9,TMMD6
TMMD9,ECHDD012A
TMMD9,CTB8174
TMMDS5.5,TMMDS9
TMMDS5.5,TMMDS15
TMMDS5.5,TMMDS13
TMMDS5.5,TMMDS5
TMMDS5.5,TMMDS6
TMMDS5.5,TMMDS7
TMMDS5.5,TMMDS11
TMMDS5.5,TMMDS12
TMMDS5.5,EECT400
TMMDS5.5,KRSC46HPBO
TA18B,TA32A
TA18B,SIMM180
TA18B,SGASA204CR
TA18B,SGD4BR
TA18B,FXK11
TA18B,PPC103A
TA18B,FX1
TA18B,PPC816B
TA18B,SIMM150A
TA18B,A2A
PPC820B,PPC203A
PPC820B,PPC4A
PPC820B,PPC206A
PPC820B,PPC205A
PPC820B,PPC103A
PPC820B,EECT400
PPC820B,KRSC46HPBO
PPC820B,ECHDD012A
PPC820B,CTB8174
PPC820B,PH3050BR
SX24,305ASX
SX24,103TMXKLA
SX24,A91F
SX24,SX20
SX24,208AFX
SX24,303SXWKL
SX24,BRUTUS3R300
SX24,PH3050BR
SX24,RADKITULTRA
SX24,AT4124
TTX30E,TTX25E
TTX30E,TTX20E
TTX30E,TW381
TTX30E,TTX27E
TTX30E,TTX40E
TTX30E,PPCS60BK
TTX30E,TPGIF1600A
TTX30E,GLASS30R
TTX30E,FB360C
TTX30E,MRB5B
SF261,SF281
SF261,SF241
SF261,SF221
SF261,F261
SF261,SF201
SF261,EECT400
SF261,KRSC46HPBO
SF261,ECHDD012A
SF261,CTB8174
SF261,PH3050BR
YA4615,SGD6BR
YA4615,TMXK2
YA4615,SPBS18AR
YA4615,FHLF80A
YA4615,PPC4A
YA4615,A2A
YA4615,SGDP42IRBR
YA4615,SIMM200
YA4615,FXK11
YA4615,FX1
ECPRD068B,96ACF
ECPRD068B,SGD6BR
ECPRD068B,SGDP42IRBR
ECPRD068B,SIMM180
ECPRD068B,TMXK60
ECPRD068B,SPBS18AR
ECPRD068B,91ACP
ECPRD068B,SGD8BR
ECPRD068B,SIMM160A
ECPRD068B,SIMM190
AWMEFBH10K,AWMEFBH10K
AWMEFBH10K,AWXL13
AWMEFBH10K,BHS13A
AWMEFBH10K,AWTEFBH11K
AWMEFBH10K,AWEFBH11K
AWMEFBH10K,AWBXL13
AWMEFBH10K,AWMXL10
AWMEFBH10K,AWBS13
AWMEFBH10K,ECHDD012A
AWMEFBH10K,CTB8174
AWMG9-2,TMU8B
AWMG9-2,F80
AWMG9-2,SGD6BR
AWMG9-2,TMXK2
AWMG9-2,FU8A
AWMG9-2,EECT400
AWMG9-2,KRSC46HPBO
AWMG9-2,ECHDD012A
AWMG9-2,CTB8174
AWMG9-2,PH3050BR
FL80,SL80A
FL80,TL72
FL80,TL72FOD
FL80,SLL80A
FL80,SR40K
FL80,AT700F
FL80,CTB8174
FL80,PH3050BR
FL80,GA460B
FL80,DB129C
KRA4107FPJK,OXRM710A
KRA4107FPJK,OEXM7B
KRA4107FPJK,2004BSKA
KRA4107FPJK,KRA4114FPBO
KRA4107FPJK,KRA4810FPBO
KRA4107FPJK,BLPBSS40
KRA4107FPJK,FB360C
KRA4107FPJK,SWM111A
KRA4107FPJK,SWM101A
KRA4107FPJK,AW1013DK
208AFX,106BTMX
208AFX,SX24
208AFX,FXK4
208AFX,305ASX
208AFX,SX20
208AFX,103TMXKLA
208AFX,EECT400
208AFX,KRSC46HPBO
208AFX,ECHDD012A
208AFX,CTB8174
KCP2422PC,AC58E
KCP2422PC,GA296B
KCP2422PC,SS5A
KCP2422PC,KRWT2411
KCP2422PC,KWSN2455ABL
KCP2422PC,KWSP2455AST
KCP2422PC,KWSN2455AST
KCP2422PC,KWSP2455ABL
KCP2422PC,OEXM6B
KCP2422PC,BTC7B
KCP2422PDG,AC58E
KCP2422PDG,GA296B
KCP2422PDG,SS5A
KCP2422PDG,KRWT2411
KCP2422PDG,KWSN2455ABL
KCP2422PDG,KWSP2455AST
KCP2422PDG,KWSN2455AST
KCP2422PDG,KWSP2455ABL
KCP2422PDG,OEXM6B
KCP2422PDG,BTC7B
FS241,FS161
FS241,222AFSP
FS241,218AFSP
FS241,FS221
FS241,FS121
FS241,FS141
FS241,FS181
FS241,PH3050BR
FS241,OC5A
FS241,FB303B
AW5D,AW10D
AW5D,10SSD
AW5D,AW12D
AW5D,AW4-1/2D
AW5D,AW4D
AW5D,AW6D
AW5D,AW7D
AW5D,PH3050BR
AW5D,FB361A
AW5D,EEDM503D
AWBSGM3A,SGD4BR
AWBSGM3A,ATECH3FR300B
AWBSGM3A,TMXK60
AWBSGM3A,SGD8BR
AWBSGM3A,TMU8B
AWBSGM3A,EECT400
AWBSGM3A,KRSC46HPBO
AWBSGM3A,ECHDD012A
AWBSGM3A,CTB8174
AWBSGM3A,PH3050BR
KRSC430APBO7,ST50A
KRSC430APBO7,KAERNADD6RD
KRSC430APBO7,LP10WR
KRSC430APBO7,SEPPREMETA
KRSC430APBO7,YA2019
KRSC430APBO7,PK23A
KRSC430APBO7,317AMMPC
KRSC430APBO7,UIM225
KRSC430APBO7,117TMM
KRSC430APBO7,RADKITULTRA
KRSC343PJJ,SFSM19
KRSC343PJJ,SFSM17
KRSC343PJJ,SFSM14
KRSC343PJJ,RULER600
KRSC343PJJ,DS809K
KRSC343PJJ,WTG8A
KRSC343PJJ,HBFE16
KRSC343PJJ,208EFAY
KRSC343PJJ,PPC208A
KRSC343PJJ,206EAU
F4LBK,TM77
F4LBK,ATKIFL
F4LBK,XS2226A
F4LBK,XS2024A
F4LBK,XS1416A
F4LBK,XS1820A
F4LBK,XS1618A
F4LBK,EECT400
F4LBK,KRSC46HPBO
F4LBK,ECHDD012A
JCW80AG,PLRK21
JCW80AG,ECHDG052
JCW80AG,MAGTRAY
JCW80AG,JCW62R
JCW80AG,MRB12B
JCW80AG,VAC201
JCW80AG,BL1B
JCW80AG,ASTFUN19KIT
JCW80AG,KASS13
JCW80AG,310SWMYA
GLOVE502BXXB,FL80
GLOVE502BXXB,SN24C
GLOVE502BXXB,BLPTL1425
GLOVE502BXXB,BLPTL146
GLOVE502BXXB,BLPTL148
GLOVE502BXXB,BLPTL149
GLOVE502BXXB,BLPTL1410
GLOVE502BXXB,BLPTL1427
GLOVE502BXXB,BLPTL1415
GLOVE502BXXB,BLPTL3840
612AEP,411CF
612AEP,PWC52A
612AEP,TMR4
612AEP,912AEP
612AEP,86EP
612AEP,490CF
612AEP,908CF
612AEP,EECT400
612AEP,KRSC46HPBO
612AEP,ECHDD012A
10R,2004BSKA
10R,YA337A
10R,BP12B
10R,8HR
10R,GA98A
10R,AW1013DK
10R,FB303B
10R,218AFSP
10R,FB316B
10R,CTS561BITSET
BOERM19,BOERM12
BOERM19,BOERM19
BOERM19,SIM220
BOERM19,BOERM14
BOERM19,BOERM18
BOERM19,BOERM10
BOERM19,BOERM8
BOERM19,BOERM17
BOERM19,EECT400
BOERM19,KRSC46HPBO
BP32B,B1461
BP32B,VGP104
BP32B,BT11
BP32B,PK53A
BP32B,JCK8
BP32B,BHS7A
BP32B,PTGR450
BP32B,EFPHANNIBALB
BP32B,FB303B
BP32B,YA450B
BTC3A,1512B
BTC3A,208CCP
BTC3A,OFW4
BTC3A,AC5C
BTC3A,MTTL300
BTC3A,PW18C
BTC3A,KRA2055FPBO
BTC3A,GA296B
BTC3A,GA460B
BTC3A,AT700F
ECSPL052,TM84
ECSPL052,VO2628B
ECSPL052,TM62B
ECSPL052,SGDMRC4A
ECSPL052,SDM252C
ECSPL052,SDMT20D
ECSPL052,SDMT10D
ECSPL052,SDMT25D
ECSPL052,SDM251C
ECSPL052,TM408
ACT1370,SIMM340
ACT1370,SRP3B
ACT1370,OEXM8B
ACT1370,SN25A
ACT1370,SWM111A
ACT1370,OEXM9B
ACT1370,FB303B
ACT1370,ECHDD012A
ACT1370,CTB8174
ACT1370,PH3050BR
ATI590SMKSP1,STMD18
ATI590SMKSP1,STMD16
ATI590SMKSP1,STMD10
ATI590SMKSP1,STMD9
ATI590SMKSP1,STMD6
ATI590SMKSP1,STMD11
ATI590SMKSP1,STMD7
ATI590SMKSP1,STMD14
ATI590SMKSP1,EECT400
ATI590SMKSP1,KRSC46HPBO
BLPSM1413,BLPSM144
BLPSM1413,BLPSM1412
BLPSM1413,BLPSM148
BLPSM1413,BLPSM149
BLPSM1413,BLPSM1411
BLPSM1413,BLPSM146
BLPSM1413,BLPSM147
BLPSM1413,BLPSM145
BLPSM1413,EECT400
BLPSM1413,KRSC46HPBO
BLPT1427,BLPT1425
BLPT1427,BLPT1410
BLPT1427,BLPT147
BLPT1427,BLPT148
BLPT1427,BLPT1420
BLPT1427,BLPT146
BLPT1427,BLPT1415
BLPT1427,EECT400
BLPT1427,KRSC46HPBO
BLPT1427,ECHDD012A
BLPT1430,BLPT1420
BLPT1430,BLPT1425
BLPT1430,BLPT1415
BLPT1430,BLPT1427
BLPT1430,BLPT3840
BLPT1430,EECT400
BLPT1430,KRSC46HPBO
BLPT1430,ECHDD012A
BLPT1430,CTB8174
BLPT1430,PH3050BR
BLPT146,BLPT1415
BLPT146,BLPT1425
BLPT146,BLPT1420
BLPT146,BLPT147
BLPT146,BLPT149
BLPT146,BLPT148
BLPT146,BLPT1410
BLPT146,BLPT1427
BLPT146,EECT400
BLPT146,KRSC46HPBO
BLPT3850,BLPT1427
BLPT3850,BLPT1420
BLPT3850,BLPT148
BLPT3850,BLPT3845
BLPT3850,BLPT1255
BLPT3850,BLPT3840
BLPT3850,EECT400
BLPT3850,KRSC46HPBO
BLPT3850,ECHDD012A
BLPT3850,CTB8174
BLPTE1218,BLPTE147
BLPTE1218,BLPTE145
BLPTE1218,BLPTE148
BLPTE1218,BLPTE1220
BLPTE1218,BLPTE1222
BLPTE1218,BLPTE1224
BLPTE1218,BLPTE146
BLPTE1218,BLPTE144
BLPTE1218,EECT400
BLPTE1218,KRSC46HPBO
BLPTE1222,BLPTE146
BLPTE1222,BLPTE147
BLPTE1222,BLPTE148
BLPTE1222,BLPTE1224
BLPTE1222,BLPTE1220
BLPTE1222,BLPTE1218
BLPTE1222,BLPTE144
BLPTE1222,BLPTE145
BLPTE1222,EECT400
BLPTE1222,KRSC46HPBO
BLPTE147,BLPTE1218
BLPTE147,BLPTE1220
BLPTE147,BLPTE1224
BLPTE147,BLPTE145
BLPTE147,BLPTE144
BLPTE147,BLPTE146
BLPTE147,BLPTE148
BLPTE147,BLPTE1222
BLPTE147,EECT400
BLPTE147,KRSC46HPBO
BLPTE3814,BLPTE1218
BLPTE3814,BLPTE1222
BLPTE3814,310IMMYA
BLPTE3814,BLPTE3816
BLPTE3814,BLPTE3812
BLPTE3814,BLPTE3810
BLPTE3814,YA438B
BLPTE3814,OXIM6B
BLPTE3814,ECHDD012A
BLPTE3814,CTB8174
BLPTE3816,BLPTE1222
BLPTE3816,310IMMYA
BLPTE3816,310SIMMYA
BLPTE3816,BLPTE3814
BLPTE3816,BLPTE3812
BLPTE3816,BLPTE3810
BLPTE3816,YA438B
BLPTE3816,OXIM6B
BLPTE3816,BLPTE1218
BLPTE3816,ECHDD012A
BLPTL1427,BLPTL1415
BLPTL1427,BLPTL1410
BLPTL1427,BLPTL1425
BLPTL1427,BLPTL146
BLPTL1427,BLPTL148
BLPTL1427,BLPTL147
BLPTL1427,EECT400
BLPTL1427,KRSC46HPBO
BLPTL1427,ECHDD012A
BLPTL1427,CTB8174
BLPTS1425,BLPHSM146
BLPTS1425,BLPHSM145
BLPTS1425,BLPTS1425
BLPTS1425,BLPTS1420
BLPTS1425,BLPTS1430
BLPTS1425,BLPTS1415
BLPTS1425,BLPTS1410
BLPTS1425,BLPHSM1410
BLPTS1425,EECT400
BLPTS1425,KRSC46HPBO
BDGPL410HG,915CF
BDGPL410HG,XDHF605
BDGPL410HG,XFR704
BDGPL410HG,BDGPL412HG
BDGPL410HG,BDGPL411HG
BDGPL410HG,EEDMDVA
BDGPL410HG,HSPD16
BDGPL410HG,LIL59000
BDGPL410HG,CTS561BITSET
BDGPL410HG,AT4101
BDGPL412HG,915CF
BDGPL412HG,PL803A
BDGPL412HG,AWP45
BDGPL412HG,BDGPL410HG
BDGPL412HG,BDGPL411HG
BDGPL412HG,LIL59000
BDGPL412HG,XDHF605
BDGPL412HG,YAKS42
BDGPL412HG,SVTSRAD272U
BDGPL412HG,VWB8B
BFCR708A,ADCF8
BFCR708A,210FCOMA
BFCR708A,PPC210BK
BFCR708A,BFCRM712A
BFCR708A,XFRR704
BFCR708A,208FRDH
BFCR708A,ECHDD012A
BFCR708A,CTB8174
BFCR708A,PH3050BR
BFCR708A,A277
BLPH12916,SGDX80BR
BLPH12916,SIMM210
BLPH12916,SIMM230
BLPH12916,SGD4BR
BLPH12916,SGDP31IRBR
BLPH12916,EECT400
BLPH12916,KRSC46HPBO
BLPH12916,ECHDD012A
BLPH12916,CTB8174
BLPH12916,PH3050BR
BLPHL38732,TMXK60
BLPHL38732,PWCS7ACF
BLPHL38732,SRPCR3800
BLPHL38732,47ACF
BLPHL38732,SPBS704AR
BLPHL38732,EECT400
BLPHL38732,KRSC46HPBO
BLPHL38732,ECHDD012A
BLPHL38732,CTB8174
BLPHL38732,PH3050BR
BLPHL388,BLPHL146
BLPHL388,BLPHL388
BLPHL388,BLPH387
BLPHL388,BLPHL387
BLPHL388,BLPHL3810
BLPHL388,SPBS12AR
BLPHL388,BLPHL145
BLPHL388,BLPHL144
BLPHL388,EECT400
BLPHL388,KRSC46HPBO
AOGMHC,PKN9
AOGMHC,SGDE220ESD
AOGMHC,SGDE230ESD
AOGMHC,VO1416B
AOGMHC,VO1012B
AOGMHC,SW321
AOGMHC,VO1820B
AOGMHC,VO2224B
AOGMHC,EECT400
AOGMHC,KRSC46HPBO
ATKBFL,TB40C
ATKBFL,20SSD
ATKBFL,GA53A
ATKBFL,AVSNP01160
ATKBFL,VO1820B
ATKBFL,VO2628B
ATKBFL,VO1012B
ATKBFL,VO1416B
ATKBFL,EECT400
ATKBFL,KRSC46HPBO
BLPHSM148,BLPHSM148
BLPHSM148,BLPTS1425
BLPHSM148,BLPTS1430
BLPHSM148,BLPHSM1410
BLPHSM148,BLPHSM145
BLPHSM148,BLPHSM146
BLPHSM148,BLPTS1420
BLPHSM148,BLPTS1415
BLPHSM148,EECT400
BLPHSM148,KRSC46HPBO
BLPPB704,PWZ4
BLPPB704,PBMP703A
BLPPB704,PWZ0A
BLPPB704,PWZ5
BLPPB704,A36A
BLPPB704,GCP10
BLPPB704,PH3050BR
BLPPB704,PTR2500
BLPPB704,ACT51234A
BLPPB704,ACT73A
BLPT1255,BLPT3845
BLPT1255,BLPT1427
BLPT1255,BLPT148
BLPT1255,BLPT3850
BLPT1255,BLPH14732
BLPT1255,BLPT1260
BLPT1255,CTB8174
BLPT1255,PH3050BR
BLPT1255,PSO4625
BLPT1255,AT4135
BLPTE1220,BLPTE146
BLPTE1220,BLPTE147
BLPTE1220,BLPTE148
BLPTE1220,BLPTE1218
BLPTE1220,BLPTE1222
BLPTE1220,BLPTE1224
BLPTE1220,BLPTE144
BLPTE1220,EECT400
BLPTE1220,KRSC46HPBO
BLPTE1220,ECHDD012A
BLPTE3810,BLPTE148
BLPTE3810,BLPTE1218
BLPTE3810,310IMMYA
BLPTE3810,BLPTE3814
BLPTE3810,BLPTE3816
BLPTE3810,BLPTE3812
BLPTE3810,YA438B
BLPTE3810,OXIM6B
BLPTE3810,ECHDD012A
BLPTE3810,CTB8174
BLPTL1255,BLPTL1430
BLPTL1255,BLPTL147
BLPTL1255,BLPTL146
BLPTL1255,BLPTL3850
BLPTL1255,BLPTL3840
BLPTL1255,BLPTL3845
BLPTL1255,BLPTL1415
BLPTL1255,BLPTL1425
BLPTL1255,EECT400
BLPTL1255,KRSC46HPBO
BLPXZNM389,LSR1450
BLPXZNM389,BLPHEXS1418
BLPXZNM389,UTV617A
BLPXZNM389,BLPBSS40
BLPXZNM389,BLPTORX1410
BLPXZNM389,208EFTAMXSY
BLPXZNM389,EECT400
BLPXZNM389,KRSC46HPBO
BLPXZNM389,ECHDD012A
BLPXZNM389,CTB8174
BLPBSS40,106ATMXW
BLPBSS40,BP24B
BLPBSS40,HCP10
BLPBSS40,BLPXZNM389
BLPBSS40,KRA4107FPBO
BLPBSS40,XLE605
BLPBSS40,SHCP1B
BLPBSS40,GA265A
BLPBSS40,BTG8
BLPBSS40,CAL6EA
BLPH1212,SPBS18AR
BLPH1212,SIMM180
BLPH1212,PWCS7ACF
BLPH1212,SIMM150A
BLPH1212,SIMM200
BLPH1212,EECT400
BLPH1212,KRSC46HPBO
BLPH1212,ECHDD012A
BLPH1212,CTB8174
BLPH1212,PH3050BR
BLPH124,BLPH123
BLPH124,BLPH389
BLPH124,BLPH387
BLPH124,BLPH125
BLPH124,BLPH126
BLPH124,BLPH14732
BLPH124,KRSC46HPBO
BLPH124,ECHDD012A
BLPH124,CTB8174
BLPH124,PH3050BR
BLPH1425,SIMM190
BLPH1425,SPBS704AR
BLPH1425,ATECH2FR125B
BLPH1425,PPC103A
BLPH1425,SRPCR4700
BLPH1425,EECT400
BLPH1425,KRSC46HPBO
BLPH1425,ECHDD012A
BLPH1425,CTB8174
BLPH1425,PH3050BR
BLPH3810,BLPH386
BLPH3810,BLPH38732
BLPH3810,BLPH3838
BLPH3810,BLPH388
BLPH3810,BLPH389
BLPH3810,BLPH387
BLPH3810,BLPHL3810
BLPH3810,PH3050BR
BLPH3810,EEPV500
BLPH3810,JCK8
BLPHS1438,SGDP42IRBR
BLPHS1438,SIMM200
BLPHS1438,SGDX80BR
BLPHS1438,T72
BLPHS1438,FU8A
BLPHS1438,EECT400
BLPHS1438,KRSC46HPBO
BLPHS1438,ECHDD012A
BLPHS1438,CTB8174
BLPHS1438,PH3050BR
CTTOTEAC,SIMM230
CTTOTEAC,SIMM210
CTTOTEAC,SGDX80BR
CTTOTEAC,SIMM240
CTTOTEAC,SIMM160A
CTTOTEAC,47ACF
CTTOTEAC,SGASA204CR
CTTOTEAC,ATECH2FR125B
CTTOTEAC,91ACP
CTTOTEAC,SIMM180
BLPPKS5-1/4,FHLF80A
BLPPKS5-1/4,96ACF
BLPPKS5-1/4,ATECH2FR125B
BLPPKS5-1/4,SGDX80BR
BLPPKS5-1/4,SGD6BR
BLPPKS5-1/4,EECT400
BLPPKS5-1/4,KRSC46HPBO
BLPPKS5-1/4,ECHDD012A
BLPPKS5-1/4,CTB8174
BLPPKS5-1/4,PH3050BR
BLPSM144,BLPSM1413
BLPSM144,BLPSM1412
BLPSM144,BLPSM148
BLPSM144,BLPSM145
BLPSM144,BLPSM146
BLPSM144,BLPSM149
BLPSM144,BLPSM147
BLPSM144,BLPSM1411
BLPSM144,EECT400
BLPSM144,KRSC46HPBO
BLPT1410,BLPT1427
BLPT1410,BLPT1420
BLPT1410,BLPT1425
BLPT1410,BLPT1415
BLPT1410,BLPT149
BLPT1410,BLPT146
BLPT1410,BLPT148
BLPT1410,BLPT147
BLPT1410,EECT400
BLPT1410,KRSC46HPBO
BLPT3845,BLPT3840
BLPT3845,BLPT3850
BLPT3845,BLPT1427
BLPT3845,BLPT1255
BLPT3845,BLPT1425
BLPT3845,EECT400
BLPT3845,KRSC46HPBO
BLPT3845,ECHDD012A
BLPT3845,CTB8174
BLPT3845,PH3050BR
BLPTL3840,BLPTL148
BLPTL3840,BLPTL1415
BLPTL3840,BLPTL149
BLPTL3840,BLPTL3845
BLPTL3840,BLPTL3850
BLPTL3840,BLPTL1255
BLPTL3840,BLPTL146
BLPTL3840,EECT400
BLPTL3840,KRSC46HPBO
BLPTL3840,ECHDD012A
BLPTS1410,BLPHSM1410
BLPTS1410,BLPHSM148
BLPTS1410,BLPHSM145
BLPTS1410,BLPTS1420
BLPTS1410,BLPTS1415
BLPTS1410,BLPTS1425
BLPTS1410,BLPTS1430
BLPTS1410,BLPHSM146
BLPTS1410,KRSC46HPBO
BLPTS1410,ECHDD012A
BLPH1217,GFAT1E
BLPH1217,BLPHL144
BLPH1217,BLPHL146
BLPH1217,BLPH1214
BLPH1217,BLPH1219
BLPH1217,EEPV500
BLPH1217,207EFAMY
BLPH1217,FAM8E
BLPH1217,GSAF1F
BLPH1217,KRSC46HPBO
LBUK1,GLOVE300BL
LBUK1,MRB10B
LBUK1,PK53A
LBUK1,RBM1011SC
LBUK1,AD10C
LBUK1,SOSG01BKCL01
LBUK1,LP7R
LBUK1,UKBU10
LBUK1,AWEFBH11K
LBUK1,PG160
GA53A,20SSD
GA53A,TM65
GA53A,ATKIFL
GA53A,XS2024A
GA53A,TB40C
GA53A,XS1416A
GA53A,XS1820A
GA53A,KRSC46HPBO
GA53A,ECHDD012A
GA53A,CTB8174
GLOVEORIGPLUSXXL,91ACP
GLOVEORIGPLUSXXL,T72
GLOVEORIGPLUSXXL,SGD2BR
GLOVEORIGPLUSXXL,PWCS7ACF
GLOVEORIGPLUSXXL,PPC103A
GLOVEORIGPLUSXXL,SPBS8AR
GLOVEORIGPLUSXXL,PL400B
GLOVEORIGPLUSXXL,TMXK4
GLOVEORIGPLUSXXL,SRPCR4700
GLOVEORIGPLUSXXL,TMXK60
HD6529,FAML6E
HD6529,FRX181
HD6529,FA12LE
HD6529,SA16E
HD6529,FABLM5E
HD6529,CTB8174
HD6529,PH3050BR
HD6529,A277
HD6529,TPM16EM
HD6529,BB9008
SOXRRM704ISS,TMMDS10
SOXRRM704ISS,TMMDS5
SOXRRM704ISS,TMMDS5.5
SOXRRM704ISS,SOXRR707A
SOXRRM704ISS,106ATMXW
SOXRRM704ISS,SOXRRM710A
SOXRRM704ISS,SHLX80A
SOXRRM704ISS,SGASA204CR
SOXRRM704ISS,KRSC46HPBO
SOXRRM704ISS,YA427B
SOXRRM710,OXIM710B
SOXRRM710,TWM27
SOXRRM710,SGDTX50BR
SOXRRM710,SOXRR707A
SOXRRM710,AWCGT500
SOXRRM710,QD3RN350A
SOXRRM710,208EFTAMXSY
SOXRRM710,UTS105A
SOXRRM710,PH3050BR
SOXRRM710,PSO4625
GA98A,AWL1010DK
GA98A,ATKIFL
GA98A,XS1618A
GA98A,XS2024A
GA98A,XS1416A
GA98A,XS1820A
GA98A,XS1012A
GA98A,EECT400
GA98A,KRSC46HPBO
GA98A,ECHDD012A
SBT26,OFC14KT
SBT26,SHP2KT
SBT26,XLE605
SBT26,YA9350B
SBT26,LIL59000
SBT26,ASTFUN19KIT
SBT26,LDT8
SBT26,CAL6EBR
SBT26,ACT73A
SBT26,RADKITULTRA
JT17A,UTK100
JT17A,AYESCRD
JT17A,FSS141
JT17A,BF775C-A
JT17A,14V
JT17A,OEXM707B
JT17A,A159
JT17A,PT10C
JT17A,A161B
JT17A,AD6C
LDT8,YA9350B
LDT8,GCP10
LDT8,SIMM350
LDT8,LDT3730
LDT8,EEPV500
LDT8,YA450B
LDT8,DPT7A
LDT8,S6103A
LDT8,S9538A
LDT8,DBTB121
LDTM3812,TM84
LDTM3812,TM65
LDTM3812,TMC104E
LDTM3812,VO1416B
LDTM3812,VO1012B
LDTM3812,VO1820B
LDTM3812,VO2224B
LDTM3812,VO3032B
LDTM3812,EECT400
LDTM3812,KRSC46HPBO
LIL59000,TF528D
LIL59000,LDT40
LIL59000,BDGPL412HG
LIL59000,SBT26
LIL59000,OC5A
LIL59000,ASTFUN19KIT
LIL59000,RXS605B
LIL59000,LP5WR
LIL59000,GA3634A
LIL59000,110RTSMA
SEPABODYADD,PK50A
SEPABODYADD,VGP22418
SEPABODYADD,GA243
SEPABODYADD,PSO4625
SEPABODYADD,PTC250
SEPABODYADD,AT475A
SEPABODYADD,UTS105A
SEPABODYADD,AT109
SEPABODYADD,DB121C
SEPABODYADD,VGP12418
SEPAMTSETA,BTWSMPK
SEPAMTSETA,110ETMAY
SEPAMTSETA,XO605
SEPAMTSETA,TB50WC
SEPAMTSETA,SGDMRC108A
SEPAMTSETA,SDM400A
SEPAMTSETA,VO1820B
SEPAMTSETA,VO2628B
SEPAMTSETA,VO1012B
SEPAMTSETA,KRSC46HPBO
SEPAUTOADDA,SIMM170
SEPAUTOADDA,SGDP31IRBR
SEPAUTOADDA,96ACF
SEPAUTOADDA,TMXK2
SEPAUTOADDA,FU8A
SEPAUTOADDA,EECT400
SEPAUTOADDA,KRSC46HPBO
SEPAUTOADDA,ECHDD012A
SEPAUTOADDA,CTB8174
SEPAUTOADDA,PH3050BR
SEPPROK1POTA,ATECH3FR300B
SEPPROK1POTA,SPBS12AR
SEPPROK1POTA,SGDP31IRBR
SEPPROK1POTA,PPC816B
SEPPROK1POTA,SIMM240
SEPPROK1POTA,EECT400
SEPPROK1POTA,KRSC46HPBO
SEPPROK1POTA,ECHDD012A
SEPPROK1POTA,CTB8174
SEPPROK1POTA,PH3050BR
SEPU12TWA,QD3R250A
SEPU12TWA,GSAF1F
SEPU12TWA,B1458C
SEPU12TWA,QD1R200A
SEPU12TWA,QD2R100A
SEPU12TWA,F80
SEPU12TWA,S8184
SEPU12TWA,S6112
SEPU12TWA,EECT400
SEPU12TWA,KRSC46HPBO
SRES28,SRES306
SRES28,FTA35
SRES28,208FRDHM
SRES28,SRES22
SRES28,SRES18
SRES28,SRES26
SRES28,SRES20
SRES28,SRES24
SRES28,ECHDD012A
SRES28,CTB8174
SSR7,PPK15
SSR7,GA265A
SSR7,TR117O
SSR7,SSM5A
SSR7,REX13C
SSR7,BLPBTW6
SSR7,SS5A
SSR7,ECHDD012A
SSR7,CTB8174
SSR7,PH3050BR
TBS200A,R404
TBS200A,EXDL10A
TBS200A,PPC208A
TBS200A,TF528D
TBS200A,TF275A
TBS200A,TC15A
TBS200A,TF5A
TBS200A,AVSNP01160
TBS200A,KRSC46HPBO
TBS200A,ECHDD012A
LSR1000EXT,QD3RN350A
LSR1000EXT,SEPIMMSIMMA
LSR1000EXT,LSRM2000
LSR1000EXT,LSR1450
LSR1000EXT,LSR1580
LSR1000EXT,LSR1150
LSR1000EXT,CTB8174
LSR1000EXT,BTG8
LSR1000EXT,PH3050BR
LSR1000EXT,FB303B
OFC7374-14,208EFAY
OFC7374-14,FA8E
OFC7374-14,FA12E
OFC7374-14,106TMUSMA
OFC7374-14,SGD153BR
OFC7374-14,FZ7A
OFC7374-14,BHS13A
OFC7374-14,EEPV509
OFC7374-14,BHM9A
OFC7374-14,CTB8174
PBMA5,PBMMB5R
PBMA5,PBMMS5R
PBMA5,PBMMS5
PBMA5,PBMMA5
PBMA5,PBMMA5R
PBMA5,PBMA5R
PBMA5,PBMA5G
PBMA5,EECT400
PBMA5,KRSC46HPBO
PBMA5,ECHDD012A
PBMMB5,PBMMB5R
PBMMB5,PBMMS5R
PBMMB5,PBMMA5R
PBMMB5,PBMMS5
PBMMB5,PBMMA5
PBMMB5,PBMMB5O
PBMMB5,CTB8174
PBMMB5,PH3050BR
PBMMB5,CTR867AK2
PBMMB5,ECHDD012A
PK23A,CSA8CR
PK23A,UIM225
PK23A,UPT35
PK23A,S9704KA
PK23A,GA460B
PK23A,AD12C
PK23A,207EFAMY
PK23A,PRH57A
PK23A,ECHDD012A
PK23A,CTB8174
PK70,312IMMS
PK70,SRP3B
PK70,SIMM360
PK70,SRP400B
PK70,YA339A
PK70,BTCP400
PK70,PK53A
PK70,EECT400
PK70,KRSC46HPBO
PK70,ECHDD012A
PPK20,SGD6BR
PPK20,TMXK60
PPK20,A2A
PPK20,SPBS18AR
PPK20,SGASA204CR
PPK20,EECT400
PPK20,KRSC46HPBO
PPK20,ECHDD012A
PPK20,CTB8174
PPK20,PH3050BR
R3032C,SGD2BR
R3032C,91ACP
R3032C,SRPCR3800
R3032C,96ACF
R3032C,SIMM190
R3032C,EECT400
R3032C,KRSC46HPBO
R3032C,ECHDD012A
R3032C,CTB8174
R3032C,PH3050BR
SAG10S18,PTR2505
SAG10S18,AWCG1600B
SAG10S18,AWMCG1600B
SAG10S18,PH3050BR
SAG10S18,AWCGT40
SAG10S18,RBM1213C
SAG10S18,RBM1415C
SAG10S18,RBM1719C
SAG10S18,RBM1011C
SAG10S18,RBM910C
KWSN2455ABL,TMMD9
KWSN2455ABL,TMMD6
KWSN2455ABL,TMMD5.5
KWSN2455ABL,KCP1422PBO
KWSN2455ABL,BTC7B
KWSN2455ABL,KCP2422PBO
KWSN2455ABL,AWMEF8K
KWSN2455ABL,SR40K
KWSN2455ABL,TF5A
KWSN2455ABL,111TMMDY
SOXRR702,SOXRRM710A
SOXRR702,FAML6E
SOXRR702,FABLM5E
SOXRR702,FA12LE
SOXRR702,KAC1224TCA
SOXRR702,GF22
SOXRR702,CTB8174
SOXRR702,PH3050BR
SOXRR702,A277
SOXRR702,BB9008
SRPCR3800,SRPCR107
SRPCR3800,SRPCR112
SRPCR3800,PL1000START
SRPCR3800,SRPCR4700
SRPCR3800,TFM7530B
SRPCR3800,FB303B
SRPCR3800,SN25A
SRPCR3800,SW421
SRPCR3800,786CF
SRPCR3800,GA296B
SSF1,SSFP2
SSF1,SSFP1
SSF1,AOGMHC
SSF1,PKN9
SSF1,SGDE220ESD
SSF1,SGDE230ESD
SSF1,EECT400
SSF1,KRSC46HPBO
SSF1,ECHDD012A
SSF1,CTB8174
SRES18,SRES306
SRES18,208FRDHM
SRES18,208FRDH
SRES18,SRES22
SRES18,SRES28
SRES18,SRES26
SRES18,SRES20
SRES18,SRES24
SRES18,ECHDD012A
SRES18,CTB8174
TB40C,ATKBFL
TB40C,BP12B
TB40C,95ACF
TB40C,20SSD
TB40C,GA53A
TB40C,120SSDP
TB40C,SS5A
TB40C,FB302A
TB40C,TM61A
TB40C,RULER600
TES8B,R1011C
TES8B,R810C
TES8B,R1012C
TES8B,R2022C
TES8B,R2830C
TES8B,R2426C
TES8B,R2428C
TES8B,R1214C
TES8B,EECT400
TES8B,KRSC46HPBO
LSR1250,VGP104
LSR1250,LSR1150
LSR1250,SIMM320
LSR1250,LSR1000EXT
LSR1250,BT11
LSR1250,ECHDD012A
LSR1250,CTB8174
LSR1250,FB303B
LSR1250,PH3050BR
LSR1250,ACT83A
MS800,PKRS1
MS800,212EFTAY
MS800,PTIM5
MS800,SW421
MS800,PPC5A
MS800,MS400A
MS800,PPB826A
MS800,AT4124
MS800,PK52A
MS800,AT4135
PKWLR53A,211FSY
PKWLR53A,FS221
PKWLR53A,FS241
PKWLR53A,PGP120
PKWLR53A,CTR862DB
PKWLR53A,FB361A
PKWLR53A,SOEXM9
PKWLR53A,SGDX40BR
PKWLR53A,JCK7DBL
PKWLR53A,SOEXM8
PBMMS5R,PBMMA5
PBMMS5R,PBMMB5O
PBMMS5R,PBMMB5G
PBMMS5R,PBMMB5R
PBMMS5R,PBMMA5R
PBMMS5R,PBMMS5G
PBMMS5R,PBMMS5O
PBMMS5R,KRSC46HPBO
PBMMS5R,ECHDD012A
PBMMS5R,CTB8174
PK53A,OEXM8B
PK53A,OEXM9B
PK53A,FB303B
PK53A,PG160
PK53A,FB360C
PK53A,BP32B
PK53A,340SSDP
PK53A,AWM110DHK
PK53A,TPM16
PK53A,KRA2007FPBO
PWZ5,L872RM
PWZ5,CSSD1R
PWZ5,YA9350B
PWZ5,PWZ4
PWZ5,BLPPB704
PWZ5,PWZ3A
PWZ5,PWZ0A
PWZ5,PH3050BR
PWZ5,MG1250
PWZ5,MTTL800
R1214C,R810C
R1214C,R1011C
R1214C,R1012C
R1214C,R2022C
R1214C,R1618C
R1214C,R2428C
R1214C,R2426C
R1214C,EECT400
R1214C,KRSC46HPBO
R1214C,ECHDD012A
R3840A,91ACP
R3840A,SPBS704AR
R3840A,F80
R3840A,FHLF80A
R3840A,96ACF
R3840A,EECT400
R3840A,KRSC46HPBO
R3840A,ECHDD012A
R3840A,CTB8174
R3840A,PH3050BR
CTR881DB,SGDP31IRBR
CTR881DB,T72
CTR881DB,PPC4A
CTR881DB,SIMM180
CTR881DB,PPC103A
CTR881DB,SPBS704AR
CTR881DB,SPBS12AR
CTR881DB,FHLF80A
CTR881DB,FXK11
CTR881DB,SGD2BR
FSLF80,TRSLF72
FSLF80,FZ80
FSLF80,FC72
FSLF80,FCF72
FSLF80,PKNG90
FSLF80,PH3050BR
FSLF80,RULER6
FSLF80,JCK8
FSLF80,ITHE100
FSLF80,EARPLUGBAND
SHP253438,91ACP
SHP253438,FXK3
SHP253438,FXK6
SHP253438,SIMM220
SHP253438,SRPCR4700
SHP253438,T72
SHP253438,SIMM170
SHP253438,SPBS12AR
SHP253438,SIMM180
SHP253438,SGDX80BR
TDM99117C,IPL30C
TDM99117C,IPL36C
TDM99117C,210FCOMA
TDM99117C,TD9902C
TDM99117C,IPL34C
TDM99117C,429IM
TDM99117C,PPB30AK
TDM99117C,CTB8174
TDM99117C,PH3050BR
TDM99117C,EEPV509
MS1300,BLPTHC87
MS1300,96ACF
MS1300,SPBS18AR
MS1300,TR108
MS1300,TDG2
MS1300,LP404
MS1300,SHLF80A
MS1300,SHLX80A
MS1300,TA3
MS1300,KRSC46HPBO
OFWHD1,OFWHD1
OFWHD1,BLPHL146
OFWHD1,BLPT1420
OFWHD1,OFWHD2
OFWHD1,OFW3
OFWHD1,OFW4KT
OFWHD1,BLPHL145
OFWHD1,BLPHL144
OFWHD1,EECT400
OFWHD1,KRSC46HPBO
PHP3A,PHP1A
PHP3A,PHP2A
PHP3A,SGA1714B
PHP3A,HCP10
PHP3A,SGA1713B
PHP3A,ACT51234A
PHP3A,SVTS264
PHP3A,ACTR4151A
PHP3A,RTEMP8
PHP3A,ACT413A
PBFT60R,SPBS704AR
PBFT60R,SPBS8AR
PBFT60R,SPBS18AR
PBFT60R,PBFT50R
PBFT60R,PBMMS5R
PBFT60R,PBMB5R
PBFT60R,PWCS7ACF
PBFT60R,SPBS12AR
PBFT60R,EECT400
PBFT60R,KRSC46HPBO
PBMMS5O,PBMMB5G
PBMMS5O,PBMMA5G
PBMMS5O,PBMB5O
PBMMS5O,PBMMB5O
PBMMS5O,PBMMA5O
PBMMS5O,PBMMS5G
PBMMS5O,ECHDD012A
PBMMS5O,CTB8174
PBMMS5O,PH3050BR
PBMMS5O,TPGDL2000
PKN90,PPC1A
PKN90,PSN500
PKN90,388ACF
PKN90,AWTR8
PKN90,PKNC150
PKN90,AWMXL10
PKN90,PKN500
PKN90,PH3050BR
PKN90,EEDM525F
PKN90,KRSC326FPBO
RBM1213C,RBM910C
RBM1213C,SG4ASHBR
RBM1213C,RBM1213C
RBM1213C,RBM1415C
RBM1213C,RBM1011C
RBM1213C,RBM1618C
RBM1213C,RBM1719C
RBM1213C,EECT400
RBM1213C,KRSC46HPBO
RBM1213C,ECHDD012A
R3640SA,SPBS18AR
R3640SA,FXK3
R3640SA,SHD1R
R3640SA,PPC4A
R3640SA,FX1
R3640SA,EECT400
R3640SA,KRSC46HPBO
R3640SA,ECHDD012A
R3640SA,CTB8174
R3640SA,PH3050BR
YA4618,BLPTHC87
YA4618,SIMM170
YA4618,SIMM150A
YA4618,SGD2BR
YA4618,SIMM230
YA4618,TMXK2
YA4618,ATECH2FR125B
YA4618,SIMM220
YA4618,SGDP42IRBR
YA4618,SPBS704AR
SDG10S25F,PH3050BR
SDG10S25F,SG4ASABR
SDG10S25F,SG5ASABR
SDG10S25F,PDR3000A
SDG10S25F,VWB8B
SDG10S25F,PTGR110
SDG10S25F,312IMMS
SDG10S25F,PTC250
SDG10S25F,PSO4625
SDG10S25F,SLL80A
TTA35,SSFP2
TTA35,XO605
TTA35,FXWP3
TTA35,FTA35
TTA35,STA35
TTA35,ADCF8
TTA35,208FRDH
TTA35,A277
TTA35,PWC52A
TTA35,ECHDD012A
VGP12418,VGP22412
VGP12418,A159
VGP12418,SG5ASABR
VGP12418,VGP12509
VGP12418,VGP12406
VGP12418,VGP12412
VGP12418,VGP12808
VGP12418,YA109C
VGP12418,GA296B
VGP12418,AT109
SDG03S25,SIMM210
SDG03S25,315SIMMYA
SDG03S25,SGDP63IRBR
SDG03S25,MG725A
SDG03S25,PHG1055BK
SDG03S25,PH3050BR
SDG03S25,SIMM200
SDG03S25,SIMM110A
SDG03S25,SIMM100A
SDG03S25,SIMM130A
UPTM65K,SOEX36
UPTM65K,SEPPREHDA
UPTM65K,SOEX40
UPTM65K,PKNC150
UPTM65K,SOEX38
UPTM65K,414AHD
UPTM65K,YA4275
UPTM65K,EECT400
UPTM65K,KRSC46HPBO
UPTM65K,ECHDD012A
VSC4KT-4,91ACP
VSC4KT-4,SGDX80BR
VSC4KT-4,SGDP31IRBR
VSC4KT-4,PL400B
VSC4KT-4,PPC816B
VSC4KT-4,EECT400
VSC4KT-4,KRSC46HPBO
VSC4KT-4,ECHDD012A
VSC4KT-4,CTB8174
VSC4KT-4,PH3050BR
XDLR705A,TMUS181A
XDLR705A,106TMUSA
XDLR705A,TMUS141A
XDLR705A,XDLRM705K1A
XDLR705A,208FRDH
XDLR705A,XDLRM705K2A
XDLR705A,XDLRM11A
XDLR705A,A277
XDLR705A,SOXRR707A
XDLR705A,KRSC46HPBO
XDLRM705K1A,XDLRM11A
XDLRM705K1A,214SIMFMYA
XDLRM705K1A,IMM110A
XDLRM705K1A,XDLRM705K2A
XDLRM705K1A,XDLR705A
XDLRM705K1A,207IPFM
XDLRM705K1A,214IMFMYA
XDLRM705K1A,SHX80B
XDLRM705K1A,KRSC46HPBO
XDLRM705K1A,PH3050BR
XDSGM607K1,PWCS9ACF
XDSGM607K1,PWCS7ACF
XDSGM607K1,SHDX80R
XDSGM607K1,XDSGM607K1O
XDSGM607K1,XDSGM607K1G
XDSGM607K1,PL5ESWIRESTRIP
XDSGM607K1,CSSD1R
XDSGM607K1,PWCSS7ACF
XDSGM607K1,EECT400
XDSGM607K1,KRSC46HPBO
UTS105A,QD3RN350A
UTS105A,VGP12412
UTS105A,14V
UTS105A,VGP12418
UTS105A,AT408
UTS105A,LSR1450
UTS105A,BLP14HVLP
UTS105A,BLP18HVLP
UTS105A,AT425R
UTS105A,VWB5B
VGP22412,LP7WR
VGP22412,AWBPH13
VGP22412,AC58E
VGP22412,VGP22418
VGP22412,VGP12406
VGP22412,VGP12808
VGP22412,VGP12418
VGP22412,VGP12412
VGP22412,ECHDD012A
VGP22412,CTB8174
VGP22418,SEPABODYADD
VGP22418,A161B
VGP22418,AC58E
VGP22418,GA243
VGP22418,VGP22412
VGP22418,YA109C
VGP22418,PK50A
VGP22418,A159
VGP22418,PSO4525
VGP22418,EARPLUGBAND
SHLL80AO,FHBF80A
SHLL80AO,SHL80A
SHLL80AO,SHN36
SHLL80AO,FHLL80
SHLL80AO,THLL72
SHLL80AO,FHL80
SHLL80AO,SH80A
SHLL80AO,EECT400
SHLL80AO,KRSC46HPBO
SHLL80AO,ECHDD012A
SRP3B,SRP400B
SRP3B,OFW3
SRP3B,OEXM9B
SRP3B,SWM111A
SRP3B,SN25A
SRP3B,SWM101A
SRP3B,ACT1370
SRP3B,FB303B
SRP3B,222AFSP
SRP3B,ECHDD012A
TMM12,STMM12
TMM12,STMM14
TMM12,STMM6
TMM12,TMM14
TMM12,TMM6
TMM12,TMM13
TMM12,TMM9
TMM12,EECT400
TMM12,KRSC46HPBO
TMM12,ECHDD012A
TPM16GRN,ATKIFL
TPM16GRN,ATKBFL
TPM16GRN,VO2628B
TPM16GRN,XS2024A
TPM16GRN,TB40C
TPM16GRN,XS1416A
TPM16GRN,XS1820A
TPM16GRN,XS1012A
TPM16GRN,XS2226A
TPM16GRN,XS1618A
ECPNH012UV,PWC52A
ECPNH012UV,IPLM13C
ECPNH012UV,ECARL032R
ECPNH012UV,ECPNH012
ECPNH012UV,ACTUVLITE4
ECPNH012UV,ECPNJ032
ECPNH012UV,EECR5A
ECPNH012UV,GLOVE300BL
ECPNH012UV,GA265A
ECPNH012UV,312IPLM
206AFSA,206FSUMA
206AFSA,206SFSUM
206AFSA,TWM31
206AFSA,TWM29
206AFSA,TMC105E
206AFSA,PH3050BR
206AFSA,AT4135
206AFSA,AT4124
206AFSA,FB303B
206AFSA,ACT413A
207IPSFM,207IPFM
207IPSFM,307IPLMY
207IPSFM,111TMUSMA
207IPSFM,106IPTMMA
207IPSFM,IPSM15
207IPSFM,IPSM21
207IPSFM,CTB8174
207IPSFM,PH3050BR
207IPSFM,PT338
207IPSFM,SVTS264
IPDLM16A,IPSM21
IPDLM16A,IPLM21C
IPDLM16A,IPLM18C
IPDLM16A,IPLM19C
IPDLM16A,IPLM24C
IPDLM16A,EECT400
IPDLM16A,KRSC46HPBO
IPDLM16A,ECHDD012A
IPDLM16A,CTB8174
IPDLM16A,PH3050BR
AWBSG20A,FX1
AWBSG20A,SIMM230
AWBSG20A,47ACF
AWBSG20A,TMXK2
AWBSG20A,SIMM190
AWBSG20A,EECT400
AWBSG20A,KRSC46HPBO
AWBSG20A,ECHDD012A
AWBSG20A,CTB8174
AWBSG20A,PH3050BR
OEXM300B,OEXM230B
OEXM300B,OEX44B
OEXM300B,OEX42B
OEXM300B,OEXM290B
OEXM300B,OEXM320B
OEXM300B,OEXM260B
OEXM300B,OEXM250B
OEXM300B,OEXM270B
OEXM300B,CTB8174
OEXM300B,PH3050BR
EETL500,SGTT2B
EETL500,SGTT3B
EETL500,SGTT5B
EETL500,EEPV503
EETL500,EEPV509
EETL500,EEPV500
EETL500,SGD155CR
EETL500,VWB8B
EETL500,SGD153BR
EETL500,SGTT110B
XDLRM11A,XDLRM705K1A
XDLRM11A,SHX80B
XDLRM11A,IMM140A
XDLRM11A,XDLRM705K2A
XDLRM11A,XDLR705A
XDLRM11A,112RTSMA
XDLRM11A,CT9080K2
XDLRM11A,207IPFM
XDLRM11A,214IMFMYA
XDLRM11A,KRSC46HPBO
206ESSPKPLG,S9704KA
206ESSPKPLG,208EPIT
206ESSPKPLG,ATECHFSET02R
206ESSPKPLG,BTCP2SA
206ESSPKPLG,SVTS272A
206ESSPKPLG,XFRRM705
206ESSPKPLG,211EFAMY
206ESSPKPLG,IPF800B
206ESSPKPLG,124STTMM
206ESSPKPLG,ECHDD012A
120STTM,SEPPROCORE1A
120STTM,110STMY
120STTM,110TMY
120STTM,124STTMM
120STTM,SEPPROCORE2A
120STTM,AT4124
120STTM,PTIM5
120STTM,PK52A
120STTM,AT4135
120STTM,212EFTAY
AWL4-1/2D,T72
AWL4-1/2D,SRPCR4700
AWL4-1/2D,F80
AWL4-1/2D,PL400B
AWL4-1/2D,SIMM150A
AWL4-1/2D,EECT400
AWL4-1/2D,KRSC46HPBO
AWL4-1/2D,ECHDD012A
AWL4-1/2D,CTB8174
AWL4-1/2D,PH3050BR
KRBC100ABFI,SIMM160A
KRBC100ABFI,SIMM170
KRBC100ABFI,SIMM150A
KRBC100ABFI,TMXK60
KRBC100ABFI,TMXK2
KRBC100ABFI,BLPTL1427
KRBC100ABFI,KRA2411PBO
KRBC100ABFI,PBMP703A
KRBC100ABFI,PH3050BR
KRBC100ABFI,ATECH3FR300B
EEPV509,SVTS272A
EEPV509,SW341
EEPV509,RTEMP8
EEPV509,EEPV500
EEPV509,EEPV503
EEPV509,SGD153BR
EEPV509,SGD155CR
EEPV509,YA4000B
EEPV509,EETL500
EEPV509,FZ7A
SPBS24AO,SPBS704AR
SPBS24AO,SR40K
SPBS24AO,317AMMPC
SPBS24AO,SPBS8AR
SPBS24AO,SPBS12AR
SPBS24AO,SPBS18AR
SPBS24AO,309SIMYA
SPBS24AO,BTC7B
SPBS24AO,KRSC46HPBO
SPBS24AO,ECHDD012A
AD12C,PRH57A
AD12C,PK23A
AD12C,1512B
AD12C,AD8C
AD12C,AD6C
AD12C,AD10C
AD12C,FB307RNB
AD12C,AT4124
AD12C,ACT1290A
AD12C,FB302A
OXIM9B,OEXM8B
OXIM9B,OEXM9B
OXIM9B,OXI707BK
OXIM9B,OXIM8B
OXIM9B,OXIM7B
OXIM9B,OXIM6B
OXIM9B,XB605A
OXIM9B,ECHDD012A
OXIM9B,CTB8174
OXIM9B,PH3050BR
RD8,UIM2RSLT
RD8,CJ2001P
RD8,206FSUMA
RD8,MTEE6
RD8,RTD48
RD8,VWB8B
RD8,FZ80
RD8,RADKITULTRA
RD8,QDTPMS
RD8,ACT73A
FB302A,20SSD
FB302A,ATKIFL
FB302A,ATKBFL
FB302A,XS2024A
FB302A,TB40C
FB302A,XS1416A
FB302A,XS1820A
FB302A,XS1012A
FB302A,XS2226A
FB302A,XS1618A
SHD4G,SHD1R
SHD4G,10R
SHD4G,SHDX60R
SHD4G,SHDP31IRR
SHD4G,SHDP42IRR
SHD4G,SHD2R
SHD4G,SHD6R
SHD4G,SHDP63IRR
SHD4G,ECHDD012A
SHD4G,CTB8174
ITHE100,YA832A
ITHE100,FB360C
ITHE100,US712
ITHE100,B1461
ITHE100,OFW4
ITHE100,PKNG90
ITHE100,AWMEF7K
ITHE100,BHS7A
ITHE100,KRA2055FPBO
ITHE100,AW1020DK
GLOVE600M,GLOVE309L
GLOVE600M,GLOVE300BL
GLOVE600M,GLOVE1100L
GLOVE600M,SOSG01BKCL01
GLOVE600M,GLASS90BYEAR
GLOVE600M,HSPD16
GLOVE600M,SFSM21
GLOVE600M,OXIM6B
GLOVE600M,AWMBPH9
GLOVE600M,AWBPH13
GLOVE600XL,GLOVE309L
GLOVE600XL,GLOVE300BL
GLOVE600XL,GLOVE1100L
GLOVE600XL,SOSG01BKCL01
GLOVE600XL,GLASS90BYEAR
GLOVE600XL,HSPD16
GLOVE600XL,SFSM21
GLOVE600XL,OXIM6B
GLOVE600XL,AWMBPH9
GLOVE600XL,AWBPH13
AWXL13-3/16,96ACF
AWXL13-3/16,ATECH3FR300B
AWXL13-3/16,FHLF80A
AWXL13-3/16,SIMM200
AWXL13-3/16,SPBS18AR
AWXL13-3/16,EECT400
AWXL13-3/16,KRSC46HPBO
AWXL13-3/16,ECHDD012A
AWXL13-3/16,CTB8174
AWXL13-3/16,PH3050BR
SGT4BR,117TMM
SGT4BR,BTK5
SGT4BR,SEPPREMETA
SGT4BR,S6118A
SGT4BR,FB303B
SGT4BR,S6110A
SGT4BR,2004BSKA
SGT4BR,AC5C
SGT4BR,CTB8174
SGT4BR,TPM16
SHDX80R,9100AGMO
SHDX80R,9100GSO
SHDX80R,SHD2R
SHDX80R,AWM110DHK
SHDX80R,TPM16
SHDX80R,AC5C
SHDX80R,2004BSKA
SHDX80R,FB360C
SHDX80R,KRA2007FPBO
SHDX80R,PK53A
AWM2-1/2D,FXK6
AWM2-1/2D,A2A
AWM2-1/2D,47ACF
AWM2-1/2D,ATECH2FR125B
AWM2-1/2D,SIMM210
AWM2-1/2D,EECT400
AWM2-1/2D,KRSC46HPBO
AWM2-1/2D,ECHDD012A
AWM2-1/2D,CTB8174
AWM2-1/2D,PH3050BR
IPLM24C,IPLM21C
IPLM24C,IPLM18C
IPLM24C,IPSM22
IPLM24C,IPLM19C
IPLM24C,IPLM17C
IPLM24C,EECT400
IPLM24C,KRSC46HPBO
IPLM24C,ECHDD012A
IPLM24C,CTB8174
IPLM24C,PH3050BR
AWSGM800A,AWBSG800A
AWSGM800A,TW381
AWSGM800A,AW1015DHK
AWSGM800A,AWSG800A
AWSGM800A,AWSGT800A
AWSGM800A,218AFSP
AWSGM800A,PKNC200
AWSGM800A,CTB8174
AWSGM800A,PH3050BR
AWSGM800A,FB316B
FADH704CO,FADH6C
FADH704CO,FADH8C
FADH704CO,FADH10C
FADH704CO,AD8C
FADH704CO,AD12C
FADH704CO,XDSGM607K1G
FADH704CO,AD6C
FADH704CO,AD10C
FADH704CO,KRSC46HPBO
FADH704CO,ECHDD012A
TMMD10,111TMMDY
TMMD10,108ES10MMY
TMMD10,TMMD6
TMMD10,TMMD9
TMMD10,TMMD12
TMMD10,TMMD11
TMMD10,TMMD5
TMMD10,TMMD7
TMMD10,ECHDD012A
TMMD10,CTB8174
OEX10B,OEX8B
OEX10B,OEX11B
OEX10B,OEXM7B
OEX10B,PKN9
OEX10B,SGDE220ESD
OEX10B,KRSC46HPBO
OEX10B,ECHDD012A
OEX10B,CTB8174
OEX10B,PH3050BR
OEX10B,FB303B
MAGDISH10,CLRPW75
MAGDISH10,MRB5B
MAGDISH10,GLOVE300BL
MAGDISH10,MAGMAT
MAGDISH10,MAGTRAY
MAGDISH10,MAGMICRO
MAGDISH10,MAGMINI
MAGDISH10,MAGSTRIP
MAGDISH10,KAERNADD6RD
MAGDISH10,PTM2
TM61A,20SSD
TM61A,XS67A
TM61A,TM65
TM61A,XS2024A
TM61A,TB40C
TM61A,XS1416A
TM61A,KRSC46HPBO
TM61A,ECHDD012A
TM61A,CTB8174
TM61A,PH3050BR
213AFLEY,211EFAMY
213AFLEY,212EFTXY
213AFLEY,SEPPREMETA
213AFLEY,BLPXZNM389
213AFLEY,210EFTAMY
213AFLEY,EECT400
213AFLEY,KRSC46HPBO
213AFLEY,ECHDD012A
213AFLEY,CTB8174
213AFLEY,PH3050BR
RULER601,GLASS30R
RULER601,SEPPROCORE1A
RULER601,BP8B
RULER601,218AFSP
RULER601,YA450B
RULER601,SEPPROCORE2A
RULER601,AWL1010DK
RULER601,PKNC200
RULER601,YA2020
RULER601,DS806AK
TMP22E,TMP12E
TMP22E,TMP23E
TMP22E,TMC104E
TMP22E,TMC106E
TMP22E,TM82
TMP22E,EECT400
TMP22E,KRSC46HPBO
TMP22E,ECHDD012A
TMP22E,CTB8174
TMP22E,PH3050BR
A159,BF775C-A
A159,VGP12412
A159,VGP12418
A159,14V
A159,GA243
A159,VWB5B
A159,AT425R
A159,JT17A
A159,AT408
A159,BLP15HVLP
S9714MKDEU,206ESSPKPLG2
S9714MKDEU,206ESSPKPLG
S9714MKDEU,205ESSPKPLG3
S9714MKDEU,S9711KA
S9714MKDEU,S9704KA
S9714MKDEU,110RTSMA
S9714MKDEU,A127
S9714MKDEU,OFSKIT
S9714MKDEU,AT5500
S9714MKDEU,CT825DB
EECT424HD,MRB12B
EECT424HD,FTX60E
EECT424HD,TWM30
EECT424HD,TF5A
EECT424HD,TMC105E
EECT424HD,TMP12E
EECT424HD,TWM31
EECT424HD,TWM29
EECT424HD,1210B
EECT424HD,TWM28
F161,FA12LE
F161,218AFP
F161,ATKIFL
F161,F221
F161,F201
F161,F261
F161,F121
F161,EECT400
F161,KRSC46HPBO
F161,ECHDD012A
AWL6D,FX1
AWL6D,BLPTHC87
AWL6D,SIMM170
AWL6D,SRPCR3800
AWL6D,SGD4BR
AWL6D,EECT400
AWL6D,KRSC46HPBO
AWL6D,ECHDD012A
AWL6D,CTB8174
AWL6D,PH3050BR
ECHDF042,JCK7DBL
ECHDF042,ECHDD012A
ECHDF042,TDG2
ECHDF042,ECPNI032R
ECHDF042,ECPNJ032
ECHDF042,PBFT50R
ECHDF042,GLOVE300BL
ECHDF042,ECPNH012
ECHDF042,UIM2RSLT
ECHDF042,ECARL032R
ECHDF042B,JCK7DBL
ECHDF042B,ECHDD012A
ECHDF042B,TDG2
ECHDF042B,ECPNI032R
ECHDF042B,ECPNJ032
ECHDF042B,PBFT50R
ECHDF042B,GLOVE300BL
ECHDF042B,ECPNH012
ECHDF042B,UIM2RSLT
ECHDF042B,ECARL032R
PPC106A,PPC715BK
PPC106A,PPCD70BK
PPC106A,PPC210BK
PPC106A,PPC1A
PPC106A,TB40C
PPC106A,PPC203A
PPC106A,PPC205A
PPC106A,PPC206A
PPC106A,PPC820B
PPC106A,ECHDD012A
F101,F181
F101,F141
F101,F121
F101,F081
F101,F261
F101,F281
F101,EECT400
F101,KRSC46HPBO
F101,ECHDD012A
F101,CTB8174
ECUHD218,EECT400
ECUHD218,MTTL800
ECUHD218,JCK7DBL
ECUHD218,ECPNG032
ECUHD218,EEBC30A12V
ECUHD218,BRHC2PK
ECUHD218,LSR1500
ECUHD218,204FXKLA
ECUHD218,SVTSRAD272U
ECUHD218,YA4000B
OEXM9B,OEXM8B
OEXM9B,OEXM7B
OEXM9B,SIMM340
OEXM9B,OEXM6B
OEXM9B,FB303B
OEXM9B,SIMM300
OEXM9B,PH3050BR
OEXM9B,AT425R
OEXM9B,ACT83A
OEXM9B,VWB5B
AWT50A,TMU8B
AWT50A,SPBS18AR
AWT50A,PL400B
AWT50A,SGDP42IRBR
AWT50A,SGD2BR
AWT50A,EECT400
AWT50A,KRSC46HPBO
AWT50A,ECHDD012A
AWT50A,CTB8174
AWT50A,PH3050BR
GAW1924,SGDP31IRBR
GAW1924,47ACF
GAW1924,SPBS8AR
GAW1924,ATECH3FR300B
GAW1924,SGDX80BR
GAW1924,EECT400
GAW1924,KRSC46HPBO
GAW1924,ECHDD012A
GAW1924,CTB8174
GAW1924,PH3050BR
KCP1422BCD,AWM140DK
KCP1422BCD,AC58E
KCP1422BCD,111TMMDY
KCP1422BCD,KWSN2455ABL
KCP1422BCD,KWSN2455AST
KCP1422BCD,KWSP2455AST
KCP1422BCD,KWSP2455ABL
KCP1422BCD,KRWT2411
KCP1422BCD,SR40K
KCP1422BCD,BTC7B
UTK100,BTC7B
UTK100,A159
UTK100,13ELECTBP14KIT
UTK100,AC58E
UTK100,ECF35
UTK100,SNA-TBP14
UTK100,VGP22418
UTK100,YA109C
UTK100,GA243
UTK100,SR40K
MS24A,47ACF
MS24A,SGD4BR
MS24A,SIMM170
MS24A,SPBS704AR
MS24A,A2A
MS24A,EECT400
MS24A,KRSC46HPBO
MS24A,ECHDD012A
MS24A,CTB8174
MS24A,PH3050BR
SGD4BO,SGDP64IRBR
SGD4BO,SGDP63IRBR
SGD4BO,13ELECTBP14KIT
SGD4BO,SGDP31IRBR
SGD4BO,SGDP42IRBR
SGD4BO,SGD2BR
SGD4BO,SGD6BR
SGD4BO,SGD8BR
SGD4BO,ACT83A
SGD4BO,FB303B
AWSGT27A,TMMS13
AWSGT27A,TMMS15
AWSGT27A,TMMS7
AWSGT27A,BLPTL1427
AWSGT27A,TMMS11
AWSGT27A,TMMS9
AWSGT27A,TMMS6
AWSGT27A,TMMS5.5
AWSGT27A,EECT400
AWSGT27A,KRSC46HPBO
TA50,TW361
TA50,TW301
TA50,313TWYA
TA50,TA32A
TA50,TW221
TA50,TW281
TA50,TW161A
TA50,TW141A
TA50,TW181A
TA50,TW241
VAC201,TPM16EM
VAC201,EEPV500
VAC201,EEPV509
VAC201,ASTFUN19KIT
VAC201,YA832A
VAC201,YA427B
VAC201,ITHE100
VAC201,BTCP400
VAC201,JCW80AR
VAC201,PWZ4
DBHS13,TMA2.5E
DBHS13,SDMT25D
DBHS13,SDMT10D
DBHS13,DBHM9
DBHS13,AWTR8
DBHS13,AWXL13
DBHS13,AWTPH8
DBHS13,KRSC46HPBO
DBHS13,ECHDD012A
DBHS13,CTB8174
SIM280,SIM240
SIM280,SIM260
SIM280,SIM300
SIM280,SIM180A
SIM280,SIM320
SIM280,SIM220
SIM280,KRSC46HPBO
SIM280,ECHDD012A
SIM280,CTB8174
SIM280,PH3050BR
TR117O,SFSM21
TR117O,SPRG625R
TR117O,TFTFM932A
TR117O,TR108
TR117O,SDMV208
TR117O,WHM1
TR117O,GA358B
TR117O,PTM2
TR117O,PGP50
TR117O,TDG2
TLLF72,FLLF80
TLLF72,AOGMHC
TLLF72,SGDE225ESD
TLLF72,PKN9
TLLF72,SGDE220ESD
TLLF72,SGDE230ESD
TLLF72,SGDEP20ESD
TLLF72,EECT400
TLLF72,KRSC46HPBO
TLLF72,ECHDD012A
PPC204A,PPC820B
PPC204A,PPC203A
PPC204A,PPC205A
PPC204A,PPC210A
PPC204A,PPC208A
PPC204A,AWEF6K
PPC204A,PH3050BR
PPC204A,PG160
PPC204A,OC5A
PPC204A,EFPHANNIBALB
SFSM16,SFSM18
SFSM16,SFSM17
SFSM16,SFSM11
SFSM16,SFSM19
SFSM16,SFSM15
SFSM16,EECT400
SFSM16,KRSC46HPBO
SFSM16,ECHDD012A
SFSM16,CTB8174
SFSM16,PH3050BR
THRLX72,FH80MP
THRLX72,THLL72
THRLX72,FHBF80A
THRLX72,FHOF80A
THRLX72,FHLX80B
THRLX72,SHX80B
THRLX72,THR72
THRLX72,FHR80
THRLX72,KRSC46HPBO
THRLX72,ECHDD012A
SRPCR4700,OFW3
SRPCR4700,SRPCR107
SRPCR4700,SRPCR112
SRPCR4700,SRPCR3800
SRPCR4700,FB303B
SRPCR4700,SN25A
SRPCR4700,SW421
SRPCR4700,786CF
SRPCR4700,RULER601
SRPCR4700,MG725A
FHLX80BG,FHOF80A
FHLX80BG,FHR80
FHLX80BG,THLL72
FHLX80BG,THLX72
FHLX80BG,THRLX72
FHLX80BG,SHX80B
FHLX80BG,THLLF72
FHLX80BG,SHLX80A
FHLX80BG,ECHDD012A
FHLX80BG,CTB8174
OEXM6B,BTC7B
OEXM6B,9000GS3O
OEXM6B,AW1020DK
OEXM6B,OEXM7B
OEXM6B,OEXM9B
OEXM6B,OEXM8B
OEXM6B,US712
OEXM6B,PH3050BR
OEXM6B,FB303B
OEXM6B,ACT73A
SGTT4B,SGTT6B
SGTT4B,SGTT110B
SGTT4B,SGTT8B
SGTT4B,SGTT2B
SGTT4B,SGTT9B
SGTT4B,SGTT10B
SGTT4B,SGTT1B
SGTT4B,MTTL800
SGTT4B,YAKS42
SGTT4B,YA1175KIT
14V,UTV615A
14V,AT118
14V,A159
14V,BF775C-A
14V,UTV614A
14V,GA243
14V,AT425R
14V,DPT7A
14V,PDR3000A
14V,VWB5B
PKNC300,MS400A
PKNC300,CSSD50R
PKNC300,PKN500
PKNC300,PKNC301
PKNC300,PKB500A
PKNC300,USS103
PKNC300,PTM30
PKNC300,CTB8174
PKNC300,PH3050BR
PKNC300,BLP18HVLP
HBBD24O,SEPPREMETA
HBBD24O,SEPAMTSETA
HBBD24O,PRH57A
HBBD24O,PK23A
HBBD24O,317AMMPC
HBBD24O,117TMM
HBBD24O,UIM225
HBBD24O,LP10WR
HBBD24O,ECHDD012A
HBBD24O,CTB8174
TW421,TWM31
TW421,TW381
TW421,TW401
TW421,TW441
TW421,TW461
TW421,TWM28
TW421,ECHDD012A
TW421,CTB8174
TW421,PH3050BR
TW421,RTEMPB7
TMA3E,TMA6E
TMA3E,XS1214A
TMA3E,ATKIFL
TMA3E,TMA2.5E
TMA3E,TMA5E
TMA3E,TMA3.5E
TMA3E,EECT400
TMA3E,KRSC46HPBO
TMA3E,ECHDD012A
TMA3E,CTB8174
EFP2WFLAME,SPBS12AR
EFP2WFLAME,SGD2BR
EFP2WFLAME,F80
EFP2WFLAME,PPC816B
EFP2WFLAME,T72
EFP2WFLAME,SHD1R
EFP2WFLAME,FXK11
EFP2WFLAME,SGDP42IRBR
EFP2WFLAME,SGDP31IRBR
EFP2WFLAME,FHLF80A
TDG1,BTG9
TDG1,BTG8
TDG1,BF620C
TDG1,BTK5
TDG1,S3624
TDG1,FTX60E
TDG1,PKN90
TDG1,340SSDP
TDG1,10SSD
TDG1,PKRS1
KRSC326FPCM,9100AGMO
KRSC326FPCM,TPM16EM
KRSC326FPCM,AWM110DK
KRSC326FPCM,9100GSM
KRSC326FPCM,FA12LE
KRSC326FPCM,FRX181
KRSC326FPCM,GF22
KRSC326FPCM,KAC1224TCA
KRSC326FPCM,HD6529
KRSC326FPCM,TW481
212FSMSY,211FSSY
212FSMSY,112TMMSY
212FSMSY,110TMSY
212FSMSY,112TMMDSY
212FSMSY,FSS141
212FSMSY,EECT400
212FSMSY,KRSC46HPBO
212FSMSY,ECHDD012A
212FSMSY,CTB8174
212FSMSY,PH3050BR
SWM211,SWM181
SWM211,SWM141A
SWM211,SWM171
SWM211,SWM221
SWM211,SWM231
SWM211,SWM241
SWM211,SWM201
SWM211,KRSC46HPBO
SWM211,ECHDD012A
SWM211,CTB8174
SGTT6B,SGTT4B
SGTT6B,PL5ESWIRESTRIP
SGTT6B,SGTT110B
SGTT6B,SGTT9B
SGTT6B,SGTT1B
SGTT6B,SGTT2B
SGTT6B,YA1175KIT
SGTT6B,YAKS42
SGTT6B,MTTL800
SGTT6B,ACT407
EECT400,ECFLD030
EECT400,EEDM503D
EECT400,2005BSKA
EECT400,AWM110DHK
EECT400,TPM16
EECT400,AC5C
EECT400,2004BSKA
EECT400,KRA2007FPBO
EECT400,FB360C
EECT400,OC5A
TW241,TW341
TW241,TW281
TW241,TW221
TW241,TW261
TW241,TW161A
TW241,KRSC46HPBO
TW241,ECHDD012A
TW241,CTB8174
TW241,PH3050BR
TW241,EFPHANNIBALB
IPL42C,IPL20C
IPL42C,IPL18C
IPL42C,IPL28C
IPL42C,IPL40C
IPL42C,IPL38C
IPL42C,IPL34C
IPL42C,IPL36C
IPL42C,IPL22C
IPL42C,EECT400
IPL42C,KRSC46HPBO
AWMCG1610B,SPBS8AR
AWMCG1610B,ATECH2FR125B
AWMCG1610B,SIMM160A
AWMCG1610B,ATECH3FR300B
AWMCG1610B,TMXK2
AWMCG1610B,EECT400
AWMCG1610B,KRSC46HPBO
AWMCG1610B,ECHDD012A
AWMCG1610B,CTB8174
AWMCG1610B,PH3050BR
CTR814DB,SGDP42IRBR
CTR814DB,ATECH2FR125B
CTR814DB,SGD8BR
CTR814DB,SIMM170
CTR814DB,F80
CTR814DB,ATECH3FR300B
CTR814DB,FXK6
CTR814DB,SPBS18AR
CTR814DB,FU8A
CTR814DB,TMXK60
CTR862DB,A91F
CTR862DB,JCW80AR
CTR862DB,STARTERSET5
CTR862DB,PKWLR53A
CTR862DB,CTSG861DB
CTR862DB,EECR5A
CTR862DB,LIL59000
CTR862DB,PGP120
CTR862DB,CT9080K2
CTR862DB,JCW62R
CTR867AGK2,LSR1000EXT
CTR867AGK2,CTS561BITSET
CTR867AGK2,PTC250
CTR867AGK2,CT9080K2
CTR867AGK2,CT825DB
CTR867AGK2,LSR2000
CTR867AGK2,LSR1150
CTR867AGK2,LSR1250
CTR867AGK2,CTR861AK2
CTR867AGK2,CTB8174
AW14D,GFAT1E
AW14D,91ACP
AW14D,SHD1R
AW14D,SRPCR3800
AW14D,BLPTHC87
AW14D,EECT400
AW14D,KRSC46HPBO
AW14D,ECHDD012A
AW14D,CTB8174
AW14D,PH3050BR
317AMMPC,414AHD
317AMMPC,SEPPREMETA
317AMMPC,9100AGMO
317AMMPC,117TMM
317AMMPC,206EAU
317AMMPC,LP10WR
317AMMPC,TPM16
317AMMPC,AWM110DHK
317AMMPC,PH3050BR
317AMMPC,KRA2055FPBO
CT9050DB,PL400B
CT9050DB,BLPTHC87
CT9050DB,GFAT1E
CT9050DB,T72
CT9050DB,SPBS12AR
CT9050DB,SGDX80BR
CT9050DB,SGD8BR
CT9050DB,SGD4BR
CT9050DB,SIMM160A
CT9050DB,SIMM190
CTNN13KF,ATECHFSET02R
CTNN13KF,SEPPREMETA
CTNN13KF,AWPBX10
CTNN13KF,TMC109A
CTNN13KF,DBH7B
CTNN13KF,ECSPN108
CTNN13KF,PBMA5G
CTNN13KF,TMXM114
CTNN13KF,YA4190DIS
CTNN13KF,IND25HAT
2005BSKA,AF102
2005BSKA,AWM110DK
2005BSKA,OC5A
2005BSKA,RXS605B
2005BSKA,GA460B
2005BSKA,BTK5
2005BSKA,PKNC125C2
2005BSKA,EECT424HD
2005BSKA,PGP50
2005BSKA,PGP120
CDR4P44K3K2,SIMM180
CDR4P44K3K2,A2A
CDR4P44K3K2,SGD8BR
CDR4P44K3K2,FXK11
CDR4P44K3K2,FXK6
CDR4P44K3K2,SGD4BR
CDR4P44K3K2,SIMM230
CDR4P44K3K2,PPC816B
CDR4P44K3K2,SPBS18AR
CDR4P44K3K2,TMXK2
AT2050,AT700F
AT2050,AT109
AT2050,AT5500
AT2050,PTR2505
AT2050,BF775C-A
AT2050,AT425R
AT2050,PHG1055BK
AT2050,AWM12D
AT2050,BLP18HVLP
AT2050,14V
SHD2O,SHDP63IRR
SHD2O,SHD1R
SHD2O,AOGMHC
SHD2O,SHDP42IRR
SHD2O,SHD6R
SHD2O,SHDP31IRR
SHD2O,SHD4R
SHD2O,ECHDD012A
SHD2O,CTB8174
SHD2O,PH3050BR
47ACF,PL1000START
47ACF,PL400B
47ACF,PL307ACF
47ACF,96ACF
47ACF,91ACP
47ACF,97ACF
47ACF,PKNC150
47ACF,TMM4
47ACF,CTB8174
47ACF,PH3050BR
STMM15,TMM15
STMM15,TMM5.5
STMM15,TMM14
STMM15,STMM14
STMM15,STMM12
STMM15,EECT400
STMM15,KRSC46HPBO
STMM15,ECHDD012A
STMM15,CTB8174
STMM15,PH3050BR
HBBD56O,915CF
HBBD56O,415CF
HBBD56O,PPC715BK
HBBD56O,PL330ACF
HBBD56O,HBBD8
HBBD56O,PBMP703A
HBBD56O,ACT51234A
HBBD56O,ECHDD012A
HBBD56O,CTB8174
HBBD56O,PH3050BR
THLX72G,112SIMTMM
THLX72G,SH80A
THLX72G,THLLF72
THLX72G,SHX80B
THLX72G,FHLX80B
THLX72G,THLL72
THLX72G,FHOF80A
THLX72G,SHLX80A
THLX72G,EECT400
THLX72G,KRSC46HPBO
TMD7,TMD14
TMD7,TMD18
TMD7,TMD12
TMD7,TMD9
TMD7,TMD16
TMD7,TMD11
TMD7,TMD6
TMD7,EECT400
TMD7,KRSC46HPBO
TMD7,ECHDD012A
TMM15,STMM15
TMM15,TMM14
TMM15,TMM9
TMM15,TMM11
TMM15,TMM13
TMM15,EECT400
TMM15,KRSC46HPBO
TMM15,ECHDD012A
TMM15,CTB8174
TMM15,PH3050BR
IPSM21,IPLM24C
IPSM21,IPLM21C
IPSM21,IPLM18C
IPSM21,IPSM18
IPSM21,IPSM22
IPSM21,IPSM15
IPSM21,EECT400
IPSM21,KRSC46HPBO
IPSM21,ECHDD012A
IPSM21,CTB8174
IPSM22,IPLM21C
IPSM22,IPLM19C
IPSM22,IPLM17C
IPSM22,IPSM21
IPSM22,IPLM24C
IPSM22,IPSM18
IPSM22,EECT400
IPSM22,KRSC46HPBO
IPSM22,ECHDD012A
IPSM22,CTB8174
GLOVE900XLR,GLOVEORIGPLUSL
GLOVE900XLR,GLASS50R
GLOVE900XLR,SOSG01BKCL01
GLOVE900XLR,GLOVE1100L
GLOVE900XLR,GLOVE505RL
GLOVE900XLR,GLOVE309L
GLOVE900XLR,GLOVE300BL
GLOVE900XLR,OFC14KT
GLOVE900XLR,CTB8187
GLOVE900XLR,PHP1A
PWCS7ACF,PL1000START
PWCS7ACF,PL5ESWIRESTRIP
PWCS7ACF,SEPPREMETA
PWCS7ACF,PK52A
PWCS7ACF,AWM110DHK
PWCS7ACF,AC5C
PWCS7ACF,TPM16
PWCS7ACF,786CF
PWCS7ACF,2004BSKA
PWCS7ACF,FB360C
BCT1050,BT11
BCT1050,PPC210BK
BCT1050,B1461
BCT1050,S6112
BCT1050,BST103R
BCT1050,BTK7A
BCT1050,MTEE6
BCT1050,B1458C
BCT1050,B1467A
BCT1050,CTB8174
TMMD12,111TMMDY
TMMD12,TMMD7
TMMD12,TMMD8
TMMD12,TMMD11
TMMD12,TMMD5
TMMD12,TMMD9
TMMD12,TMMD6
TMMD12,TMMD5.5
TMMD12,ECHDD012A
TMMD12,CTB8174
PBMS5G,PBMB5R
PBMS5G,PBMMA5R
PBMS5G,PBMMA5
PBMS5G,PBMB5O
PBMS5G,PBMA5R
PBMS5G,PBMA5
PBMS5G,PBMA5G
PBMS5G,KRSC46HPBO
PBMS5G,ECHDD012A
PBMS5G,CTB8174
XFRM705,OEXLM710B
XFRM705,111TMUSMA
XFRM705,312IPLM
XFRM705,XFR704
XFRM705,XFRR704
XFRM705,OXKRM705
XFRM705,XLE605
XFRM705,EECT400
XFRM705,KRSC46HPBO
XFRM705,ECHDD012A
206AFX,305ASX
206AFX,103UFTS
206AFX,SEPPROCORE1A
206AFX,106BTMX
206AFX,ACT1370
206AFX,120STTM
206AFX,AT4124
206AFX,ECHDD012A
206AFX,CTB8174
206AFX,PH3050BR
SF241,SF121
SF241,SF141
SF241,SF161
SF241,SF281
SF241,SF221
SF241,SF261
SF241,SF201
SF241,SF181
SF241,EECT400
SF241,KRSC46HPBO
AWCGT8,SHD1R
AWCGT8,BLPTHC87
AWCGT8,GFAT1E
AWCGT8,TMXK2
AWCGT8,TMXK60
AWCGT8,EECT400
AWCGT8,KRSC46HPBO
AWCGT8,ECHDD012A
AWCGT8,CTB8174
AWCGT8,PH3050BR
AWSGTRP20A,PPC4A
AWSGTRP20A,91ACP
AWSGTRP20A,SGD6BR
AWSGTRP20A,FHLF80A
AWSGTRP20A,SIMM160A
AWSGTRP20A,EECT400
AWSGTRP20A,KRSC46HPBO
AWSGTRP20A,ECHDD012A
AWSGTRP20A,CTB8174
AWSGTRP20A,PH3050BR
ECPRD068O,TMXK2
ECPRD068O,SHD1R
ECPRD068O,SRPCR3800
ECPRD068O,BLPTHC87
ECPRD068O,F80
ECPRD068O,SPBS18AR
ECPRD068O,TMXK60
ECPRD068O,FHLF80A
ECPRD068O,FXK11
ECPRD068O,SPBS8AR
AWSG24A,SWM241
AWSG24A,SWM211
AWSG24A,SWM181
AWSG24A,AWSG20A
AWSG24A,AWSG800A
AWSG24A,SWM221
AWSG24A,SWM201
AWSG24A,SWM231
AWSG24A,EECT400
AWSG24A,KRSC46HPBO
AWS13,SEPPROCORE1A
AWS13,TWM31
AWS13,SR40K
AWS13,AWMG9
AWS13,PK52A
AWS13,DB121C
AWS13,PPB826A
AWS13,MTTL300
AWS13,AWM12D
AWS13,14V
AW4-1/2D,AW10D
AW4-1/2D,AW5D
AW4-1/2D,10SSD
AW4-1/2D,AW4D
AW4-1/2D,AW6D
AW4-1/2D,AW7D
AW4-1/2D,AW8D
AW4-1/2D,AW12D
AW4-1/2D,PH3050BR
AW4-1/2D,FB361A
LP10R,LP7WR
LP10R,AWM140DK
LP10R,210EFTXRY
LP10R,LP7R
LP10R,LP6LN
LP10R,LP5WR
LP10R,US712
LP10R,PH3050BR
LP10R,KRA2055FPBO
LP10R,EEPV509
112TMMSY,211FSSY
112TMMSY,TMMS5
112TMMSY,TMMS9
112TMMSY,110TMSY
112TMMSY,212FSMSY
112TMMSY,TMMS4.5
112TMMSY,TMMS4
112TMMSY,OC5A
112TMMSY,KRSC46HPBO
112TMMSY,ECHDD012A
KRA4107FPOT,OXRM710A
KRA4107FPOT,OEXM7B
KRA4107FPOT,2004BSKA
KRA4107FPOT,KRA4114FPBO
KRA4107FPOT,KRA4810FPBO
KRA4107FPOT,BLPBSS40
KRA4107FPOT,FB360C
KRA4107FPOT,SWM111A
KRA4107FPOT,SWM101A
KRA4107FPOT,AW1013DK
KRA4107FPWZ,OXRM710A
KRA4107FPWZ,OEXM7B
KRA4107FPWZ,2004BSKA
KRA4107FPWZ,KRA4114FPBO
KRA4107FPWZ,KRA4810FPBO
KRA4107FPWZ,BLPBSS40
KRA4107FPWZ,FB360C
KRA4107FPWZ,SWM111A
KRA4107FPWZ,SWM101A
KRA4107FPWZ,AW1013DK
208EFAY,206EFABL
208EFAY,SAM19E
208EFAY,209EFTXBY
208EFAY,FAML6E
208EFAY,FA12LE
208EFAY,EECT400
208EFAY,KRSC46HPBO
208EFAY,ECHDD012A
208EFAY,CTB8174
208EFAY,PH3050BR
KCP2422PCM,AC58E
KCP2422PCM,GA296B
KCP2422PCM,SS5A
KCP2422PCM,KRWT2411
KCP2422PCM,KWSN2455ABL
KCP2422PCM,KWSP2455AST
KCP2422PCM,KWSN2455AST
KCP2422PCM,KWSP2455ABL
KCP2422PCM,OEXM6B
KCP2422PCM,BTC7B
BK3000-55A,SPBS18AR
BK3000-55A,SIMM200
BK3000-55A,SGDP42IRBR
BK3000-55A,SPBS704AR
BK3000-55A,SIMM210
BK3000-55A,SGDP31IRBR
BK3000-55A,SGD2BR
BK3000-55A,TMU8B
BK3000-55A,SGDX80BR
BK3000-55A,SGD4BR
CTRS761AK2,A179A
CTRS761AK2,A159
CTRS761AK2,BLPH389
CTRS761AK2,CT9080K2
CTRS761AK2,ECPRA072
CTRS761AK2,OXIM9B
CTRS761AK2,OXIM8B
CTRS761AK2,OXIM6B
CTRS761AK2,BLPT1255
CTRS761AK2,PK50A
PGP120,MTTL300
PGP120,AWM110DHK
PGP120,AYESSETC
PGP120,GA296B
PGP120,B260A
PGP120,US712
PGP120,340SSDP
PGP120,10SSD
PGP120,PKWLR53A
PGP120,R1618SC
AWCG1607B,SRPCR4700
AWCG1607B,SIMM170
AWCG1607B,FHLF80A
AWCG1607B,SGD6BR
AWCG1607B,SIMM180
AWCG1607B,EECT400
AWCG1607B,KRSC46HPBO
AWCG1607B,ECHDD012A
AWCG1607B,CTB8174
AWCG1607B,PH3050BR
AWCG1614B,SIMM160A
AWCG1614B,SPBS12AR
AWCG1614B,T72
AWCG1614B,SIMM210
AWCG1614B,ATECH2FR125B
AWCG1614B,EECT400
AWCG1614B,KRSC46HPBO
AWCG1614B,ECHDD012A
AWCG1614B,CTB8174
AWCG1614B,PH3050BR
KRSC430APJK7,ST50A
KRSC430APJK7,KAERNADD6RD
KRSC430APJK7,LP10WR
KRSC430APJK7,SEPPREMETA
KRSC430APJK7,YA2019
KRSC430APJK7,PK23A
KRSC430APJK7,317AMMPC
KRSC430APJK7,UIM225
KRSC430APJK7,117TMM
KRSC430APJK7,RADKITULTRA
KRA4059FPBO,F4LBK
KRA4059FPBO,JT13B
KRA4059FPBO,PL803A
KRA4059FPBO,206AFSP
KRA4059FPBO,107ATMPB
KRA4059FPBO,ST50A
KRA4059FPBO,VO806B
KRA4059FPBO,AW1015DHK
KRA4059FPBO,MTTL300
KRA4059FPBO,RULER600
KRSC343PES,SFSM19
KRSC343PES,SFSM17
KRSC343PES,SFSM14
KRSC343PES,RULER600
KRSC343PES,DS809K
KRSC343PES,WTG8A
KRSC343PES,HBFE16
KRSC343PES,208EFAY
KRSC343PES,PPC208A
KRSC343PES,206EAU
FB336ORG,XFR704
FB336ORG,IPL32C
FB336ORG,312IPL
FB336ORG,FB307RNB
FB336ORG,GA3634A
FB336ORG,MTEE6
FB336ORG,PKNC300
FB336ORG,208FRDHM
FB336ORG,CSSD1R
FB336ORG,PTM30
212EFTAY,211EFAMY
212EFTAY,307ESAY
212EFTAY,SEPPROCORE1A
212EFTAY,210EFTAMY
212EFTAY,BLPHS1414
212EFTAY,SEPPROCORE2A
212EFTAY,MTTL310
212EFTAY,AT4124
212EFTAY,PH3050BR
212EFTAY,ACT1290A
BP12B,ATKIFL
BP12B,ATKBFL
BP12B,XS1618A
BP12B,XS2024A
BP12B,TB40C
BP12B,XS1416A
BP12B,XS1820A
BP12B,XS1012A
BP12B,XS2226A
BP12B,KRSC46HPBO
BTG9,S6112
BTG9,A127
BTG9,FXWP3
BTG9,TDG2
BTG9,TDG1
BTG9,STARTERSET5
BTG9,PKRS1
BTG9,FTX60E
BTG9,ITHE100
BTG9,MTTL300
E1025,103UFTS
E1025,PPK15
E1025,325SIMM
E1025,AD10C
E1025,SAM19E
E1025,RC980
E1025,111TMUSMA
E1025,EECT400
E1025,KRSC46HPBO
E1025,ECHDD012A
ECHDG052,TPMB25EM
ECHDG052,PWC52A
ECHDG052,BTCP2SA
ECHDG052,BTCWSO16KT
ECHDG052,GLOVE1100L
ECHDG052,SNA-TBP14
ECHDG052,AWPBX10
ECHDG052,ECPNJ032
ECHDG052,R404
ECHDG052,915CF
ECSPM052,FHLX80B
ECSPM052,PL307ACF
ECSPM052,SGA173BR
ECSPM052,MAGMAT
ECSPM052,BTG8
ECSPM052,ECHDF042
ECSPM052,SGA1710BR
ECSPM052,SGRHT6BR
ECSPM052,SGA1711BR
ECSPM052,SGA1712BR
BLPHSM143,SIMM180
BLPHSM143,SIMM190
BLPHSM143,SIMM210
BLPHSM143,FHLF80A
BLPHSM143,PPC816B
BLPHSM143,EECT400
BLPHSM143,KRSC46HPBO
BLPHSM143,ECHDD012A
BLPHSM143,CTB8174
BLPHSM143,PH3050BR
BLPHSM146,BLPHL3810
BLPHSM146,BLPHL388
BLPHSM146,BLPT1420
BLPHSM146,BLPHSM145
BLPHSM146,BLPHL145
BLPHSM146,BLPHL144
BLPHSM146,BLPHSM148
BLPHSM146,BLPHL146
BLPHSM146,EECT400
BLPHSM146,KRSC46HPBO
BLPPKS5-3/8,TMXK2
BLPPKS5-3/8,SPBS18AR
BLPPKS5-3/8,SRPCR4700
BLPPKS5-3/8,SIMM180
BLPPKS5-3/8,SHD1R
BLPPKS5-3/8,EECT400
BLPPKS5-3/8,KRSC46HPBO
BLPPKS5-3/8,ECHDD012A
BLPPKS5-3/8,CTB8174
BLPPKS5-3/8,PH3050BR
BLPPKTX5-T50,ATECH2FR125B
BLPPKTX5-T50,SGASA204CR
BLPPKTX5-T50,FXK3
BLPPKTX5-T50,FXK6
BLPPKTX5-T50,SPBS704AR
BLPPKTX5-T50,EECT400
BLPPKTX5-T50,KRSC46HPBO
BLPPKTX5-T50,ECHDD012A
BLPPKTX5-T50,CTB8174
BLPPKTX5-T50,PH3050BR
BLPTE145,BLPTE1218
BLPTE145,BLPTE1220
BLPTE145,BLPTE1224
BLPTE145,BLPTE144
BLPTE145,BLPTE147
BLPTE145,BLPTE146
BLPTE145,BLPTE148
BLPTE145,BLPTE1222
BLPTE145,EECT400
BLPTE145,KRSC46HPBO
BLPTL3845,BLPTL1410
BLPTL3845,BLPTL1427
BLPTL3845,BLPTL1425
BLPTL3845,BLPTL3840
BLPTL3845,BLPTL3850
BLPTL3845,BLPTL1260
BLPTL3845,BLPTL1415
BLPTL3845,BLPTL1255
BLPTL3845,EECT400
BLPTL3845,KRSC46HPBO
BLPTS1415,BLPHSM145
BLPTS1415,BLPTS1415
BLPTS1415,RTD48
BLPTS1415,BLPTS1420
BLPTS1415,BLPTS1410
BLPTS1415,BLPTS1425
BLPTS1415,BLPTS1430
BLPTS1415,BLPHSM1410
BLPTS1415,EECT400
BLPTS1415,KRSC46HPBO
BLPH38516,BLPH386
BLPH38516,BLPH3810
BLPH38516,BLPH388
BLPH38516,BLPH3814
BLPH38516,BLPH38732
BLPH38516,BLPH3838
BLPH38516,BLPH389
BLPH38516,BLPH387
BLPH38516,EECT400
BLPH38516,KRSC46HPBO
BLPH38732,BLPH388
BLPH38732,BLPH386
BLPH38732,BLPH3810
BLPH38732,BLPH3814
BLPH38732,BLPH38516
BLPH38732,BLPH3838
BLPH38732,BLPH387
BLPH38732,BLPH389
BLPH38732,EECT400
BLPH38732,KRSC46HPBO
BLPHL389,SIMM190
BLPHL389,SGD6BR
BLPHL389,FHLF80A
BLPHL389,SIMM230
BLPHL389,ATECH2FR125B
BLPHL389,EECT400
BLPHL389,KRSC46HPBO
BLPHL389,ECHDD012A
BLPHL389,CTB8174
BLPHL389,PH3050BR
FZ7A,SW341
FZ7A,YA4000B
FZ7A,SS5A
FZ7A,FZ4B
FZ7A,SGD153BR
FZ7A,RTEMPB7
FZ7A,SGD155CR
FZ7A,EEPV509
FZ7A,EEPV500
FZ7A,OFC7374-14
GA294,RBM1011SC
GA294,PT40B
GA294,UIM2FL
GA294,AWM110DK
GA294,BP40B
GA294,PGP50
GA294,SOSG01BKCL01
GA294,OC5A
GA294,AT700F
GA294,GA460B
SEPCOREA,PPC103A
SEPCOREA,SPBS8AR
SEPCOREA,PPC205A
SEPCOREA,SPBS704AR
SEPCOREA,SGD6BR
SEPCOREA,EECT400
SEPCOREA,KRSC46HPBO
SEPCOREA,ECHDD012A
SEPCOREA,CTB8174
SEPCOREA,PH3050BR
SEPIMMSIMMA,LSR1450
SEPIMMSIMMA,FRW10
SEPIMMSIMMA,IMM140A
SEPIMMSIMMA,SEPIMFMSIMFMA
SEPIMMSIMMA,QD3RN350A
SEPIMMSIMMA,TWM27
SEPIMMSIMMA,ECHDD012A
SEPIMMSIMMA,CTB8174
SEPIMMSIMMA,PH3050BR
SEPIMMSIMMA,CT9080K2
SEPPMACC,SIMM160A
SEPPMACC,SGDP31IRBR
SEPPMACC,SPBS18AR
SEPPMACC,91ACP
SEPPMACC,SIMM220
SEPPMACC,TPGDL2000
SEPPMACC,EECT400
SEPPMACC,KRSC46HPBO
SEPPMACC,ECHDD012A
SEPPMACC,PH3050BR
SEPPT850KA,AWM110DHK
SEPPT850KA,317MSPC
SEPPT850KA,206AFSP
SEPPT850KA,AW1015DHK
SEPPT850KA,2005BSKA
SEPPT850KA,PH3050BR
SEPPT850KA,JT13B
SEPPT850KA,RULER6
SEPPT850KA,EECT424HD
SEPPT850KA,PGP120
SOSGFLXCLR,SGD4BR
SOSGFLXCLR,SGASA204CR
SOSGFLXCLR,BLP14HVLP
SOSGFLXCLR,ECFLK078
SOSGFLXCLR,FR80
SOSGFLXCLR,ECPNH012
SOSGFLXCLR,FB336
SOSGFLXCLR,91ACP
SOSGFLXCLR,47ACF
SOSGFLXCLR,SGD2BR
SRES20,SL80A
SRES20,SRES306
SRES20,208FRDHM
SRES20,SRES22
SRES20,SRES18
SRES20,SRES28
SRES20,SRES26
SRES20,ECHDD012A
SRES20,CTB8174
SRES20,A277
SSM5A,TWM30
SSM5A,OEXM9B
SSM5A,CSA12CR
SSM5A,SSR7
SSM5A,AWCG1600B
SSM5A,SS5A
SSM5A,TWM26
SSM5A,TWM25
SSM5A,CTB8174
SSM5A,PH3050BR
TD2425A,313SYA
TD2425A,S321
TD2425A,S261
TD2425A,XO605
TD2425A,TF528D
TD2425A,305SXWP
TD2425A,208FRDH
TD2425A,SOEX40
TD2425A,KRSC46HPBO
TD2425A,ECHDD012A
TFY72,TRF72
TFY72,SR80A
TFY72,FCF72
TFY72,XFR704
TFY72,BLPBTW8
TFY72,FF80A
TFY72,EECT400
TFY72,KRSC46HPBO
TFY72,ECHDD012A
TFY72,CTB8174
T72FOD,ATKIFL
T72FOD,ATKBFL
T72FOD,XS1618A
T72FOD,XS2024A
T72FOD,TB40C
T72FOD,XS1416A
T72FOD,XS1820A
T72FOD,XS1012A
T72FOD,XS2226A
T72FOD,KRSC46HPBO
LSR1150,LSR1000EXT
LSR1150,LSR2000
LSR1150,SWM101A
LSR1150,LSR1250
LSR1150,SN25A
LSR1150,FB303B
LSR1150,222AFSP
LSR1150,ACT1370
LSR1150,ECHDD012A
LSR1150,CTB8174
MS400A,PBMP703A
MS400A,SGA102BR
MS400A,PHT5
MS400A,MS800
MS400A,PKNC300
MS400A,UKBU10
MS400A,PBMMS5R
MS400A,UIM2RSLT
MS400A,ECHDD012A
MS400A,KACKMCFIBER1
OFC65-14,FM15
OFC65-14,FM18
OFC65-14,FM19
OFC65-14,TPGDL2000
OFC65-14,SPBS18AR
OFC65-14,FM12
OFC65-14,FM17
OFC65-14,FM16
OFC65-14,FM14
OFC65-14,KRSC46HPBO
OFC6567-14,TMU8B
OFC6567-14,SIMM190
OFC6567-14,TMXK60
OFC6567-14,SGDP42IRBR
OFC6567-14,SRPCR3800
OFC6567-14,EECT400
OFC6567-14,KRSC46HPBO
OFC6567-14,ECHDD012A
OFC6567-14,CTB8174
OFC6567-14,PH3050BR
OFCADPTR,TMD18
OFCADPTR,SF101
OFCADPTR,OFCA2
OFCADPTR,GFAT1E
OFCADPTR,GSAF1F
OFCADPTR,EECT400
OFCADPTR,KRSC46HPBO
OFCADPTR,ECHDD012A
OFCADPTR,CTB8174
OFCADPTR,PH3050BR
PKWHD53A,FHBF80A
PKWHD53A,PBMP703A
PKWHD53A,PPC20LB
PKWHD53A,RXFS2836B
PKWHD53A,GA460B
PKWHD53A,PWZ4
PKWHD53A,PPK300
PKWHD53A,HBPT24
PKWHD53A,HBBD8
PKWHD53A,ECHDD012A
PH1050,SGA1713B
PH1050,SGA1714B
PH1050,L872RM
PH1050,PH1038
PH1050,PHG1055BK
PH1050,PH3050BR
PH1050,VWB8B
PH1050,CJ2001P
PH1050,BJP1
PH1050,IPL30C
PKB500A,106ATMXW
PKB500A,SGDX80BR
PKB500A,SGD8BR
PKB500A,HBBT16
PKB500A,USS103
PKB500A,PKNC300
PKB500A,SGDMRC11A
PKB500A,SGHF616BR
PKB500A,EECT400
PKB500A,KRSC46HPBO
PWC52A,RBYA605
PWC52A,BTWSMPK
PWC52A,XDHF605
PWC52A,TMBS8A
PWC52A,OXI707BK
PWC52A,KRSC46HPBO
PWC52A,ECHDD012A
PWC52A,CTB8174
PWC52A,PH3050BR
PWC52A,KRA4813FPBO
PWZ4,PWZ1A
PWZ4,PWZ2A
PWZ4,BLPPB704
PWZ4,PWZ3A
PWZ4,PWZ0A
PWZ4,PWZ5
PWZ4,PLRK30
PWZ4,VWB8B
PWZ4,YA105013
PWZ4,VAC201
RBM910C,RBM1719C
RBM910C,RBM1011C
RBM910C,SG4ASHBR
RBM910C,RBM1415C
RBM910C,RBM78SC
RBM910C,RBM1618C
RBM910C,RBM1213C
RBM910C,EECT400
RBM910C,KRSC46HPBO
RBM910C,ECHDD012A
R1012C,STMD9
R1012C,STMD6
R1012C,STMD11
R1012C,R1011C
R1012C,R1214C
R1012C,R1618C
R1012C,TK72
R1012C,110STMDY
R1012C,EECT400
R1012C,KRSC46HPBO
R810C,R1618C
R810C,R1011C
R810C,TM61A
R810C,R1214C
R810C,R2022C
R810C,R2426C
R810C,R2428C
R810C,KRSC46HPBO
R810C,ECHDD012A
R810C,CTB8174
KACKCAREKIT,LDH362
KACKCAREKIT,LDH462
KACKCAREKIT,LDH422A
KACKCAREKIT,IND25HAT
KACKCAREKIT,MAGDISH
KACKCAREKIT,KRSC46HPBO
KACKCAREKIT,AW028D
KACKCAREKIT,LDH482
KACKCAREKIT,LDH522
KACKCAREKIT,L122
YA4619,FHLF80A
YA4619,T72
YA4619,SIMM230
YA4619,SRPCR4700
YA4619,ATECH3FR300B
YA4619,PWCS7ACF
YA4619,SPBS18AR
YA4619,TMXK4
YA4619,FXK11
YA4619,A2A
KRA1421PCM,FU8A
KRA1421PCM,FXK11
KRA1421PCM,SPBS18AR
KRA1421PCM,FHLF80A
KRA1421PCM,PPC103A
KRA1421PCM,SIMM160A
KRA1421PCM,SRPCR4700
KRA1421PCM,T72
KRA1421PCM,SIMM170
KRA1421PCM,SIMM210
UIM2LT,GA265A
UIM2LT,SSDMRT8A
UIM2LT,HR-26PKC
UIM2LT,UIM2RSLT
UIM2LT,MRB10B
UIM2LT,UPTLP2
UIM2LT,SDM252C
UIM2LT,ECPRM052
UIM2LT,BLPTL1425
UIM2LT,MTTL750
US711,SGD6BR
US711,SIMM210
US711,SGASA204CR
US711,SPBS18AR
US711,TMXK2
US711,EECT400
US711,KRSC46HPBO
US711,ECHDD012A
US711,CTB8174
US711,PH3050BR
YA4274A,YA4250
YA4274A,LSR1150
YA4274A,OFW3
YA4274A,SN25A
YA4274A,FB303B
YA4274A,ACT1370
YA4274A,222AFSP
YA4274A,ECHDD012A
YA4274A,CTB8174
YA4274A,PH3050BR
XDSG606K1O,SGASA204CR
XDSG606K1O,SIMM210
XDSG606K1O,SIMM220
XDSG606K1O,A2A
XDSG606K1O,SGDP31IRBR
XDSG606K1O,EECT400
XDSG606K1O,KRSC46HPBO
XDSG606K1O,ECHDD012A
XDSG606K1O,CTB8174
XDSG606K1O,PH3050BR
YA105013,JT13B
YA105013,OXIM710B
YA105013,BP40B
YA105013,YA1050B
YA105013,AT4124
YA105013,SAG03S20
YA105013,A50A
YA105013,S6111
YA105013,AT4101
YA105013,PHP2A
YA339A,GA98A
YA339A,SRP3A
YA339A,SGDP64IRBR
YA339A,AWL1010DK
YA339A,AW1013DK
YA339A,RULER601
YA339A,R1618SC
YA339A,107ATMPB
YA339A,RULER6
YA339A,ACT73A
IPF800B,FTX60E
IPF800B,GAJ12A
IPF800B,B3404B
IPF800B,10SSD
IPF800B,DB121C
IPF800B,PKRS1
IPF800B,SR40K
IPF800B,PK52A
IPF800B,AWMG9
IPF800B,CTB8174
LDH522,LDH562
LDH522,LDH482
LDH522,L122
LDH522,L62
LDH522,LDH362
LDH522,KRSC46HPBO
LDH522,ECHDD012A
LDH522,CTB8174
LDH522,PH3050BR
LDH522,MG1250
GA3200B,9000GS3O
GA3200B,OEXM7B
GA3200B,YA1175KIT
GA3200B,310IMMYA
GA3200B,QDTPMS
GA3200B,OEXM9B
GA3200B,OEXM8B
GA3200B,YA2020
GA3200B,309SIMYA
GA3200B,EECT424HD
KRSC2460PWZ7,FHLF80A
KRSC2460PWZ7,PPC205A
KRSC2460PWZ7,91ACP
KRSC2460PWZ7,LP404
KRSC2460PWZ7,SPBS704AR
KRSC2460PWZ7,PL400B
KRSC2460PWZ7,SPBS8AR
KRSC2460PWZ7,SPBS12AR
KRSC2460PWZ7,SPBS18AR
KRSC2460PWZ7,47ACF
PL1000START,SGDMRC108A
PL1000START,ATECHFSET02R
PL1000START,786CF
PL1000START,SVSM807A
PL1000START,CTNN13KF
PL1000START,CTR862DB
PL1000START,ATECHFSET01R
PL1000START,SOXRRM710A
PL1000START,PH3050BR
PL1000START,CTB185
STMM13,STMM7
STMM13,STMM8
STMM13,TMM12
STMM13,STMM12
STMM13,STMM14
STMM13,STMM6
STMM13,KRSC46HPBO
STMM13,ECHDD012A
STMM13,CTB8174
STMM13,PH3050BR
STMM6,TMM9
STMM6,TMM6
STMM6,TMM13
STMM6,STMM11
STMM6,STMM7
STMM6,KRSC46HPBO
STMM6,ECHDD012A
STMM6,CTB8174
STMM6,PH3050BR
STMM6,FB303B
117TMM,206EAU
117TMM,SGT4BR
117TMM,SEPPREMETA
117TMM,317AMMPC
117TMM,QD3RN350A
117TMM,TPM16
117TMM,KRA2007FPBO
117TMM,AWM110DHK
117TMM,CTB8174
117TMM,PH3050BR
KRSC2460BCD7,SIMM210
KRSC2460BCD7,SIMM160A
KRSC2460BCD7,FXK3
KRSC2460BCD7,LP404
KRSC2460BCD7,SPBS704AR
KRSC2460BCD7,PL400B
KRSC2460BCD7,SPBS8AR
KRSC2460BCD7,SPBS12AR
KRSC2460BCD7,SPBS18AR
KRSC2460BCD7,47ACF
SF80A,FLF80A
SF80A,TRF72
SF80A,TWM26
SF80A,FF80A
SF80A,TF72
SF80A,TF5A
SF80A,FB303B
SF80A,EECT424HD
SF80A,DB129C
SF80A,ACT413A
S9706KRA,TW481
S9706KRA,SEPPREMETA
S9706KRA,222AFSP
S9706KRA,S9704KR
S9706KRA,S9704KA
S9706KRA,FRX181
S9706KRA,FA12LE
S9706KRA,PH3050BR
S9706KRA,FB303B
S9706KRA,FB360C
OXIM707SBK,OEXSM710B
OXIM707SBK,OEXS709B
OXIM707SBK,OEXM260B
OXIM707SBK,OXIM710B
OXIM707SBK,RBM78SC
OXIM707SBK,OXI707BK
OXIM707SBK,RBM1618C
OXIM707SBK,RBM1719C
OXIM707SBK,EECT400
OXIM707SBK,KRSC46HPBO
ADCF8,TMU81B
ADCF8,AOGMHC
ADCF8,SGDE225ESD
ADCF8,PKN9
ADCF8,SGDE220ESD
ADCF8,SGDE230ESD
ADCF8,SGDEP20ESD
ADCF8,EECT400
ADCF8,KRSC46HPBO
ADCF8,ECHDD012A
KRA5311FPBO,PPC205A
KRA5311FPBO,SHD6R
KRA5311FPBO,PPC206A
KRA5311FPBO,PPC715BK
KRA5311FPBO,208EFAY
KRA5311FPBO,PPC208A
KRA5311FPBO,PPC204A
KRA5311FPBO,PPC3A
KRA5311FPBO,HBFE24
KRA5311FPBO,HBBD16
KRA5311FPOT,PPC205A
KRA5311FPOT,SHD6R
KRA5311FPOT,PPC206A
KRA5311FPOT,PPC715BK
KRA5311FPOT,208EFAY
KRA5311FPOT,PPC208A
KRA5311FPOT,PPC204A
KRA5311FPOT,PPC3A
KRA5311FPOT,HBFE24
KRA5311FPOT,HBBD16
208EFTAMXSY,LSR1450
208EFTAMXSY,QD3RN350A
208EFTAMXSY,BLPXZNM389
208EFTAMXSY,BLPTORX1410
208EFTAMXSY,206EFAML
208EFTAMXSY,ECHDD012A
208EFTAMXSY,CTB8174
208EFTAMXSY,PH3050BR
208EFTAMXSY,BTG8
208EFTAMXSY,KRA2407PBO
HPR400,91ACP
HPR400,SPBS8AR
HPR400,SIMM190
HPR400,FXK6
HPR400,TMXK2
HPR400,TMXK60
HPR400,SGASA204CR
HPR400,SGD2BR
HPR400,ATECH2FR125B
HPR400,FHLF80A
YA389ABL,TM72
YA389ABL,KAERNADD6RD
YA389ABL,CSSD1R
YA389ABL,PLRK21
YA389ABL,KACKMCFIBER1
YA389ABL,PLRK30
YA389ABL,FZ4B
YA389ABL,UIM2LT
YA389ABL,BP8B
YA389ABL,DBBPT13
233FSMBFR,FSS141
233FSMBFR,FSS121
233FSMBFR,FSS181
233FSMBFR,SGDEP200ESD
233FSMBFR,SGDE220ESD
233FSMBFR,SGDE225ESD
233FSMBFR,SGDE230ESD
233FSMBFR,SGDEP20ESD
233FSMBFR,EECT400
233FSMBFR,KRSC46HPBO
OEX38B,OEX42B
OEX38B,OEX44B
OEX38B,OEXM290B
OEX38B,OEXM250B
OEX38B,OEXM320B
OEX38B,ECHDD012A
OEX38B,CTB8174
OEX38B,PH3050BR
OEX38B,PGP120
OEX38B,EEBM600
STX70E,HD6529
STX70E,SA16E
STX70E,FRX181
STX70E,KAC1224TCA
STX70E,FAML6E
STX70E,ECHDD012A
STX70E,CTB8174
STX70E,PH3050BR
STX70E,TPM16EM
STX70E,BB9008
AWL16D,SPBS8AR
AWL16D,91ACP
AWL16D,ATECH2FR125B
AWL16D,TMXK2
AWL16D,SPBS18AR
AWL16D,EECT400
AWL16D,KRSC46HPBO
AWL16D,ECHDD012A
AWL16D,CTB8174
AWL16D,PH3050BR
CTDFL861,110TMY
CTDFL861,FHLLF80
CTDFL861,ATECH1FS300
CTDFL861,CTINF9010
CTDFL861,CTC772A
CTDFL861,PSO4625
CTDFL861,CTB8174
CTDFL861,PTGR110
CTDFL861,GLASS50R
CTDFL861,ECHDF042
110RTSMA,TMMS9
110RTSMA,TMMS5.5
110RTSMA,TMMS6
110RTSMA,LIL59000
110RTSMA,HD6529
110RTSMA,112TMMSY
110RTSMA,RC980
110RTSMA,TMMS5
110RTSMA,KRSC46HPBO
110RTSMA,ECHDD012A
210AFSP,PL307ACF
210AFSP,FS221
210AFSP,FS241
210AFSP,114ATMP
210AFSP,PT5C
210AFSP,SHDX60R
210AFSP,PPK15
210AFSP,EECT400
210AFSP,KRSC46HPBO
210AFSP,ECHDD012A
FADH704C,FADH6C
FADH704C,FADH8C
FADH704C,FADH10C
FADH704C,110ETMAY
FADH704C,210FCOMA
FADH704C,PBMP703A
FADH704C,EECT900
FADH704C,BJP1
FADH704C,TMA7E
FADH704C,CTB8174
PIT120,HD6529
PIT120,FAML6E
PIT120,FRX181
PIT120,STX70E
PIT120,FA12LE
PIT120,KRSC46HPBO
PIT120,ECHDD012A
PIT120,CTB8174
PIT120,PH3050BR
PIT120,BB9008
315IMMYA,311IMYA
315IMMYA,311IMFSY
315IMMYA,IMM110A
315IMMYA,IM220
315IMMYA,IM120A
315IMMYA,IM180A
315IMMYA,EECT400
315IMMYA,KRSC46HPBO
315IMMYA,ECHDD012A
315IMMYA,CTB8174
AWMCG16025B,SRPCR3800
AWMCG16025B,SHD1R
AWMCG16025B,SIMM230
AWMCG16025B,91ACP
AWMCG16025B,SGDX80BR
AWMCG16025B,EECT400
AWMCG16025B,KRSC46HPBO
AWMCG16025B,ECHDD012A
AWMCG16025B,CTB8174
AWMCG16025B,PH3050BR
TW221,TW281
TW221,TW261
TW221,TW181A
TW221,TW161A
TW221,TW141A
TW221,TW241
TW221,KRSC46HPBO
TW221,ECHDD012A
TW221,CTB8174
TW221,PH3050BR
IM260,IM300
IM260,IM280
IM260,IM240
IM260,IM200
IM260,IM320
IM260,KRSC46HPBO
IM260,ECHDD012A
IM260,CTB8174
IM260,PH3050BR
IM260,YA438B
SIMM300,OEXM9B
SIMM300,OEXM8B
SIMM300,305SIMMY
SIMM300,SIMM340
SIMM300,SIMM360
SIMM300,SIMM320
SIMM300,SIMM290
SIMM300,SIMM350
SIMM300,CTB8174
SIMM300,FB303B
CTPSK185,CTC131A
CTPSK185,CTB185
CTPSK185,SIMM180
CTPSK185,LSRM2000
CTPSK185,LSR1580
CTPSK185,LSR1450
CTPSK185,LSR1000EXT
CTPSK185,SIMM230
CTPSK185,SIMM200
CTPSK185,SIMM240
AWM9D,PPC103A
AWM9D,A2A
AWM9D,SIMM210
AWM9D,SPBS704AR
AWM9D,FXK3
AWM9D,EECT400
AWM9D,KRSC46HPBO
AWM9D,ECHDD012A
AWM9D,CTB8174
AWM9D,PH3050BR
PCSG812,PPSG106
PCSG812,PPSG105
PCSG812,PPSG103
PCSG812,PPSG206
PCSG812,PPSG203
PCSG812,PPSG205
PCSG812,PCSG816
PCSG812,CTB8174
PCSG812,PH3050BR
PCSG812,EECT200
AW2-1/2D,TMXK2
AW2-1/2D,SIMM240
AW2-1/2D,SPBS704AR
AW2-1/2D,BLPTHC87
AW2-1/2D,SPBS8AR
AW2-1/2D,EECT400
AW2-1/2D,KRSC46HPBO
AW2-1/2D,ECHDD012A
AW2-1/2D,CTB8174
AW2-1/2D,PH3050BR
TM05,TM04
TM05,TM408
TM05,TM412
TM05,XS2024A
TM05,XS1416A
TM05,EECT400
TM05,KRSC46HPBO
TM05,ECHDD012A
TM05,CTB8174
TM05,PH3050BR
KRA4810FPWZ,SIM180A
KRA4810FPWZ,SIM220
KRA4810FPWZ,SIM200
KRA4810FPWZ,KRA4107FPBO
KRA4810FPWZ,KRA4813FPBO
KRA4810FPWZ,RXFS605B
KRA4810FPWZ,SGA1710BR
KRA4810FPWZ,SIM340
KRA4810FPWZ,SIM380
KRA4810FPWZ,SIM360
BT518,BT4651
BT518,TAP1
BT518,2005BSKA
BT518,BTGHD9
BT518,BT1360
BT518,SEPPT850KA
BT518,PH3050BR
BT518,TA32A
BT518,RULER6
BT518,EECT424HD
SGT4BG,117TMM
SGT4BG,BTK5
SGT4BG,SEPPREMETA
SGT4BG,S6118A
SGT4BG,FB303B
SGT4BG,S6110A
SGT4BG,2004BSKA
SGT4BG,AC5C
SGT4BG,CTB8174
SGT4BG,TPM16
CDR861GDB,ATECH2FR125B
CDR861GDB,FX1
CDR861GDB,FXK6
CDR861GDB,SIMM210
CDR861GDB,FU8A
CDR861GDB,SHD1R
CDR861GDB,T72
CDR861GDB,PPC816B
CDR861GDB,SGDP42IRBR
CDR861GDB,91ACP
312IPL,205IPF
312IPL,IPL26C
312IPL,IPL32C
312IPL,312IPLM
312IPL,IPL40C
312IPL,IPLM11C
312IPL,IPLM10C
312IPL,KRSC46HPBO
312IPL,ECHDD012A
312IPL,CTB8174
AWS13-12,96ACF
AWS13-12,SIMM240
AWS13-12,TMU8B
AWS13-12,A2A
AWS13-12,PWCS7ACF
AWS13-12,EECT400
AWS13-12,KRSC46HPBO
AWS13-12,ECHDD012A
AWS13-12,CTB8174
AWS13-12,PH3050BR
SWM291,SWM201
SWM291,SWM221
SWM291,SWM231
SWM291,SWM281
SWM291,SWM301
SWM291,SWM261
SWM291,SWM271
SWM291,SWM251
SWM291,KRSC46HPBO
SWM291,ECHDD012A
HBPT24,BTK5
HBPT24,TESLASTUKIT
HBPT24,PKNC301
HBPT24,TMM16
HBPT24,TF5A
HBPT24,BOERM22
HBPT24,131TMPB
HBPT24,ECHDD012A
HBPT24,CTB8174
HBPT24,PH3050BR
PH3045A,SPBS12AR
PH3045A,FHLF80A
PH3045A,A2A
PH3045A,BLPTHC87
PH3045A,SPBS8AR
PH3045A,PWCS7ACF
PH3045A,SGASA204CR
PH3045A,FU8A
PH3045A,PPC816B
PH3045A,SIMM170
313TSYA,313TWYA
313TSYA,313TSMYA
313TSYA,313TWMYA
313TSYA,TWM25
313TSYA,TW401
313TSYA,KRSC46HPBO
313TSYA,ECHDD012A
313TSYA,CTB8174
313TSYA,PH3050BR
313TSYA,PGP120
TPMBM5,9100GSM
TPMBM5,YA2850A
TPMBM5,STX70E
TPMBM5,AWM110DK
TPMBM5,FA12LE
TPMBM5,KAC1224TCA
TPMBM5,GF22
TPMBM5,FRX181
TPMBM5,TW481
TPMBM5,HD6529
AWS13-10,FHLF80A
AWS13-10,SGD4BR
AWS13-10,FXK11
AWS13-10,TMU8B
AWS13-10,T72
AWS13-10,EECT400
AWS13-10,KRSC46HPBO
AWS13-10,ECHDD012A
AWS13-10,CTB8174
AWS13-10,PH3050BR
SHLL80AG,FHBF80A
SHLL80AG,SHL80A
SHLL80AG,SHN36
SHLL80AG,FHLL80
SHLL80AG,THLL72
SHLL80AG,FHL80
SHLL80AG,SH80A
SHLL80AG,EECT400
SHLL80AG,KRSC46HPBO
SHLL80AG,ECHDD012A
YA427BBLK,TR107A
YA427BBLK,TR117O
YA427BBLK,SOSG01BKCL01
YA427BBLK,WELDIGNGRANITE
YA427BBLK,GLASS70BYEAR
YA427BBLK,VGP104
YA427BBLK,GLOVE309L
YA427BBLK,EFPHANNIBALB
YA427BBLK,VAC201
YA427BBLK,B1356E
IPL28C,IPL34C
IPL28C,IPL36C
IPL28C,312IPL
IPL28C,IPL22C
IPL28C,IPL20C
IPL28C,IPL26C
IPL28C,EECT400
IPL28C,KRSC46HPBO
IPL28C,ECHDD012A
IPL28C,CTB8174
222AFSMP,317MPC
222AFSMP,F10LD
222AFSMP,S9704KA
222AFSMP,US712
222AFSMP,222AFSP
222AFSMP,144TMPB
222AFSMP,AW1020DK
222AFSMP,KRA2055FPBO
222AFSMP,FB360C
222AFSMP,GA460B
FF80A,SF80A
FF80A,TF72
FF80A,TRF72
FF80A,SX80B
FF80A,TLLF72
FF80A,KRSC46HPBO
FF80A,ECHDD012A
FF80A,CTB8174
FF80A,PH3050BR
FF80A,KRA2407PBO
OEXM290B,OEX44B
OEXM290B,OEXM230B
OEXM290B,OEX42B
OEXM290B,OEXM300B
OEXM290B,OEXM260B
OEXM290B,OEXM320B
OEXM290B,OEXM250B
OEXM290B,OEXM270B
OEXM290B,KRSC46HPBO
OEXM290B,ECHDD012A
BEXD10A,IPL34C
BEXD10A,IPL38C
BEXD10A,EXD35A
BEXD10A,EECS150
BEXD10A,REX25C
BEXD10A,312IPL
BEXD10A,IPL26C
BEXD10A,IPL32C
BEXD10A,IPL16C
BEXD10A,KRSC46HPBO
AWMXL10-5,SRPCR4700
AWMXL10-5,GFAT1E
AWMXL10-5,SHD1R
AWMXL10-5,96ACF
AWMXL10-5,FXK3
AWMXL10-5,EECT400
AWMXL10-5,KRSC46HPBO
AWMXL10-5,ECHDD012A
AWMXL10-5,CTB8174
AWMXL10-5,PH3050BR
KRA2422PJK,TM84
KRA2422PJK,VO2224B
KRA2422PJK,VO2628B
KRA2422PJK,KWSN2455AST
KRA2422PJK,KRWT2411
KRA2422PJK,KWSP2455ABL
KRA2422PJK,KWSN2455ABL
KRA2422PJK,KWSP2455AST
KRA2422PJK,PG160
KRA2422PJK,EFPHANNIBALB
SLL80A,LDH482
SLL80A,LDH522
SLL80A,FLLF80
SLL80A,FL80
SLL80A,FK80
SLL80A,EECT400
SLL80A,KRSC46HPBO
SLL80A,ECHDD012A
SLL80A,CTB8174
SLL80A,PH3050BR
PL1000STARTO,SGDMRC108A
PL1000STARTO,ATECHFSET02R
PL1000STARTO,786CF
PL1000STARTO,SVSM807A
PL1000STARTO,CTNN13KF
PL1000STARTO,CTR862DB
PL1000STARTO,ATECHFSET01R
PL1000STARTO,SOXRRM710A
PL1000STARTO,PH3050BR
PL1000STARTO,CTB185
FZ80,F80MP
FZ80,FHOF80A
FZ80,ADCF8
FZ80,PALMRAT
FZ80,TMR4
FZ80,FSLF80
FZ80,ACT407
FZ80,PH3050BR
FZ80,PTGR100
FZ80,ACT51234A
SGDP162BR,EXDL10A
SGDP162BR,SGDXL80BR
SGDP162BR,SGDX40BR
SGDP162BR,SGD4120BR
SGDP162BR,SS5A
SGDP162BR,RTEMPB7
SGDP162BR,CAL6EA
SGDP162BR,RC980
SGDP162BR,S9711KA
SGDP162BR,GA296B
RTD48,RD8
RTD48,SR40K
RTD48,KAC1224TCA
RTD48,FABLM5E
RTD48,FAML6E
RTD48,KRSC46HPBO
RTD48,ECHDD012A
RTD48,CTB8174
RTD48,PH3050BR
RTD48,RTEMPB7
TWM31,TWM25
TWM31,TWM30
TWM31,TW461
TWM31,TWM29
TWM31,TWM28
TWM31,TWM26
TWM31,TWM32
TWM31,CTB8174
TWM31,PH3050BR
TWM31,CAL6DA
AWT27A,SGD6BR
AWT27A,FHLF80A
AWT27A,47ACF
AWT27A,A2A
AWT27A,PPC103A
AWT27A,EECT400
AWT27A,KRSC46HPBO
AWT27A,ECHDD012A
AWT27A,CTB8174
AWT27A,PH3050BR
OXIM6B,BLPTE3810
OXIM6B,310IMMYA
OXIM6B,HSPD16
OXIM6B,BLPTE3814
OXIM6B,BLPTE3816
OXIM6B,YA438B
OXIM6B,BLPTE3812
OXIM6B,OXIM7B
OXIM6B,CTB8174
OXIM6B,PH3050BR
103UFTS,1206GS
103UFTS,305ASX
103UFTS,206AFX
103UFTS,AT4124
103UFTS,AT4135
103UFTS,PK52A
103UFTS,212EFTAY
103UFTS,CTB8174
103UFTS,PH3050BR
103UFTS,ACT1290A
GLASS30R,AYESCRD
GLASS30R,AW1020DK
GLASS30R,PTGR450
GLASS30R,EARPLUGBAND
GLASS30R,AW1015DHK
GLASS30R,RULER602
GLASS30R,US712
GLASS30R,BHS7A
GLASS30R,BF775C-A
GLASS30R,JT17A
SWM251,SWM301
SWM251,AWMEF8K
SWM251,SWM111A
SWM251,SWM261
SWM251,SWM271
SWM251,SWM291
SWM251,SWM281
SWM251,EECT400
SWM251,KRSC46HPBO
SWM251,ECHDD012A
ECUHD218HV,EECT400
ECUHD218HV,MTTL800
ECUHD218HV,JCK7DBL
ECUHD218HV,ECPNG032
ECUHD218HV,EEBC30A12V
ECUHD218HV,BRHC2PK
ECUHD218HV,LSR1500
ECUHD218HV,204FXKLA
ECUHD218HV,SVTSRAD272U
ECUHD218HV,YA4000B
PTGR100G,PSO4625
PTGR100G,PDR3000A
PTGR100G,SAG03S20
PTGR100G,PTGR110
PTGR100G,PTC250
PTGR100G,SAG03S12
PTGR100G,XFR704
PTGR100G,FZ80
PTGR100G,PBMP703A
PTGR100G,CJ2001P
SHD6R,SHD1R
SHD6R,SHDX60R
SHD6R,SHDX80R
SHD6R,SHD2R
SHD6R,SHDP42IRR
SHD6R,SHDP31IRR
SHD6R,SHD4R
SHD6R,SHDP63IRR
SHD6R,CTB8174
SHD6R,PG160
ECPRA072O,ECARL032R
ECPRA072O,LDH562
ECPRA072O,414AHD
ECPRA072O,ECFD0102
ECPRA072O,LDH362
ECPRA072O,LDH342
ECPRA072O,LDH402
ECPRA072O,LDH442
ECPRA072O,LDH462
ECPRA072O,LDH422A
KRSC323PCM,SDMT10D
KRSC323PCM,SDMT20D
KRSC323PCM,SOEX707
KRSC323PCM,EEDM504F
KRSC323PCM,PK500A
KRSC323PCM,SEPPREMETA
KRSC323PCM,SN15B
KRSC323PCM,IM1PT
KRSC323PCM,KRSC430APBO1
KRSC323PCM,313TWYA
HBFE16,HBBD16
HBFE16,AYESCRD
HBFE16,A159
HBFE16,30SSD
HBFE16,JT17A
HBFE16,BF775C-A
HBFE16,OEXM707B
HBFE16,A3042
HBFE16,YA1050B
HBFE16,AT5500
IPLM13C,IPLM18C
IPLM13C,IPLM14C
IPLM13C,IPLM21C
IPLM13C,IPLM12C
IPLM13C,IPLM10C
IPLM13C,IPLM11C
IPLM13C,IPLM16C
IPLM13C,EECT400
IPLM13C,KRSC46HPBO
IPLM13C,ECHDD012A
STMM5,TMM5
STMM5,TMM9
STMM5,TMM15
STMM5,TMM6
STMM5,TMM11
STMM5,KRSC46HPBO
STMM5,ECHDD012A
STMM5,FB303B
STMM5,CTB8174
STMM5,PH3050BR
KCP1422PCM,AWM140DK
KCP1422PCM,AC58E
KCP1422PCM,111TMMDY
KCP1422PCM,KWSN2455ABL
KCP1422PCM,KWSN2455AST
KCP1422PCM,KWSP2455AST
KCP1422PCM,KWSP2455ABL
KCP1422PCM,KRWT2411
KCP1422PCM,SR40K
KCP1422PCM,BTC7B
PTM2,PBMMB5R
PTM2,GA358B
PTM2,UIM2RSLT
PTM2,PBMMB5G
PTM2,SGAS102BG
PTM2,PBMMS5G
PTM2,PBMMA5R
PTM2,FB336
PTM2,LBUK1
PTM2,MAGMAT
PPSG106,PPSG203
PPSG106,PCSG816
PPSG106,PCSG812
PPSG106,PPSG105
PPSG106,PPSG103
PPSG106,PPSG206
PPSG106,PPSG205
PPSG106,EECT400
PPSG106,KRSC46HPBO
PPSG106,ECHDD012A
A50A,AWM110DK
A50A,312IPLM
A50A,IPLM11C
A50A,A36A
A50A,1412A
A50A,MSKM10
A50A,PG160
A50A,STMM4
A50A,YA105013
A50A,212SFMY
QE2R100,FXK11
QE2R100,SPBS12AR
QE2R100,SRPCR4700
QE2R100,SHD1R
QE2R100,GFAT1E
QE2R100,EECT400
QE2R100,KRSC46HPBO
QE2R100,ECHDD012A
QE2R100,CTB8174
QE2R100,PH3050BR
LDH562,LDH482
LDH562,LDH522
LDH562,L122
LDH562,L62
LDH562,LDH602
LDH562,KRSC46HPBO
LDH562,ECHDD012A
LDH562,CTB8174
LDH562,PH3050BR
LDH562,MG1250
TW481,FA12LE
TW481,FAML6E
TW481,FRX181
TW481,SA16E
TW481,FABLM5E
TW481,ECHDD012A
TW481,CTB8174
TW481,PH3050BR
TW481,TPM16EM
TW481,BB9008
SGD6BO,SGD4BR
SGD6BO,SGDP64IRBR
SGD6BO,SGDX80BR
SGD6BO,SGDP31IRBR
SGD6BO,SGDP42IRBR
SGD6BO,SGD2BR
SGD6BO,SGD8BR
SGD6BO,PH3050BR
SGD6BO,GA296B
SGD6BO,MTTL300
SGD6BR,SGD4BR
SGD6BR,SGDP64IRBR
SGD6BR,SGDX80BR
SGD6BR,SGDP31IRBR
SGD6BR,SGDP42IRBR
SGD6BR,SGD2BR
SGD6BR,SGD8BR
SGD6BR,PH3050BR
SGD6BR,GA296B
SGD6BR,MTTL300
BLP10MHVLP,DB121C
BLP10MHVLP,JT13B
BLP10MHVLP,A161B
BLP10MHVLP,AT475A
BLP10MHVLP,BLP14HVLP
BLP10MHVLP,BLP18HVLP
BLP10MHVLP,BLP13HVLP
BLP10MHVLP,BLP15HVLP
BLP10MHVLP,BF555
BLP10MHVLP,AT425R
AW3D,FHLF80A
AW3D,SHD1R
AW3D,FX1
AW3D,GFAT1E
AW3D,SIMM180
AW3D,EECT400
AW3D,KRSC46HPBO
AW3D,ECHDD012A
AW3D,CTB8174
AW3D,PH3050BR
PPSG103,PPSG203
PPSG103,PCSG816
PPSG103,PCSG812
PPSG103,PPSG105
PPSG103,PPSG106
PPSG103,PPSG206
PPSG103,PCSG820
PPSG103,EECT400
PPSG103,KRSC46HPBO
PPSG103,ECHDD012A
AW12D,AW10D
AW12D,AW5D
AW12D,10SSD
AW12D,AW4-1/2D
AW12D,AW4D
AW12D,AW6D
AW12D,AW7D
AW12D,AW8D
AW12D,PH3050BR
AW12D,FB361A
TMM7,TMM13
TMM7,TMM6
TMM7,STMM6
TMM7,TMM9
TMM7,TMM14
TMM7,EECT400
TMM7,KRSC46HPBO
TMM7,ECHDD012A
TMM7,CTB8174
TMM7,PH3050BR
KRA4810FPJJ,SIM180A
KRA4810FPJJ,SIM220
KRA4810FPJJ,SIM200
KRA4810FPJJ,KRA4107FPBO
KRA4810FPJJ,KRA4813FPBO
KRA4810FPJJ,RXFS605B
KRA4810FPJJ,SGA1710BR
KRA4810FPJJ,SIM340
KRA4810FPJJ,SIM380
KRA4810FPJJ,SIM360
210EFTAMY,212EFTAY
210EFTAMY,210AFLEY
210EFTAMY,BLPHS1414
210EFTAMY,208EFTABMY
210EFTAMY,307ESAMY
210EFTAMY,KRSC46HPBO
210EFTAMY,ECHDD012A
210EFTAMY,CTB8174
210EFTAMY,PH3050BR
210EFTAMY,RTEMP8
SGT4BO,117TMM
SGT4BO,BTK5
SGT4BO,SEPPREMETA
SGT4BO,S6118A
SGT4BO,FB303B
SGT4BO,S6110A
SGT4BO,2004BSKA
SGT4BO,AC5C
SGT4BO,CTB8174
SGT4BO,TPM16
OFSKIT,OFC14KT
OFSKIT,YA4050B
OFSKIT,BTCP600
OFSKIT,OFCA2
OFSKIT,BCS70A
OFSKIT,BTCP2SA
OFSKIT,CTB8174
OFSKIT,PH3050BR
OFSKIT,ITHE100
OFSKIT,ASTFUN19KIT
KRSC430APJK1,HSPD16
KRSC430APJK1,LDH442
KRSC430APJK1,LDH462
KRSC430APJK1,OXIM6B
KRSC430APJK1,AWMBPH9
KRSC430APJK1,KRSC323PBO
KRSC430APJK1,STMM4
KRSC430APJK1,YA2019
KRSC430APJK1,AWBPH13
KRSC430APJK1,10R
IMFLE80A,207IMFLE
IMFLE80A,OXKRM705
IMFLE80A,210EFTXRY
IMFLE80A,IMFLE120A
IMFLE80A,IMSLEPL240
IMFLE80A,XLE605
IMFLE80A,WHM1
IMFLE80A,STX60E
IMFLE80A,KRSC46HPBO
IMFLE80A,ECHDD012A
SWR102,SWR1A
SWR102,IMM160A
SWR102,IMM150A
SWR102,HCP10
SWR102,S9704KR
SWR102,SOEXM705
SWR102,207IPFM
SWR102,PHG1055BK
SWR102,PH3050BR
SWR102,EECT400
SGDMRC44B,SEPPREMETA
SGDMRC44B,ATKIFL
SGDMRC44B,ATKBFL
SGDMRC44B,XS2024A
SGDMRC44B,TB40C
SGDMRC44B,XS1416A
SGDMRC44B,XS1820A
SGDMRC44B,XS1012A
SGDMRC44B,XS2226A
SGDMRC44B,KRSC46HPBO
BT1360,SPBS12AR
BT1360,47ACF
BT1360,SPBS704AR
BT1360,BT15
BT1360,131A
BT1360,BT518
BT1360,HBBT16
BT1360,SDDDM1AR
BT1360,EECT400
BT1360,KRSC46HPBO
WELDIGNREDROCK,PWCS7ACF
WELDIGNREDROCK,PPC103A
WELDIGNREDROCK,FXK3
WELDIGNREDROCK,SGDP31IRBR
WELDIGNREDROCK,SPBS8AR
WELDIGNREDROCK,SIMM170
WELDIGNREDROCK,FXK6
WELDIGNREDROCK,ATECH3FR300B
WELDIGNREDROCK,SIMM240
WELDIGNREDROCK,TMXK4
MAGDISH,CLRPW75
MAGDISH,MRB5B
MAGDISH,GLOVE300BL
MAGDISH,MAGMAT
MAGDISH,MAGTRAY
MAGDISH,MAGMICRO
MAGDISH,MAGMINI
MAGDISH,MAGSTRIP
MAGDISH,KAERNADD6RD
MAGDISH,PTM2
HBFE24,HBFE48
HBFE24,FABLM5E
HBFE24,FA12LE
HBFE24,HD6529
HBFE24,FRX181
HBFE24,PH3050BR
HBFE24,AT4124
HBFE24,ACT83A
HBFE24,BB9008
HBFE24,FB303B
SN24C,LSR1450
SN24C,TWM29
SN24C,AWCGT500
SN24C,QD3RN350A
SN24C,340SSDP
SN24C,YA450B
SN24C,BHS7A
SN24C,10SSD
SN24C,CTB8174
SN24C,PH3050BR
SRPCR107O,SRPCR4700
SRPCR107O,SRPCR3800
SRPCR107O,PBS704
SRPCR107O,BDGPL300HG
SRPCR107O,PPC715BK
SRPCR107O,PWZ4
SRPCR107O,SRP2A
SRPCR107O,SRP400B
SRPCR107O,CTB8174
SRPCR107O,PH3050BR
IPL32C,312IPL
IPL32C,IPL20C
IPL32C,IPL40C
IPL32C,IPL26C
IPL32C,IPL16C
IPL32C,IPL34C
IPL32C,IPL38C
IPL32C,IPL22C
IPL32C,EECT400
IPL32C,KRSC46HPBO
IM200,IM180A
IM200,IM300
IM200,IM260
IM200,IM160A
IM200,IM240
IM200,KRSC46HPBO
IM200,ECHDD012A
IM200,CTB8174
IM200,PH3050BR
IM200,YA438B
SGDP42IRBR,SGD8BR
SGDP42IRBR,SGDP64IRBR
SGDP42IRBR,SGDX80BR
SGDP42IRBR,SGD4BR
SGDP42IRBR,SGDP31IRBR
SGDP42IRBR,SGD2BR
SGDP42IRBR,SGD6BR
SGDP42IRBR,PH3050BR
SGDP42IRBR,GA296B
SGDP42IRBR,MTTL300
TMR4O,ST50A
TMR4O,OXI707BK
TMR4O,PWC52A
TMR4O,FZ80
TMR4O,S4
TMR4O,303SXWKL
TMR4O,OXIM707SBK
TMR4O,TNF72
TMR4O,KRSC46HPBO
TMR4O,ECHDD012A
206EFABLM,207EFAMY
206EFABLM,206EFAML
206EFABLM,FABLM5E
206EFABLM,206EFABL
206EFABLM,208EFTABMY
206EFABLM,BB9008
206EFABLM,TWM32
206EFABLM,ACT407
206EFABLM,EEPV503
206EFABLM,FB360C
206FSUMA,111TMUSMA
206FSUMA,TWM28
206FSUMA,TMC105E
206FSUMA,206SFSUM
206FSUMA,206AFSA
206FSUMA,TWM29
206FSUMA,TWM31
206FSUMA,CTB8174
206FSUMA,PH3050BR
206FSUMA,CAL6DA
GA358B,TR107A
GA358B,TR108
GA358B,MAGSTRIP
GA358B,GA460B
GA358B,TR117O
GA358B,HR-26PKC
GA358B,PG160
GA358B,MAGMINI
GA358B,PTM2
GA358B,MAGMICRO
AWM19D,SGD2BR
AWM19D,FHLF80A
AWM19D,96ACF
AWM19D,FX1
AWM19D,SPBS12AR
AWM19D,EECT400
AWM19D,KRSC46HPBO
AWM19D,ECHDD012A
AWM19D,CTB8174
AWM19D,PH3050BR
TDG2,STARTERSET5
TDG2,A106
TDG2,A127
TDG2,BTG9
TDG2,BTG8
TDG2,VSC4KT
TDG2,TR108
TDG2,QDTPMS
TDG2,TPGDL2000
TDG2,A129
TMC109A,SDMT25D
TMC109A,TMS70A
TMC109A,TMS4E
TMC109A,DBH7B
TMC109A,CTNN13KF
TMC109A,SDMT20D
TMC109A,SDMT10D
TMC109A,TMBS8A
TMC109A,TMXM114
TMC109A,ECHDD012A
CSSD1R,CSA12CR
CSSD1R,PHP2A
CSSD1R,AWPBX10
CSSD1R,CSSD50R
CSSD1R,CSA14CR
CSSD1R,PKWSS53A
CSSD1R,FB307RNB
CSSD1R,PKNC300
CSSD1R,AT4124
CSSD1R,SVTS264
SW321,SW361
SW321,SW181A
SW321,SW161A
SW321,SW301
SW321,SW281
SW321,SW221
SW321,SW141A
SW321,EECT400
SW321,KRSC46HPBO
SW321,ECHDD012A
PKN500,BLPEXTF146
PKN500,CSSD50R
PKN500,915CF
PKN500,PSN500
PKN500,PPK300
PKN500,PKN90
PKN500,PKNC300
PKN500,AWMXL10
PKN500,PH3050BR
PKN500,FB336
AWL10D,TMU8B
AWL10D,SHD1R
AWL10D,SIMM200
AWL10D,SIMM210
AWL10D,A2A
AWL10D,EECT400
AWL10D,KRSC46HPBO
AWL10D,ECHDD012A
AWL10D,CTB8174
AWL10D,PH3050BR
AWL12D,GFAT1E
AWL12D,ATECH2FR125B
AWL12D,SPBS18AR
AWL12D,SGD4BR
AWL12D,FXK6
AWL12D,EECT400
AWL12D,KRSC46HPBO
AWL12D,ECHDD012A
AWL12D,CTB8174
AWL12D,PH3050BR
GLASS60BK,PPC816B
GLASS60BK,SIMM240
GLASS60BK,96ACF
GLASS60BK,SGD6BR
GLASS60BK,FXK3
GLASS60BK,PWCS7ACF
GLASS60BK,PPC103A
GLASS60BK,ATECH3FR300B
GLASS60BK,TMXK2
GLASS60BK,SIMM170
KRA4813FPCM,DBTB121
KRA4813FPCM,AWM110DHK
KRA4813FPCM,UPTM65K
KRA4813FPCM,KRA4114FPBO
KRA4813FPCM,KRA4810FPBO
KRA4813FPCM,YA2019
KRA4813FPCM,ST50A
KRA4813FPCM,FB302A
KRA4813FPCM,YA900
KRA4813FPCM,BP8B
A91F,SW421
A91F,TWM28
A91F,TMC105E
A91F,JCW62R
A91F,1210B
A91F,TWM31
A91F,TWM29
A91F,AW1020DK
A91F,CTB8174
A91F,PH3050BR
ECPNI032R,ECHDF042
ECPNI032R,ECPNH012
ECPNI032R,JCW62R
ECPNI032R,ECARL032R
ECPNI032R,BLPSM1410
ECPNI032R,ECPRM052
ECPNI032R,YA4250
ECPNI032R,ECPNJ032
ECPNI032R,ECPRL092
ECPNI032R,QD2R200A
S4,PTM30
S4,SX24
S4,OEXS709B
S4,TMS4E
S4,F4LB
S4,303SXWKL
S4,FSLF80
S4,TMR4
S4,CTB8174
S4,PH3050BR
ASGP102BO,PBN500
ASGP102BO,ASGP1BR
ASGP102BO,ASGP2BR
ASGP102BO,UTS105A
ASGP102BO,A161B
ASGP102BO,A177A
ASGP102BO,A179A
ASGP102BO,KRSC46HPBO
ASGP102BO,ECHDD012A
ASGP102BO,CTB8174
ECARC041G,SGASA204CR
ECARC041G,TMXK60
ECARC041G,TMXK4
ECARC041G,SIMM240
ECARC041G,PWCS7ACF
ECARC041G,SRPCR3800
ECARC041G,SPBS12AR
ECARC041G,TMU8B
ECARC041G,PL400B
ECARC041G,SIMM160A
STMD16,STMD9
STMD16,STMD6
STMD16,STMD12
STMD16,STMD14
STMD16,STMD7
STMD16,KRSC46HPBO
STMD16,ECHDD012A
STMD16,CTB8174
STMD16,PH3050BR
STMD16,TB40C
SIMM120A,IMM120A
SIMM120A,IMM100A
SIMM120A,IMM110A
SIMM120A,SIMM130A
SIMM120A,SIMM140A
SIMM120A,SIMM110A
SIMM120A,SIMM100A
SIMM120A,EECT400
SIMM120A,KRSC46HPBO
SIMM120A,ECHDD012A
SHDX60R,222AFSMP
SHDX60R,SOEX707
SHDX60R,SHDP63IRR
SHDX60R,414AHD
SHDX60R,PKNC150
SHDX60R,UPTM65K
SHDX60R,KRSC46HPBO
SHDX60R,ECHDD012A
SHDX60R,CTB8174
SHDX60R,PH3050BR
SGDXXL20BR,SGDXL80BR
SGDXXL20BR,SGD4120BR
SGDXXL20BR,SGDP162BR
SGDXXL20BR,SGAS102BR
SGDXXL20BR,PTM30
SGDXXL20BR,103TMXKLA
SGDXXL20BR,204FXKLA
SGDXXL20BR,BTWSMPK
SGDXXL20BR,EECT400
SGDXXL20BR,KRSC46HPBO
305ASX,206AFX
305ASX,106BTMX
305ASX,313TSMYA
305ASX,208AFX
305ASX,SX20
305ASX,313TSYA
305ASX,EECT400
305ASX,KRSC46HPBO
305ASX,ECHDD012A
305ASX,CTB8174
AWBMCG1603,AWBMCG1604
AWBMCG1603,GFAT1E
AWBMCG1603,FXK3
AWBMCG1603,BLPTHC87
AWBMCG1603,SGASA204CR
AWBMCG1603,EECT400
AWBMCG1603,KRSC46HPBO
AWBMCG1603,ECHDD012A
AWBMCG1603,CTB8174
AWBMCG1603,PH3050BR
SGA175BR,HCP48BCF
SGA175BR,SGRHT6BR
SGA175BR,SHP2KT
SGA175BR,SGA174BR
SGA175BR,SGA1711BR
SGA175BR,SGA1710BR
SGA175BR,SGA1712BR
SGA175BR,SGA173BR
SGA175BR,CTB8174
SGA175BR,PH3050BR
STA35,CSA8CR
STA35,ATECH3FR300B
STA35,SRPCR4700
STA35,FTA35
STA35,TTA35
STA35,SRES26
STA35,208FRDH
STA35,FRW10
STA35,A277
STA35,KRSC46HPBO
TTX10E,FTX40E
TTX10E,FTX45E
TTX10E,212EFTXY
TTX10E,TTX20E
TTX10E,TTX8E
TTX10E,TTX15E
TTX10E,TTX25E
TTX10E,FTX50E
TTX10E,KRSC46HPBO
TTX10E,ECHDD012A
TWM27,TWM28
TWM27,TWM30
TWM27,TWM32
TWM27,TWM25
TWM27,TWM26
TWM27,TWM29
TWM27,ECHDD012A
TWM27,CTB8174
TWM27,PH3050BR
TWM27,EFPHANNIBALB
SPBS704A,SEPPREMETA
SPBS704A,SPBS8AR
SPBS704A,SPBS12AR
SPBS704A,317AMMPC
SPBS704A,UIM225
SPBS704A,PK23A
SPBS704A,UPT35
SPBS704A,BTC7B
SPBS704A,KRSC46HPBO
SPBS704A,ECHDD012A
ECUHD218G,EECT400
ECUHD218G,MTTL800
ECUHD218G,JCK7DBL
ECUHD218G,ECPNG032
ECUHD218G,EEBC30A12V
ECUHD218G,BRHC2PK
ECUHD218G,LSR1500
ECUHD218G,204FXKLA
ECUHD218G,SVTSRAD272U
ECUHD218G,YA4000B
OEX080B,OEXS709B
OEX080B,107ATMPB
OEX080B,OEXL707B
OEX080B,OXI707BK
OEX080B,S6106KA
OEX080B,KRSC46HPBO
OEX080B,ECHDD012A
OEX080B,CTB8174
OEX080B,PH3050BR
OEX080B,RULER6
9100AGMO,TPM16
9100AGMO,AWM110DHK
9100AGMO,AC5C
9100AGMO,KRA2007FPBO
9100AGMO,9100GSM
9100AGMO,KAERNADD6RD
9100AGMO,310IMMYA
9100AGMO,OEXM9B
9100AGMO,OEXM8B
9100AGMO,309SIMYA
THLLF72,BLPHEXS1418
THLLF72,FHLL80
THLLF72,TKF72
THLLF72,FHLLF80
THLLF72,THLL72
THLLF72,FHLX80B
THLLF72,SHLX80A
THLLF72,FHOF80A
THLLF72,EECT400
THLLF72,KRSC46HPBO
B1356E,BT11
B1356E,B3404B
B1356E,131A
B1356E,B1461
B1356E,VGP104
B1356E,PH3050BR
B1356E,ITHE100
B1356E,PTGR450
B1356E,DB129C
B1356E,PGP50
LDH362,LDH482
LDH362,LDH602
LDH362,LDH522
LDH362,LDH342
LDH362,LDH402
LDH362,LDH442
LDH362,LDH462
LDH362,LDH422A
LDH362,KRSC46HPBO
LDH362,ECHDD012A
TMD14,TMD10
TMD14,TMD7
TMD14,TMD18
TMD14,TMD16
TMD14,TMD9
TMD14,TMD6
TMD14,EECT400
TMD14,KRSC46HPBO
TMD14,ECHDD012A
TMD14,CTB8174
ECPRA072,ECARL032R
ECPRA072,LDH562
ECPRA072,414AHD
ECPRA072,ECFD0102
ECPRA072,LDH362
ECPRA072,LDH342
ECPRA072,LDH402
ECPRA072,LDH442
ECPRA072,LDH462
ECPRA072,LDH422A
CTB8174,CTQ838DB
CTB8174,CT825DB
CTB8174,CTR867AK2
CTB8174,CTC772A
CTB8174,CTB8187
CTB8174,CTC131A
CTB8174,CTB185
CTB8174,CTSG861DB
CTB8174,SVTS272A
CTB8174,HCP48BCF
UTK150,GLASS30R
UTK150,PPK15
UTK150,CAL6DA
UTK150,UKBU10
UTK150,BTC8A
UTK150,TMU181A
UTK150,ECFLD030
UTK150,GA358B
UTK150,TB20AC
UTK150,TMU161A
TMMDS13,TMMDS15
TMMDS13,TMMDS6
TMMDS13,TMMDS7
TMMDS13,TMMDS11
TMMDS13,TMMDS12
TMMDS13,TMMDS5
TMMDS13,TMMDS5.5
TMMDS13,TMMDS9
TMMDS13,EECT400
TMMDS13,KRSC46HPBO
JCK8,BT11
JCK8,B1461
JCK8,BP32B
JCK8,B3404B
JCK8,BHS7A
JCK8,FB303B
JCK8,222AFSP
JCK8,SN25A
JCK8,ACT1370
JCK8,OFW3
SSDMR4BO,PKNC125C2
SSDMR4BO,9100AGMO
SSDMR4BO,SEPSTARTERA
SSDMR4BO,TPM16
SSDMR4BO,AWM110DHK
SSDMR4BO,AC5C
SSDMR4BO,GMB3041
SSDMR4BO,2004BSKA
SSDMR4BO,KRA2007FPBO
SSDMR4BO,FB360C
KRSC430APC1,HSPD16
KRSC430APC1,LDH442
KRSC430APC1,LDH462
KRSC430APC1,OXIM6B
KRSC430APC1,AWMBPH9
KRSC430APC1,KRSC323PBO
KRSC430APC1,STMM4
KRSC430APC1,YA2019
KRSC430APC1,AWBPH13
KRSC430APC1,10R
SOEXM9,SOEXM8
SOEXM9,SEPPREATV
SOEXM9,SOEX704
SOEXM9,SOEX38
SOEXM9,SOEX40
SOEXM9,PH3050BR
SOEXM9,YA450B
SOEXM9,KRA2007FPBO
SOEXM9,AT4135
SOEXM9,AT4124
TW281,TW221
TW281,TW161A
TW281,TW261
TW281,TW181A
TW281,TW361
TW281,KRSC46HPBO
TW281,ECHDD012A
TW281,CTB8174
TW281,PH3050BR
TW281,EFPHANNIBALB
KRSC4130PWZ,GFAT1E
KRSC4130PWZ,ATECH3FR300B
KRSC4130PWZ,SIMM220
KRSC4130PWZ,BLPTHC87
KRSC4130PWZ,SHD1R
KRSC4130PWZ,TMU8B
KRSC4130PWZ,T72
KRSC4130PWZ,SIMM160A
KRSC4130PWZ,F80
KRSC4130PWZ,SGASA204CR
TMD6,TMD18
TMD6,TMD14
TMD6,TMD12
TMD6,TMD9
TMD6,TMD16
TMD6,TMD11
TMD6,TMD7
TMD6,EECT400
TMD6,KRSC46HPBO
TMD6,ECHDD012A
SGDTX50BR,LSR1450
SGDTX50BR,208EFTAMXSY
SGDTX50BR,OXIM710B
SGDTX50BR,AWCGT500
SGDTX50BR,QD3RN350A
SGDTX50BR,BOERM18
SGDTX50BR,PH3050BR
SGDTX50BR,MRB5B
SGDTX50BR,YA450B
SGDTX50BR,EECT424HD
FHLX80B,FHOF80A
FHLX80B,FHR80
FHLX80B,THLL72
FHLX80B,THLX72
FHLX80B,THRLX72
FHLX80B,SHX80B
FHLX80B,THLLF72
FHLX80B,SHLX80A
FHLX80B,ECHDD012A
FHLX80B,CTB8174
SRPCR107G,SRPCR4700
SRPCR107G,SRPCR3800
SRPCR107G,PBS704
SRPCR107G,BDGPL300HG
SRPCR107G,PPC715BK
SRPCR107G,PWZ4
SRPCR107G,SRP2A
SRPCR107G,SRP400B
SRPCR107G,CTB8174
SRPCR107G,PH3050BR
GFAT1E,GLAS1F
GFAT1E,ATKIFL
GFAT1E,AOGMHC
GFAT1E,XS2024A
GFAT1E,XS1416A
GFAT1E,XS1820A
GFAT1E,XS1012A
GFAT1E,EECT400
GFAT1E,KRSC46HPBO
GFAT1E,ECHDD012A
TMMS12,TMMS14
TMMS12,TMMS13
TMMS12,TMMS8
TMMS12,TMMS7
TMMS12,TMMS9
TMMS12,ECHDD012A
TMMS12,CTB8174
TMMS12,PH3050BR
TMMS12,GA460B
TMMS12,OC5A
AWML10D,SIMM160A
AWML10D,SPBS8AR
AWML10D,T72
AWML10D,SIMM240
AWML10D,TMXK4
AWML10D,EECT400
AWML10D,KRSC46HPBO
AWML10D,ECHDD012A
AWML10D,CTB8174
AWML10D,PH3050BR
AWTXL8-T25,SGD4BR
AWTXL8-T25,SPBS12AR
AWTXL8-T25,SHD1R
AWTXL8-T25,SPBS704AR
AWTXL8-T25,SPBS8AR
AWTXL8-T25,EECT400
AWTXL8-T25,KRSC46HPBO
AWTXL8-T25,ECHDD012A
AWTXL8-T25,CTB8174
AWTXL8-T25,PH3050BR
KRA4114FPC,SGASA204CR
KRA4114FPC,SGD2BR
KRA4114FPC,SGD6BR
KRA4114FPC,KRA4107FPBO
KRA4114FPC,KRA4813FPBO
KRA4114FPC,F12LB
KRA4114FPC,206AFXW
KRA4114FPC,SGDX60BR
KRA4114FPC,112TMMY
KRA4114FPC,HBBD24
KRA4114FPCM,SGASA204CR
KRA4114FPCM,SGD2BR
KRA4114FPCM,SGD6BR
KRA4114FPCM,KRA4107FPBO
KRA4114FPCM,KRA4813FPBO
KRA4114FPCM,F12LB
KRA4114FPCM,206AFXW
KRA4114FPCM,SGDX60BR
KRA4114FPCM,112TMMY
KRA4114FPCM,HBBD24
IPLM14C,IPLM17C
IPLM14C,IPLM19C
IPLM14C,IPLM21C
IPLM14C,IPLM12C
IPLM14C,IPLM18C
IPLM14C,EECT400
IPLM14C,KRSC46HPBO
IPLM14C,ECHDD012A
IPLM14C,CTB8174
IPLM14C,PH3050BR
CAL6EA,GA296B
CAL6EA,FZ7A
CAL6EA,TW441
CAL6EA,MTEE6
CAL6EA,EEPV503
CAL6EA,RC980
CAL6EA,RTEMPB7
CAL6EA,SS5A
CAL6EA,TW461
CAL6EA,S9711KA
BFCRM712A,PPC210BK
BFCRM712A,FRW10
BFCRM712A,PPC210A
BFCRM712A,BFCR708A
BFCRM712A,XLE605
BFCRM712A,OXIM710B
BFCRM712A,TDTDM500B
BFCRM712A,L8112A
BFCRM712A,PH3050BR
BFCRM712A,ECSPH271
212IMFMSYA,214IMFMYA
212IMFMSYA,SOEX38
212IMFMSYA,BLPTE3812
212IMFMSYA,212SIMFYA
212IMFMSYA,210IMFSYA
212IMFMSYA,YA438B
212IMFMSYA,BLPTE3816
212IMFMSYA,BLPTE3814
212IMFMSYA,KRSC46HPBO
212IMFMSYA,ECHDD012A
HBBD32O,HBBD16
HBBD32O,YA4275
HBBD32O,SOEX40
HBBD32O,PKNC150
HBBD32O,UPTM65K
HBBD32O,SOEX38
HBBD32O,305SIMMY
HBBD32O,EECT400
HBBD32O,KRSC46HPBO
HBBD32O,ECHDD012A
AWL8D,SIMM190
AWL8D,FXK11
AWL8D,SIMM180
AWL8D,SPBS18AR
AWL8D,TMU8B
AWL8D,EECT400
AWL8D,KRSC46HPBO
AWL8D,ECHDD012A
AWL8D,CTB8174
AWL8D,PH3050BR
KRA4008FPC,212SFSMY
KRA4008FPC,CSA8CR
KRA4008FPC,SN18B
KRA4008FPC,OEXM710B
KRA4008FPC,OEXM80B
KRA4008FPC,S9704KA
KRA4008FPC,FS221
KRA4008FPC,FS241
KRA4008FPC,FS121
KRA4008FPC,FS141
305ASXW,206AFX
305ASXW,106BTMX
305ASXW,313TSMYA
305ASXW,208AFX
305ASXW,SX20
305ASXW,313TSYA
305ASXW,EECT400
305ASXW,KRSC46HPBO
305ASXW,ECHDD012A
305ASXW,CTB8174
AWBCG1620,AWBCG1624
AWBCG1620,PPC816B
AWBCG1620,SPBS704AR
AWBCG1620,SHD1R
AWBCG1620,FU8A
AWBCG1620,EECT400
AWBCG1620,KRSC46HPBO
AWBCG1620,ECHDD012A
AWBCG1620,CTB8174
AWBCG1620,PH3050BR
FSS161,211FSSY
FSS161,233FSMBFR
FSS161,AYESCRD
FSS161,FSS141
FSS161,FSS121
FSS161,FSS181
FSS161,110TMSY
FSS161,BF775C-A
FSS161,JT17A
FSS161,KRSC46HPBO
SGHBF500AO,BTK7A
SGHBF500AO,SEPPREATV
SGHBF500AO,SGHF616BR
SGHBF500AO,ST50A
SGHBF500AO,BHS7A
SGHBF500AO,TFM7530B
SGHBF500AO,RTEMPB7
SGHBF500AO,PTGR450
SGHBF500AO,206AFSP
SGHBF500AO,AT4124
GLOVE300BS,GLOVE309L
GLOVE300BS,GLOVEORIGPLUSL
GLOVE300BS,GLASS50R
GLOVE300BS,GLOVE1100L
GLOVE300BS,SOSG01BKCL01
GLOVE300BS,KACKMCFIBER1
GLOVE300BS,CTINF9010
GLOVE300BS,IND25HAT
GLOVE300BS,BCS70A
GLOVE300BS,CTSG861DB
GLOVE300BXX,GLOVE309L
GLOVE300BXX,GLOVEORIGPLUSL
GLOVE300BXX,GLASS50R
GLOVE300BXX,GLOVE1100L
GLOVE300BXX,SOSG01BKCL01
GLOVE300BXX,KACKMCFIBER1
GLOVE300BXX,CTINF9010
GLOVE300BXX,IND25HAT
GLOVE300BXX,BCS70A
GLOVE300BXX,CTSG861DB
SGA1714B,SGA1713B
SGA1714B,SGAS102BR
SGA1714B,SVTS264
SGA1714B,PHP2A
SGA1714B,PHP3A
SGA1714B,PHP1A
SGA1714B,PLRK30
SGA1714B,ACT407
SGA1714B,FB307RNB
SGA1714B,MAGTRAY
ACT2105,TW341
ACT2105,TW281
ACT2105,TW221
ACT2105,ACT407
ACT2105,ACT1290A
ACT2105,ACT51234A
ACT2105,ACT73A
ACT2105,ACT1297
ACT2105,LN47ACF
ACT2105,PL400B
MAGMATXL,SPBS8AR
MAGMATXL,SGDP42IRBR
MAGMATXL,ATECH2FR125B
MAGMATXL,T72
MAGMATXL,SGDX80BR
MAGMATXL,96ACF
MAGMATXL,SRPCR3800
MAGMATXL,SGD8BR
MAGMATXL,SGD6BR
MAGMATXL,FU8A
TMXK4,TMXK2
TMXK4,TMXK110
TMXK4,107ATMPB
TMXK4,TMX1
TMXK4,XS2024A
TMXK4,TB40C
TMXK4,XS1416A
TMXK4,KRSC46HPBO
TMXK4,ECHDD012A
TMXK4,CTB8174
STMD14,STMD12
STMD14,STMD16
STMD14,STMD8
STMD14,STMD10
STMD14,STMD9
STMD14,STMD6
STMD14,KRSC46HPBO
STMD14,ECHDD012A
STMD14,CTB8174
STMD14,PH3050BR
PPCD70BK,SW341
PPCD70BK,FADH10C
PPCD70BK,AWBPH13
PPCD70BK,SEPHDSETAOBA
PPCD70BK,SGD153BR
PPCD70BK,AWMBPH9
PPCD70BK,FZ7A
PPCD70BK,ECHDD012A
PPCD70BK,CTB8174
PPCD70BK,PH3050BR
SHP10,PHP1A
SHP10,HCP48BCF
SHP10,SGA1714B
SHP10,SHP7
SHP10,PHP2A
SHP10,SHP2KT
SHP10,PLRK30
SHP10,VWB8B
SHP10,SGA1713B
SHP10,PH3050BR
LDH342,LDH482
LDH342,LDH602
LDH342,LDH522
LDH342,LDH362
LDH342,LDH402
LDH342,LDH442
LDH342,LDH462
LDH342,LDH422A
LDH342,KRSC46HPBO
LDH342,ECHDD012A
AWMG9-9,TMX1
AWMG9-9,TMXK110
AWMG9-9,SHD2R
AWMG9-9,BHS13A
AWMG9-9,SHDX60R
AWMG9-9,SHDP63IRR
AWMG9-9,LP404
AWMG9-9,106BTMX
AWMG9-9,EECT400
AWMG9-9,KRSC46HPBO
KRA4114FPJK,SGASA204CR
KRA4114FPJK,SGD2BR
KRA4114FPJK,SGD6BR
KRA4114FPJK,KRA4107FPBO
KRA4114FPJK,KRA4813FPBO
KRA4114FPJK,F12LB
KRA4114FPJK,206AFXW
KRA4114FPJK,SGDX60BR
KRA4114FPJK,112TMMY
KRA4114FPJK,HBBD24
IPL38C,IPL42C
IPL38C,IPL34C
IPL38C,IPL40C
IPL38C,IPL36C
IPL38C,IPL24C
IPL38C,EECT400
IPL38C,KRSC46HPBO
IPL38C,ECHDD012A
IPL38C,CTB8174
IPL38C,PH3050BR
112STMMY,110STMY
112STMMY,SEPPREMETA
112STMMY,9100AGMO
112STMMY,112TMMY
112STMMY,117TMM
112STMMY,TPM16
112STMMY,120STTM
112STMMY,AC5C
112STMMY,ECHDD012A
112STMMY,CTB8174
AWMCG1603B,SGDP31IRBR
AWMCG1603B,FHLF80A
AWMCG1603B,FXK11
AWMCG1603B,91ACP
AWMCG1603B,PL400B
AWMCG1603B,EECT400
AWMCG1603B,KRSC46HPBO
AWMCG1603B,ECHDD012A
AWMCG1603B,CTB8174
AWMCG1603B,PH3050BR
AWMXL10-3,SIMM160A
AWMXL10-3,47ACF
AWMXL10-3,SGDP31IRBR
AWMXL10-3,BLPTHC87
AWMXL10-3,SGD6BR
AWMXL10-3,EECT400
AWMXL10-3,KRSC46HPBO
AWMXL10-3,ECHDD012A
AWMXL10-3,CTB8174
AWMXL10-3,PH3050BR
BB9018KIT,T72
BB9018KIT,SIMM220
BB9018KIT,SGD6BR
BB9018KIT,BLPTHC87
BB9018KIT,SGDP42IRBR
BB9018KIT,FX1
BB9018KIT,SIMM160A
BB9018KIT,SGDP31IRBR
BB9018KIT,TMXK4
BB9018KIT,PPC103A
212SFMY,212FMY
212SFMY,111STMMDY
212SFMY,111TMMDY
212SFMY,313SMYA
212SFMY,313SYA
212SFMY,KRSC46HPBO
212SFMY,ECHDD012A
212SFMY,CTB8174
212SFMY,PH3050BR
212SFMY,AT700F
29ACFG,AWMCG1600B
29ACFG,BTC7B
29ACFG,FZ7A
29ACFG,PWCS9ACFO
29ACFG,SS5A
29ACFG,RTEMPB7
29ACFG,S9711KA
29ACFG,CSA12CR
29ACFG,GA296B
29ACFG,CAL6EA
BLP15HVLP,CTR861AK2
BLP15HVLP,SOXRRM710A
BLP15HVLP,SEPUAUTOBODYA
BLP15HVLP,BLP18HVLP
BLP15HVLP,PSO4625
BLP15HVLP,JT13B
BLP15HVLP,A161B
BLP15HVLP,TX72
BLP15HVLP,YA109C
BLP15HVLP,A179A
BLP18HVLP,PSO4625
BLP18HVLP,A159
BLP18HVLP,DB121C
BLP18HVLP,BLP14HVLP
BLP18HVLP,BLP13HVLP
BLP18HVLP,BLP15HVLP
BLP18HVLP,AT425R
BLP18HVLP,BF555
BLP18HVLP,AWM12D
BLP18HVLP,VWB5B
29ACF,AWMCG1600B
29ACF,BTC7B
29ACF,FZ7A
29ACF,PWCS9ACFO
29ACF,SS5A
29ACF,RTEMPB7
29ACF,S9711KA
29ACF,CSA12CR
29ACF,GA296B
29ACF,CAL6EA
CT9050GDB,SGD2BR
CT9050GDB,ATECH2FR125B
CT9050GDB,SIMM170
CT9050GDB,FX1
CT9050GDB,F80
CT9050GDB,SGDP31IRBR
CT9050GDB,91ACP
CT9050GDB,SIMM150A
CT9050GDB,PPC816B
CT9050GDB,SIMM160A
CT9080GK2,CTB185
CT9080GK2,CTB8187
CT9080GK2,CTINF9010
CT9080GK2,CTC131A
CT9080GK2,CTR867AK2
CT9080GK2,YA438B
CT9080GK2,BLPTE3816
CT9080GK2,BLPTE3814
CT9080GK2,BLPTE3812
CT9080GK2,BLPTE3810
310SIMMYA,BLPTE3810
310SIMMYA,309SIMYA
310SIMMYA,311IMYA
310SIMMYA,310IMMYA
310SIMMYA,YA438B
310SIMMYA,BLPTE3816
310SIMMYA,BLPTE3814
310SIMMYA,BLPTE3812
310SIMMYA,KRSC46HPBO
310SIMMYA,ECHDD012A
AT425R,PSO4625
AT425R,AT2050
AT425R,OEXM9B
AT425R,BF775C-A
AT425R,BLP18HVLP
AT425R,14V
AT425R,PDR3000A
AT425R,PK50A
AT425R,AT118
AT425R,AWM12D
AWL4D,47ACF
AWL4D,SPBS18AR
AWL4D,PWCS7ACF
AWL4D,GFAT1E
AWL4D,SPBS8AR
AWL4D,EECT400
AWL4D,KRSC46HPBO
AWL4D,ECHDD012A
AWL4D,CTB8174
AWL4D,PH3050BR
222AFSP,144TMPB
222AFSP,OEXM9B
222AFSP,OFW3
222AFSP,BHS7A
222AFSP,FB303B
222AFSP,SWM111A
222AFSP,SN25A
222AFSP,ACT1370
222AFSP,CTB8174
222AFSP,PH3050BR
CTR825GDB,FHLF80A
CTR825GDB,SPBS18AR
CTR825GDB,PWCS7ACF
CTR825GDB,PPC4A
CTR825GDB,SIMM170
CTR825GDB,96ACF
CTR825GDB,SIMM200
CTR825GDB,FXK3
CTR825GDB,SIMM230
CTR825GDB,SPBS704AR
SW401,SW421
SW401,ATKIFL
SW401,XS2226A
SW401,SW381
SW401,XS2024A
SW401,XS1416A
SW401,XS1820A
SW401,EECT400
SW401,KRSC46HPBO
SW401,ECHDD012A
AT109DGK,PSO4625
AT109DGK,AT700F
AT109DGK,PTGR450
AT109DGK,PDR3000A
AT109DGK,AT408
AT109DGK,BLP14HVLP
AT109DGK,BHS7A
AT109DGK,VGP12418
AT109DGK,PSO4525
AT109DGK,TTX27E
AT157R,SIMM170
AT157R,SRPCR4700
AT157R,SGD6BR
AT157R,91ACP
AT157R,FXK11
AT157R,SGD4BR
AT157R,SIMM180
AT157R,SIMM200
AT157R,SIMM190
AT157R,SGDX80BR
13ELECTBP14KIT,ECF35
13ELECTBP14KIT,SNA-TBP14
13ELECTBP14KIT,UTK100
13ELECTBP14KIT,R1618SC
13ELECTBP14KIT,R1214SC
13ELECTBP14KIT,R810SC
13ELECTBP14KIT,R2022C
13ELECTBP14KIT,SX20
13ELECTBP14KIT,KRSC46HPBO
13ELECTBP14KIT,ECHDD012A
HCP1145,A129
HCP1145,S3624
HCP1145,YA4050B
HCP1145,SEPPROCORE1A
HCP1145,SEPPROCORE2A
HCP1145,XDLRM705K2A
HCP1145,A106
HCP1145,A127
HCP1145,CTB8174
HCP1145,PH3050BR
110STMY,211SFSY
110STMY,114ATMP
110STMY,SEPPRECOMBA
110STMY,110TMY
110STMY,317MSPC
110STMY,SOEX707
110STMY,KRSC46HPBO
110STMY,ECHDD012A
110STMY,CTB8174
110STMY,PH3050BR
CDR4P63K3K2,FXK11
CDR4P63K3K2,TMXK2
CDR4P63K3K2,PPC103A
CDR4P63K3K2,GFAT1E
CDR4P63K3K2,PWCS7ACF
CDR4P63K3K2,SGDP31IRBR
CDR4P63K3K2,SPBS704AR
CDR4P63K3K2,TMU8B
CDR4P63K3K2,SIMM170
CDR4P63K3K2,SGDP42IRBR
HBPT16,9100GSM
HBPT16,9100AGMO
HBPT16,ATKIFL
HBPT16,XS2024A
HBPT16,TB40C
HBPT16,XS1416A
HBPT16,XS1820A
HBPT16,XS1012A
HBPT16,XS2226A
HBPT16,KRSC46HPBO
KRA6200FPCM,ATECH3FR300B
KRA6200FPCM,VS814A
KRA6200FPCM,PBS704
KRA6200FPCM,ACT51234A
KRA6200FPCM,IPL22C
KRA6200FPCM,IPL20C
KRA6200FPCM,IPL18C
KRA6200FPCM,IPL28C
KRA6200FPCM,IPL24C
KRA6200FPCM,IPL36C
XS2226A,ATKIFL
XS2226A,XS1214A
XS2226A,XS67A
XS2226A,XS2024A
XS2226A,XS1416A
XS2226A,XS1820A
XS2226A,XS1012A
XS2226A,XS1618A
XS2226A,EECT400
XS2226A,KRSC46HPBO
CSA12C,S9704KR
CSA12C,TW461
CSA12C,RC980
CSA12C,PKNC200
CSA12C,SS5A
CSA12C,OC5A
CSA12C,218AFSP
CSA12C,RTEMPB7
CSA12C,TF5A
CSA12C,GA460B
THNF72G,SH80A
THNF72G,103TMXKLA
THNF72G,THLL72
THNF72G,340SSDP
THNF72G,10SSD
THNF72G,AWM110DHK
THNF72G,FH80MP
THNF72G,ECHDD012A
THNF72G,PGP120
THNF72G,CTB8174
RXFS2836B,RXFS605B
RXFS2836B,TWM28
RXFS2836B,PPB826A
RXFS2836B,310SWMYA
RXFS2836B,PK50A
RXFS2836B,PKWHD53A
RXFS2836B,STMM4.5
RXFS2836B,KRSC46HPBO
RXFS2836B,ECHDD012A
RXFS2836B,CTB8174
FXK11,FXK4
FXK11,208AFX
FXK11,SEPPREMETA
FXK11,XS2024A
FXK11,XS1416A
FXK11,XS1820A
FXK11,XS1618A
FXK11,EECT400
FXK11,KRSC46HPBO
FXK11,ECHDD012A
SOEX704,SOEX710
SOEX704,SOEX40
SOEX704,SOEX38
SOEX704,SOEXM705
SOEX704,SOEXM9
SOEX704,KRSC46HPBO
SOEX704,ECHDD012A
SOEX704,CTB8174
SOEX704,PH3050BR
SOEX704,DB129C
FXK4,FXK8
FXK4,TMXK110
FXK4,SXK3
FXK4,FXK6
FXK4,FXK3
FXK4,KRSC46HPBO
FXK4,ECHDD012A
FXK4,CTB8174
FXK4,PH3050BR
FXK4,FB303B
FXK6,FXK3
FXK6,FXK11
FXK6,FXK4
FXK6,FX1
FXK6,FXK8
FXK6,EECT400
FXK6,KRSC46HPBO
FXK6,ECHDD012A
FXK6,CTB8174
FXK6,PH3050BR
SOEX32,SOEX30
SOEX32,SOEX36
SOEX32,SOEX26
SOEX32,SOEX28
SOEX32,SOEX707
SOEX32,EECT400
SOEX32,KRSC46HPBO
SOEX32,ECHDD012A
SOEX32,CTB8174
SOEX32,PH3050BR
SOEX36,414AHD
SOEX36,SOEX707
SOEX36,UPTM65K
SOEX36,SOEX38
SOEX36,SOEX40
SOEX36,SOEX30
SOEX36,PKNC150
SOEX36,SOEX32
SOEX36,EECT400
SOEX36,KRSC46HPBO
PT450-WH,PTGR450
PT450-WH,SIMM220
PT450-WH,91ACP
PT450-WH,TMU8B
PT450-WH,GFAT1E
PT450-WH,SHD1R
PT450-WH,SPBS18AR
PT450-WH,SGASA204CR
PT450-WH,SGD6BR
PT450-WH,96ACF
EEDM525F,FTX60E
EEDM525F,TWM25
EEDM525F,TWM28
EEDM525F,YA438B
EEDM525F,BLPTE3814
EEDM525F,BLPTE3812
EEDM525F,BLPTE3816
EEDM525F,BLPTE3810
EEDM525F,OXIM6B
EEDM525F,TWM31
GLOVE1100L,XS1012A
GLOVE1100L,XS2226A
GLOVE1100L,XS1618A
GLOVE1100L,GLOVEORIGPLUSL
GLOVE1100L,GLOVE300BL
GLOVE1100L,GLOVE505RL
GLOVE1100L,SOSG01BKCL01
GLOVE1100L,GLOVE309L
GLOVE1100L,XS1214A
GLOVE1100L,ATKIFL
GLOVE1100XL,XS1012A
GLOVE1100XL,XS2226A
GLOVE1100XL,XS1618A
GLOVE1100XL,GLOVEORIGPLUSL
GLOVE1100XL,GLOVE300BL
GLOVE1100XL,GLOVE505RL
GLOVE1100XL,SOSG01BKCL01
GLOVE1100XL,GLOVE309L
GLOVE1100XL,XS1214A
GLOVE1100XL,ATKIFL
TMU8B,144TMPB
TMU8B,107ATMPB
TMU8B,ATKIFL
TMU8B,XS2024A
TMU8B,TB40C
TMU8B,XS1416A
TMU8B,XS1820A
TMU8B,XS1618A
TMU8B,XS1012A
TMU8B,KRSC46HPBO
CTR861ADB,LSR1150
CTR861ADB,LSR2000
CTR861ADB,BOERM712
CTR861ADB,FRW10
CTR861ADB,CT9080K2
CTR861ADB,CTR867AK2
CTR861ADB,CTB185
CTR861ADB,CTB8174
CTR861ADB,CT825DB
CTR861ADB,214IMFMYA
IMM170A,IMM190
IMM170A,IMM220
IMM170A,IMM140A
IMM170A,IMM180
IMM170A,IMM150A
IMM170A,IMM160A
IMM170A,EECT400
IMM170A,KRSC46HPBO
IMM170A,ECHDD012A
IMM170A,CTB8174
IMM180,IMM240
IMM180,IMM190
IMM180,IMM210
IMM180,IMM160A
IMM180,IMM170A
IMM180,IMM150A
IMM180,EECT400
IMM180,KRSC46HPBO
IMM180,ECHDD012A
IMM180,CTB8174
SOXRR707A,SOXRRM710A
SOXRR707A,FAML6E
SOXRR707A,FABLM5E
SOXRR707A,FA12LE
SOXRR707A,KAC1224TCA
SOXRR707A,GF22
SOXRR707A,CTB8174
SOXRR707A,PH3050BR
SOXRR707A,A277
SOXRR707A,BB9008
IM240,IM280
IM240,IM260
IM240,IM200
IM240,IM320
IM240,IM180A
IM240,KRSC46HPBO
IM240,ECHDD012A
IM240,CTB8174
IM240,PH3050BR
IM240,YA438B
KRA2407PJK,TESLASTUKIT
KRA2407PJK,DPT7A
KRA2407PJK,S6103A
KRA2407PJK,TMM16
KRA2407PJK,BOERM22
KRA2407PJK,BOERM21
KRA2407PJK,131TMPB
KRA2407PJK,14V
KRA2407PJK,GA243
KRA2407PJK,PPCL60BK
TMMDS15,TMMDS14
TMMDS15,TMMDS6
TMMDS15,TMMDS7
TMMDS15,TMMDS11
TMMDS15,TMMDS12
TMMDS15,TMMDS5
TMMDS15,TMMDS5.5
TMMDS15,TMMDS9
TMMDS15,EECT400
TMMDS15,KRSC46HPBO
UPT35,PRH57A
UPT35,SEPPREMETA
UPT35,SEPPRECOMBA
UPT35,UIM225
UPT35,PK23A
UPT35,317AMMPC
UPT35,206EAU
UPT35,EECT400
UPT35,KRSC46HPBO
UPT35,ECHDD012A
VS807B,OXIM6B
VS807B,S6106KA
VS807B,AW1013DK
VS807B,YA438B
VS807B,BLPTE3816
VS807B,BLPTE3814
VS807B,BLPTE3812
VS807B,BLPTE3810
VS807B,CAL6DA
VS807B,RULER6
SIM240,SIM280
SIM240,SIM260
SIM240,SIM300
SIM240,SIM180A
SIM240,SIM220
SIM240,SIM320
SIM240,KRSC46HPBO
SIM240,ECHDD012A
SIM240,CTB8174
SIM240,PH3050BR
SWM131A,310SWMYA
SWM131A,SWM121A
SWM131A,SWM171
SWM131A,SWM161
SWM131A,SWM151A
SWM131A,SWM191
SWM131A,SWM181
SWM131A,SWM141A
SWM131A,KRSC46HPBO
SWM131A,ECHDD012A
SWM171,SWM141A
SWM171,SWM231
SWM171,SWM181
SWM171,SWM201
SWM171,SWM121A
SWM171,KRSC46HPBO
SWM171,ECHDD012A
SWM171,CTB8174
SWM171,PH3050BR
SWM171,FB303B
SX2,SXK3
SX2,305ASX
SX2,ATKIFL
SX2,XS2024A
SX2,XS1416A
SX2,XS1820A
SX2,XS1012A
SX2,EECT400
SX2,KRSC46HPBO
SX2,ECHDD012A
TMA5E,ATKIFL
TMA5E,AOGMHC
TMA5E,TMA4E
TMA5E,TMA6E
TMA5E,TMA7E
TMA5E,TMA4.5E
TMA5E,XS2024A
TMA5E,TMA8E
TMA5E,EECT400
TMA5E,KRSC46HPBO
TTX25E,TTX27E
TTX25E,TTX30E
TTX25E,FTX45E
TTX25E,TTX20E
TTX25E,TTX10E
TTX25E,TTX8E
TTX25E,TTX15E
TTX25E,KRSC46HPBO
TTX25E,ECHDD012A
TTX25E,CTB8174
THR72G,FHBB12A
THR72G,THLL72
THR72G,120STTM
THR72G,FHR80
THR72G,SH80A
THR72G,THRLX72
THR72G,PTM30
THR72G,KRSC46HPBO
THR72G,ECHDD012A
THR72G,CTB8174
AWEFBH11K,PWCS9ACF
AWEFBH11K,AWEFBH11K
AWEFBH11K,VO1820B
AWEFBH11K,AWMEFBH10K
AWEFBH11K,AWTEFBH11K
AWEFBH11K,R404
AWEFBH11K,LBUK1
AWEFBH11K,RBYA605
AWEFBH11K,AWP120
AWEFBH11K,KRSC46HPBO
AWS13-1,SIMM160A
AWS13-1,FU8A
AWS13-1,SPBS12AR
AWS13-1,GFAT1E
AWS13-1,TMXK4
AWS13-1,EECT400
AWS13-1,KRSC46HPBO
AWS13-1,ECHDD012A
AWS13-1,CTB8174
AWS13-1,PH3050BR
KRA2411PCM,KWSP2455ABL
KRA2411PCM,313SMYA
KRA2411PCM,310TWMYA
KRA2411PCM,KWSN2455AST
KRA2411PCM,KRWT2411
KRA2411PCM,KRA6210FPBO
KRA2411PCM,BHS7A
KRA2411PCM,EFPHANNIBALB
KRA2411PCM,PG160
KRA2411PCM,AWM140DK
AWM12D,206AFSP
AWM12D,A159
AWM12D,UTS105A
AWM12D,VWB5B
AWM12D,14V
AWM12D,AT425R
AWM12D,BLP18HVLP
AWM12D,BF775C-A
AWM12D,PK50A
AWM12D,DB121C
AWTEF8K,FMAS
AWTEF8K,A177A
AWTEF8K,SR40K
AWTEF8K,AWMEF6K
AWTEF8K,AWEF9K
AWTEF8K,GCP10
AWTEF8K,PT10C
AWTEF8K,SOSG01BKCL01
AWTEF8K,YA9350B
AWTEF8K,FB361A
AW20D,SRPCR4700
AW20D,SGD2BR
AW20D,F80
AW20D,SPBS704AR
AW20D,SGDP42IRBR
AW20D,EECT400
AW20D,KRSC46HPBO
AW20D,ECHDD012A
AW20D,CTB8174
AW20D,PH3050BR
340SSDP,UIM325
340SSDP,PPB1002A
340SSDP,GAJ12A
340SSDP,10SSD
340SSDP,AWM110DHK
340SSDP,AW1015DHK
340SSDP,RULER600
340SSDP,PGP120
340SSDP,PK53A
340SSDP,CTB8174
FLE140A,FABLM5E
FLE140A,SA16E
FLE140A,FAML6E
FLE140A,FA12LE
FLE140A,FRX181
FLE140A,EECT400
FLE140A,KRSC46HPBO
FLE140A,ECHDD012A
FLE140A,CTB8174
FLE140A,PH3050BR
HBBD56G,915CF
HBBD56G,415CF
HBBD56G,PPC715BK
HBBD56G,PL330ACF
HBBD56G,HBBD8
HBBD56G,PBMP703A
HBBD56G,ACT51234A
HBBD56G,ECHDD012A
HBBD56G,CTB8174
HBBD56G,PH3050BR
THLL72G,SHL80A
THLL72G,FHL80
THLL72G,THLLF72
THLL72G,SHLL80A
THLL72G,FHLL80
THLL72G,THL72
THLL72G,103TMXKLA
THLL72G,EECT400
THLL72G,KRSC46HPBO
THLL72G,ECHDD012A
THLL72O,SHL80A
THLL72O,FHL80
THLL72O,THLLF72
THLL72O,SHLL80A
THLL72O,FHLL80
THLL72O,THL72
THLL72O,103TMXKLA
THLL72O,EECT400
THLL72O,KRSC46HPBO
THLL72O,ECHDD012A
THLX72O,112SIMTMM
THLX72O,SH80A
THLX72O,THLLF72
THLX72O,SHX80B
THLX72O,FHLX80B
THLX72O,THLL72
THLX72O,FHOF80A
THLX72O,SHLX80A
THLX72O,EECT400
THLX72O,KRSC46HPBO
SGDMRC103AO,OEX707B
SGDMRC103AO,SGDMRC4A
SGDMRC103AO,WTG8A
SGDMRC103AO,SGDMRC11A
SGDMRC103AO,BLPBTWSET
SGDMRC103AO,BTWSMPK
SGDMRC103AO,WTG10A
SGDMRC103AO,KRSC46HPBO
SGDMRC103AO,ECHDD012A
SGDMRC103AO,CTB8174
DBT40,GFAT1E
DBT40,SIMM220
DBT40,SGD6BR
DBT40,SRPCR4700
DBT40,SPBS12AR
DBT40,EECT400
DBT40,KRSC46HPBO
DBT40,ECHDD012A
DBT40,CTB8174
DBT40,PH3050BR
WELDIGNSKULL,SIMM190
WELDIGNSKULL,FX1
WELDIGNSKULL,SGD8BR
WELDIGNSKULL,SGD2BR
WELDIGNSKULL,T72
WELDIGNSKULL,SGDP42IRBR
WELDIGNSKULL,GFAT1E
WELDIGNSKULL,SPBS704AR
WELDIGNSKULL,SIMM210
WELDIGNSKULL,SHD1R
TM5,TM408
TM5,TM412
TM5,TM65
TM5,TM410
TM5,TM84
TM5,EECT400
TM5,KRSC46HPBO
TM5,ECHDD012A
TM5,CTB8174
TM5,PH3050BR
KHP415PC,SGD8BR
KHP415PC,SGDP31IRBR
KHP415PC,FX1
KHP415PC,SIMM210
KHP415PC,SGD2BR
KHP415PC,SGD4BR
KHP415PC,FU8A
KHP415PC,A2A
KHP415PC,ATECH2FR125B
KHP415PC,SIMM200
FX1,SXK11
FX1,FU8A
FX1,SXK5
FX1,FXK3
FX1,FXK11
FX1,FXK6
FX1,FXK4
FX1,KRSC46HPBO
FX1,ECHDD012A
FX1,CTB8174
SGDX60BR,SEPPREMETA
SGDX60BR,SEPAMTSETA
SGDX60BR,SEPPREATV
SGDX60BR,117TMM
SGDX60BR,206EAU
SGDX60BR,317AMMPC
SGDX60BR,UIM225
SGDX60BR,LP10WR
SGDX60BR,EECT400
SGDX60BR,ECHDD012A
FB305A,UIM2RSLT
FB305A,FA12LE
FB305A,YA2850A
FB305A,FB316B
FB305A,FB360C
FB305A,FB361A
FB305A,FZ4B
FB305A,TW441
FB305A,TW421
FB305A,HSPD16
GLOVE900MG,GLOVEORIGPLUSL
GLOVE900MG,GLASS50R
GLOVE900MG,SOSG01BKCL01
GLOVE900MG,GLOVE1100L
GLOVE900MG,GLOVE505RL
GLOVE900MG,GLOVE309L
GLOVE900MG,GLOVE300BL
GLOVE900MG,OFC14KT
GLOVE900MG,CTB8187
GLOVE900MG,PHP1A
KCP2422PJK,AC58E
KCP2422PJK,GA296B
KCP2422PJK,SS5A
KCP2422PJK,KRWT2411
KCP2422PJK,KWSN2455ABL
KCP2422PJK,KWSP2455AST
KCP2422PJK,KWSN2455AST
KCP2422PJK,KWSP2455ABL
KCP2422PJK,OEXM6B
KCP2422PJK,BTC7B
QD3RN350A,LSR1450
QD3RN350A,UTS105A
QD3RN350A,TWM27
QD3RN350A,208EFTAMXSY
QD3RN350A,AWCGT500
QD3RN350A,QD2RN100A
QD3RN350A,ECHDD012A
QD3RN350A,CTB8174
QD3RN350A,PH3050BR
QD3RN350A,AT4101
LP10WR,SGDMRC44B
LP10WR,SEPPREMETA
LP10WR,9100AGMO
LP10WR,317AMMPC
LP10WR,TPM16
LP10WR,AC5C
LP10WR,AWM110DHK
LP10WR,117TMM
LP10WR,KRA2007FPBO
LP10WR,CTB8174
214IMFMYA,212IMFMSYA
214IMFMYA,204IMXA
214IMFMYA,SOEX38
214IMFMYA,214SIMFMYA
214IMFMYA,212SIMFYA
214IMFMYA,YA438B
214IMFMYA,BLPTE3816
214IMFMYA,KRSC46HPBO
214IMFMYA,ECHDD012A
214IMFMYA,CTB8174
TWM23,TWM17
TWM23,TWM26
TWM23,TWM19
TWM23,TWM21
TWM23,TWM20
TWM23,TWM22
TWM23,TWM24
TWM23,EECT400
TWM23,KRSC46HPBO
TWM23,ECHDD012A
ATECH1FS300,ATECHFSET02R
ATECH1FS300,AOGMHC
ATECH1FS300,SGDE225ESD
ATECH1FS300,PKN9
ATECH1FS300,SGDE220ESD
ATECH1FS300,SGDE230ESD
ATECH1FS300,SGDEP20ESD
ATECH1FS300,SGDE215ESD
ATECH1FS300,EECT400
ATECH1FS300,KRSC46HPBO
TMMDS7,TMMDS12
TMMDS7,TMMDS15
TMMDS7,TMMDS13
TMMDS7,TMMDS5
TMMDS7,TMMDS5.5
TMMDS7,TMMDS9
TMMDS7,TMMDS6
TMMDS7,TMMDS11
TMMDS7,EECT400
TMMDS7,KRSC46HPBO
TMP12E,TMC105E
TMP12E,TMP22E
TMP12E,TMP23E
TMP12E,TMC104E
TMP12E,TMC106E
TMP12E,EECT400
TMP12E,KRSC46HPBO
TMP12E,ECHDD012A
TMP12E,CTB8174
TMP12E,PH3050BR
210EFTXRY,SW341
210EFTXRY,211EFAMY
210EFTXRY,SGD153BR
210EFTXRY,210EFTAMY
210EFTXRY,208EFTABMY
210EFTXRY,DBTB121
210EFTXRY,RTEMP8
210EFTXRY,SAG03S20
210EFTXRY,EEPV500
210EFTXRY,EEPV509
SWM151A,310SWMYA
SWM151A,SWM171
SWM151A,SWM221
SWM151A,SWM161
SWM151A,SWM131A
SWM151A,SWM191
SWM151A,SWM181
SWM151A,SWM141A
SWM151A,KRSC46HPBO
SWM151A,ECHDD012A
SWM271,AWEF6K
SWM271,SWM201
SWM271,AWMEF8K
SWM271,SWM261
SWM271,SWM251
SWM271,SWM301
SWM271,SWM291
SWM271,SWM281
SWM271,EECT400
SWM271,KRSC46HPBO
SX20,SX24
SX20,SXK11
SX20,305ASX
SX20,208AFX
SX20,STX60E
SX20,CTB8174
SX20,PH3050BR
SX20,YA1175KIT
SX20,ITHE100
SX20,MRB5B
LP404,AWP120
LP404,PWZ4
LP404,AW1015DHK
LP404,ST50A
LP404,HBPT24
LP404,208CCP
LP404,BP40B
LP404,CTB8174
LP404,PH3050BR
LP404,PTGR100
XBM605A,OXIM710B
XBM605A,IPL30C
XBM605A,OEXLM710B
XBM605A,XB605A
XBM605A,XOM605
XBM605A,OXIM9B
XBM605A,ECHDD012A
XBM605A,CTB8174
XBM605A,PH3050BR
XBM605A,AT2050
204IMXA,304IMX
204IMXA,214IMFMYA
204IMXA,SIMM290
204IMXA,340SSDP
204IMXA,10SSD
204IMXA,AWCGT500
204IMXA,EECT400
204IMXA,KRSC46HPBO
204IMXA,ECHDD012A
204IMXA,CTB8174
THR72,FHBB12A
THR72,THLL72
THR72,120STTM
THR72,FHR80
THR72,SH80A
THR72,THRLX72
THR72,PTM30
THR72,KRSC46HPBO
THR72,ECHDD012A
THR72,CTB8174
AWSG14A,TMXK4
AWSG14A,BLPTHC87
AWSG14A,GFAT1E
AWSG14A,PWCS7ACF
AWSG14A,SPBS12AR
AWSG14A,EECT400
AWSG14A,KRSC46HPBO
AWSG14A,ECHDD012A
AWSG14A,CTB8174
AWSG14A,PH3050BR
KRA4059FPJK,F4LBK
KRA4059FPJK,JT13B
KRA4059FPJK,PL803A
KRA4059FPJK,206AFSP
KRA4059FPJK,107ATMPB
KRA4059FPJK,ST50A
KRA4059FPJK,VO806B
KRA4059FPJK,AW1015DHK
KRA4059FPJK,MTTL300
KRA4059FPJK,RULER600
ECPRD068G,FXK6
ECPRD068G,FXK3
ECPRD068G,PPC4A
ECPRD068G,SIMM230
ECPRD068G,BLPTHC87
ECPRD068G,GFAT1E
ECPRD068G,SIMM150A
ECPRD068G,SIMM210
ECPRD068G,PL400B
ECPRD068G,SGD4BR
AWM14D,SIMM230
AWM14D,A2A
AWM14D,91ACP
AWM14D,SGDP31IRBR
AWM14D,BLPTHC87
AWM14D,EECT400
AWM14D,KRSC46HPBO
AWM14D,ECHDD012A
AWM14D,CTB8174
AWM14D,PH3050BR
AWM2D,SPBS12AR
AWM2D,T72
AWM2D,BLPTHC87
AWM2D,SGD8BR
AWM2D,SIMM190
AWM2D,EECT400
AWM2D,KRSC46HPBO
AWM2D,ECHDD012A
AWM2D,CTB8174
AWM2D,PH3050BR
AWSG800A,EXD35A
AWSG800A,PTM2
AWSG800A,UIM2RSLT
AWSG800A,AWSGM800A
AWSG800A,AWSGT800A
AWSG800A,AWBSG800A
AWSG800A,AWBSGM800A
AWSG800A,AWSG24A
AWSG800A,CTB8174
AWSG800A,PH3050BR
AW16D,SGASA204CR
AW16D,SGDP31IRBR
AW16D,SPBS704AR
AW16D,ATECH3FR300B
AW16D,FU8A
AW16D,EECT400
AW16D,KRSC46HPBO
AW16D,ECHDD012A
AW16D,CTB8174
AW16D,PH3050BR
AWCGT27,AWCG1600B
AWCGT27,AWMCG1600B
AWCGT27,AWCGT27
AWCGT27,AWCGT40
AWCGT27,AWCGT30
AWCGT27,AWCGT500
AWCGT27,EECT400
AWCGT27,KRSC46HPBO
AWCGT27,ECHDD012A
AWCGT27,CTB8174
97ACF,SGT4BR
97ACF,PRH57A
97ACF,PL1000START
97ACF,LP10WR
97ACF,AWM110DHK
97ACF,TPM16
97ACF,AC5C
97ACF,ECHDD012A
97ACF,CTB8174
97ACF,PH3050BR
AWM17D,GFAT1E
AWM17D,SIMM190
AWM17D,TMXK60
AWM17D,PPC4A
AWM17D,96ACF
AWM17D,EECT400
AWM17D,KRSC46HPBO
AWM17D,ECHDD012A
AWM17D,CTB8174
AWM17D,PH3050BR
LDH422A,LDH462
LDH422A,LDH482
LDH422A,LDH522
LDH422A,LDH362
LDH422A,LDH602
LDH422A,LDH342
LDH422A,LDH402
LDH422A,LDH442
LDH422A,KRSC46HPBO
LDH422A,ECHDD012A
CTQ838K2,CTB8174
CTQ838K2,GMB3042
CTQ838K2,CTR862DB
CTQ838K2,SDMEXT19K
CTQ838K2,A3042
CTQ838K2,112SIMTMM
CTQ838K2,CT825DB
CTQ838K2,PT338
CTQ838K2,AWPBX10
CTQ838K2,CTS561BITSET
CTR762K2,A91F
CTR762K2,JCW80AR
CTR762K2,STARTERSET5
CTR762K2,PKWLR53A
CTR762K2,CTSG861DB
CTR762K2,EECR5A
CTR762K2,LIL59000
CTR762K2,PGP120
CTR762K2,CT9080K2
CTR762K2,JCW62R
QE1R200,A2A
QE1R200,91ACP
QE1R200,SGDP31IRBR
QE1R200,SPBS18AR
QE1R200,SPBS8AR
QE1R200,EECT400
QE1R200,KRSC46HPBO
QE1R200,ECHDD012A
QE1R200,CTB8174
QE1R200,PH3050BR
ACT900,TW261
ACT900,TW281
ACT900,TW221
ACT900,XFRM705
ACT900,ATECH3FR300B
ACT900,SHLX80A
ACT900,ATECH2FR125B
ACT900,IPL24C
ACT900,IPL30C
ACT900,TW241
OEXM707B,206AFSP
OEXM707B,AYESCRD
OEXM707B,AYESSETC
OEXM707B,OEX707B
OEXM707B,JT17A
OEXM707B,BF775C-A
OEXM707B,A159
OEXM707B,112TMMDSY
OEXM707B,PGP120
OEXM707B,GLASS30R
ECHDD012A,LBUK1
ECHDD012A,CTR862DB
ECHDD012A,GLOVE300BL
ECHDD012A,ECHDD012AR
ECHDD012A,TMC109A
ECHDD012A,GAX36
ECHDD012A,S3624
ECHDD012A,BTG8
ECHDD012A,CTNN13KF
ECHDD012A,TWM27
CTRS761AGK2,A179A
CTRS761AGK2,A159
CTRS761AGK2,BLPH389
CTRS761AGK2,CT9080K2
CTRS761AGK2,ECPRA072
CTRS761AGK2,OXIM9B
CTRS761AGK2,OXIM8B
CTRS761AGK2,OXIM6B
CTRS761AGK2,BLPT1255
CTRS761AGK2,PK50A
CTNIB761K2,TM62B
CTNIB761K2,TMP23E
CTNIB761K2,TM65
CTNIB761K2,LDTJT512
CTNIB761K2,VO2628B
CTNIB761K2,VO1416B
CTNIB761K2,VO1012B
CTNIB761K2,TM84
CTNIB761K2,TMC104E
CTNIB761K2,VO1820B
AWCG1606B,SGD4BR
AWCG1606B,SGASA204CR
AWCG1606B,SGDP42IRBR
AWCG1606B,SIMM240
AWCG1606B,SIMM230
AWCG1606B,EECT400
AWCG1606B,KRSC46HPBO
AWCG1606B,ECHDD012A
AWCG1606B,CTB8174
AWCG1606B,PH3050BR
AWCGT10,F80
AWCGT10,T72
AWCGT10,SGD8BR
AWCGT10,SGD6BR
AWCGT10,ATECH2FR125B
AWCGT10,EECT400
AWCGT10,KRSC46HPBO
AWCGT10,ECHDD012A
AWCGT10,CTB8174
AWCGT10,PH3050BR
GLOVE502BXLB,FL80
GLOVE502BXLB,SN24C
GLOVE502BXLB,BLPTL1425
GLOVE502BXLB,BLPTL146
GLOVE502BXLB,BLPTL148
GLOVE502BXLB,BLPTL149
GLOVE502BXLB,BLPTL1410
GLOVE502BXLB,BLPTL1427
GLOVE502BXLB,BLPTL1415
GLOVE502BXLB,BLPTL3840
BTCP2SA,LSR1250
BTCP2SA,A127
BTCP2SA,A106
BTCP2SA,BTCW800
BTCP2SA,206ESSPKPLG
BTCP2SA,VGP104
BTCP2SA,OFSKIT
BTCP2SA,CAL6EBR
BTCP2SA,CLRPW75
BTCP2SA,FB361A
MRB5B,PLRK21
MRB5B,PPCS60BK
MRB5B,SIMM290
MRB5B,MRB10B
MRB5B,MRB15B
MRB5B,MRB12B
MRB5B,YA450B
MRB5B,TTX40E
MRB5B,OFW1
MRB5B,TTX27E
KRSC343PDC,SFSM19
KRSC343PDC,SFSM17
KRSC343PDC,SFSM14
KRSC343PDC,RULER600
KRSC343PDC,DS809K
KRSC343PDC,WTG8A
KRSC343PDC,HBFE16
KRSC343PDC,208EFAY
KRSC343PDC,PPC208A
KRSC343PDC,206EAU
KRSC343PJK,SFSM19
KRSC343PJK,SFSM17
KRSC343PJK,SFSM14
KRSC343PJK,RULER600
KRSC343PJK,DS809K
KRSC343PJK,WTG8A
KRSC343PJK,HBFE16
KRSC343PJK,208EFAY
KRSC343PJK,PPC208A
KRSC343PJK,206EAU
KRA2007FPCM,TFM7530B
KRA2007FPCM,PK53A
KRA2007FPCM,BLPH386
KRA2007FPCM,SEPPREATV
KRA2007FPCM,9100AGMO
KRA2007FPCM,TPM16
KRA2007FPCM,AWM110DHK
KRA2007FPCM,AC5C
KRA2007FPCM,BLPH389
KRA2007FPCM,BLPH124
EEDMDVA,AWMCG1600B
EEDMDVA,ECFB200BL
EEDMDVA,111STMMDY
EEDMDVA,EEPV503
EEDMDVA,PALMRAT
EEDMDVA,CAL6V
EEDMDVA,DBTB121
EEDMDVA,S9711KA
EEDMDVA,MTIND683A
EEDMDVA,ITHE100
KRA2055FPBO,BTC3A
KRA2055FPBO,PWC48
KRA2055FPBO,PGP120
KRA2055FPBO,US712
KRA2055FPBO,AW1020DK
KRA2055FPBO,AWM140DK
KRA2055FPBO,OFW4
KRA2055FPBO,222AFSMP
KRA2055FPBO,ITHE100
KRA2055FPBO,FB360C
BOERM21,TESLASTUKIT
BOERM21,PPCL60BK
BOERM21,AWCGT500
BOERM21,BOERM22
BOERM21,BOERM24
BOERM21,BOERM18
BOERM21,TMM16
BOERM21,131TMPB
BOERM21,CTB8174
BOERM21,PH3050BR
BOERM22,SGASA104BR
BOERM22,TESLASTUKIT
BOERM22,SFSM21
BOERM22,BOERM24
BOERM22,BOERM21
BOERM22,TMM16
BOERM22,131TMPB
BOERM22,JT13B
BOERM22,GA296B
BOERM22,CTS561BITSET
BTCP1,BTG9
BTCP1,S6106KA
BTCP1,LSR1250
BTCP1,PTR72
BTCP1,305TSKTA
BTCP1,EECT900
BTCP1,312IMMS
BTCP1,LSR1150
BTCP1,LSR2000
BTCP1,307IPLMY
CL406A,YA109C
CL406A,PKB52A
CL406A,VGP104
CL406A,VGP12808
CL406A,VGP12418
CL406A,VGP12509
CL406A,VGP12406
CL406A,VGP12412
CL406A,ECHDD012A
CL406A,CTB8174
CS1,FM19
CS1,FM14
CS1,FM13
CS1,VO1416B
CS1,VO1012B
CS1,VO1820B
CS1,VO2224B
CS1,VO3032B
CS1,EECT400
CS1,KRSC46HPBO
ECFLK078,ECFLK078
ECFLK078,JCK8
ECFLK078,ATKIFL
ECFLK078,SOSGFLXCLR
ECFLK078,TMC106E
ECFLK078,TMP23E
ECFLK078,TM82
ECFLK078,TMC105E
ECFLK078,VO2628B
ECFLK078,TM65
EEBM600,EEJP201MBKA-NA
EEBM600,SS5A
EEBM600,TW401
EEBM600,TW461
EEBM600,TW421
EEBM600,TW441
EEBM600,TWM28
EEBM600,TWM26
EEBM600,TWM30
EEBM600,TWM32
EECR1C,SHDX60R
EECR1C,ECHDF042
EECR1C,MAGDISH
EECR1C,MTTL700
EECR1C,ECPNJ032
EECR1C,EEDM503D
EECR1C,YA832A
EECR1C,BB9008
EECR1C,SHCP1B
EECR1C,KAERNADD6RD
BLPHSM142,SGDX80BR
BLPHSM142,SGD8BR
BLPHSM142,PWCS7ACF
BLPHSM142,91ACP
BLPHSM142,SPBS12AR
BLPHSM142,EECT400
BLPHSM142,KRSC46HPBO
BLPHSM142,ECHDD012A
BLPHSM142,CTB8174
BLPHSM142,PH3050BR
BLPTL1415,BLPTL1427
BLPTL1415,BLPTL3845
BLPTL1415,BLPTL3840
BLPTL1415,BLPTL148
BLPTL1415,BLPTL1410
BLPTL1415,BLPTL146
BLPTL1415,BLPTL147
BLPTL1415,EECT400
BLPTL1415,KRSC46HPBO
BLPTL1415,ECHDD012A
BLPTL149,BLPTL1427
BLPTL149,BLPTL3840
BLPTL149,BLPTL1420
BLPTL149,BLPTL146
BLPTL149,BLPTL148
BLPTL149,BLPTL147
BLPTL149,BLPTL1410
BLPTL149,BLPTL1415
BLPTL149,EECT400
BLPTL149,KRSC46HPBO
BL1B,TR108
BL1B,TDG2
BL1B,BTC7B
BL1B,BTC8A
BL1B,2005BSKA
BL1B,B260A
BL1B,SDMV208
BL1B,BTG8
BL1B,JCW80AR
BL1B,KAERNADD6RD
BF775C-A,14V
BF775C-A,GA243
BF775C-A,14V12
BF775C-A,AT425R
BF775C-A,UTV614A
BF775C-A,DPT7A
BF775C-A,DB121C
BF775C-A,PSO4625
BF775C-A,JT17A
BF775C-A,PDR3000A
BLPH1214,BLPTS1420
BLPH1214,BLPH1214
BLPH1214,BLPTS1415
BLPH1214,BLPHM1212
BLPH1214,BLPH1217
BLPH1214,FAM8E
BLPH1214,BLPH1219
BLPH1214,EEPV500
BLPH1214,207EFAMY
BLPH1214,KRSC46HPBO
BLPH1418,BLPH3838
BLPH1418,BLPH124
BLPH1418,BLPH387
BLPH1418,BLPH14732
BLPH1418,BLPH14964
BLPH1418,BLPH14316
BLPH1418,BLPH1414
BLPH1418,BLPH14532
BLPH1418,EECT400
BLPH1418,KRSC46HPBO
BLPHL1418,BLPHL1418
BLPHL1418,BLPH14964
BLPHL1418,BLPH1414
BLPHL1418,BLPHL14316
BLPHL1418,BLPHL14532
BLPHL1418,BLPH1418
BLPHL1418,BLPH14316
BLPHL1418,BLPH14732
BLPHL1418,EECT400
BLPHL1418,KRSC46HPBO
BLPHL3838,ATECH2FR125B
BLPHL3838,SRPCR4700
BLPHL3838,T72
BLPHL3838,A2A
BLPHL3838,SIMM200
BLPHL3838,EECT400
BLPHL3838,KRSC46HPBO
BLPHL3838,ECHDD012A
BLPHL3838,CTB8174
BLPHL3838,PH3050BR
BLPHL387,BLPHL387
BLPHL387,BLPH388
BLPHL387,BLPH386
BLPHL387,BLPHL3810
BLPHL387,BLPHL388
BLPHL387,BLPH389
BLPHL387,BLPH387
BLPHL387,BLPH38732
BLPHL387,EECT400
BLPHL387,KRSC46HPBO
BLPT3840,BLPT3845
BLPT3840,BLPT3850
BLPT3840,BLPT1420
BLPT3840,BLPT1427
BLPT3840,BLPT1410
BLPT3840,EECT400
BLPT3840,KRSC46HPBO
BLPT3840,ECHDD012A
BLPT3840,CTB8174
BLPT3840,PH3050BR
BLPTL1410,BLPTL1427
BLPTL1410,BLPTL1420
BLPTL1410,BLPTL3845
BLPTL1410,BLPTL148
BLPTL1410,BLPTL1415
BLPTL1410,BLPTL146
BLPTL1410,BLPTL147
BLPTL1410,BLPTL149
BLPTL1410,EECT400
BLPTL1410,KRSC46HPBO
BLPTXK4,BLPSM147
BLPTXK4,BLPSM1412
BLPTXK4,BLPSM144
BLPTXK4,BLPSM1413
BLPTXK4,BLPSM149
BLPTXK4,CTB8174
BLPTXK4,PH3050BR
BLPTXK4,DB129C
BLPTXK4,RULER602
BLPTXK4,ECF35
BLPBTW4,RBYA605
BLPBTW4,PWC52A
BLPBTW4,XDHF605
BLPBTW4,BLPBTW6
BLPBTW4,BLPBTW8
BLPBTW4,BTWS
BLPBTW4,SSDMRT8A
BLPBTW4,EECT400
BLPBTW4,KRSC46HPBO
BLPBTW4,ECHDD012A
BLPBTWSET,208FRDH
BLPBTWSET,SGDMRC103A
BLPBTWSET,XDHF605
BLPBTWSET,BLPEXTF146
BLPBTWSET,SSDMRT8A
BLPBTWSET,103TMXKLA
BLPBTWSET,EECT400
BLPBTWSET,KRSC46HPBO
BLPBTWSET,ECHDD012A
BLPBTWSET,CTB8174
BLPHEXS1418,XLE605
BLPHEXS1418,PHP2A
BLPHEXS1418,210EFTAMY
BLPHEXS1418,BLPTORX1410
BLPHEXS1418,BLPXZNM389
BLPHEXS1418,206EFAML
BLPHEXS1418,208EFTABMY
BLPHEXS1418,MTEE6
BLPHEXS1418,PH3050BR
BLPHEXS1418,DBBPT13
LDT40,SHCP1B
LDT40,LIL59000
LDT40,BTCW800
LDT40,BTK7A
LDT40,PBMP12A
LDT40,S6112
LDT40,B1458C
LDT40,EECS150
LDT40,SVTSRAD272U
LDT40,YA1175KIT
LDTJT512,LDTJT538
LDTJT512,FXK11
LDTJT512,SPBS18AR
LDTJT512,SGDX80BR
LDTJT512,SGD4BR
LDTJT512,EECT400
LDTJT512,KRSC46HPBO
LDTJT512,ECHDD012A
LDTJT512,CTB8174
LDTJT512,PH3050BR
LDTJT538,LDTJT512
LDTJT538,SGDP31IRBR
LDTJT538,TMXK2
LDTJT538,47ACF
LDTJT538,SIMM150A
LDTJT538,EECT400
LDTJT538,KRSC46HPBO
LDTJT538,ECHDD012A
LDTJT538,CTB8174
LDTJT538,PH3050BR
FSPPRK,SIMM180
FSPPRK,TMXK2
FSPPRK,SPBS8AR
FSPPRK,FXK11
FSPPRK,SGDP31IRBR
FSPPRK,EECT400
FSPPRK,KRSC46HPBO
FSPPRK,ECHDD012A
FSPPRK,CTB8174
FSPPRK,PH3050BR
GLOVEORIGPLUSM,BLPH3838
GLOVEORIGPLUSM,BLPT1427
GLOVEORIGPLUSM,BLPH386
GLOVEORIGPLUSM,JCK8
GLOVEORIGPLUSM,BLPHSM145
GLOVEORIGPLUSM,BLPHL145
GLOVEORIGPLUSM,BLPHSM148
GLOVEORIGPLUSM,BLPHL144
GLOVEORIGPLUSM,BLPH14964
GLOVEORIGPLUSM,BLPH14732
HP650,SF221
HP650,F261
HP650,SF201
HP650,BTWOS
HP650,BTWROS
HP650,BTWS
HP650,SF281
HP650,SF241
HP650,EECT400
HP650,KRSC46HPBO
SEPHVACAO,PPC206A
SEPHVACAO,SGD6BR
SEPHVACAO,SGASA204CR
SEPHVACAO,T72
SEPHVACAO,FU8A
SEPHVACAO,EECT400
SEPHVACAO,KRSC46HPBO
SEPHVACAO,ECHDD012A
SEPHVACAO,CTB8174
SEPHVACAO,PH3050BR
L872RJ,L8112A
L872RJ,L872RM
L872RJ,L62
L872RJ,429IM
L872RJ,L122
L872RJ,ECHDD012A
L872RJ,MG1250
L872RJ,CTB8174
L872RJ,PH3050BR
L872RJ,EETH311
SEPPROK12PBOA,FXK6
SEPPROK12PBOA,SGDP42IRBR
SEPPROK12PBOA,SGDX80BR
SEPPROK12PBOA,ATECH2FR125B
SEPPROK12PBOA,PPC4A
SEPPROK12PBOA,SIMM220
SEPPROK12PBOA,EECT400
SEPPROK12PBOA,KRSC46HPBO
SEPPROK12PBOA,ECHDD012A
SEPPROK12PBOA,CTB8174
SHN36,FHBB18A
SHN36,SHBB24
SHN36,FHBB12A
SHN36,FHOF80A
SHN36,SX24
SHN36,VWB8B
SHN36,CTB8174
SHN36,PH3050BR
SHN36,MTTL800
SHN36,YA105013
TA3,FA12LE
TA3,ATKIFL
TA3,AOGMHC
TA3,XS2024A
TA3,XS1416A
TA3,XS1820A
TA3,PKN9
TA3,EECT400
TA3,KRSC46HPBO
TA3,ECHDD012A
KRSC2460PBO1,SIMM230
KRSC2460PBO1,SGD8BR
KRSC2460PBO1,SHD6R
KRSC2460PBO1,LP404
KRSC2460PBO1,SPBS704AR
KRSC2460PBO1,PL400B
KRSC2460PBO1,SPBS8AR
KRSC2460PBO1,SPBS12AR
KRSC2460PBO1,SPBS18AR
KRSC2460PBO1,47ACF
KRSC2460PWZ1,FXK11
KRSC2460PWZ1,SHDP42IRR
KRSC2460PWZ1,SIMM220
KRSC2460PWZ1,LP404
KRSC2460PWZ1,SPBS704AR
KRSC2460PWZ1,PL400B
KRSC2460PWZ1,SPBS8AR
KRSC2460PWZ1,SPBS12AR
KRSC2460PWZ1,SPBS18AR
KRSC2460PWZ1,47ACF
UIM225,UPT35
UIM225,PRH57A
UIM225,PK23A
UIM225,PKN9
UIM225,SGDE220ESD
UIM225,EECT400
UIM225,KRSC46HPBO
UIM225,ECHDD012A
UIM225,CTB8174
UIM225,PH3050BR
206AFXWP,SEPAMTSETA
206AFXWP,XO605
206AFXWP,PPB30AK
206AFXWP,106ATMXW
206AFXWP,305SXWP
206AFXWP,BTWSMPK
206AFXWP,110ETMAY
206AFXWP,214SFY
206AFXWP,EECT400
206AFXWP,KRSC46HPBO
TMD10,TMD11
TMD10,TMD18
TMD10,TMD12
TMD10,TMD16
TMD10,TMD14
TMD10,TMD9
TMD10,EECT400
TMD10,KRSC46HPBO
TMD10,ECHDD012A
TMD10,CTB8174
OXI707BK,XB605A
OXI707BK,OEX080B
OXI707BK,PWC52A
OXI707BK,OXIM710B
OXI707BK,OEXS709B
OXI707BK,OXIM707SBK
OXI707BK,CTB8174
OXI707BK,PH3050BR
OXI707BK,JT13B
OXI707BK,FB302A
AWTR8-7,T72
AWTR8-7,PPC4A
AWTR8-7,SGDP42IRBR
AWTR8-7,SGASA204CR
AWTR8-7,FXK11
AWTR8-7,EECT400
AWTR8-7,KRSC46HPBO
AWTR8-7,ECHDD012A
AWTR8-7,CTB8174
AWTR8-7,PH3050BR
GLOVE503CMA,490CF
GLOVE503CMA,310SIMMYA
GLOVE503CMA,1206GS
GLOVE503CMA,GLOVE309L
GLOVE503CMA,TECH2FR100
GLOVE503CMA,FHBF80A
GLOVE503CMA,GLASS50R
GLOVE503CMA,SHN36
GLOVE503CMA,PT40B
GLOVE503CMA,F80MP
PSO4525,PTGR110
PSO4525,TMS4E
PSO4525,YA1050B
PSO4525,PSO4625
PSO4525,PTC250
PSO4525,AT118
PSO4525,PBN500
PSO4525,VGP22418
PSO4525,AT109
PSO4525,DBBPT13
KRSC323PWZ,SDMT10D
KRSC323PWZ,SDMT20D
KRSC323PWZ,SOEX707
KRSC323PWZ,EEDM504F
KRSC323PWZ,PK500A
KRSC323PWZ,SEPPREMETA
KRSC323PWZ,SN15B
KRSC323PWZ,IM1PT
KRSC323PWZ,KRSC430APBO1
KRSC323PWZ,313TWYA
HBFE16O,HBBD16
HBFE16O,AYESCRD
HBFE16O,A159
HBFE16O,30SSD
HBFE16O,JT17A
HBFE16O,BF775C-A
HBFE16O,OEXM707B
HBFE16O,A3042
HBFE16O,YA1050B
HBFE16O,AT5500
KRBC100APWZ,SIMM240
KRBC100APWZ,GSAF1F
KRBC100APWZ,SIMM200
KRBC100APWZ,TMXK60
KRBC100APWZ,TMXK2
KRBC100APWZ,BLPTL1427
KRBC100APWZ,KRA2411PBO
KRBC100APWZ,PBMP703A
KRBC100APWZ,PH3050BR
KRBC100APWZ,ATECH3FR300B
312SIMM,UPTM65K
312SIMM,SIMM230
312SIMM,SIMM200
312SIMM,312IMM
312SIMM,305SIMMY
312SIMM,SIMM350
312SIMM,SIMM290
312SIMM,PKNC150
312SIMM,KRSC46HPBO
312SIMM,ECHDD012A
GLOVE309XL,GLOVEORIGPLUSL
GLOVE309XL,GLOVE300BL
GLOVE309XL,YA427B
GLOVE309XL,GLOVE900LR
GLOVE309XL,GLASS50R
GLOVE309XL,L872RJ
GLOVE309XL,BF620C
GLOVE309XL,TECH3FR250
GLOVE309XL,SN15B
GLOVE309XL,L62
TPGDL2000HV,TDG2
TPGDL2000HV,LSR1000EXT
TPGDL2000HV,208EFTAMXSY
TPGDL2000HV,LSRM2000
TPGDL2000HV,QD3RN350A
TPGDL2000HV,SEPIMMSIMMA
TPGDL2000HV,PKRS1
TPGDL2000HV,LSR1450
TPGDL2000HV,LSR1580
TPGDL2000HV,BTG8
206AFSP,AWM110DHK
206AFSP,OEXM707B
206AFSP,144TMPB
206AFSP,KRA4059FPBO
206AFSP,SEPPT850KA
206AFSP,107ATMPB
206AFSP,AWM12D
206AFSP,BLP18HVLP
206AFSP,KRA2007FPBO
206AFSP,AT425R
313SMYA,SWM251
313SMYA,S261
313SMYA,S281
313SMYA,313SYA
313SMYA,TWM31
313SMYA,TWM29
313SMYA,1210B
313SMYA,KRSC46HPBO
313SMYA,ECHDD012A
313SMYA,CTB8174
PKN9,AOGMHC
PKN9,SGDEP200ESD
PKN9,PBN2
PKN9,SGDE220ESD
PKN9,SGDE230ESD
PKN9,SGDEP20ESD
PKN9,SGDE215ESD
PKN9,SGDE225ESD
PKN9,EECT400
PKN9,KRSC46HPBO
ATECHFSET02R,ATECH1FS300
ATECHFSET02R,FADH12C
ATECHFSET02R,OEXM7B
ATECHFSET02R,CTNN13KF
ATECHFSET02R,PL1000START
ATECHFSET02R,PBFT50R
ATECHFSET02R,786CF
ATECHFSET02R,HBBD56
ATECHFSET02R,XFRRM705
ATECHFSET02R,KRSC46HPBO
SOEXM8,SOEX704
SOEXM8,SEPPROCORE1A
SOEXM8,2420A
SOEXM8,SOEXM9
SOEXM8,SEPPREATV
SOEXM8,340SSDP
SOEXM8,YA450B
SOEXM8,10SSD
SOEXM8,PH3050BR
SOEXM8,AT4124
206EFAML,307ESAMY
206EFAML,FAML6E
206EFAML,FSM61
206EFAML,208EFTAMXSY
206EFAML,206EFABLM
206EFAML,PK500A
206EFAML,TF528D
206EFAML,AT118
206EFAML,ECHDD012A
206EFAML,TPGIF1600A
AT811,PL400B
AT811,96ACF
AT811,91ACP
AT811,SHCP1B
AT811,1206GS
AT811,GLAS1F
AT811,PH3050BR
AT811,ATECH3FR300B
AT811,GSAF1F
AT811,ATECH2FR125B
CT9175K2,SPBS704AR
CT9175K2,SPBS18AR
CT9175K2,SIMM150A
CT9175K2,SGDX80BR
CT9175K2,TMU8B
CT9175K2,PL400B
CT9175K2,SGD2BR
CT9175K2,FXK3
CT9175K2,TMXK2
CT9175K2,SIMM170
206EAU,114ATMP
206EAU,117TMM
206EAU,9100GSO
206EAU,317AMMPC
206EAU,317MSPC
206EAU,PRH57A
206EAU,CTB8174
206EAU,PH3050BR
206EAU,KRA2007FPBO
206EAU,TPM16EM
SGD2BG,SGD4BR
SGD2BG,SGDP64IRBR
SGD2BG,SGDX80BR
SGD2BG,SGDP31IRBR
SGD2BG,SGDP42IRBR
SGD2BG,SGD6BR
SGD2BG,SGD8BR
SGD2BG,PH3050BR
SGD2BG,GA296B
SGD2BG,MTTL300
325SIMM,312IPL
325SIMM,425IMM
325SIMM,310SIMMYA
325SIMM,320SIM
325SIMM,312IPLM
325SIMM,313SIMA
325SIMM,EECT400
325SIMM,KRSC46HPBO
325SIMM,ECHDD012A
325SIMM,CTB8174
HCP48BCFG,SHP2KT
HCP48BCFG,SGA175BR
HCP48BCFG,SGAS102BG
HCP48BCFG,HCP10
HCP48BCFG,PHP1A
HCP48BCFG,PH3050BR
HCP48BCFG,EEBC30A12V
HCP48BCFG,SVTS264
HCP48BCFG,MAGTRAY
HCP48BCFG,CLRPW75
VWB7B,ASGP102BR
VWB7B,ASGP1BR
VWB7B,IPL22C
VWB7B,IPL40C
VWB7B,IPL38C
VWB7B,SIM220
VWB7B,SIM300
VWB7B,SIM180A
VWB7B,SIM320
VWB7B,IPL34C
YA6930,91ACP
YA6930,SIMM190
YA6930,SIMM150A
YA6930,SIMM210
YA6930,ATECH2FR125B
YA6930,TMU8B
YA6930,SGDP42IRBR
YA6930,SIMM240
YA6930,SGD2BR
YA6930,SIMM230
AWM8D,SGD6BR
AWM8D,SIMM230
AWM8D,SRPCR4700
AWM8D,SPBS8AR
AWM8D,SIMM210
AWM8D,EECT400
AWM8D,KRSC46HPBO
AWM8D,ECHDD012A
AWM8D,CTB8174
AWM8D,PH3050BR
TTX15E,TTX27E
TTX15E,FTX40E
TTX15E,FTX45E
TTX15E,TTX20E
TTX15E,TTX10E
TTX15E,TTX8E
TTX15E,TTX25E
TTX15E,KRSC46HPBO
TTX15E,ECHDD012A
TTX15E,CTB8174
KRA2422POT,TM84
KRA2422POT,VO2224B
KRA2422POT,VO2628B
KRA2422POT,KWSN2455AST
KRA2422POT,KRWT2411
KRA2422POT,KWSP2455ABL
KRA2422POT,KWSN2455ABL
KRA2422POT,KWSP2455AST
KRA2422POT,PG160
KRA2422POT,EFPHANNIBALB
CSSD1B,CSA12CR
CSSD1B,PHP2A
CSSD1B,AWPBX10
CSSD1B,CSSD50R
CSSD1B,CSA14CR
CSSD1B,PKWSS53A
CSSD1B,FB307RNB
CSSD1B,PKNC300
CSSD1B,AT4124
CSSD1B,SVTS264
AWBSG24A,SIMM190
AWBSG24A,TMXK2
AWBSG24A,SGDP42IRBR
AWBSG24A,FX1
AWBSG24A,SIMM210
AWBSG24A,EECT400
AWBSG24A,KRSC46HPBO
AWBSG24A,ECHDD012A
AWBSG24A,CTB8174
AWBSG24A,PH3050BR
KRA4813FPWZ,DBTB121
KRA4813FPWZ,AWM110DHK
KRA4813FPWZ,UPTM65K
KRA4813FPWZ,KRA4114FPBO
KRA4813FPWZ,KRA4810FPBO
KRA4813FPWZ,YA2019
KRA4813FPWZ,ST50A
KRA4813FPWZ,FB302A
KRA4813FPWZ,YA900
KRA4813FPWZ,BP8B
AWSGM4A,SGDP42IRBR
AWSGM4A,TMXK2
AWSGM4A,SIMM220
AWSGM4A,GFAT1E
AWSGM4A,ATECH2FR125B
AWSGM4A,EECT400
AWSGM4A,KRSC46HPBO
AWSGM4A,ECHDD012A
AWSGM4A,CTB8174
AWSGM4A,PH3050BR
PPC105A,PPC715BK
PPC105A,PPCD70BK
PPC105A,PPC210BK
PPC105A,PPC1A
PPC105A,PPC203A
PPC105A,PPC205A
PPC105A,PPC206A
PPC105A,PPC820B
PPC105A,KRSC46HPBO
PPC105A,ECHDD012A
SPBS704AR,SEPPREMETA
SPBS704AR,SPBS8AR
SPBS704AR,SPBS12AR
SPBS704AR,317AMMPC
SPBS704AR,UIM225
SPBS704AR,PK23A
SPBS704AR,UPT35
SPBS704AR,BTC7B
SPBS704AR,KRSC46HPBO
SPBS704AR,ECHDD012A
OEXM90B,OEXM80B
OEXM90B,OEXM260B
OEXM90B,OEXM290B
OEXM90B,OEXM7B
OEXM90B,218AFSP
OEXM90B,OC5A
OEXM90B,MTTL300
OEXM90B,GA460B
OEXM90B,PGP50
OEXM90B,DB121C
TMD11,TMD7
TMD11,TMD18
TMD11,TMD14
TMD11,TMD16
TMD11,TMD9
TMD11,TMD6
TMD11,EECT400
TMD11,KRSC46HPBO
TMD11,ECHDD012A
TMD11,CTB8174
GAW1900A,BLPH1414
GAW1900A,BLPH38516
GAW1900A,BLPH14532
GAW1900A,BLPH3814
GAW1900A,BLPH1418
GAW1900A,BLPH14732
GAW1900A,BLPH14316
GAW1900A,BLPH14964
GAW1900A,EECT400
GAW1900A,KRSC46HPBO
TMMDS14,TMMDS9
TMMDS14,TMMDS6
TMMDS14,TMMDS7
TMMDS14,TMMDS15
TMMDS14,TMMDS11
TMMDS14,TMMDS12
TMMDS14,TMMDS5
TMMDS14,TMMDS5.5
TMMDS14,EECT400
TMMDS14,KRSC46HPBO
OEXS709B,OXI707BK
OEXS709B,XB605A
OEXS709B,OXIM707SBK
OEXS709B,OEX080B
OEXS709B,OEXSM710B
OEXS709B,OEXL707B
OEXS709B,KRSC46HPBO
OEXS709B,ECHDD012A
OEXS709B,CTB8174
OEXS709B,PH3050BR
SIMM320,SIMM290
SIMM320,SIMM350
SIMM320,LSR1250
SIMM320,SIMM360
SIMM320,SIMM300
SIMM320,SIMM340
SIMM320,CTB8174
SIMM320,YA450B
SIMM320,FB303B
SIMM320,PH3050BR
RTEMP8,EEDM596FK
RTEMP8,CAL6DA
RTEMP8,AWM110DHK
RTEMP8,ACT925
RTEMP8,SGD155CR
RTEMP8,PWZ5
RTEMP8,SGD153BR
RTEMP8,TM05
RTEMP8,FZ7A
RTEMP8,210EFTAMY
KRSC430APES1,HSPD16
KRSC430APES1,LDH442
KRSC430APES1,LDH462
KRSC430APES1,OXIM6B
KRSC430APES1,AWMBPH9
KRSC430APES1,KRSC323PBO
KRSC430APES1,STMM4
KRSC430APES1,YA2019
KRSC430APES1,AWBPH13
KRSC430APES1,10R
VWB6B,AT2050
VWB6B,206AFSP
VWB6B,UTS105A
VWB6B,AWM12D
VWB6B,14V
VWB6B,AT425R
VWB6B,BF775C-A
VWB6B,BLP18HVLP
VWB6B,PK50A
VWB6B,DB121C
SHX80BO,FHLF80A
SHX80BO,FHOF80A
SHX80BO,THLF72
SHX80BO,THLX72
SHX80BO,FHLX80B
SHX80BO,THRLX72
SHX80BO,SH80A
SHX80BO,EECT400
SHX80BO,KRSC46HPBO
SHX80BO,ECHDD012A
SGDP31IRBR,SGD8BR
SGDP31IRBR,SGDP64IRBR
SGDP31IRBR,SGDX80BR
SGDP31IRBR,SGD4BR
SGDP31IRBR,SGDP42IRBR
SGDP31IRBR,SGD2BR
SGDP31IRBR,SGD6BR
SGDP31IRBR,PH3050BR
SGDP31IRBR,GA296B
SGDP31IRBR,MTTL300
TPMB25GRN,SOEXM9
TPMB25GRN,AWS13
TPMB25GRN,BHS13A
TPMB25GRN,TPMB25EM
TPMB25GRN,SGDP63IRBG
TPMB25GRN,KACKMCFIBER1
TPMB25GRN,BTC3A
TPMB25GRN,RULER601
TPMB25GRN,SHP2KT
TPMB25GRN,PT40B
SGA1710BR,SGA1713B
SGA1710BR,SGRHT6BR
SGA1710BR,SGRHT2BR
SGA1710BR,SGA1712BR
SGA1710BR,SGA1711BR
SGA1710BR,SGA175BR
SGA1710BR,SGA173BR
SGA1710BR,SVTSRAD272U
SGA1710BR,SVTS272A
SGA1710BR,PTR72
BT15,131A
BT15,B3404B
BT15,FK80
BT15,BT1360
BT15,BT11
BT15,B1356E
BT15,EECT400
BT15,KRSC46HPBO
BT15,ECHDD012A
BT15,CTB8174
SGASA204CR,SEPPREMETA
SGASA204CR,9100AGMO
SGASA204CR,317AMMPC
SGASA204CR,FA12LE
SGASA204CR,FRX181
SGASA204CR,AWM110DHK
SGASA204CR,GF22
SGASA204CR,TW481
SGASA204CR,KRSC46HPBO
SGASA204CR,ECHDD012A
SGDTX90BR,SGDXL80BR
SGDTX90BR,SGDTX315BR
SGDTX90BR,SGDP63IRBG
SGDTX90BR,ACT73A
SGDTX90BR,SGDP64IRBR
SGDTX90BR,SRP3A
SGDTX90BR,JCW62R
SGDTX90BR,ACT413A
SGDTX90BR,OEXM7B
SGDTX90BR,YA339A
ECFDF108O,F80
ECFDF108O,SIMM210
ECFDF108O,GFAT1E
ECFDF108O,SIMM220
ECFDF108O,PWCS7ACF
ECFDF108O,PPC103A
ECFDF108O,A2A
ECFDF108O,SIMM230
ECFDF108O,TMXK60
ECFDF108O,SPBS12AR
AWXL13-5/16,SGD6BR
AWXL13-5/16,TMXK2
AWXL13-5/16,SIMM200
AWXL13-5/16,PPC816B
AWXL13-5/16,SGDP31IRBR
AWXL13-5/16,EECT400
AWXL13-5/16,KRSC46HPBO
AWXL13-5/16,ECHDD012A
AWXL13-5/16,CTB8174
AWXL13-5/16,PH3050BR
IMM220,IMM190
IMM220,IMM170A
IMM220,IMM180
IMM220,IMM210
IMM220,IMM240
IMM220,IMM230
IMM220,IMM200
IMM220,EECT400
IMM220,KRSC46HPBO
IMM220,ECHDD012A
AWMCG1608B,SGD2BR
AWMCG1608B,T72
AWMCG1608B,SIMM180
AWMCG1608B,SIMM200
AWMCG1608B,SGD6BR
AWMCG1608B,EECT400
AWMCG1608B,KRSC46HPBO
AWMCG1608B,ECHDD012A
AWMCG1608B,CTB8174
AWMCG1608B,PH3050BR
SOSG01BKCL01,GLOVE1100L
SOSG01BKCL01,LBUK1
SOSG01BKCL01,AYESHDA
SOSG01BKCL01,GLASS90BYEAR
SOSG01BKCL01,RBM1011SC
SOSG01BKCL01,GLOVE505RL
SOSG01BKCL01,AWTEF8K
SOSG01BKCL01,AWMEF6K
SOSG01BKCL01,AT700F
SOSG01BKCL01,GA460B
PKNC075C2,FHLF80A
PKNC075C2,SIMM170
PKNC075C2,SIMM240
PKNC075C2,SIMM220
PKNC075C2,SHD1R
PKNC075C2,EECT400
PKNC075C2,KRSC46HPBO
PKNC075C2,ECHDD012A
PKNC075C2,CTB8174
PKNC075C2,PH3050BR
106IPTMMA,207IPSFM
106IPTMMA,IPLM22C
106IPTMMA,207IPFM
106IPTMMA,IPLM21C
106IPTMMA,IPDLM13A
106IPTMMA,CTB8174
106IPTMMA,PH3050BR
106IPTMMA,SVTS264
106IPTMMA,CT825DB
106IPTMMA,ASTFUN19KIT
107ATMPB,OEX080B
107ATMPB,AVSNP01160
107ATMPB,KRA4059FPBO
107ATMPB,VO806B
107ATMPB,206AFSP
107ATMPB,S6106KA
107ATMPB,RULER6
107ATMPB,CTB8174
107ATMPB,PH3050BR
107ATMPB,RULER600
S6118A,BT11
S6118A,B1461
S6118A,131A
S6118A,YA450B
S6118A,2004BSKA
S6118A,S6110A
S6118A,FB303B
S6118A,CTB8174
S6118A,PH3050BR
S6118A,ACT83A
TW201,313TWYA
TW201,TW181A
TW201,TW281
TW201,TW121A
TW201,TW221
TW201,TW141A
TW201,TW241
TW201,TW161A
TW201,KRSC46HPBO
TW201,ECHDD012A
FADH10C,SW341
FADH10C,FADH704C
FADH10C,FADH704CG
FADH10C,FADH6C
FADH10C,FADH8C
FADH10C,FADH12C
FADH10C,210EFTXRY
FADH10C,ECHDD012A
FADH10C,CTB8174
FADH10C,PH3050BR
PTR2500,PT338
PTR2500,PTGR110
PTR2500,PT850
PTR2500,PTR2505
PTR2500,PTR72
PTR2500,PDR3000A
PTR2500,MG325
PTR2500,SFSM20
PTR2500,A159
PTR2500,SFSM21
305SXWP,206AFXW
305SXWP,106ATMXW
305SXWP,STX60E
305SXWP,AWMEF6K
305SXWP,303SXWKL
305SXWP,7031A
305SXWP,EECT400
305SXWP,KRSC46HPBO
305SXWP,ECHDD012A
305SXWP,CTB8174
FSPK,S6111
FSPK,BT11
FSPK,A2A
FSPK,LDTJT512
FSPK,LDTJT538
FSPK,S6112
FSPK,B1467A
FSPK,S6110A
FSPK,EECT400
FSPK,KRSC46HPBO
FSS121,211FSSY
FSS121,233FSMBFR
FSS121,AYESCRD
FSS121,FSS141
FSS121,FSS161
FSS121,FSS181
FSS121,110TMSY
FSS121,BF775C-A
FSS121,JT17A
FSS121,KRSC46HPBO
AWSGT45A,SIMM240
AWSGT45A,SGDP31IRBR
AWSGT45A,F80
AWSGT45A,SRPCR4700
AWSGT45A,SIMM180
AWSGT45A,EECT400
AWSGT45A,KRSC46HPBO
AWSGT45A,ECHDD012A
AWSGT45A,CTB8174
AWSGT45A,PH3050BR
KRSC326FPC,9100AGMO
KRSC326FPC,TPM16EM
KRSC326FPC,AWM110DK
KRSC326FPC,9100GSM
KRSC326FPC,FA12LE
KRSC326FPC,FRX181
KRSC326FPC,GF22
KRSC326FPC,KAC1224TCA
KRSC326FPC,HD6529
KRSC326FPC,TW481
KRSC326FPOT,9100AGMO
KRSC326FPOT,TPM16EM
KRSC326FPOT,AWM110DK
KRSC326FPOT,9100GSM
KRSC326FPOT,FA12LE
KRSC326FPOT,FRX181
KRSC326FPOT,GF22
KRSC326FPOT,KAC1224TCA
KRSC326FPOT,HD6529
KRSC326FPOT,TW481
SFSM8,SFSM13
SFSM8,SFSM15
SFSM8,SFSM10
SFSM8,SFSM16
SFSM8,SFSM18
SFSM8,SFSM9
SFSM8,SFSM11
SFSM8,EECT400
SFSM8,KRSC46HPBO
SFSM8,ECHDD012A
SFSM9,SFSM19
SFSM9,STMM5.5
SFSM9,SFSM17
SFSM9,SFSM8
SFSM9,SFSM18
SFSM9,SFSM16
SFSM9,SFSM11
SFSM9,EECT400
SFSM9,KRSC46HPBO
SFSM9,ECHDD012A
NDDM900A,FXK3
NDDM900A,TMU8B
NDDM900A,SGD4BR
NDDM900A,F80
NDDM900A,SGD8BR
NDDM900A,EECT400
NDDM900A,KRSC46HPBO
NDDM900A,ECHDD012A
NDDM900A,CTB8174
NDDM900A,PH3050BR
320SIM,429IM
320SIM,212SIMFYA
320SIM,313SIMA
320SIM,325SIMM
320SIM,312IPL
320SIM,310SIMMYA
320SIM,EECT400
320SIM,KRSC46HPBO
320SIM,ECHDD012A
320SIM,CTB8174
EPC160,84CF
EPC160,908CF
EPC160,912AEP
EPC160,86EP
EPC160,BLPBTW4
EPC160,PWC52A
EPC160,PKRS1
EPC160,EECT400
EPC160,KRSC46HPBO
EPC160,ECHDD012A
912AEP,312CF
912AEP,911ACF
912AEP,PKNC300
912AEP,612AEP
912AEP,86EP
912AEP,490CF
912AEP,411CF
912AEP,908CF
912AEP,KRSC46HPBO
912AEP,ECHDD012A
SIMM240,SIMM180
SIMM240,SIMM170
SIMM240,SIMM190
SIMM240,SIMM230
SIMM240,SIMM200
SIMM240,SIMM160A
SIMM240,SIMM220
SIMM240,EECT400
SIMM240,KRSC46HPBO
SIMM240,ECHDD012A
BHM9A,BHS13A
BHM9A,AWBS13
BHM9A,9100GSO
BHM9A,YA438B
BHM9A,BHS7A
BHM9A,BLPTE3816
BHM9A,ACT73A
BHM9A,ACT83A
BHM9A,EFPHANNIBALB
BHM9A,FB303B
EFP2BSTRIPE,SGASA204CR
EFP2BSTRIPE,TMU8B
EFP2BSTRIPE,SIMM170
EFP2BSTRIPE,PWCS7ACF
EFP2BSTRIPE,PPC816B
EFP2BSTRIPE,SHD1R
EFP2BSTRIPE,F80
EFP2BSTRIPE,SGD2BR
EFP2BSTRIPE,FXK11
EFP2BSTRIPE,SGDP42IRBR
AWCGT30,AWCGT30
AWCGT30,AWCGT45
AWCGT30,AWCGT25
AWCGT30,AWCGT40
AWCGT30,AWCGT27
AWCGT30,AWCGT500
AWCGT30,AWCG1600B
AWCGT30,AWMCG1600B
AWCGT30,EECT400
AWCGT30,KRSC46HPBO
AWML4D,SIMM170
AWML4D,SGD2BR
AWML4D,SPBS704AR
AWML4D,SGDP31IRBR
AWML4D,SIMM230
AWML4D,EECT400
AWML4D,KRSC46HPBO
AWML4D,ECHDD012A
AWML4D,CTB8174
AWML4D,PH3050BR
AT118,UTV614A
AT118,UTV615A
AT118,PSO4525
AT118,14V
AT118,BF775C-A
AT118,AT425R
AT118,PTC250
AT118,PK500A
AT118,BP24B
AT118,BOERM712
AW1015DHK,SEPPT850KA
AW1015DHK,YA2020
AW1015DHK,9100GSO
AW1015DHK,AWM110DHK
AW1015DHK,340SSDP
AW1015DHK,10SSD
AW1015DHK,EARPLUGBAND
AW1015DHK,GLASS30R
AW1015DHK,ECFB200BL
AW1015DHK,RULER602
AWT10A,SIMM150A
AWT10A,96ACF
AWT10A,SGD2BR
AWT10A,GFAT1E
AWT10A,FXK11
AWT10A,EECT400
AWT10A,KRSC46HPBO
AWT10A,ECHDD012A
AWT10A,CTB8174
AWT10A,PH3050BR
CTHG9050,SGDX80BR
CTHG9050,F80
CTHG9050,SIMM160A
CTHG9050,SRPCR3800
CTHG9050,SPBS12AR
CTHG9050,FU8A
CTHG9050,FXK11
CTHG9050,SPBS8AR
CTHG9050,FX1
CTHG9050,SIMM240
TB10AC,SIMM160A
TB10AC,91ACP
TB10AC,SIMM240
TB10AC,SGD4BR
TB10AC,PPC4A
TB10AC,SPBS8AR
TB10AC,FXK3
TB10AC,TMU8B
TB10AC,SGD8BR
TB10AC,SPBS704AR
TF1127B,LN46ACF
TF1127B,SX2
TF1127B,PIT120
TF1127B,TF1124B
TF1127B,TFM7530B
TF1127B,EXDL10A
TF1127B,HBBT16
TF1127B,FB307RNB
TF1127B,PPB816A
TF1127B,KRSC46HPBO
OFC76-14,SGASA204CR
OFC76-14,SGD6BR
OFC76-14,SRPCR3800
OFC76-14,FXK11
OFC76-14,SHD1R
OFC76-14,EECT400
OFC76-14,KRSC46HPBO
OFC76-14,ECHDD012A
OFC76-14,CTB8174
OFC76-14,PH3050BR
OFC86-14,96ACF
OFC86-14,SIMM210
OFC86-14,F80
OFC86-14,A2A
OFC86-14,SIMM190
OFC86-14,EECT400
OFC86-14,KRSC46HPBO
OFC86-14,ECHDD012A
OFC86-14,CTB8174
OFC86-14,PH3050BR
OFC884-15,SHD1R
OFC884-15,SPBS704AR
OFC884-15,FHLF80A
OFC884-15,SIMM150A
OFC884-15,SGD6BR
OFC884-15,EECT400
OFC884-15,KRSC46HPBO
OFC884-15,ECHDD012A
OFC884-15,CTB8174
OFC884-15,PH3050BR
OFC93-36,91ACP
OFC93-36,SGD4BR
OFC93-36,SIMM230
OFC93-36,ATECH2FR125B
OFC93-36,SPBS18AR
OFC93-36,EECT400
OFC93-36,KRSC46HPBO
OFC93-36,ECHDD012A
OFC93-36,CTB8174
OFC93-36,PH3050BR
OFW2,PKNC150
OFW2,305SIMMY
OFW2,310TWMYA
OFW2,OFW3
OFW2,OFW4
OFW2,OFW1
OFW2,YA450B
OFW2,CTB8174
OFW2,PH3050BR
OFW2,ACT83A
OFW3,OFW1
OFW3,SIMM340
OFW3,AC58E
OFW3,OFW2
OFW3,OFW4
OFW3,OFWHD3
OFW3,OFWHD1
OFW3,CTB8174
OFW3,PH3050BR
OFW3,YA450B
PBMMA5G,PBMMB5R
PBMMA5G,PBMMA5
PBMMA5G,PBMMS5
PBMMA5G,PBMMS5G
PBMMA5G,PBMMB5G
PBMMA5G,PBMMB5O
PBMMA5G,PBMMS5O
PBMMA5G,PBMA5G
PBMMA5G,KRSC46HPBO
PBMMA5G,ECHDD012A
PBMMB5R,PBMMA5
PBMMB5R,PBMMB5
PBMMB5R,PBMMS5G
PBMMB5R,PBMMS5R
PBMMB5R,PBMMA5R
PBMMB5R,PBMA5R
PBMMB5R,KRSC46HPBO
PBMMB5R,ECHDD012A
PBMMB5R,CTB8174
PBMMB5R,PH3050BR
PPK25,VO1820B
PPK25,VO2628B
PPK25,VO1416B
PPK25,SRPCR4700
PPK25,PWCS7ACF
PPK25,SRPCR3800
PPK25,VO1012B
PPK25,SW321
PPK25,EECT400
PPK25,KRSC46HPBO
RBM1012C,91ACP
RBM1012C,47ACF
RBM1012C,SPBS12AR
RBM1012C,AW028D
RBM1012C,RBM1719C
RBM1012C,FHLLF80
RBM1012C,PL400B
RBM1012C,96ACF
RBM1012C,EECT400
RBM1012C,KRSC46HPBO
RBM1415C,RBM78SC
RBM1415C,SG4ASHBR
RBM1415C,RBM1415C
RBM1415C,RBM1213C
RBM1415C,RBM1618C
RBM1415C,RBM1719C
RBM1415C,RBM910C
RBM1415C,RBM1011C
RBM1415C,EECT400
RBM1415C,KRSC46HPBO
RBM1719C,RBM78SC
RBM1719C,RBM810C
RBM1719C,OXIM707SBK
RBM1719C,RBM1213C
RBM1719C,RBM1618C
RBM1719C,RBM1415C
RBM1719C,RBM910C
RBM1719C,RBM1011C
RBM1719C,EECT400
RBM1719C,KRSC46HPBO
KWSN2455AST,KCP2422PBO
KWSN2455AST,TMMD5
KWSN2455AST,TMMD9
KWSN2455AST,KRA2422PBO
KWSN2455AST,KCP1422PBO
KWSN2455AST,KRA2411PBO
KWSN2455AST,TW441
KWSN2455AST,TW421
KWSN2455AST,SR40K
KWSN2455AST,BTC7B
ST50A,SGHBF500A
ST50A,AD12C
ST50A,AW1015DHK
ST50A,FB302A
ST50A,VO806B
ST50A,YA2019
ST50A,RULER600
ST50A,KRA4059FPBO
ST50A,YA900
ST50A,107ATMPB
TF528D,LIL59000
TF528D,CJ2001P
TF528D,BTK7A
TF528D,TBS200A
TF528D,BHS7A
TF528D,TD2425A
TF528D,PTGR450
TF528D,TPGIF1600A
TF528D,AT118
TF528D,ITHE100
MSK10,EXDL10A
MSK10,PPC20LB
MSK10,HBBT16
MSK10,MSKM10
MSK10,REX25C
MSK10,CJ2001P
MSK10,PBMP703A
MSK10,ECHDD012A
MSK10,SVTSRAD272U
MSK10,CTB8174
MTTL750,MTTL300
MTTL750,MAGDISH
MTTL750,FCF72
MTTL750,MTTL433
MTTL750,MTTL7005PK
MTTL750,MTTL800
MTTL750,UIM2LT
MTTL750,KACKMCFIBER1
MTTL750,YA1175KIT
MTTL750,MAGMAT
OFC76-30,FXK11
OFC76-30,SIMM200
OFC76-30,SGDX80BR
OFC76-30,TMXK2
OFC76-30,SRPCR3800
OFC76-30,EECT400
OFC76-30,KRSC46HPBO
OFC76-30,ECHDD012A
OFC76-30,CTB8174
OFC76-30,PH3050BR
PL344BCFND,SGTT8B
PL344BCFND,SGTT9B
PL344BCFND,SGTT1B
PL344BCFND,SGTT110B
PL344BCFND,FCF72
PL344BCFND,PL344BCF
PL344BCFND,MAGMICRO
PL344BCFND,FC72
PL344BCFND,PL803A
PL344BCFND,PH3050BR
PBFT50R,FSLF80
PBFT50R,PBMMB5G
PBFT50R,SGAS102BR
PBFT50R,PBFT60R
PBFT50R,PBMMA5R
PBFT50R,PBMMS5R
PBFT50R,YA4190A
PBFT50R,BRHC2PK
PBFT50R,PBMMB5R
PBFT50R,MAGMAT
PKB50A,SGASA204CR
PKB50A,GFAT1E
PKB50A,TMU8B
PKB50A,FX1
PKB50A,SGDX80BR
PKB50A,EECT400
PKB50A,KRSC46HPBO
PKB50A,ECHDD012A
PKB50A,CTB8174
PKB50A,PH3050BR
PKB52A,AWEF9K
PKB52A,A159
PKB52A,207EFTXY
PKB52A,VGP12509
PKB52A,VGP12808
PKB52A,VGP104
PKB52A,VGP12412
PKB52A,AWMEF8K
PKB52A,ECHDD012A
PKB52A,CTB8174
PT10C,SGD4120BR
PT10C,UIM2FL
PT10C,FMAS
PT10C,110ETMAY
PT10C,AWTEF8K
PT10C,AWMEF6K
PT10C,UTK100
PT10C,RULER602
PT10C,JT17A
PT10C,SOSG01BKCL01
R1214SC,RBM1415C
R1214SC,RBM1011C
R1214SC,RBM1618C
R1214SC,R1618SC
R1214SC,R810SC
R1214SC,61CF
R1214SC,TMXK60
R1214SC,RBM1213C
R1214SC,EECT400
R1214SC,KRSC46HPBO
SDR6P26NK3,SRPCR3800
SDR6P26NK3,TMXK4
SDR6P26NK3,SPBS18AR
SDR6P26NK3,SIMM220
SDR6P26NK3,SGDP31IRBR
SDR6P26NK3,SPBS8AR
SDR6P26NK3,91ACP
SDR6P26NK3,SIMM160A
SDR6P26NK3,SIMM180
SDR6P26NK3,SIMM210
KRWT2411,PL330ACF
KRWT2411,110TMY
KRWT2411,FS221
KRWT2411,KRA2422PBO
KRWT2411,KCP2422PBO
KRWT2411,KCP1422PBO
KRWT2411,KRA2411PBO
KRWT2411,DS809K
KRWT2411,IM1PT
KRWT2411,213AFLEY
EESC340AINSTU,FM10
EESC340AINSTU,KAERNADD6RD
EESC340AINSTU,310IMMYA
EESC340AINSTU,FM16
EESC340AINSTU,FM19
EESC340AINSTU,FM18
EESC340AINSTU,FM11
EESC340AINSTU,SW181A
EESC340AINSTU,SW141A
EESC340AINSTU,SW221
EFPHANNIBALB,310TWMYA
EFPHANNIBALB,YA427B
EFPHANNIBALB,313SMYA
EFPHANNIBALB,BHS7A
EFPHANNIBALB,PTGR450
EFPHANNIBALB,DS806AK
EFPHANNIBALB,PG160
EFPHANNIBALB,TWM26
EFPHANNIBALB,TWM25
EFPHANNIBALB,BPPC1878
ASGP1BR,ASGP102BR
ASGP1BR,PSN500
ASGP1BR,SGA102BR
ASGP1BR,ASGP2BR
ASGP1BR,A161B
ASGP1BR,A177A
ASGP1BR,A179A
ASGP1BR,UTS105A
ASGP1BR,EECT400
ASGP1BR,KRSC46HPBO
310SWMYA,313SMYA
310SWMYA,SW241
310SWMYA,SW201
310SWMYA,313SYA
310SWMYA,313SWYA
310SWMYA,KRSC46HPBO
310SWMYA,ECHDD012A
310SWMYA,CTB8174
310SWMYA,PH3050BR
310SWMYA,MTIND683A
KRSC46HBDC,SIMM350
KRSC46HBDC,SIMM290
KRSC46HBDC,ECFLD030
KRSC46HBDC,PKNC150
KRSC46HBDC,UPTM65K
KRSC46HBDC,317AMMPC
KRSC46HBDC,305SIMMY
KRSC46HBDC,BOERM712
KRSC46HBDC,MG725A
KRSC46HBDC,309SIMYA
KRSC46HPC,SIMM350
KRSC46HPC,SIMM290
KRSC46HPC,ECFLD030
KRSC46HPC,PKNC150
KRSC46HPC,UPTM65K
KRSC46HPC,317AMMPC
KRSC46HPC,305SIMMY
KRSC46HPC,BOERM712
KRSC46HPC,MG725A
KRSC46HPC,309SIMYA
650,PBS704
650,SGDP64IRBR
650,BLPPB704
650,1250
650,1650
650,2050
650,SRP3A
650,TF5A
650,ACT413A
650,ACT73A
ACT413A,ACT51234A
ACT413A,ACT9103
ACT413A,ACT407
ACT413A,ACTR4151A
ACT413A,SRP3A
ACT413A,PPC20LB
ACT413A,ACT83A
ACT413A,218AFP
ACT413A,R1618SC
ACT413A,TWM26
213TFSYA,IPL28C
213TFSYA,IPL24C
213TFSYA,IPL36C
213TFSYA,EXD35A
213TFSYA,REX25C
213TFSYA,IPL22C
213TFSYA,IPL20C
213TFSYA,IPL18C
213TFSYA,ECHDD012A
213TFSYA,CTB8174
YA52PBSQC,TMXK2
YA52PBSQC,F80
YA52PBSQC,ATECH2FR125B
YA52PBSQC,SIMM230
YA52PBSQC,SIMM180
YA52PBSQC,FX1
YA52PBSQC,SIMM240
YA52PBSQC,TMXK4
YA52PBSQC,SHD1R
YA52PBSQC,GFAT1E
TXM72,TX72
TXM72,TLLF72
TXM72,TK72
TXM72,TRSLF72
TXM72,SX80B
TXM72,TRX72
TXM72,KRSC46HPBO
TXM72,ECHDD012A
TXM72,PLRK30
TXM72,CTB8174
SGDE230ESD,SGDEP200ESD
SGDE230ESD,SGDEP21ESD
SGDE230ESD,AOGMHC
SGDE230ESD,SGDE215ESD
SGDE230ESD,SGDE220ESD
SGDE230ESD,SGDE225ESD
SGDE230ESD,SGDEP20ESD
SGDE230ESD,EECT400
SGDE230ESD,KRSC46HPBO
SGDE230ESD,ECHDD012A
DBT30,SGD8BR
DBT30,SIMM200
DBT30,SGASA204CR
DBT30,PPC816B
DBT30,SGD2BR
DBT30,EECT400
DBT30,KRSC46HPBO
DBT30,ECHDD012A
DBT30,CTB8174
DBT30,PH3050BR
FA8E,208EFAY
FA8E,BCS70A
FA8E,212EFTAY
FA8E,FA12E
FA8E,FA10E
FA8E,FA12LE
FA8E,FRX181
FA8E,GF22
FA8E,EECT400
FA8E,KRSC46HPBO
PT850O,IM1PT
PT850O,PT338
PT850O,MG325
PT850O,PTR72
PT850O,PTR2500
PT850O,ACT1370
PT850O,PKNC125C2
PT850O,PTGR450
PT850O,QD3RN350A
PT850O,PGP50
FB360C,PGP50
FB360C,US712
FB360C,ITHE100
FB360C,FB305A
FB360C,FB361A
FB360C,FB316B
FB360C,PK53A
FB360C,AW1020DK
FB360C,AWM110DHK
FB360C,AC5C
SGRHT2BR,SGA1710BR
SGRHT2BR,SGA173BR
SGRHT2BR,SGA1714B
SGRHT2BR,HCP10
SGRHT2BR,SGA102BR
SGRHT2BR,SAG03S20
SGRHT2BR,LDT8
SGRHT2BR,PTR72
SGRHT2BR,SHCP1B
SGRHT2BR,BP40B
GLOVE900MO,GLOVEORIGPLUSL
GLOVE900MO,GLASS50R
GLOVE900MO,SOSG01BKCL01
GLOVE900MO,GLOVE1100L
GLOVE900MO,GLOVE505RL
GLOVE900MO,GLOVE309L
GLOVE900MO,GLOVE300BL
GLOVE900MO,OFC14KT
GLOVE900MO,CTB8187
GLOVE900MO,PHP1A
IMM160A,IMM240
IMM160A,IMM140A
IMM160A,IMM190
IMM160A,IMM180
IMM160A,IMM150A
IMM160A,IMM170A
IMM160A,EECT400
IMM160A,KRSC46HPBO
IMM160A,ECHDD012A
IMM160A,CTB8174
TWM22,TWM26
TWM22,TWM17
TWM22,TWM19
TWM22,TWM20
TWM22,TWM24
TWM22,TWM23
TWM22,TWM21
TWM22,TWM18
TWM22,EECT400
TWM22,KRSC46HPBO
PT338G,PTR72
PT338G,IM1PT
PT338G,VWB8B
PT338G,PTR2505
PT338G,PTR2500
PT338G,PT850
PT338G,BLPPB704
PT338G,TPMB25EMGRN
PT338G,PTC250
PT338G,SX24
KRA2407PCM,TESLASTUKIT
KRA2407PCM,DPT7A
KRA2407PCM,S6103A
KRA2407PCM,TMM16
KRA2407PCM,BOERM22
KRA2407PCM,BOERM21
KRA2407PCM,131TMPB
KRA2407PCM,14V
KRA2407PCM,GA243
KRA2407PCM,PPCL60BK
311IMFSY,RXS605B
311IMFSY,TMP12E
311IMFSY,TWM26
311IMFSY,TWM31
311IMFSY,TWM29
311IMFSY,TMC105E
311IMFSY,1210B
311IMFSY,PH3050BR
311IMFSY,CAL6DA
311IMFSY,EECT900
SWM111A,SWM291
SWM111A,SWM281
SWM111A,SWM301
SWM111A,SWM101A
SWM111A,SWM251
SWM111A,SWM261
SWM111A,SWM271
SWM111A,ECHDD012A
SWM111A,CTB8174
SWM111A,PH3050BR
TR72,SR80A
TR72,TRF72
TR72,PPB1002A
TR72,FR80
TR72,YA2020
TR72,DS806AK
TR72,CTB8174
TR72,RULER602
TR72,PH3050BR
TR72,EARPLUGBAND
TW441,TW381
TW441,TW401
TW441,TWM31
TW441,TW461
TW441,TW421
TW441,TW481
TW441,TWM28
TW441,CTB8174
TW441,PH3050BR
TW441,FB305A
313TSMYA,310TWMYA
313TSMYA,TW241
313TSMYA,TW121A
313TSMYA,313TWMYA
313TSMYA,313TSYA
313TSMYA,313TWYA
313TSMYA,PKNC125C2
313TSMYA,EECT400
313TSMYA,KRSC46HPBO
313TSMYA,ECHDD012A
THR72O,FHBB12A
THR72O,THLL72
THR72O,120STTM
THR72O,FHR80
THR72O,SH80A
THR72O,THRLX72
THR72O,PTM30
THR72O,KRSC46HPBO
THR72O,ECHDD012A
THR72O,CTB8174
AWCGT500,AWCGT30
AWCGT500,AWCGT40
AWCGT500,AWCG1600B
AWCGT500,AWMCG1600B
AWCGT500,QD3RN350A
AWCGT500,ECHDD012A
AWCGT500,CTB8174
AWCGT500,PH3050BR
AWCGT500,BTG8
AWCGT500,AT4101
SOEXM140,96ACF
SOEXM140,47ACF
SOEXM140,SOEXM140
SOEXM140,SOEXM150
SOEXM140,SOEXM120
SOEXM140,SOEXM170
SOEXM140,SOEXM130
SOEXM140,SOEXM100
SOEXM140,EECT400
SOEXM140,KRSC46HPBO
AWT20A,SGD4BR
AWT20A,PL400B
AWT20A,SPBS18AR
AWT20A,SHD1R
AWT20A,SIMM150A
AWT20A,EECT400
AWT20A,KRSC46HPBO
AWT20A,ECHDD012A
AWT20A,CTB8174
AWT20A,PH3050BR
AWT25A,SIMM240
AWT25A,SIMM150A
AWT25A,TMXK2
AWT25A,SPBS8AR
AWT25A,PPC816B
AWT25A,EECT400
AWT25A,KRSC46HPBO
AWT25A,ECHDD012A
AWT25A,CTB8174
AWT25A,PH3050BR
AT408,UTS105A
AT408,AT109
AT408,AC5C
AT408,AT475A
AT408,PSO4625
AT408,DB121C
AT408,VGP12418
AT408,YA109C
AT408,VGP12808
AT408,VGP12406
908CF,912AEP
908CF,490CF
908CF,411CF
908CF,95ACF
908CF,F4LBK
908CF,EECT400
908CF,KRSC46HPBO
908CF,ECHDD012A
908CF,CTB8174
908CF,PH3050BR
ACT83A,ACT413A
ACT83A,FTX60E
ACT83A,218AFP
ACT83A,FB303B
ACT83A,SN25A
ACT83A,OFW3
ACT83A,222AFSP
ACT83A,ACT1370
ACT83A,SWM111A
ACT83A,SWM101A
QD2R1000A,SN24C
QD2R1000A,FA8E
QD2R1000A,FA12E
QD2R1000A,QD1R200A
QD2R1000A,QD1R50A
QD2R1000A,BRUTUS3R300
QD2R1000A,QD3R250A
QD2R1000A,PPB30AK
QD2R1000A,EECT400
QD2R1000A,KRSC46HPBO
AWCG1612B,47ACF
AWCG1612B,SHD1R
AWCG1612B,SPBS8AR
AWCG1612B,TMXK2
AWCG1612B,TMXK60
AWCG1612B,EECT400
AWCG1612B,KRSC46HPBO
AWCG1612B,ECHDD012A
AWCG1612B,CTB8174
AWCG1612B,PH3050BR
PWCS9ACF,206AFSA
PWCS9ACF,PL5ESWIRESTRIP
PWCS9ACF,13ELECTBP14KIT
PWCS9ACF,218AFP
PWCS9ACF,ECF35
PWCS9ACF,SNA-TBP14
PWCS9ACF,TWM31
PWCS9ACF,AWM140DK
PWCS9ACF,TWM29
PWCS9ACF,RULER601
SPRG625R,REX13C
SPRG625R,AVSNP01160
SPRG625R,AWP45
SPRG625R,BST103R
SPRG625R,TA360
SPRG625R,CLRPW75
SPRG625R,BT518
SPRG625R,SGAS102BR
SPRG625R,LIL59000
SPRG625R,CTB8174
FM19,SW181A
FM19,FM12
FM19,FM13
FM19,FM16
FM19,FM15
FM19,FM18
FM19,FM11
FM19,EECT400
FM19,KRSC46HPBO
FM19,ECHDD012A
IMFLE140A,SX24
IMFLE140A,207IMFLE
IMFLE140A,TMR4
IMFLE140A,IMSLEPL240
IMFLE140A,IMFLE80A
IMFLE140A,STX60E
IMFLE140A,XLE605
IMFLE140A,KRSC46HPBO
IMFLE140A,ECHDD012A
IMFLE140A,CTB8174
IMFLE160A,SX24
IMFLE160A,207IMFLE
IMFLE160A,TMR4
IMFLE160A,IMSLEPL240
IMFLE160A,IMFLE80A
IMFLE160A,STX60E
IMFLE160A,XLE605
IMFLE160A,KRSC46HPBO
IMFLE160A,ECHDD012A
IMFLE160A,CTB8174
AWHD8K,PPC4A
AWHD8K,SGD4BR
AWHD8K,SIMM200
AWHD8K,SPBS12AR
AWHD8K,SIMM230
AWHD8K,EECT400
AWHD8K,KRSC46HPBO
AWHD8K,ECHDD012A
AWHD8K,CTB8174
AWHD8K,PH3050BR
AWL7D,91ACP
AWL7D,SGD4BR
AWL7D,SPBS704AR
AWL7D,SGD2BR
AWL7D,TMXK2
AWL7D,EECT400
AWL7D,KRSC46HPBO
AWL7D,ECHDD012A
AWL7D,CTB8174
AWL7D,PH3050BR
BOERM17,SOEXM170
BOERM17,SOEXM140
BOERM17,SOEXM150
BOERM17,BOERM14
BOERM17,BOERM12
BOERM17,BOERM10
BOERM17,SN15B
BOERM17,SGD2BR
BOERM17,EECT400
BOERM17,KRSC46HPBO
BTCW800,BTCP2SA
BTCW800,BTCP400
BTCW800,BST103R
BTCW800,BTCP600
BTCW800,OFC14KT
BTCW800,KRSC46HPBO
BTCW800,ECHDD012A
BTCW800,CTB8174
BTCW800,PH3050BR
BTCW800,ACT73A
BTCWSO16KT,ASGP1BR
BTCWSO16KT,ASGP2BR
BTCWSO16KT,FAM8E
BTCWSO16KT,ECHDG052
BTCWSO16KT,BTCP400
BTCWSO16KT,BTCP600
BTCWSO16KT,BB9008
BTCWSO16KT,BTCP2SA
BTCWSO16KT,BT4651
BTCWSO16KT,ASGP102BR
UTV616A,BLPTORX1410
UTV616A,FTXB55E
UTV616A,PPCL60BK
UTV616A,UTV617A
UTV616A,UTV615A
UTV616A,QD1RN25B
UTV616A,208EFTAMXSY
UTV616A,YA1050B
UTV616A,AT109
UTV616A,CTS561BITSET
XDSGM607K1G,XDSGM607K1G
XDSGM607K1G,PWCSS7ACF
XDSGM607K1G,PWCS9ACF
XDSGM607K1G,XDSGM607K1O
XDSGM607K1G,XDSGM607K1
XDSGM607K1G,LDTJT512
XDSGM607K1G,PL5ESWIRESTRIP
XDSGM607K1G,CSSD1R
XDSGM607K1G,EECT400
XDSGM607K1G,KRSC46HPBO
YA824C,ITHE100
YA824C,BTK5
YA824C,GA460B
YA824C,YA4000B
YA824C,MTTL310
YA824C,OC5A
YA824C,AWEFBH9K
YA824C,FB303B
YA824C,STMM4
YA824C,10R
TPMB25EMGRN,LP6LN
TPMB25EMGRN,FB336
TPMB25EMGRN,HBFE103
TPMB25EMGRN,TPMB25EMORG
TPMB25EMGRN,PT338
TPMB25EMGRN,UIM2LT
TPMB25EMGRN,PWZ0A
TPMB25EMGRN,HBBD8
TPMB25EMGRN,208FRDH
TPMB25EMGRN,MAGMAT
UPT2FL,UIM2FL
UPT2FL,AOGMHC
UPT2FL,SGDE225ESD
UPT2FL,PKN9
UPT2FL,SGDE220ESD
UPT2FL,SGDE230ESD
UPT2FL,SGDEP20ESD
UPT2FL,EECT400
UPT2FL,KRSC46HPBO
UPT2FL,ECHDD012A
VSC4KT-3,SGDP42IRBR
VSC4KT-3,SGD8BR
VSC4KT-3,91ACP
VSC4KT-3,SRPCR4700
VSC4KT-3,PPC816B
VSC4KT-3,EECT400
VSC4KT-3,KRSC46HPBO
VSC4KT-3,ECHDD012A
VSC4KT-3,CTB8174
VSC4KT-3,PH3050BR
XDSGM607K1O,XDSGM607K1G
XDSGM607K1O,XDSGM607K1
XDSGM607K1O,91ACP
XDSGM607K1O,SIMM220
XDSGM607K1O,SGD6BR
XDSGM607K1O,EECT400
XDSGM607K1O,KRSC46HPBO
XDSGM607K1O,ECHDD012A
XDSGM607K1O,CTB8174
XDSGM607K1O,PH3050BR
WTG10A,214SFY
WTG10A,AW1013DK
WTG10A,8HR
WTG10A,AWL1010DK
WTG10A,PPC905B
WTG10A,AD6C
WTG10A,AD10C
WTG10A,ECHDD012A
WTG10A,CTB8174
WTG10A,CAL6DA
YA2020,YA2019
YA2020,AW10D
YA2020,DS806AK
YA2020,PPB1002A
YA2020,AW1015DHK
YA2020,CTB8174
YA2020,PH3050BR
YA2020,EARPLUGBAND
YA2020,GLASS30R
YA2020,RULER602
F80FOD,ATKIFL
F80FOD,ATKBFL
F80FOD,XS1618A
F80FOD,XS2024A
F80FOD,TB40C
F80FOD,XS1416A
F80FOD,XS1820A
F80FOD,XS1012A
F80FOD,XS2226A
F80FOD,KRSC46HPBO
425IMM,L8112A
425IMM,325SIMM
425IMM,ATECH4RS600
425IMM,429IM
425IMM,L122
425IMM,L62
425IMM,L872RJ
425IMM,PH3050BR
425IMM,MG1250
425IMM,KCP2422PBO
AF102,FTX60E
AF102,210AFLEY
AF102,B260A
AF102,BT101
AF102,2005BSKA
AF102,SEPPT850KA
AF102,OFW3
AF102,BTGHD9
AF102,OC5A
AF102,AT109
BLPHSM1425,TMU8B
BLPHSM1425,FXK6
BLPHSM1425,SPBS8AR
BLPHSM1425,SPBS18AR
BLPHSM1425,GFAT1E
BLPHSM1425,EECT400
BLPHSM1425,KRSC46HPBO
BLPHSM1425,ECHDD012A
BLPHSM1425,CTB8174
BLPHSM1425,PH3050BR
BLPPKM5-6,SGD6BR
BLPPKM5-6,SIMM240
BLPPKM5-6,TMU8B
BLPPKM5-6,SRPCR3800
BLPPKM5-6,SPBS704AR
BLPPKM5-6,EECT400
BLPPKM5-6,KRSC46HPBO
BLPPKM5-6,ECHDD012A
BLPPKM5-6,CTB8174
BLPPKM5-6,PH3050BR
BLPSM1411,BLPSM147
BLPSM1411,BLPSM1412
BLPSM1411,BLPSM148
BLPSM1411,BLPSM149
BLPSM1411,BLPSM146
BLPSM1411,BLPSM1413
BLPSM1411,BLPSM145
BLPSM1411,EECT400
BLPSM1411,KRSC46HPBO
BLPSM1411,ECHDD012A
BLPH126,BLPT1427
BLPH126,BLPT1425
BLPH126,BLPH14316
BLPH126,BLPH125
BLPH126,BLPH124
BLPH126,BLPH14964
BLPH126,BLPH14732
BLPH126,EECT400
BLPH126,KRSC46HPBO
BLPH126,ECHDD012A
BLPH12716,F80
BLPH12716,SPBS18AR
BLPH12716,PWCS7ACF
BLPH12716,SIMM230
BLPH12716,SIMM170
BLPH12716,EECT400
BLPH12716,KRSC46HPBO
BLPH12716,ECHDD012A
BLPH12716,CTB8174
BLPH12716,PH3050BR
BLPH14964,BLPH3838
BLPH14964,BLPH126
BLPH14964,BLPT1430
BLPH14964,BLPH1418
BLPH14964,BLPH14732
BLPH14964,BLPH1414
BLPH14964,BLPH14316
BLPH14964,BLPH14532
BLPH14964,EECT400
BLPH14964,KRSC46HPBO
BLPH3814,BLPH388
BLPH3814,BLPH386
BLPH3814,BLPH3810
BLPH3814,BLPH38732
BLPH3814,BLPH38516
BLPH3814,BLPH3838
BLPH3814,BLPH389
BLPH3814,BLPH387
BLPH3814,EECT400
BLPH3814,KRSC46HPBO
BLPH3838,BLPH14732
BLPH3838,BLPH389
BLPH3838,BLPH387
BLPH3838,BLPH38516
BLPH3838,BLPH3814
BLPH3838,BLPH38732
BLPH3838,BLPH14964
BLPH3838,EECT400
BLPH3838,KRSC46HPBO
BLPH3838,ECHDD012A
BLPHL145,BLPHL145
BLPHL145,BLPH14732
BLPHL145,BLPHL387
BLPHL145,BLPHL144
BLPHL145,BLPHL146
BLPHL145,BLPTL1430
BLPHL145,BLPH14964
BLPHL145,BLPHL3810
BLPHL145,EECT400
BLPHL145,KRSC46HPBO
BLPHS14332,SIMM170
BLPHS14332,SGD8BR
BLPHS14332,SIMM180
BLPHS14332,96ACF
BLPHS14332,SGDX80BR
BLPHS14332,EECT400
BLPHS14332,KRSC46HPBO
BLPHS14332,ECHDD012A
BLPHS14332,CTB8174
BLPHS14332,PH3050BR
XDHFM606K1,103TMXKLA
XDHFM606K1,GA265A
XDHFM606K1,HCP48BCF
XDHFM606K1,XDHF605
XDHFM606K1,XLE605
XDHFM606K1,XBM605A
XDHFM606K1,BDGPL411HG
XDHFM606K1,SVTS264
XDHFM606K1,XOM605
XDHFM606K1,PH3050BR
PW18C,BTC3A
PW18C,AC58E
PW18C,SOEX40
PW18C,1512B
PW18C,SW401
PW18C,SW381
PW18C,BPPC1878
PW18C,PH3050BR
PW18C,JCW62R
PW18C,JCW80AR
AWSGM5A,SPBS8AR
AWSGM5A,96ACF
AWSGM5A,SIMM220
AWSGM5A,SGD6BR
AWSGM5A,TMU8B
AWSGM5A,EECT400
AWSGM5A,KRSC46HPBO
AWSGM5A,ECHDD012A
AWSGM5A,CTB8174
AWSGM5A,PH3050BR
DS806AK,PPB1002A
DS806AK,SGDP64IRBR
DS806AK,317MPC
DS806AK,218AFP
DS806AK,EFPHANNIBALB
DS806AK,SRP3A
DS806AK,R1618SC
DS806AK,PG160
DS806AK,ACT83A
DS806AK,RULER602
207EFTXY,FTX45E
207EFTXY,FTX40E
207EFTXY,CSA14CR
207EFTXY,AWM140DK
207EFTXY,PKB52A
207EFTXY,2420A
207EFTXY,AW1020DK
207EFTXY,TF5A
207EFTXY,EECT400
207EFTXY,KRSC46HPBO
AWBSG800A,206EFABL
AWBSG800A,915CF
AWBSG800A,206EFABLM
AWBSG800A,AWBSGM800A
AWBSG800A,AWSGT800A
AWBSG800A,AWSG800A
AWBSG800A,AWSGM800A
AWBSG800A,XB605A
AWBSG800A,AT4101
AWBSG800A,MAGMAT
VWB2B,TMXK60
VWB2B,A2A
VWB2B,SIMM210
VWB2B,TMXK4
VWB2B,SIMM200
VWB2B,ATECH3FR300B
VWB2B,FXK3
VWB2B,FXK6
VWB2B,SIMM240
VWB2B,SIMM150A
110ETMAY,PT10C
110ETMAY,SOEX30
110ETMAY,UIM2FL
110ETMAY,AWS13
110ETMAY,XO605
110ETMAY,ECHDD012A
110ETMAY,CTB8174
110ETMAY,PH3050BR
110ETMAY,RULER602
110ETMAY,TB50WC
FSM61,FSM71
FSM61,SFSM6
FSM61,SFSM7
FSM61,SFSM20
FSM61,SFSM21
FSM61,ECHDD012A
FSM61,CTB8174
FSM61,PH3050BR
FSM61,PGP120
FSM61,KRA2407PBO
HBFE16G,HBBD16
HBFE16G,AYESCRD
HBFE16G,A159
HBFE16G,30SSD
HBFE16G,JT17A
HBFE16G,BF775C-A
HBFE16G,OEXM707B
HBFE16G,A3042
HBFE16G,YA1050B
HBFE16G,AT5500
SF161,SF201
SF161,SF241
SF161,SF221
SF161,SF181
SF161,SF141
SF161,SF121
SF161,EECT400
SF161,KRSC46HPBO
SF161,ECHDD012A
SF161,CTB8174
AWMG9-6,SGD8BR
AWMG9-6,SIMM200
AWMG9-6,FHLF80A
AWMG9-6,47ACF
AWMG9-6,PL400B
AWMG9-6,EECT400
AWMG9-6,KRSC46HPBO
AWMG9-6,ECHDD012A
AWMG9-6,CTB8174
AWMG9-6,PH3050BR
AWM140DK,218AFP
AWM140DK,207EFTXY
AWM140DK,SWM281
AWM140DK,AW1020DK
AWM140DK,US712
AWM140DK,2420A
AWM140DK,SWM291
AWM140DK,RULER6
AWM140DK,FB360C
AWM140DK,AT4135
PSN500,MS3000
PSN500,UIM2RSLT
PSN500,PK500A
PSN500,PKN500
PSN500,PPK300
PSN500,PKN90
PSN500,JCW62R
PSN500,LBUK1
PSN500,MRB10B
PSN500,ITHE100
SGDP64IRBR,SGDP63IRBG
SGDP64IRBR,DS806AK
SGDP64IRBR,OEX42B
SGDP64IRBR,SRP3A
SGDP64IRBR,218AFP
SGDP64IRBR,R1618SC
SGDP64IRBR,ACT83A
SGDP64IRBR,PGP120
SGDP64IRBR,ACT73A
SGDP64IRBR,ACT413A
F4LB,S4
F4LB,F10LD
F4LB,8HR
F4LB,TFM7530B
F4LB,TWM30
F4LB,PH3050BR
F4LB,RULER602
F4LB,ACT83A
F4LB,FB303B
F4LB,PG160
GLOVE600XLO,GLOVE309L
GLOVE600XLO,GLOVE300BL
GLOVE600XLO,GLOVE1100L
GLOVE600XLO,SOSG01BKCL01
GLOVE600XLO,GLASS90BYEAR
GLOVE600XLO,HSPD16
GLOVE600XLO,SFSM21
GLOVE600XLO,OXIM6B
GLOVE600XLO,AWMBPH9
GLOVE600XLO,AWBPH13
ECPRM052,SGDMRC11A
ECPRM052,BTCP500
ECPRM052,EECT400
ECPRM052,UIM2LT
ECPRM052,ECPNI032R
ECPRM052,ECARL032R
ECPRM052,PHT5
ECPRM052,PHP1A
ECPRM052,SGTT4B
ECPRM052,ECPNG032
FHLF80A,SHBB24
FHLF80A,THLLF72
FHLF80A,SH80A
FHLF80A,THLF72
FHLF80A,SHX80B
FHLF80A,SHLF80A
FHLF80A,FHLLF80
FHLF80A,THRLX72
FHLF80A,EECT400
FHLF80A,KRSC46HPBO
AWTXL8-T27,FU8A
AWTXL8-T27,SGD2BR
AWTXL8-T27,TMXK2
AWTXL8-T27,FX1
AWTXL8-T27,SGASA204CR
AWTXL8-T27,EECT400
AWTXL8-T27,KRSC46HPBO
AWTXL8-T27,ECHDD012A
AWTXL8-T27,CTB8174
AWTXL8-T27,PH3050BR
SOEXM100,FM12
SOEXM100,LN47ACF
SOEXM100,SOEXM110
SOEXM100,SOEXM170
SOEXM100,SOEXM120
SOEXM100,SOEXM150
SOEXM100,EECT400
SOEXM100,KRSC46HPBO
SOEXM100,ECHDD012A
SOEXM100,CTB8174
CDR861MK2,SGD4BR
CDR861MK2,PPC103A
CDR861MK2,PPC4A
CDR861MK2,FX1
CDR861MK2,SGD8BR
CDR861MK2,SIMM240
CDR861MK2,SGASA204CR
CDR861MK2,PPC816B
CDR861MK2,PL400B
CDR861MK2,FXK6
AW028D,AW035D
AW028D,SPBS12AR
AW028D,FXK11
AW028D,SIMM190
AW028D,SRPCR4700
AW028D,EECT400
AW028D,KRSC46HPBO
AW028D,ECHDD012A
AW028D,CTB8174
AW028D,PH3050BR
AWS13-6,PPC103A
AWS13-6,T72
AWS13-6,SRPCR3800
AWS13-6,SIMM230
AWS13-6,TMXK2
AWS13-6,EECT400
AWS13-6,KRSC46HPBO
AWS13-6,ECHDD012A
AWS13-6,CTB8174
AWS13-6,PH3050BR
AW1015DK,20SSD
AW1015DK,9100GSM
AW1015DK,ATKIFL
AW1015DK,XS2024A
AW1015DK,TB40C
AW1015DK,XS1416A
AW1015DK,XS1820A
AW1015DK,XS1012A
AW1015DK,ECHDD012A
AW1015DK,CTB8174
TMMDS5,TMMDS9
TMMDS5,TMMDS15
TMMDS5,TMMDS13
TMMDS5,TMMDS5.5
TMMDS5,TMMDS6
TMMDS5,TMMDS7
TMMDS5,TMMDS11
TMMDS5,TMMDS12
TMMDS5,EECT400
TMMDS5,KRSC46HPBO
ECFUVLEDA,ATECH2FR125B
ECFUVLEDA,47ACF
ECFUVLEDA,SIMM190
ECFUVLEDA,SPBS12AR
ECFUVLEDA,FU8A
ECFUVLEDA,SGDP42IRBR
ECFUVLEDA,SIMM160A
ECFUVLEDA,SGD8BR
ECFUVLEDA,SGASA204CR
ECFUVLEDA,FXK11
312IMMS,212FSMSY
312IMMS,212IMFMSYA
312IMMS,112SIMTMM
312IMMS,210IMFSYA
312IMMS,GA3634A
312IMMS,AT5500
312IMMS,LIL59000
312IMMS,320SIM
312IMMS,PT850
312IMMS,AT2050
XOM605,XO605
XOM605,XBM605A
XOM605,XB605A
XOM605,210FRHMA
XOM605,OXIM710B
XOM605,CTB8174
XOM605,PH3050BR
XOM605,TIF160
XOM605,SVTA9100
XOM605,MTTL433
212FSMY,SEPPREMETA
212FSMY,9100AGMO
212FSMY,SEPPREATV
212FSMY,212SFSMY
212FSMY,317AMMPC
212FSMY,206EAU
212FSMY,117TMM
212FSMY,SFSM16
212FSMY,ECHDD012A
212FSMY,CTB8174
FHOF80A,THRLX72
FHOF80A,SHN36
FHOF80A,PKNC300
FHOF80A,FHBF80A
FHOF80A,FH80MP
FHOF80A,FZ80
FHOF80A,PALMRAT
FHOF80A,CTB8174
FHOF80A,PH3050BR
FHOF80A,PLRK30
112TMMY,112STMMY
112TMMY,110STMY
112TMMY,110TMY
112TMMY,114ATMP
112TMMY,FA12LE
112TMMY,EECT400
112TMMY,KRSC46HPBO
112TMMY,ECHDD012A
112TMMY,CTB8174
112TMMY,PH3050BR
KRA2422PZR,TM84
KRA2422PZR,VO2224B
KRA2422PZR,VO2628B
KRA2422PZR,KWSN2455AST
KRA2422PZR,KRWT2411
KRA2422PZR,KWSP2455ABL
KRA2422PZR,KWSN2455ABL
KRA2422PZR,KWSP2455AST
KRA2422PZR,PG160
KRA2422PZR,EFPHANNIBALB
KRA2422PZS,TM84
KRA2422PZS,VO2224B
KRA2422PZS,VO2628B
KRA2422PZS,KWSN2455AST
KRA2422PZS,KRWT2411
KRA2422PZS,KWSP2455ABL
KRA2422PZS,KWSN2455ABL
KRA2422PZS,KWSP2455AST
KRA2422PZS,PG160
KRA2422PZS,EFPHANNIBALB
R810SC,TMD9
R810SC,TMD16
R810SC,TMD11
R810SC,R1214SC
R810SC,R1214C
R810SC,110TMDY
R810SC,STMD14
R810SC,TMD6
R810SC,EECT400
R810SC,KRSC46HPBO
EEBM500B,EEJP201MBKA-NA
EEBM500B,SS5A
EEBM500B,TW401
EEBM500B,TW461
EEBM500B,TW421
EEBM500B,TW441
EEBM500B,TWM28
EEBM500B,TWM26
EEBM500B,TWM30
EEBM500B,TWM32
AWMG9-7,SGD4BR
AWMG9-7,SIMM190
AWMG9-7,SGD8BR
AWMG9-7,TF5A
AWMG9-7,R404
AWMG9-7,FHL80
AWMG9-7,SPBS8AR
AWMG9-7,SGASA204CR
AWMG9-7,EECT400
AWMG9-7,KRSC46HPBO
CT9010DB,CT9080K2
CT9010DB,CTB185
CT9010DB,CTB8187
CT9010DB,LSR2000
CT9010DB,YA438B
CT9010DB,BLPTE3816
CT9010DB,BLPTE3814
CT9010DB,BLPTE3812
CT9010DB,BLPTE3810
CT9010DB,TMM16
CGG8850ADB,SIMM240
CGG8850ADB,SRPCR4700
CGG8850ADB,SPBS18AR
CGG8850ADB,SIMM170
CGG8850ADB,SGD6BR
CGG8850ADB,FXK6
CGG8850ADB,SHD1R
CGG8850ADB,PL400B
CGG8850ADB,FXK11
CGG8850ADB,SIMM160A
AWXL13-9/64,SRPCR3800
AWXL13-9/64,SIMM200
AWXL13-9/64,SIMM150A
AWXL13-9/64,TMU8B
AWXL13-9/64,SGDP42IRBR
AWXL13-9/64,EECT400
AWXL13-9/64,KRSC46HPBO
AWXL13-9/64,ECHDD012A
AWXL13-9/64,CTB8174
AWXL13-9/64,PH3050BR
CTS861MK2,BLPTHC87
CTS861MK2,TMXK2
CTS861MK2,SGD4BR
CTS861MK2,FXK3
CTS861MK2,SGDP42IRBR
CTS861MK2,96ACF
CTS861MK2,TMXK60
CTS861MK2,ATECH2FR125B
CTS861MK2,A2A
CTS861MK2,SPBS8AR
GLASS90BYEAR,ECPRA072
GLASS90BYEAR,ECHDD012A
GLASS90BYEAR,FL80
GLASS90BYEAR,SOSG01BKCL01
GLASS90BYEAR,GLOVEORIGPLUSL
GLASS90BYEAR,GLASS50R
GLASS90BYEAR,MAGDISH
GLASS90BYEAR,ECARL032R
GLASS90BYEAR,BTG9
GLASS90BYEAR,KAERNADD6RD
GAW1909,SIMM170
GAW1909,SIMM240
GAW1909,FX1
GAW1909,SIMM230
GAW1909,BLPTHC87
GAW1909,EECT400
GAW1909,KRSC46HPBO
GAW1909,ECHDD012A
GAW1909,CTB8174
GAW1909,PH3050BR
KCP1422PBO,AWM140DK
KCP1422PBO,AC58E
KCP1422PBO,111TMMDY
KCP1422PBO,KWSN2455ABL
KCP1422PBO,KWSN2455AST
KCP1422PBO,KWSP2455AST
KCP1422PBO,KWSP2455ABL
KCP1422PBO,KRWT2411
KCP1422PBO,SR40K
KCP1422PBO,BTC7B
KCP1422PC,AWM140DK
KCP1422PC,AC58E
KCP1422PC,111TMMDY
KCP1422PC,KWSN2455ABL
KCP1422PC,KWSN2455AST
KCP1422PC,KWSP2455AST
KCP1422PC,KWSP2455ABL
KCP1422PC,KRWT2411
KCP1422PC,SR40K
KCP1422PC,BTC7B
KCP1422PU,AWM140DK
KCP1422PU,AC58E
KCP1422PU,111TMMDY
KCP1422PU,KWSN2455ABL
KCP1422PU,KWSN2455AST
KCP1422PU,KWSP2455AST
KCP1422PU,KWSP2455ABL
KCP1422PU,KRWT2411
KCP1422PU,SR40K
KCP1422PU,BTC7B
PBN14,PBN15
PBN14,PBN11
PBN14,FXK3
PBN14,ATECH2FR125B
PBN14,SGD6BR
PBN14,EECT400
PBN14,KRSC46HPBO
PBN14,ECHDD012A
PBN14,CTB8174
PBN14,PH3050BR
S9704KR,CSA12CR
S9704KR,SEPPROCORE1A
S9704KR,206SPKPLGMAG
S9704KR,BTC7B
S9704KR,218AFSP
S9704KR,AWMG9
S9704KR,FZ7A
S9704KR,ECHDD012A
S9704KR,CTB8174
S9704KR,PH3050BR
GLOVE400S,SHD2R
GLOVE400S,SHD6R
GLOVE400S,SHDP31IRR
GLOVE400S,LP404
GLOVE400S,RTD48
GLOVE400S,SOSG01BKCL01
GLOVE400S,GLOVE900LR
GLOVE400S,GLOVE1100L
GLOVE400S,GLOVE300BL
GLOVE400S,GLOVEORIGPLUSL
LP6LN,LP10R
LP6LN,LP7WR
LP6LN,FMAS
LP6LN,LP7R
LP6LN,LP5WR
LP6LN,RBM1011SC
LP6LN,LBUK1
LP6LN,SOSG01BKCL01
LP6LN,MTTL433
LP6LN,AT4135
LP7R,AW1015DHK
LP7R,RXFS2836B
LP7R,PPSG4
LP7R,LP10R
LP7R,LP6LN
LP7R,LP5WR
LP7R,LP7WR
LP7R,LBUK1
LP7R,AD10C
LP7R,PG160
YA832A,TMMS9
YA832A,TMMS5.5
YA832A,TMMS6
YA832A,ITHE100
YA832A,YA824C
YA832A,EECR1C
YA832A,VAC201
YA832A,BRHC2PK
YA832A,EECS150
YA832A,YA4000B
TW301,TW321
TW301,TW361
TW301,TW341
TW301,TW261
TW301,TW281
TW301,KRSC46HPBO
TW301,ECHDD012A
TW301,CTB8174
TW301,PH3050BR
TW301,EFPHANNIBALB
SGASA204CG,SEPPREMETA
SGASA204CG,9100AGMO
SGASA204CG,317AMMPC
SGASA204CG,FA12LE
SGASA204CG,FRX181
SGASA204CG,AWM110DHK
SGASA204CG,GF22
SGASA204CG,TW481
SGASA204CG,KRSC46HPBO
SGASA204CG,ECHDD012A
SPBS12AR,SPBS704AR
SPBS12AR,TW481
SPBS12AR,HD6529
SPBS12AR,SPBS8AR
SPBS12AR,FRX181
SPBS12AR,SPBS18AR
SPBS12AR,FA12LE
SPBS12AR,GF22
SPBS12AR,EECT400
SPBS12AR,KRSC46HPBO
TIF160,MTTL700
TIF160,2005BSKA
TIF160,QDTPMS
TIF160,TMU181A
TIF160,TMU141A
TIF160,TMU161A
TIF160,YA4250
TIF160,CAL6DA
TIF160,ECFLD030
TIF160,AT5500
DB129C,111TMMDY
DB129C,TMMD11
DB129C,TMMD12
DB129C,PTGR450
DB129C,SR40K
DB129C,BHS7A
DB129C,TF5A
DB129C,SOEX38
DB129C,BTC7B
DB129C,AC58E
OEX44B,OEXM260B
OEX44B,OEXM300B
OEX44B,OEXM250B
OEX44B,OEX42B
OEX44B,OEXM290B
OEX44B,OEX38B
OEX44B,EECT400
OEX44B,KRSC46HPBO
OEX44B,ECHDD012A
OEX44B,CTB8174
OEXM713B,OEX714KB
OEXM713B,OEXM240B
OEXM713B,OEXM90B
OEXM713B,OEXM80B
OEXM713B,OEXM230B
OEXM713B,ECHDD012A
OEXM713B,CTB8174
OEXM713B,PH3050BR
OEXM713B,FB303B
OEXM713B,ACT83A
YA4614,GFAT1E
YA4614,PWCS7ACF
YA4614,SGASA204CR
YA4614,SGDX80BR
YA4614,SIMM160A
YA4614,SPBS12AR
YA4614,PPC103A
YA4614,SIMM210
YA4614,SIMM150A
YA4614,FU8A
ACT51234A,ACT413A
ACT51234A,ACTR1234YF
ACT51234A,ACT9103
ACT51234A,ATECH4RS600
ACT51234A,ACT925
ACT51234A,ACT1297
ACT51234A,BLPPB704
ACT51234A,KRA6200FPBO
ACT51234A,MG1250
ACT51234A,PPC20LB
PKNC050,SPBS18AR
PKNC050,A2A
PKNC050,SGDP31IRBR
PKNC050,SIMM240
PKNC050,SGASA204CR
PKNC050,EECT400
PKNC050,KRSC46HPBO
PKNC050,ECHDD012A
PKNC050,CTB8174
PKNC050,PH3050BR
SF141,SF201
SF141,SF241
SF141,SF221
SF141,SF181
SF141,SF161
SF141,SF121
SF141,SF281
SF141,EECT400
SF141,KRSC46HPBO
SF141,ECHDD012A
IPL22C,312IPL
IPL22C,307IPLY
IPL22C,IPL24C
IPL22C,IPL20C
IPL22C,IPL26C
IPL22C,IPL18C
IPL22C,IPL32C
IPL22C,IPL28C
IPL22C,EECT400
IPL22C,KRSC46HPBO
SGDEP200ESD,SGDEP21ESD
SGDEP200ESD,AOGMHC
SGDEP200ESD,PKN9
SGDEP200ESD,SGDE215ESD
SGDEP200ESD,SGDE220ESD
SGDEP200ESD,SGDE225ESD
SGDEP200ESD,SGDEP20ESD
SGDEP200ESD,EECT400
SGDEP200ESD,KRSC46HPBO
SGDEP200ESD,ECHDD012A
FSS141,211FSSY
FSS141,233FSMBFR
FSS141,AYESCRD
FSS141,FSS121
FSS141,FSS161
FSS141,FSS181
FSS141,110TMSY
FSS141,BF775C-A
FSS141,JT17A
FSS141,KRSC46HPBO
AWSGT6A,AWSGT6A
AWSGT6A,TW341
AWSGT6A,TW321
AWSGT6A,AWSGT8A
AWSGT6A,AWSGT7A
AWSGT6A,TW141A
AWSGT6A,TW281
AWSGT6A,TW221
AWSGT6A,EECT400
AWSGT6A,KRSC46HPBO
SGHBF500AG,BTK7A
SGHBF500AG,SEPPREATV
SGHBF500AG,SGHF616BR
SGHBF500AG,ST50A
SGHBF500AG,BHS7A
SGHBF500AG,TFM7530B
SGHBF500AG,RTEMPB7
SGHBF500AG,PTGR450
SGHBF500AG,206AFSP
SGHBF500AG,AT4124
46ACF,ATKIFL
46ACF,XS1618A
46ACF,VO2224B
46ACF,XS2024A
46ACF,XS1416A
46ACF,XS1820A
46ACF,XS1012A
46ACF,XS2226A
46ACF,EECT400
46ACF,KRSC46HPBO
CSA8C,PK23A
CSA8C,PRH57A
CSA8C,SOEX38
CSA8C,PKNC150
CSA8C,FA12LE
CSA8C,CTB8174
CSA8C,PH3050BR
CSA8C,TPM16EM
CSA8C,TPM16
CSA8C,KRA2007FPBO
CSA8CG,PK23A
CSA8CG,PRH57A
CSA8CG,SOEX38
CSA8CG,PKNC150
CSA8CG,FA12LE
CSA8CG,CTB8174
CSA8CG,PH3050BR
CSA8CG,TPM16EM
CSA8CG,TPM16
CSA8CG,KRA2007FPBO
AWBMCG1608,SPBS8AR
AWBMCG1608,SIMM180
AWBMCG1608,FXK3
AWBMCG1608,SGD8BR
AWBMCG1608,SGDP42IRBR
AWBMCG1608,EECT400
AWBMCG1608,KRSC46HPBO
AWBMCG1608,ECHDD012A
AWBMCG1608,CTB8174
AWBMCG1608,PH3050BR
TRX72,TR72
TRX72,TL72FOD
TRX72,110TMSY
TRX72,FR80
TRX72,303SXWKL
TRX72,TXM72
TRX72,KRSC46HPBO
TRX72,ECHDD012A
TRX72,CTB8174
TRX72,PH3050BR
96ACF,PL400B
96ACF,SN25A
96ACF,TMM4
96ACF,RULER602
96ACF,47ACF
96ACF,91ACP
96ACF,FB303B
96ACF,222AFSP
96ACF,OFW3
96ACF,BF620C
SGTT10B,SGTT110B
SGTT10B,SGTT5B
SGTT10B,SGTT7B
SGTT10B,SGTT9B
SGTT10B,SGTT1B
SGTT10B,SGTT2B
SGTT10B,SGTT8B
SGTT10B,SGTT3B
SGTT10B,YA1175KIT
SGTT10B,YAKS42
SGTT110B,PL5ESWIRESTRIP
SGTT110B,SGTT8B
SGTT110B,SGTT9B
SGTT110B,ACT407
SGTT110B,ACT413A
SGTT110B,BLPPB704
SGTT110B,SGA1714B
SGTT110B,MTTL800
SGTT110B,SGA102BR
SGTT110B,YAKS42
QD2R200A,QD1R50A
QD2R200A,QD3250A
QD2R200A,QD2R100A
QD2R200A,QD3R250A
QD2R200A,SN25A
QD2R200A,CTB8174
QD2R200A,PH3050BR
QD2R200A,FB303B
QD2R200A,TPMB25EM
QD2R200A,ACT83A
EECT400G,ECFLD030
EECT400G,EEDM503D
EECT400G,2005BSKA
EECT400G,AWM110DHK
EECT400G,TPM16
EECT400G,AC5C
EECT400G,2004BSKA
EECT400G,KRA2007FPBO
EECT400G,FB360C
EECT400G,OC5A
A36A,BP40B
A36A,EXD35A
A36A,86EP
A36A,A50A
A36A,BLPPB704
A36A,HSPD16
A36A,PWZ4
A36A,OEX42B
A36A,CTB8174
A36A,ACT1290A
PBN3,BLPTL1255
PBN3,BLPHL388
PBN3,BLPTL148
PBN3,BLPHSM146
PBN3,BLPTL3850
PBN3,BLPHSM148
PBN3,BLPTL1260
PBN3,BLPHL3810
PBN3,EECT400
PBN3,KRSC46HPBO
AWML2.5D,SIMM220
AWML2.5D,SPBS8AR
AWML2.5D,GFAT1E
AWML2.5D,PWCS7ACF
AWML2.5D,SGDP31IRBR
AWML2.5D,EECT400
AWML2.5D,KRSC46HPBO
AWML2.5D,ECHDD012A
AWML2.5D,CTB8174
AWML2.5D,PH3050BR
T72,PTIM5
T72,144TMPB
T72,107ATMPB
T72,TMM4
T72,TMU181A
T72,AW1013DK
T72,TMM9
T72,EECT400
T72,KRSC46HPBO
T72,ECHDD012A
GLOVE300BM,GLOVE309L
GLOVE300BM,GLOVEORIGPLUSL
GLOVE300BM,GLASS50R
GLOVE300BM,GLOVE1100L
GLOVE300BM,SOSG01BKCL01
GLOVE300BM,KACKMCFIBER1
GLOVE300BM,CTINF9010
GLOVE300BM,IND25HAT
GLOVE300BM,BCS70A
GLOVE300BM,CTSG861DB
196ACF,ATKIFL
196ACF,XS1618A
196ACF,XS1214A
196ACF,XS2024A
196ACF,XS1416A
196ACF,XS1820A
196ACF,XS1012A
196ACF,XS2226A
196ACF,KRSC46HPBO
196ACF,ECHDD012A
205ESSPKPLG3,AWEF9K
205ESSPKPLG3,YA9350B
205ESSPKPLG3,SR40K
205ESSPKPLG3,BTCP2SA
205ESSPKPLG3,AWTEF8K
205ESSPKPLG3,SVTS272A
205ESSPKPLG3,AWMEF6K
205ESSPKPLG3,GCP10
205ESSPKPLG3,PT10C
205ESSPKPLG3,CTB8174
CT9050K2,PWCS7ACF
CT9050K2,BLPTHC87
CT9050K2,SPBS18AR
CT9050K2,FXK3
CT9050K2,ATECH2FR125B
CT9050K2,PL400B
CT9050K2,A2A
CT9050K2,47ACF
CT9050K2,SIMM160A
CT9050K2,SPBS704AR
307IPLY,205IPF
307IPLY,IPL24C
307IPLY,IPL22C
307IPLY,307IPLMY
307IPLY,BPPC1878
307IPLY,IPLM15C
307IPLY,IPLM18C
307IPLY,CTB8174
307IPLY,PH3050BR
307IPLY,YA4000B
LDT6,SGD8BR
LDT6,SHD1R
LDT6,SGASA204CR
LDT6,ASGP102BR
LDT6,ASGP1BR
LDT6,ASGP2BR
LDT6,EECT200
LDT6,SHLX80A
LDT6,SGDX80BR
LDT6,KRSC46HPBO
S80AFOD,ATKIFL
S80AFOD,XS1618A
S80AFOD,XS1214A
S80AFOD,XS2024A
S80AFOD,XS1416A
S80AFOD,XS1820A
S80AFOD,XS1012A
S80AFOD,XS2226A
S80AFOD,EECT400
S80AFOD,KRSC46HPBO
SEPFAR7200KA,PTR72
SEPFAR7200KA,205IPF
SEPFAR7200KA,207IPFM
SEPFAR7200KA,STMM13
SEPFAR7200KA,STMM8
SEPFAR7200KA,STMM10
SEPFAR7200KA,TMM13
SEPFAR7200KA,TMM8
SEPFAR7200KA,EECT400
SEPFAR7200KA,KRSC46HPBO
SEPPREMETA,PK23A
SEPPREMETA,FADH12C
SEPPREMETA,207EFAMY
SEPPREMETA,KRSC430APBO7
SEPPREMETA,KRSC323PBO
SEPPREMETA,AWM110DHK
SEPPREMETA,317MSPC
SEPPREMETA,206AFSP
SEPPREMETA,AW1015DHK
SEPPREMETA,LN47ACF
SEPPROCORE1A,AT4124
SEPPROCORE1A,ACT1290A
SEPPROCORE1A,AT4135
SEPPROCORE1A,SEPPROCORE2A
SEPPROCORE1A,PPB826A
SEPPROCORE1A,317MPC
SEPPROCORE1A,SOEX704
SEPPROCORE1A,313SWMYA
SEPPROCORE1A,EECT400
SEPPROCORE1A,KRSC46HPBO
SEPSTARTERA,SOSG01BKCL01
SEPSTARTERA,206AFSP
SEPSTARTERA,BP24B
SEPSTARTERA,GMB3041
SEPSTARTERA,BB9008
SEPSTARTERA,SRPCR3800
SEPSTARTERA,KRSC326FPBO
SEPSTARTERA,GSAF1F
SEPSTARTERA,207EFAMY
SEPSTARTERA,FAM8E
SRES24,SRES306
SRES24,208FRDHM
SRES24,208FRDH
SRES24,SRES26
SRES24,SRES22
SRES24,SRES18
SRES24,SRES28
SRES24,SRES20
SRES24,ECHDD012A
SRES24,CTB8174
TB20A,BF620C
TB20A,SDMT25D
TB20A,SDMT10D
TB20A,VO806B
TB20A,RULER600
TB20A,EARPLUGBAND
TB20A,ECPNG032
TB20A,FB302A
TB20A,SGDTX50BR
TB20A,DS809K
LSR1500,OFC14KT
LSR1500,BTCW800
LSR1500,OFCA2
LSR1500,S6111
LSR1500,AT5500
LSR1500,ECUHD218
LSR1500,OFSKIT
LSR1500,RADKITULTRA
LSR1500,TIF160
LSR1500,ASTFUN19KIT
LSR1580,LSRM2000
LSR1580,BTCP500
LSR1580,STARTERSET5
LSR1580,LSR1000EXT
LSR1580,LSR1450
LSR1580,A3042
LSR1580,BTG8
LSR1580,S3624
LSR1580,CAL6EBR
LSR1580,GAX36
OFC76148015,GFAT1E
OFC76148015,SIMM230
OFC76148015,SGD2BR
OFC76148015,ATECH3FR300B
OFC76148015,SIMM220
OFC76148015,EECT400
OFC76148015,KRSC46HPBO
OFC76148015,ECHDD012A
OFC76148015,CTB8174
OFC76148015,PH3050BR
OFW1,SIMM290
OFW1,BF620C
OFW1,SGDTX50BR
OFW1,OFW4
OFW1,OFW3
OFW1,YA450B
OFW1,OFW2
OFW1,SIMM350
OFW1,BTG8
OFW1,FB361A
PBMMA5O,PBMMB5
PBMMA5O,PBMMS5R
PBMMA5O,PBMB5R
PBMMA5O,PBMMS5O
PBMMA5O,PBMMB5O
PBMMA5O,PBMMB5G
PBMMA5O,PBMA5G
PBMMA5O,PBMMS5
PBMMA5O,EECT400
PBMMA5O,KRSC46HPBO
PBMMS5G,PBMMB5R
PBMMS5G,PBMMB5
PBMMS5G,PBMMA5R
PBMMS5G,PBMMB5G
PBMMS5G,PBMMA5G
PBMMS5G,PBMMS5O
PBMMS5G,PBMMB5O
PBMMS5G,PBMMS5R
PBMMS5G,KRSC46HPBO
PBMMS5G,ECHDD012A
PKN8,SRPCR3800
PKN8,SGDX80BR
PKN8,SPBS704AR
PKN8,ATECH3FR300B
PKN8,SGDP31IRBR
PKN8,EECT400
PKN8,KRSC46HPBO
PKN8,ECHDD012A
PKN8,CTB8174
PKN8,PH3050BR
PPC1A,PPC715BK
PPC1A,PPC210BK
PPC1A,PPC4A
PPC1A,PPC203A
PPC1A,PPC205A
PPC1A,PPC206A
PPC1A,PPC820B
PPC1A,PPC816B
PPC1A,ECHDD012A
PPC1A,CTB8174
RBM1214C,FXK6
RBM1214C,96ACF
RBM1214C,SGDP42IRBR
RBM1214C,F80
RBM1214C,91ACP
RBM1214C,EECT400
RBM1214C,KRSC46HPBO
RBM1214C,ECHDD012A
RBM1214C,CTB8174
RBM1214C,PH3050BR
RBM78SC,OXIM707SBK
RBM78SC,SGASA104BR
RBM78SC,SG7ASABR
RBM78SC,RBM910C
RBM78SC,RBM1618C
RBM78SC,RBM1213C
RBM78SC,RBM1415C
RBM78SC,RBM1719C
RBM78SC,EECT400
RBM78SC,KRSC46HPBO
REX13C,TMU81B
REX13C,BDGPL410HG
REX13C,PWC52A
REX13C,SSR7
REX13C,AWCG1600B
REX13C,AWMBPH9
REX13C,SGDEL10ESD
REX13C,KRSC46HPBO
REX13C,ECHDD012A
REX13C,CTB8174
R1011C,R810C
R1011C,TM10G
R1011C,AVSNP01160
R1011C,R2426C
R1011C,R1618C
R1011C,R1012C
R1011C,R1214C
R1011C,R2022C
R1011C,EECT400
R1011C,KRSC46HPBO
AT4135,PK50A
AT4135,SEPPROCORE1A
AT4135,ACT1290A
AT4135,AT4124
AT4135,PPB826A
AT4135,AWM140DK
AT4135,SEPPROCORE2A
AT4135,BLPT1255
AT4135,OXIM7B
AT4135,PK52A
208FRDH,208FRDHM
208FRDH,FAML6E
208FRDH,HD6529
208FRDH,KAC1224TCA
208FRDH,TW481
208FRDH,KRSC46HPBO
208FRDH,ECHDD012A
208FRDH,CTB8174
208FRDH,PH3050BR
208FRDH,BB9008
RULER6,340SSDP
RULER6,ATKIFL
RULER6,ATKBFL
RULER6,XS2024A
RULER6,TB40C
RULER6,XS1416A
RULER6,XS1820A
RULER6,XS1012A
RULER6,XS2226A
RULER6,XS1618A
KRSC46HPDG,SIMM350
KRSC46HPDG,SIMM290
KRSC46HPDG,ECFLD030
KRSC46HPDG,PKNC150
KRSC46HPDG,UPTM65K
KRSC46HPDG,317AMMPC
KRSC46HPDG,305SIMMY
KRSC46HPDG,BOERM712
KRSC46HPDG,MG725A
KRSC46HPDG,309SIMYA
103TMXKLA,THLL72
103TMXKLA,208AFX
103TMXKLA,SX24
103TMXKLA,204FXKLA
103TMXKLA,303SXWKL
103TMXKLA,AWM140DK
103TMXKLA,ECHDD012A
103TMXKLA,CTB8174
103TMXKLA,PH3050BR
103TMXKLA,EEBC30A12V
SGDX80BO,9100GSM
SGDX80BO,ATKIFL
SGDX80BO,XS2226A
SGDX80BO,XS2024A
SGDX80BO,XS1416A
SGDX80BO,XS1820A
SGDX80BO,XS1618A
SGDX80BO,XS1012A
SGDX80BO,EECT400
SGDX80BO,KRSC46HPBO
FTXB50E,209EFTXBY
FTXB50E,BCS70A
FTXB50E,GF22
FTXB50E,FTXB55E
FTXB50E,FTXB45E
FTXB50E,FA12LE
FTXB50E,BHS7A
FTXB50E,FRX181
FTXB50E,CTB8174
FTXB50E,PH3050BR
CTR827GDB,SHD1R
CTR827GDB,PPC816B
CTR827GDB,SIMM240
CTR827GDB,T72
CTR827GDB,SPBS704AR
CTR827GDB,SGD6BR
CTR827GDB,TMXK4
CTR827GDB,SIMM160A
CTR827GDB,SGD8BR
CTR827GDB,47ACF
309SIMYA,SLX80A
309SIMYA,9000GS3O
309SIMYA,SIM160A
309SIMYA,311IMYA
309SIMYA,310IMMYA
309SIMYA,TTX40E
309SIMYA,IM140A
309SIMYA,KRSC46HPBO
309SIMYA,ECHDD012A
309SIMYA,CTB8174
TMU181A,TMU161A
TMU181A,TMU141A
TMU181A,TMU121A
TMU181A,TMU81B
TMU181A,TMU101A
TMU181A,EECT400
TMU181A,KRSC46HPBO
TMU181A,ECHDD012A
TMU181A,CTB8174
TMU181A,PH3050BR
SW281,SW321
SW281,SW301
SW281,SW221
SW281,SW361
SW281,S321
SW281,EECT400
SW281,KRSC46HPBO
SW281,ECHDD012A
SW281,CTB8174
SW281,PH3050BR
2420A,SWM281
2420A,SWM301
2420A,OFW4
2420A,1412A
2420A,AW1020DK
2420A,AWM140DK
2420A,CSA14CR
2420A,SWM291
2420A,KRSC46HPBO
2420A,ECHDD012A
20SSD,120SSDP
20SSD,VO2224B
20SSD,TM65
20SSD,VO1416B
20SSD,VO2628B
20SSD,KRSC46HPBO
20SSD,ECHDD012A
20SSD,CTB8174
20SSD,TB40C
20SSD,PH3050BR
THLF72O,THLLF72
THLF72O,SH80A
THLF72O,FHLLF80
THLF72O,FHLF80A
THLF72O,SHLF80A
THLF72O,THLL72
THLF72O,SHX80B
THLF72O,103TMXKLA
THLF72O,CTB8174
THLF72O,PH3050BR
FTXB45E,209EFTXBY
FTXB45E,BCS70A
FTXB45E,GF22
FTXB45E,FTXB55E
FTXB45E,FTXB50E
FTXB45E,FA12LE
FTXB45E,BHS7A
FTXB45E,FRX181
FTXB45E,CTB8174
FTXB45E,PH3050BR
PT850,IM1PT
PT850,PT338
PT850,MG325
PT850,PTR72
PT850,PTR2500
PT850,ACT1370
PT850,PKNC125C2
PT850,PTGR450
PT850,QD3RN350A
PT850,PGP50
TMM5,STMM5
TMM5,TMM5.5
TMM5,TMM13
TMM5,TMM9
TMM5,TMM15
TMM5,TMM6
TMM5,ECHDD012A
TMM5,CTB8174
TMM5,PH3050BR
TMM5,ACT83A
GLOVE1100XX,XS1012A
GLOVE1100XX,XS2226A
GLOVE1100XX,XS1618A
GLOVE1100XX,GLOVEORIGPLUSL
GLOVE1100XX,GLOVE300BL
GLOVE1100XX,GLOVE505RL
GLOVE1100XX,SOSG01BKCL01
GLOVE1100XX,GLOVE309L
GLOVE1100XX,XS1214A
GLOVE1100XX,ATKIFL
S9704KFUA,S9706KRA
S9704KFUA,PK23A
S9704KFUA,PRH57A
S9704KFUA,FADH12C
S9704KFUA,BHS7A
S9704KFUA,FB360C
S9704KFUA,TPM16
S9704KFUA,KRA2007FPBO
S9704KFUA,OC5A
S9704KFUA,FB303B
TMMD7,TMMD8
TMMD7,111TMMDY
TMMD7,TMMD5.5
TMMD7,TMMD11
TMMD7,TMMD6
TMMD7,TMMD9
TMMD7,TMMD12
TMMD7,ECHDD012A
TMMD7,CTB8174
TMMD7,PH3050BR
TMMDS6,TMMDS9
TMMDS6,TMMDS15
TMMDS6,TMMDS13
TMMDS6,TMMDS5
TMMDS6,TMMDS5.5
TMMDS6,TMMDS7
TMMDS6,TMMDS11
TMMDS6,TMMDS12
TMMDS6,EECT400
TMMDS6,KRSC46HPBO
SIMM230,SIMM180
SIMM230,SIMM170
SIMM230,SIMM190
SIMM230,SIMM240
SIMM230,SIMM200
SIMM230,SIMM160A
SIMM230,SIMM110A
SIMM230,EECT400
SIMM230,KRSC46HPBO
SIMM230,ECHDD012A
PPC905B,ATKIFL
PPC905B,XS1618A
PPC905B,XS1214A
PPC905B,XS2024A
PPC905B,XS1416A
PPC905B,XS1820A
PPC905B,XS1012A
PPC905B,XS2226A
PPC905B,EECT400
PPC905B,KRSC46HPBO
SODC1,AWSGT7A
SODC1,AT475A
SODC1,PSO4625
SODC1,YAKS42
SODC1,KAERNADD6RD
SODC1,SGTT4B
SODC1,SHCP1B
SODC1,LN47ACF
SODC1,SRPCR4700
SODC1,SRPCR3800
VO3032B,VO2628B
VO3032B,VO1012B
VO3032B,VO1416B
VO3032B,VO1820B
VO3032B,VO2224B
VO3032B,EECT400
VO3032B,KRSC46HPBO
VO3032B,ECHDD012A
VO3032B,CTB8174
VO3032B,PH3050BR
PKNC150,SOEX36
PKNC150,SOEX40
PKNC150,SOEX707
PKNC150,PKN90
PKNC150,414AHD
PKNC150,SOEX38
PKNC150,EECT400
PKNC150,KRSC46HPBO
PKNC150,ECHDD012A
PKNC150,CTB8174
IMM100A,IMM170A
IMM100A,315IMMYA
IMM100A,310IMMYA
IMM100A,IMM110A
IMM100A,IMM120A
IMM100A,IMM130A
IMM100A,IMM140A
IMM100A,KRSC46HPBO
IMM100A,ECHDD012A
IMM100A,CTB8174
OEXM230B,OEXM300B
OEXM230B,OEXM320B
OEXM230B,OEXM270B
OEXM230B,OEXM240B
OEXM230B,OEXM250B
OEXM230B,OEXM260B
OEXM230B,OEXM290B
OEXM230B,CTB8174
OEXM230B,PH3050BR
OEXM230B,FB303B
OC5A,LIL59000
OC5A,GA265A
OC5A,BTK7A
OC5A,RXS605B
OC5A,AWM110DK
OC5A,2005BSKA
OC5A,CSA12CR
OC5A,BP40B
OC5A,GA460B
OC5A,AW1013DK
313SIMA,311IMYA
313SIMA,SOEX40
313SIMA,320SIM
313SIMA,IM220
313SIMA,IM120A
313SIMA,IM320
313SIMA,KRSC46HPBO
313SIMA,ECHDD012A
313SIMA,CTB8174
313SIMA,PH3050BR
SGDE70ESD,SRPCR4700
SGDE70ESD,TMXK4
SGDE70ESD,ATECH2FR125B
SGDE70ESD,FXK3
SGDE70ESD,SGASA204CR
SGDE70ESD,EECT400
SGDE70ESD,KRSC46HPBO
SGDE70ESD,ECHDD012A
SGDE70ESD,CTB8174
SGDE70ESD,PH3050BR
AWSGTRP25A,SIMM200
AWSGTRP25A,SGD2BR
AWSGTRP25A,91ACP
AWSGTRP25A,SIMM180
AWSGTRP25A,TMXK2
AWSGTRP25A,EECT400
AWSGTRP25A,KRSC46HPBO
AWSGTRP25A,ECHDD012A
AWSGTRP25A,CTB8174
AWSGTRP25A,PH3050BR
IM220,IM280
IM220,IM260
IM220,IM200
IM220,IM120A
IM220,IM140A
IM220,IM160A
IM220,IM320
IM220,IM180A
IM220,KRSC46HPBO
IM220,ECHDD012A
CT825DB,CTB185
CT825DB,106TMUSMA
CT825DB,IMFLE80A
CT825DB,CTRS761ADB
CT825DB,CTCO861K2
CT825DB,112SIMTMM
CT825DB,CTR867AK2
CT825DB,CTQ838DB
CT825DB,MAGTRAY
CT825DB,106IPTMMA
AWBSG16A,ATECH2FR125B
AWBSG16A,SGD4BR
AWBSG16A,SGD2BR
AWBSG16A,PL400B
AWBSG16A,BLPTHC87
AWBSG16A,EECT400
AWBSG16A,KRSC46HPBO
AWBSG16A,ECHDD012A
AWBSG16A,CTB8174
AWBSG16A,PH3050BR
AWCG1608B,BLPTHC87
AWCG1608B,FHLF80A
AWCG1608B,TMXK4
AWCG1608B,T72
AWCG1608B,ATECH3FR300B
AWCG1608B,EECT400
AWCG1608B,KRSC46HPBO
AWCG1608B,ECHDD012A
AWCG1608B,CTB8174
AWCG1608B,PH3050BR
SDMT25D,SDM252C
SDMT25D,TMC109A
SDMT25D,AWEF9K
SDMT25D,SDMT20D
SDMT25D,SDMT10D
SDMT25D,SDM251C
SDMT25D,ECHDD012A
SDMT25D,CTB8174
SDMT25D,PH3050BR
SDMT25D,KRSC323PBO
STMD12,STMD10
STMD12,STMD16
STMD12,STMD7
STMD12,STMD14
STMD12,STMD9
STMD12,STMD6
STMD12,KRSC46HPBO
STMD12,ECHDD012A
STMD12,CTB8174
STMD12,PH3050BR
KRSC430APDC7,ST50A
KRSC430APDC7,KAERNADD6RD
KRSC430APDC7,LP10WR
KRSC430APDC7,SEPPREMETA
KRSC430APDC7,YA2019
KRSC430APDC7,PK23A
KRSC430APDC7,317AMMPC
KRSC430APDC7,UIM225
KRSC430APDC7,117TMM
KRSC430APDC7,RADKITULTRA
KRSC430APOT7,ST50A
KRSC430APOT7,KAERNADD6RD
KRSC430APOT7,LP10WR
KRSC430APOT7,SEPPREMETA
KRSC430APOT7,YA2019
KRSC430APOT7,PK23A
KRSC430APOT7,317AMMPC
KRSC430APOT7,UIM225
KRSC430APOT7,117TMM
KRSC430APOT7,RADKITULTRA
207FHRM,SGA1711BR
207FHRM,SGA1712BR
207FHRM,SGA174BR
207FHRM,208EFTABMY
207FHRM,206EFABLM
207FHRM,RAF80A
207FHRM,FABLM5E
207FHRM,SGRHT6BR
207FHRM,EECT400
207FHRM,KRSC46HPBO
KRA4059FPCM,F4LBK
KRA4059FPCM,JT13B
KRA4059FPCM,PL803A
KRA4059FPCM,206AFSP
KRA4059FPCM,107ATMPB
KRA4059FPCM,ST50A
KRA4059FPCM,VO806B
KRA4059FPCM,AW1015DHK
KRA4059FPCM,MTTL300
KRA4059FPCM,RULER600
KRA2007FPBO,TFM7530B
KRA2007FPBO,PK53A
KRA2007FPBO,BLPH386
KRA2007FPBO,SEPPREATV
KRA2007FPBO,9100AGMO
KRA2007FPBO,TPM16
KRA2007FPBO,AWM110DHK
KRA2007FPBO,AC5C
KRA2007FPBO,BLPH389
KRA2007FPBO,BLPH124
AWXL13-7/32,SGDP42IRBR
AWXL13-7/32,SGASA204CR
AWXL13-7/32,TMU8B
AWXL13-7/32,SIMM170
AWXL13-7/32,FHLF80A
AWXL13-7/32,EECT400
AWXL13-7/32,KRSC46HPBO
AWXL13-7/32,ECHDD012A
AWXL13-7/32,CTB8174
AWXL13-7/32,PH3050BR
106ATMXWP,SEPAMTSETA
106ATMXWP,214SFY
106ATMXWP,PPB30AK
106ATMXWP,206AFXW
106ATMXWP,305SXWP
106ATMXWP,BTWSMPK
106ATMXWP,110ETMAY
106ATMXWP,XO605
106ATMXWP,KRSC46HPBO
106ATMXWP,ECHDD012A
BRUTUS3R300,QD2R1000A
BRUTUS3R300,QD2FR75B
BRUTUS3R300,QD1R200A
BRUTUS3R300,QD1R50A
BRUTUS3R300,QD2R100A
BRUTUS3R300,CTB8174
BRUTUS3R300,PH3050BR
BRUTUS3R300,MTEE6
BRUTUS3R300,CTNN13KF
BRUTUS3R300,VWB8B
AWMXL10,HBPT24
AWMXL10,PKN500
AWMXL10,BTWSMPK
AWMXL10,AWXL13
AWMXL10,AWTR8
AWMXL10,AWTXL8
AWMXL10,PKN90
AWMXL10,CTB8174
AWMXL10,PH3050BR
AWMXL10,JT13B
BOERM14,BOERM14
BOERM14,BOERM8
BOERM14,SIM260
BOERM14,BOERM17
BOERM14,BOERM12
BOERM14,BOERM19
BOERM14,BOERM10
BOERM14,SIM200
BOERM14,EECT400
BOERM14,KRSC46HPBO
BP16B,PT5C
BP16B,AWM110DK
BP16B,9100GSM
BP16B,340SSDP
BP16B,AWM110DHK
BP16B,AC5C
BP16B,FB360C
BP16B,KRA2007FPBO
BP16B,TPM16
BP16B,TPM16EM
BPPC1878,SR40K
BPPC1878,IPL18C
BPPC1878,IPL28C
BPPC1878,1512B
BPPC1878,307IPLY
BPPC1878,PW18C
BPPC1878,IPL22C
BPPC1878,MG325
BPPC1878,TPMB25EM
BPPC1878,JCW62R
TL72FOD,FL80
TL72FOD,TL72
TL72FOD,BLPEXTF146
TL72FOD,F80FOD
TL72FOD,S80AFOD
TL72FOD,T72FOD
TL72FOD,GMB3041
TL72FOD,EECT400
TL72FOD,KRSC46HPBO
TL72FOD,ECHDD012A
UIM2RSLT,UPT2FL
UIM2RSLT,UPT65
UIM2RSLT,PSN500
UIM2RSLT,UIM2LT
UIM2RSLT,GA265A
UIM2RSLT,UPTLP2
UIM2RSLT,FB305A
UIM2RSLT,PH3050BR
UIM2RSLT,FB316B
UIM2RSLT,DBBPT13
VGP104,VGP12509
VGP104,LSR1250
VGP104,GA296B
VGP104,YA427B
VGP104,BT11
VGP104,B1356E
VGP104,IMX32B
VGP104,JCK8
VGP104,PGP50
VGP104,FB361A
AYESCRD,BF775C-A
AYESCRD,JT17A
AYESCRD,A159
AYESCRD,BLP18HVLP
AYESCRD,BLP13HVLP
AYESCRD,BF555
AYESCRD,PSO4625
AYESCRD,AT109
AYESCRD,UTS105A
AYESCRD,PBN500
B240B,UPT2FL
B240B,SHLX80A
B240B,SOXRRM710A
B240B,S6112
B240B,TR107A
B240B,B3404B
B240B,B1356E
B240B,SHCP1B
B240B,KRSC46HPBO
B240B,ECHDD012A
BLPTL1420,BLPTL1425
BLPTL1420,BLPTL1430
BLPTL1420,BLPTL3850
BLPTL1420,BLPTL1415
BLPTL1420,BLPTL1427
BLPTL1420,BLPTL1410
BLPTL1420,BLPTL146
BLPTL1420,EECT400
BLPTL1420,KRSC46HPBO
BLPTL1420,ECHDD012A
BF620C,AW1013DK
BF620C,GA98A
BF620C,DS809K
BF620C,210AFLEY
BF620C,TPMB25EM
BF620C,YA450B
BF620C,10R
BF620C,MTTL300
BF620C,ACT83A
BF620C,ECFB200BL
BLPH387,BLPH386
BLPH387,BLPH3838
BLPH387,BLPH3810
BLPH387,BLPH389
BLPH387,BLPH38732
BLPH387,BLPH388
BLPH387,BLPH38516
BLPH387,EECT400
BLPH387,KRSC46HPBO
BLPH387,ECHDD012A
BLPHS14316,SIMM200
BLPHS14316,SGASA204CR
BLPHS14316,SRPCR3800
BLPHS14316,SIMM160A
BLPHS14316,A2A
BLPHS14316,EECT400
BLPHS14316,KRSC46HPBO
BLPHS14316,ECHDD012A
BLPHS14316,CTB8174
BLPHS14316,PH3050BR
L872RM,L872RJ
L872RM,L8112A
L872RM,L62
L872RM,L122
L872RM,425IMM
L872RM,KRSC46HPBO
L872RM,ECHDD012A
L872RM,CTB8174
L872RM,PH3050BR
L872RM,MG1250
LDT3730,THLX72
LDT3730,SGRHT6BR
LDT3730,SGA1711BR
LDT3730,LDT8
LDT3730,ASGP102BR
LDT3730,ASGP1BR
LDT3730,ASGP2BR
LDT3730,SHLL80A
LDT3730,FB336
LDT3730,EEPV500
GA265A,TM62B
GA265A,ATKIFL
GA265A,XS1618A
GA265A,XS2024A
GA265A,XS1416A
GA265A,XS1820A
GA265A,XS1012A
GA265A,EECT400
GA265A,KRSC46HPBO
GA265A,ECHDD012A
GLOVEORIGPLUSXL,91ACP
GLOVEORIGPLUSXL,ATECH3FR300B
GLOVEORIGPLUSXL,T72
GLOVEORIGPLUSXL,FXK6
GLOVEORIGPLUSXL,SIMM190
GLOVEORIGPLUSXL,SIMM210
GLOVEORIGPLUSXL,TMXK4
GLOVEORIGPLUSXL,SIMM240
GLOVEORIGPLUSXL,ATECH2FR125B
GLOVEORIGPLUSXL,SGASA204CR
HCP48BCF,SHP2KT
HCP48BCF,SGA175BR
HCP48BCF,SGAS102BG
HCP48BCF,HCP10
HCP48BCF,PHP1A
HCP48BCF,PH3050BR
HCP48BCF,EEBC30A12V
HCP48BCF,SVTS264
HCP48BCF,MAGTRAY
HCP48BCF,CLRPW75
SEPPRECOMBA,SOEX707
SEPPRECOMBA,317MSPC
SEPPRECOMBA,114ATMP
SEPPRECOMBA,AWBCG1608
SEPPRECOMBA,AWBCG1612
SEPPRECOMBA,KRA4107FPBO
SEPPRECOMBA,KRA4813FPBO
SEPPRECOMBA,F12LB
SEPPRECOMBA,206AFXW
SEPPRECOMBA,T72
SEPPROK12PCA,SPBS8AR
SEPPROK12PCA,SGDP42IRBR
SEPPROK12PCA,SIMM240
SEPPROK12PCA,SGD2BR
SEPPROK12PCA,TMXK2
SEPPROK12PCA,EECT400
SEPPROK12PCA,KRSC46HPBO
SEPPROK12PCA,ECHDD012A
SEPPROK12PCA,CTB8174
SEPPROK12PCA,PH3050BR
SEPPROK12POTA,TMXK2
SEPPROK12POTA,SIMM170
SEPPROK12POTA,SGD4BR
SEPPROK12POTA,SPBS704AR
SEPPROK12POTA,FXK6
SEPPROK12POTA,EECT400
SEPPROK12POTA,KRSC46HPBO
SEPPROK12POTA,ECHDD012A
SEPPROK12POTA,CTB8174
SEPPROK12POTA,PH3050BR
SEPPROK1PWZA,TMXK60
SEPPROK1PWZA,SPBS8AR
SEPPROK1PWZA,SHD1R
SEPPROK1PWZA,SIMM150A
SEPPROK1PWZA,47ACF
SEPPROK1PWZA,EECT400
SEPPROK1PWZA,KRSC46HPBO
SEPPROK1PWZA,ECHDD012A
SEPPROK1PWZA,CTB8174
SEPPROK1PWZA,PH3050BR
SGAS102BG,SGA102BR
SGAS102BG,SGA1713B
SGAS102BG,CSSD1R
SGAS102BG,PTM2
SGAS102BG,HCP48BCF
SGAS102BG,PBMMA5G
SGAS102BG,PBMMB5G
SGAS102BG,CTB8174
SGAS102BG,PH3050BR
SGAS102BG,TA32A
TB30C,SIMM230
TB30C,SIMM200
TB30C,SIMM160A
TB30C,SPBS704AR
TB30C,SGD6BR
TB30C,SIMM180
TB30C,TMXK2
TB30C,TMXK4
TB30C,SGD8BR
TB30C,PL400B
TDM117B,RBM1719C
TDM117B,TWM17
TDM117B,TWM18
TDM117B,EXDL10A
TDM117B,PHP1A
TDM117B,SVTS272A
TDM117B,RTD48
TDM117B,BLPTHC87
TDM117B,SPBS704AR
TDM117B,KRSC46HPBO
LSR2500PLUS,IMX32B
LSR2500PLUS,IPF800B
LSR2500PLUS,304IMX
LSR2500PLUS,LSR1150
LSR2500PLUS,LSR2000
LSR2500PLUS,LSR1250
LSR2500PLUS,LSR1000EXT
LSR2500PLUS,FS181
LSR2500PLUS,EECT400
LSR2500PLUS,KRSC46HPBO
PHT5,AOGMHC
PHT5,AYESCRD
PHT5,SGDE215ESD
PHT5,SGDE220ESD
PHT5,PKN9
PHT5,SGDEP200ESD
PHT5,SGDE230ESD
PHT5,SGDEP20ESD
PHT5,CTB8174
PHT5,PH3050BR
PBMB5O,PBMB5R
PBMB5O,PBMMB5G
PBMB5O,PBMMB5R
PBMB5O,PBMS5R
PBMB5O,PBMA5O
PBMB5O,PBMMB5O
PBMB5O,PBMMS5O
PBMB5O,EECT400
PBMB5O,KRSC46HPBO
PBMB5O,ECHDD012A
PKB53A,TMMD6
PKB53A,TMMD9
PKB53A,TMMD12
PKB53A,HBBT16
PKB53A,UPT2FL
PKB53A,TMMD8
PKB53A,TMMD11
PKB53A,111TMMDY
PKB53A,EECT400
PKB53A,KRSC46HPBO
PT28E,GA296B
PT28E,218AFP
PT28E,RULER601
PT28E,BTC7B
PT28E,SS5A
PT28E,ACT83A
PT28E,AWM140DK
PT28E,AWL1010DK
PT28E,MTTL300
PT28E,RTEMPB7
RBM810C,47ACF
RBM810C,RBM1415C
RBM810C,RBM1213C
RBM810C,RBM1719C
RBM810C,FHLLF80
RBM810C,PL400B
RBM810C,96ACF
RBM810C,91ACP
RBM810C,EECT400
RBM810C,KRSC46HPBO
KACKFLTCLNR,SPBS18AR
KACKFLTCLNR,MAGMINI
KACKFLTCLNR,KACKFLTCLNR
KACKFLTCLNR,KACKMCFIBER1
KACKFLTCLNR,CLRPW75
KACKFLTCLNR,RULER6
KACKFLTCLNR,MAGMAT
KACKFLTCLNR,MAGDISH
KACKFLTCLNR,SOXRRM710A
KACKFLTCLNR,SPBS12AR
KWSP2455AST,KRA2422PBO
KWSP2455AST,IPL24C
KWSP2455AST,IPL36C
KWSP2455AST,KCP1422PBO
KWSP2455AST,KCP2422PBO
KWSP2455AST,AT4124
KWSP2455AST,PW18C
KWSP2455AST,AT4135
KWSP2455AST,IPL22C
KWSP2455AST,IPL20C
US712,KRA2055FPBO
US712,222AFSMP
US712,AWM140DK
US712,FB360C
US712,ITHE100
US712,MTTL300
US712,210AFLEY
US712,B1356E
US712,PT5C
US712,RULER6
UTV615A,BP24B
UTV615A,T72FOD
UTV615A,110STMY
UTV615A,UTV614A
UTV615A,14V
UTV615A,BF775C-A
UTV615A,PK500A
UTV615A,AT118
UTV615A,UTV616A
UTV615A,CTB8174
VSC4KT-2,SGDP31IRBR
VSC4KT-2,FHLF80A
VSC4KT-2,SIMM180
VSC4KT-2,PL400B
VSC4KT-2,PWCS7ACF
VSC4KT-2,EECT400
VSC4KT-2,KRSC46HPBO
VSC4KT-2,ECHDD012A
VSC4KT-2,CTB8174
VSC4KT-2,PH3050BR
XDSG606K1G,ATECH2FR125B
XDSG606K1G,SIMM230
XDSG606K1G,SPBS8AR
XDSG606K1G,XDSGM607K1O
XDSG606K1G,XDSGM607K1G
XDSG606K1G,XDSGM607K1
XDSG606K1G,EECT400
XDSG606K1G,KRSC46HPBO
XDSG606K1G,ECHDD012A
XDSG606K1G,CTB8174
YA2850A,FAML6E
YA2850A,SA16E
YA2850A,SAM19E
YA2850A,FRX181
YA2850A,FA12LE
YA2850A,GF22
YA2850A,CTB8174
YA2850A,PH3050BR
YA2850A,TPM16EM
YA2850A,A277
SAG03S12,106BTMX
SAG03S12,HBFE103
SAG03S12,PT850
SAG03S12,PTC250
SAG03S12,PTGR100
SAG03S12,PHG1055BK
SAG03S12,FL80
SAG03S12,TTX8E
SAG03S12,206AFX
SAG03S12,TTX10E
VSM807B,VS807B
VSM807B,IPL28C
VSM807B,VS814A
VSM807B,IPL34C
VSM807B,XOM605
VSM807B,ECHDD012A
VSM807B,CTB8174
VSM807B,PH3050BR
VSM807B,ACT51234A
VSM807B,ACT413A
SOEX28,PKNC150
SOEX28,SOEX32
SOEX28,414AHD
SOEX28,SOEX26
SOEX28,SOEX36
SOEX28,SOEX30
SOEX28,SOEX38
SOEX28,EECT400
SOEX28,KRSC46HPBO
SOEX28,ECHDD012A
XS810A,XS67A
XS810A,XS1214A
XS810A,VO1416B
XS810A,VO1012B
XS810A,XS1618A
XS810A,EECT400
XS810A,KRSC46HPBO
XS810A,ECHDD012A
XS810A,CTB8174
XS810A,PH3050BR
KRSC2460PBO7,GFAT1E
KRSC2460PBO7,FXK3
KRSC2460PBO7,SOEXM710
KRSC2460PBO7,LP404
KRSC2460PBO7,SPBS704AR
KRSC2460PBO7,PL400B
KRSC2460PBO7,SPBS8AR
KRSC2460PBO7,SPBS12AR
KRSC2460PBO7,SPBS18AR
KRSC2460PBO7,47ACF
KRSC2460PCM1,SOEXM710
KRSC2460PCM1,SRPCR4700
KRSC2460PCM1,SIMM230
KRSC2460PCM1,LP404
KRSC2460PCM1,SPBS704AR
KRSC2460PCM1,PL400B
KRSC2460PCM1,SPBS8AR
KRSC2460PCM1,SPBS12AR
KRSC2460PCM1,SPBS18AR
KRSC2460PCM1,47ACF
KRSC2460PCM7,91ACP
KRSC2460PCM7,96ACF
KRSC2460PCM7,TMU8B
KRSC2460PCM7,LP404
KRSC2460PCM7,SPBS704AR
KRSC2460PCM7,PL400B
KRSC2460PCM7,SPBS8AR
KRSC2460PCM7,SPBS12AR
KRSC2460PCM7,SPBS18AR
KRSC2460PCM7,47ACF
PHG1055BK,PTC250
PHG1055BK,IPL38C
PHG1055BK,MG1250
PHG1055BK,PH3050BR
PHG1055BK,AT2050
PHG1055BK,PH1050
PHG1055BK,PH1038
PHG1055BK,IPL32C
PHG1055BK,VWB8B
PHG1055BK,312IPL
TMXK110,FXK8
TMXK110,FXK4
TMXK110,106BTMX
TMXK110,TMXK2
TMXK110,TMX1
TMXK110,TMXK4
TMXK110,KRSC46HPBO
TMXK110,ECHDD012A
TMXK110,CTB8174
TMXK110,PH3050BR
206SPKPLGMAG,S9704KR
206SPKPLGMAG,S9706KRA
206SPKPLGMAG,PPC103A
206SPKPLGMAG,XDLRM705K2A
206SPKPLGMAG,XFRRM705
206SPKPLGMAG,S3624
206SPKPLGMAG,LSR1000EXT
206SPKPLGMAG,RXFMS606B
206SPKPLGMAG,KRSC46HPBO
206SPKPLGMAG,ECHDD012A
207EFAMY,212EFTXY
207EFAMY,SEPPREMETA
207EFAMY,SEPPREATV
207EFAMY,SOEX707
207EFAMY,PK23A
207EFAMY,TFM7530B
207EFAMY,TWM32
207EFAMY,EECT400
207EFAMY,KRSC46HPBO
207EFAMY,ECHDD012A
PPN4050,SG4ASABR
PPN4050,PBN500
PPN4050,SSFP2
PPN4050,PPK15
PPN4050,612AEP
PPN4050,SSF1
PPN4050,KRSC46HPBO
PPN4050,ECHDD012A
PPN4050,CTB8174
PPN4050,PH3050BR
MRB12B,AT4101
MRB12B,THLX72
MRB12B,ECHDD012A
MRB12B,MRB10B
MRB12B,MRB15B
MRB12B,MRB5B
MRB12B,JCW80AR
MRB12B,PLRK21
MRB12B,EECT424HD
MRB12B,HSPD16
PTGR450,PPC204A
PTGR450,PTGR100
PTGR450,PTC250
PTGR450,PT450-WH
PTGR450,BHS7A
PTGR450,PDR5000A
PTGR450,EFPHANNIBALB
PTGR450,DB129C
PTGR450,222AFSP
PTGR450,425IMM
SIM400,SIM320
SIM400,IM320
SIM400,IM240
SIM400,SIM360
SIM400,SIM340
SIM400,SIM380
SIM400,KRSC46HPBO
SIM400,ECHDD012A
SIM400,CTB8174
SIM400,PH3050BR
MPBS1140AO,233FSMBFR
MPBS1140AO,LN47ACF
MPBS1140AO,FXK3
MPBS1140AO,FSS141
MPBS1140AO,FSS121
MPBS1140AO,FSS181
MPBS1140AO,FSS161
MPBS1140AO,SGDMRC44B
MPBS1140AO,EECT400
MPBS1140AO,KRSC46HPBO
KASS13,LP404
KASS13,SHDP31IRR
KASS13,HBBD32
KASS13,MAGDISH
KASS13,MAGMAT
KASS13,JCW80AR
KASS13,PT40B
KASS13,HCP48BCF
KASS13,ECHDF042
KASS13,JCK8
SXK3,SXK5
SXK3,SXK11
SXK3,305ASX
SXK3,SWM111A
SXK3,SX2
SXK3,SWM101A
SXK3,CTB8174
SXK3,FB303B
SXK3,PH3050BR
SXK3,EFPHANNIBALB
SDM251C,AWP120
SDM251C,110STMY
SDM251C,SDDDM1AR
SDM251C,SDM252C
SDM251C,SDMT25D
SDM251C,SDMT20D
SDM251C,SDMT10D
SDM251C,SSDMR4BR
SDM251C,EECT400
SDM251C,KRSC46HPBO
TPGDL2000ORG,TDG2
TPGDL2000ORG,LSR1000EXT
TPGDL2000ORG,208EFTAMXSY
TPGDL2000ORG,LSRM2000
TPGDL2000ORG,QD3RN350A
TPGDL2000ORG,SEPIMMSIMMA
TPGDL2000ORG,PKRS1
TPGDL2000ORG,LSR1450
TPGDL2000ORG,LSR1580
TPGDL2000ORG,BTG8
SN18B,AWM140DK
SN18B,ATKIFL
SN18B,317MPC
SN18B,XS2024A
SN18B,XS1416A
SN18B,XS1820A
SN18B,XS1012A
SN18B,EECT400
SN18B,KRSC46HPBO
SN18B,ECHDD012A
AWSGT7A,AWSGT8A
AWSGT7A,AWSGT6A
AWSGT7A,PL400B
AWSGT7A,91ACP
AWSGT7A,SGDP31IRBR
AWSGT7A,EECT400
AWSGT7A,KRSC46HPBO
AWSGT7A,ECHDD012A
AWSGT7A,CTB8174
AWSGT7A,PH3050BR
SVTS272A,EEPV509
SVTS272A,QD3RN350A
SVTS272A,SHCP1B
SVTS272A,SVTSRAD272U
SVTS272A,SVTA9100
SVTS272A,EEPV500
SVTS272A,RADKITULTRA
SVTS272A,CJ2001P
SVTS272A,LDT8
SVTS272A,BOERM18
131TMPB,STARTERSET5
131TMPB,TESLASTUKIT
131TMPB,GMB3041
131TMPB,TMM16
131TMPB,BOERM22
131TMPB,BOERM21
131TMPB,PPCL60BK
131TMPB,KRA2407PBO
131TMPB,PH3050BR
131TMPB,ITHE100
AWML8D,PPC4A
AWML8D,SGD6BR
AWML8D,ATECH2FR125B
AWML8D,SIMM160A
AWML8D,SGD2BR
AWML8D,EECT400
AWML8D,KRSC46HPBO
AWML8D,ECHDD012A
AWML8D,CTB8174
AWML8D,PH3050BR
GLOVE600MG,GLOVE309L
GLOVE600MG,GLOVE300BL
GLOVE600MG,GLOVE1100L
GLOVE600MG,SOSG01BKCL01
GLOVE600MG,GLASS90BYEAR
GLOVE600MG,HSPD16
GLOVE600MG,SFSM21
GLOVE600MG,OXIM6B
GLOVE600MG,AWMBPH9
GLOVE600MG,AWBPH13
AT475A,HBBD32
AT475A,SOXRRM710A
AT475A,SGDP42IRBR
AT475A,AT408
AT475A,PSO4625
AT475A,SOEX707
AT475A,PTC250
AT475A,BLPTORX1410
AT475A,PBN500
AT475A,PH3050BR
AWTR8-6,FXK6
AWTR8-6,TMXK4
AWTR8-6,SPBS704AR
AWTR8-6,SGD6BR
AWTR8-6,PL400B
AWTR8-6,EECT400
AWTR8-6,KRSC46HPBO
AWTR8-6,ECHDD012A
AWTR8-6,CTB8174
AWTR8-6,PH3050BR
106TMUA,206AFSA
106TMUA,110STMDY
106TMUA,AWL1010DK
106TMUA,VS807B
106TMUA,BTWSMPK
106TMUA,ECHDD012A
106TMUA,CTB8174
106TMUA,PH3050BR
106TMUA,RULER602
106TMUA,PG160
STX55E,PL400B
STX55E,47ACF
STX55E,BLPTHC87
STX55E,STX60E
STX55E,STX70E
STX55E,FTX50E
STX55E,FTX45E
STX55E,FTX40E
STX55E,EECT400
STX55E,KRSC46HPBO
SOEX707,SOEX36
SOEX707,414AHD
SOEX707,PKNC150
SOEX707,317MSPC
SOEX707,114ATMP
SOEX707,EECT400
SOEX707,KRSC46HPBO
SOEX707,ECHDD012A
SOEX707,CTB8174
SOEX707,PH3050BR
FH80MP,FKF80A
FH80MP,PWZ3A
FH80MP,FHBB12A
FH80MP,FHOF80A
FH80MP,FZ80
FH80MP,THNF72
FH80MP,THRLX72
FH80MP,FHBF80A
FH80MP,PH3050BR
FH80MP,EECS150
FM13,FM17
FM13,FM19
FM13,FM11
FM13,FM14
FM13,FM12
FM13,EECT400
FM13,KRSC46HPBO
FM13,ECHDD012A
FM13,CTB8174
FM13,PH3050BR
AWEF6K,SWM111A
AWEF6K,SWM101A
AWEF6K,SWM201
AWEF6K,SWM261
AWEF6K,AWMEF8K
AWEF6K,SWM251
AWEF6K,SWM271
AWEF6K,KRSC46HPBO
AWEF6K,ECHDD012A
AWEF6K,CTB8174
CDR4P11L3K2,SIMM240
CDR4P11L3K2,ATECH3FR300B
CDR4P11L3K2,SGDP42IRBR
CDR4P11L3K2,SIMM150A
CDR4P11L3K2,PPC103A
CDR4P11L3K2,SGDP31IRBR
CDR4P11L3K2,ATECH2FR125B
CDR4P11L3K2,A2A
CDR4P11L3K2,SIMM190
CDR4P11L3K2,96ACF
GLASS50BK,GLOVE300BL
GLASS50BK,EARPLUGBAND
GLASS50BK,SOSG01BKCL01
GLASS50BK,GLOVE1100L
GLASS50BK,GLOVE900LR
GLASS50BK,212EFTAY
GLASS50BK,340SSDP
GLASS50BK,PTIM5
GLASS50BK,10SSD
GLASS50BK,PK52A
AWML3D,SIMM150A
AWML3D,SGASA204CR
AWML3D,A2A
AWML3D,SGD8BR
AWML3D,91ACP
AWML3D,EECT400
AWML3D,KRSC46HPBO
AWML3D,ECHDD012A
AWML3D,CTB8174
AWML3D,PH3050BR
SGD2BO,SGD4BR
SGD2BO,SGDP64IRBR
SGD2BO,SGDX80BR
SGD2BO,SGDP31IRBR
SGD2BO,SGDP42IRBR
SGD2BO,SGD6BR
SGD2BO,SGD8BR
SGD2BO,PH3050BR
SGD2BO,GA296B
SGD2BO,MTTL300
KRA2406BPBO,313TWYA
KRA2406BPBO,TW121A
KRA2406BPBO,TW201
KRA2406BPBO,TW221
KRA2406BPBO,TW161A
KRA2406BPBO,TW261
KRA2406BPBO,TW181A
KRA2406BPBO,TW361
KRA2406BPBO,TW321
KRA2406BPBO,TW141A
KRA2406BPC,313TWYA
KRA2406BPC,TW121A
KRA2406BPC,TW201
KRA2406BPC,TW221
KRA2406BPC,TW161A
KRA2406BPC,TW261
KRA2406BPC,TW181A
KRA2406BPC,TW361
KRA2406BPC,TW321
KRA2406BPC,TW141A
AWMXL10-2.5,SGD2BR
AWMXL10-2.5,PPC4A
AWMXL10-2.5,FU8A
AWMXL10-2.5,FX1
AWMXL10-2.5,SRPCR3800
AWMXL10-2.5,EECT400
AWMXL10-2.5,KRSC46HPBO
AWMXL10-2.5,ECHDD012A
AWMXL10-2.5,CTB8174
AWMXL10-2.5,PH3050BR
TMM11,STMM6
TMM11,STMM14
TMM11,STMM7
TMM11,TMM9
TMM11,TMM14
TMM11,TMM6
TMM11,TMM12
TMM11,TMM13
TMM11,EECT400
TMM11,KRSC46HPBO
110TMDY,111TMMDY
110TMDY,SEPAMTSETA
110TMDY,TMD6
110TMDY,110STMDY
110TMDY,107ATMPB
110TMDY,STMD9
110TMDY,STMD6
110TMDY,EECT400
110TMDY,KRSC46HPBO
110TMDY,ECHDD012A
AWSGT10A,TMXK2
AWSGT10A,SGDX80BR
AWSGT10A,96ACF
AWSGT10A,SRPCR4700
AWSGT10A,SPBS704AR
AWSGT10A,EECT400
AWSGT10A,KRSC46HPBO
AWSGT10A,ECHDD012A
AWSGT10A,CTB8174
AWSGT10A,PH3050BR
214SIMFMYA,320SIM
214SIMFMYA,BTC7B
214SIMFMYA,204IMXA
214SIMFMYA,214IMFMYA
214SIMFMYA,212SIMFYA
214SIMFMYA,212IMFMSYA
214SIMFMYA,112SIMTMM
214SIMFMYA,SR40K
214SIMFMYA,KRSC46HPBO
214SIMFMYA,ECHDD012A
KRA4813FPJJ,DBTB121
KRA4813FPJJ,AWM110DHK
KRA4813FPJJ,UPTM65K
KRA4813FPJJ,KRA4114FPBO
KRA4813FPJJ,KRA4810FPBO
KRA4813FPJJ,YA2019
KRA4813FPJJ,ST50A
KRA4813FPJJ,FB302A
KRA4813FPJJ,YA900
KRA4813FPJJ,BP8B
AWSGT40A,SPBS704AR
AWSGT40A,96ACF
AWSGT40A,SGDP31IRBR
AWSGT40A,TMXK2
AWSGT40A,FXK6
AWSGT40A,EECT400
AWSGT40A,KRSC46HPBO
AWSGT40A,ECHDD012A
AWSGT40A,CTB8174
AWSGT40A,PH3050BR
AWSGT8A,SIMM170
AWSGT8A,SIMM200
AWSGT8A,AWSGT8A
AWSGT8A,AWSGT6A
AWSGT8A,AWSGT7A
AWSGT8A,BLPTHC87
AWSGT8A,EECT400
AWSGT8A,KRSC46HPBO
AWSGT8A,ECHDD012A
AWSGT8A,CTB8174
FBST338GRN,SGDP42IRBR
FBST338GRN,SIMM200
FBST338GRN,PPC4A
FBST338GRN,SIMM170
FBST338GRN,91ACP
FBST338GRN,SIMM190
FBST338GRN,T72
FBST338GRN,SPBS12AR
FBST338GRN,FXK11
FBST338GRN,SPBS18AR
KRA2422PDC,TM84
KRA2422PDC,VO2224B
KRA2422PDC,VO2628B
KRA2422PDC,KWSN2455AST
KRA2422PDC,KRWT2411
KRA2422PDC,KWSP2455ABL
KRA2422PDC,KWSN2455ABL
KRA2422PDC,KWSP2455AST
KRA2422PDC,PG160
KRA2422PDC,EFPHANNIBALB
AWSGM3A,PL400B
AWSGM3A,F80
AWSGM3A,SIMM240
AWSGM3A,SHD1R
AWSGM3A,TMXK60
AWSGM3A,EECT400
AWSGM3A,KRSC46HPBO
AWSGM3A,ECHDD012A
AWSGM3A,CTB8174
AWSGM3A,PH3050BR
AT380A,SIM220
AT380A,SIM200
AT380A,SIM320
AT380A,AT5500
AT380A,AT109
AT380A,FHBB18A
AT380A,212SIMFYA
AT380A,RTD48
AT380A,OEXM710B
AT380A,FLF80A
CT9010GDB,CT9080K2
CT9010GDB,CTB185
CT9010GDB,CTB8187
CT9010GDB,LSR2000
CT9010GDB,YA438B
CT9010GDB,BLPTE3816
CT9010GDB,BLPTE3814
CT9010GDB,BLPTE3812
CT9010GDB,BLPTE3810
CT9010GDB,TMM16
AWSG06A,SGD4BR
AWSG06A,SHD1R
AWSG06A,47ACF
AWSG06A,A2A
AWSG06A,TMXK4
AWSG06A,EECT400
AWSG06A,KRSC46HPBO
AWSG06A,ECHDD012A
AWSG06A,CTB8174
AWSG06A,PH3050BR
XFRR704,XFRM705
XFRR704,ADCF8
XFRR704,208FRDH
XFRR704,BFCR708A
XFRR704,XFRRM705
XFRR704,XDHF605
XFRR704,PTM30
XFRR704,KRSC46HPBO
XFRR704,ECHDD012A
XFRR704,CTB8174
TMD18,TMD11
TMD18,TMD14
TMD18,TMD7
TMD18,TMD16
TMD18,TMD6
TMD18,TMD9
TMD18,EECT400
TMD18,KRSC46HPBO
TMD18,ECHDD012A
TMD18,CTB8174
FHL80,THR72
FHL80,FHLL80
FHL80,FHBB12A
FHL80,SHL80A
FHL80,THL72
FHL80,THLL72
FHL80,SHLL80A
FHL80,SH80A
FHL80,EECT400
FHL80,KRSC46HPBO
IPLM19C,IPLM17C
IPLM19C,IPLM14C
IPLM19C,IPLM21C
IPLM19C,IPLM22C
IPLM19C,IPSM22
IPLM19C,EECT400
IPLM19C,KRSC46HPBO
IPLM19C,ECHDD012A
IPLM19C,CTB8174
IPLM19C,PH3050BR
SW141A,SW201
SW141A,S321
SW141A,SW361
SW141A,SW221
SW141A,SW181A
SW141A,SW241
SW141A,SW161A
SW141A,EECT400
SW141A,KRSC46HPBO
SW141A,ECHDD012A
TMMDS11,TMMDS6
TMMDS11,TMMDS7
TMMDS11,TMMDS13
TMMDS11,TMMDS12
TMMDS11,TMMDS5
TMMDS11,TMMDS5.5
TMMDS11,TMMDS9
TMMDS11,TMMDS15
TMMDS11,EECT400
TMMDS11,KRSC46HPBO
KCP1422PJJ,AWM140DK
KCP1422PJJ,AC58E
KCP1422PJJ,111TMMDY
KCP1422PJJ,KWSN2455ABL
KCP1422PJJ,KWSN2455AST
KCP1422PJJ,KWSP2455AST
KCP1422PJJ,KWSP2455ABL
KCP1422PJJ,KRWT2411
KCP1422PJJ,SR40K
KCP1422PJJ,BTC7B
84CF,SSFP1
84CF,SSFP2
84CF,OEXS709B
84CF,95ACF
84CF,EPC160
84CF,EECT400
84CF,KRSC46HPBO
84CF,ECHDD012A
84CF,CTB8174
84CF,PH3050BR
SSDMR4BR,PKNC125C2
SSDMR4BR,9100AGMO
SSDMR4BR,SEPSTARTERA
SSDMR4BR,TPM16
SSDMR4BR,AWM110DHK
SSDMR4BR,AC5C
SSDMR4BR,GMB3041
SSDMR4BR,2004BSKA
SSDMR4BR,KRA2007FPBO
SSDMR4BR,FB360C
YA4610,SPBS18AR
YA4610,SIMM220
YA4610,SIMM150A
YA4610,FU8A
YA4610,SIMM210
YA4610,SIMM180
YA4610,SHD1R
YA4610,SGD4BR
YA4610,SRPCR4700
YA4610,FXK3
KRSC430APCM1,HSPD16
KRSC430APCM1,LDH442
KRSC430APCM1,LDH462
KRSC430APCM1,OXIM6B
KRSC430APCM1,AWMBPH9
KRSC430APCM1,KRSC323PBO
KRSC430APCM1,STMM4
KRSC430APCM1,YA2019
KRSC430APCM1,AWBPH13
KRSC430APCM1,10R
PPB1002A,DS806AK
PPB1002A,PPC20LB
PPB1002A,SRP3A
PPB1002A,YA2020
PPB1002A,YA2019
PPB1002A,ACT413A
PPB1002A,ACT83A
PPB1002A,RULER602
PPB1002A,OC5A
PPB1002A,PGP120
SGA1712BR,SGRHT6BR
SGA1712BR,SHP2KT
SGA1712BR,SHCP1B
SGA1712BR,SGA1711BR
SGA1712BR,SGA1710BR
SGA1712BR,SGA174BR
SGA1712BR,SGA175BR
SGA1712BR,SGA173BR
SGA1712BR,CTB8174
SGA1712BR,PH3050BR
VWB400A,SGTT6B
VWB400A,SGTT4B
VWB400A,204IMXA
VWB400A,PTGR100
VWB400A,SGTT110B
VWB400A,SGTT8B
VWB400A,SGTT9B
VWB400A,SGTT1B
VWB400A,SGTT2B
VWB400A,SGTT3B
VWB8B,PWCS7ACF
VWB8B,BLPTHC87
VWB8B,SHD1R
VWB8B,SGD2BR
VWB8B,SPBS704AR
VWB8B,SIMM160A
VWB8B,F80
VWB8B,SGASA204CR
VWB8B,SGD6BR
VWB8B,SPBS12AR
FTX60E,210AFLEY
FTX60E,PKRS1
FTX60E,1210B
FTX60E,TTX40E
FTX60E,PGP50
FTX60E,ACT83A
FTX60E,TWM31
FTX60E,S9724RHS
FTX60E,ECHDD012A
FTX60E,CTB8174
TA4505,IMM240
TA4505,IMM140A
TA4505,IMM190
TA4505,IMM180
TA4505,AWBMCG1603
TA4505,IMM150A
TA4505,IM200
TA4505,IM240
TA4505,IMM170A
TA4505,IM180A
SGDMRC44BO,SEPPREMETA
SGDMRC44BO,ATKIFL
SGDMRC44BO,ATKBFL
SGDMRC44BO,XS2024A
SGDMRC44BO,TB40C
SGDMRC44BO,XS1416A
SGDMRC44BO,XS1820A
SGDMRC44BO,XS1012A
SGDMRC44BO,XS2226A
SGDMRC44BO,KRSC46HPBO
THRLX72G,FH80MP
THRLX72G,THLL72
THRLX72G,FHBF80A
THRLX72G,FHOF80A
THRLX72G,FHLX80B
THRLX72G,SHX80B
THRLX72G,THR72
THRLX72G,FHR80
THRLX72G,KRSC46HPBO
THRLX72G,ECHDD012A
MTTL800,EEDM525F
MTTL800,EEDMDVA
MTTL800,SGTT8B
MTTL800,YA1175KIT
MTTL800,YA824C
MTTL800,MTTL433
MTTL800,EEDM596FK
MTTL800,MTTL750
MTTL800,PWZ5
MTTL800,2005BSKA
SVTSRAD272U,YA105013
SVTSRAD272U,103TMXKLA
SVTSRAD272U,SHCP1B
SVTSRAD272U,SVTS272A
SVTSRAD272U,SVTS264
SVTSRAD272U,SVTA9100
SVTSRAD272U,LDT40
SVTSRAD272U,LDT8
SVTSRAD272U,PHP2A
SVTSRAD272U,EEBC30A12V
PDR3000A,SDG10S25F
PDR3000A,AT425R
PDR3000A,GA243
PDR3000A,BF775C-A
PDR3000A,PTR2505
PDR3000A,PTC250
PDR3000A,PTR2500
PDR3000A,S6103A
PDR3000A,DPT7A
PDR3000A,14V
TMMDS9,TMMDS15
TMMDS9,TMMDS6
TMMDS9,TMMDS13
TMMDS9,TMMDS7
TMMDS9,TMMDS11
TMMDS9,TMMDS12
TMMDS9,TMMDS5
TMMDS9,TMMDS5.5
TMMDS9,EECT400
TMMDS9,KRSC46HPBO
FM15,SW181A
FM15,SW141A
FM15,SW221
FM15,FM16
FM15,FM19
FM15,FM18
FM15,FM11
FM15,EECT400
FM15,KRSC46HPBO
FM15,ECHDD012A
SGTT5B,SGTT110B
SGTT5B,SGTT7B
SGTT5B,SGTT10B
SGTT5B,SGTT8B
SGTT5B,SGTT9B
SGTT5B,SGTT1B
SGTT5B,SGTT2B
SGTT5B,SGTT3B
SGTT5B,YA1175KIT
SGTT5B,YAKS42
AWXL13-1/16,SGD6BR
AWXL13-1/16,T72
AWXL13-1/16,SIMM190
AWXL13-1/16,BLPTHC87
AWXL13-1/16,SHD1R
AWXL13-1/16,EECT400
AWXL13-1/16,KRSC46HPBO
AWXL13-1/16,ECHDD012A
AWXL13-1/16,CTB8174
AWXL13-1/16,PH3050BR
AWXL13-1/4,SRPCR4700
AWXL13-1/4,SPBS704AR
AWXL13-1/4,SIMM160A
AWXL13-1/4,SIMM190
AWXL13-1/4,SIMM150A
AWXL13-1/4,EECT400
AWXL13-1/4,KRSC46HPBO
AWXL13-1/4,ECHDD012A
AWXL13-1/4,CTB8174
AWXL13-1/4,PH3050BR
AWBSGM5A,SGDX80BR
AWBSGM5A,SIMM160A
AWBSGM5A,SIMM190
AWBSGM5A,SPBS704AR
AWBSGM5A,91ACP
AWBSGM5A,EECT400
AWBSGM5A,KRSC46HPBO
AWBSGM5A,ECHDD012A
AWBSGM5A,CTB8174
AWBSGM5A,PH3050BR
PPSG4,PCSG812
PPSG4,PPSG105
PPSG4,PPSG103
PPSG4,PPSG206
PPSG4,PPSG203
PPSG4,PCSG816
PPSG4,PPSG205
PPSG4,PCSG820
PPSG4,CTB8174
PPSG4,PH3050BR
AWCG1616B,SIMM220
AWCG1616B,47ACF
AWCG1616B,SGD4BR
AWCG1616B,FXK3
AWCG1616B,A2A
AWCG1616B,EECT400
AWCG1616B,KRSC46HPBO
AWCG1616B,ECHDD012A
AWCG1616B,CTB8174
AWCG1616B,PH3050BR
AWL1010DK,8HR
AWL1010DK,WTG10A
AWL1010DK,214SFY
AWL1010DK,GA98A
AWL1010DK,AW1013DK
AWL1010DK,PPC905B
AWL1010DK,ECF35
AWL1010DK,PH3050BR
AWL1010DK,RULER601
AWL1010DK,CAL6DA
AWBCG1600,SF161
AWBCG1600,SHLX80A
AWBCG1600,TMXK110
AWBCG1600,AWBMCG1600
AWBCG1600,SF121
AWBCG1600,TMUS141A
AWBCG1600,SHDP63IRR
AWBCG1600,TMUS161A
AWBCG1600,EECT400
AWBCG1600,KRSC46HPBO
AWBCG1606,SIMM170
AWBCG1606,FU8A
AWBCG1606,SIMM210
AWBCG1606,SIMM180
AWBCG1606,FXK11
AWBCG1606,EECT400
AWBCG1606,KRSC46HPBO
AWBCG1606,ECHDD012A
AWBCG1606,CTB8174
AWBCG1606,PH3050BR
AWBCG1614,SGD6BR
AWBCG1614,GFAT1E
AWBCG1614,T72
AWBCG1614,FXK6
AWBCG1614,SPBS12AR
AWBCG1614,EECT400
AWBCG1614,KRSC46HPBO
AWBCG1614,ECHDD012A
AWBCG1614,CTB8174
AWBCG1614,PH3050BR
LDH602,LDH462
LDH602,LDH482
LDH602,LDH522
LDH602,LDH362
LDH602,LDH422A
LDH602,LDH342
LDH602,LDH402
LDH602,LDH442
LDH602,KRSC46HPBO
LDH602,ECHDD012A
FHBF80AO,SHLL80A
FHBF80AO,AWSGT800A
FHBF80AO,FH80MP
FHBF80AO,FHOF80A
FHBF80AO,TRSLF72
FHBF80AO,PLRK30
FHBF80AO,311IMFSY
FHBF80AO,PHP2A
FHBF80AO,ECHDD012A
FHBF80AO,CTB8174
HBFE32O,HBFE103
HBFE32O,TWM26
HBFE32O,SW421
HBFE32O,QD3RN350A
HBFE32O,HBFE48
HBFE32O,HBFE24
HBFE32O,FZ7A
HBFE32O,309SIMYA
HBFE32O,PH3050BR
HBFE32O,CAL6EA
PBMB5R,PBMB5O
PBMB5R,PBMMA5R
PBMB5R,MS3000
PBMB5R,PBMS5R
PBMB5R,PBMA5R
PBMB5R,PBMA5
PBMB5R,PBMA5G
PBMB5R,FB361A
PBMB5R,RULER601
PBMB5R,FB336
PTR2500G,PT338
PTR2500G,PTGR110
PTR2500G,PT850
PTR2500G,PTR2505
PTR2500G,PTR72
PTR2500G,PDR3000A
PTR2500G,MG325
PTR2500G,SFSM20
PTR2500G,A159
PTR2500G,SFSM21
CTS561CHUCK,CT9080K2
CTS561CHUCK,SGDMRC4-TM4
CTS561CHUCK,SW301
CTS561CHUCK,DBBPT13
CTS561CHUCK,PTB32K
CTS561CHUCK,PPK15
CTS561CHUCK,BLPBTWSET
CTS561CHUCK,TMBS8A
CTS561CHUCK,SDM400A
CTS561CHUCK,MAGMAT
TMMS9,TMMS13
TMMS9,TMMS15
TMMS9,TMMS7
TMMS9,TMMS11
TMMS9,TMMS6
TMMS9,TMMS5.5
TMMS9,KRSC46HPBO
TMMS9,ECHDD012A
TMMS9,CTB8174
TMMS9,PH3050BR
TMU101A,TMU121A
TMU101A,TMU81B
TMU101A,TMU161A
TMU101A,XS2024A
TMU101A,XS1416A
TMU101A,EECT400
TMU101A,KRSC46HPBO
TMU101A,ECHDD012A
TMU101A,CTB8174
TMU101A,PH3050BR
TMU121A,TMU101A
TMU121A,TMU81B
TMU121A,TMU161A
TMU121A,XS2024A
TMU121A,XS1416A
TMU121A,EECT400
TMU121A,KRSC46HPBO
TMU121A,ECHDD012A
TMU121A,CTB8174
TMU121A,PH3050BR
SGA174BR,SGRHT6BR
SGA174BR,SHP2KT
SGA174BR,SHCP1B
SGA174BR,SGA175BR
SGA174BR,SGA1712BR
SGA174BR,SGA173BR
SGA174BR,SGA1711BR
SGA174BR,SGA1710BR
SGA174BR,CTB8174
SGA174BR,PH3050BR
FM11,SW141A
FM11,SW181A
FM11,FM13
FM11,FM19
FM11,FM16
FM11,FM18
FM11,EECT400
FM11,KRSC46HPBO
FM11,ECHDD012A
FM11,CTB8174
SGDTX315BR,A159
SGDTX315BR,2004BSKA
SGDTX315BR,207EFTXY
SGDTX315BR,CSA12CR
SGDTX315BR,TF5A
SGDTX315BR,EECT424HD
SGDTX315BR,DB129C
SGDTX315BR,ACT413A
SGDTX315BR,JCW62R
SGDTX315BR,ACT73A
SIMM210,SIMM220
SIMM210,SIMM190
SIMM210,SIMM170
SIMM210,SIMM200
SIMM210,SIMM180
SIMM210,EECT400
SIMM210,KRSC46HPBO
SIMM210,ECHDD012A
SIMM210,CTB8174
SIMM210,PH3050BR
PKN5,47ACF
PKN5,SIMM160A
PKN5,SRPCR3800
PKN5,SIMM180
PKN5,FXK11
PKN5,EECT400
PKN5,KRSC46HPBO
PKN5,ECHDD012A
PKN5,CTB8174
PKN5,PH3050BR
PL307ACF,PT5C
PL307ACF,206AFSP
PL307ACF,9100GSM
PL307ACF,PKNC150
PL307ACF,AWM110DHK
PL307ACF,KRA2007FPBO
PL307ACF,TPM16EM
PL307ACF,TPM16
PL307ACF,AC5C
PL307ACF,PH3050BR
TN72,WTG8A
TN72,110TMDY
TN72,OEX707B
TN72,F80FOD
TN72,FR80
TN72,TNF72
TN72,KRSC46HPBO
TN72,ECHDD012A
TN72,RULER600
TN72,CTB8174
CTR814K2,SGD4BR
CTR814K2,SPBS8AR
CTR814K2,T72
CTR814K2,SIMM220
CTR814K2,FHLF80A
CTR814K2,TMU8B
CTR814K2,SGD6BR
CTR814K2,PPC4A
CTR814K2,SHD1R
CTR814K2,SGASA204CR
114ATMP,218AFP
114ATMP,211SFSY
114ATMP,OEX709B
114ATMP,317MSPC
114ATMP,SEPHDSETAOBA
114ATMP,218AFSP
114ATMP,KRSC46HPBO
114ATMP,ECHDD012A
114ATMP,CTB8174
114ATMP,PH3050BR
GLOVE300BXL,GLOVE309L
GLOVE300BXL,GLOVEORIGPLUSL
GLOVE300BXL,GLASS50R
GLOVE300BXL,GLOVE1100L
GLOVE300BXL,SOSG01BKCL01
GLOVE300BXL,KACKMCFIBER1
GLOVE300BXL,CTINF9010
GLOVE300BXL,IND25HAT
GLOVE300BXL,BCS70A
GLOVE300BXL,CTSG861DB
CDR4P32K3K2,91ACP
CDR4P32K3K2,SIMM200
CDR4P32K3K2,47ACF
CDR4P32K3K2,SIMM210
CDR4P32K3K2,SIMM150A
CDR4P32K3K2,SPBS18AR
CDR4P32K3K2,FHLF80A
CDR4P32K3K2,SGD4BR
CDR4P32K3K2,TMU8B
CDR4P32K3K2,SIMM170
QD2FR75B,QD1R200A
QD2FR75B,BRUTUS3R300
QD2FR75B,QD3250A
QD2FR75B,BHS7A
QD2FR75B,218AFSP
QD2FR75B,JCW62R
QD2FR75B,JT13B
QD2FR75B,ACT413A
QD2FR75B,PTGR450
QD2FR75B,ACT73A
KRSC46HPOT,SIMM350
KRSC46HPOT,SIMM290
KRSC46HPOT,ECFLD030
KRSC46HPOT,PKNC150
KRSC46HPOT,UPTM65K
KRSC46HPOT,317AMMPC
KRSC46HPOT,305SIMMY
KRSC46HPOT,BOERM712
KRSC46HPOT,MG725A
KRSC46HPOT,309SIMYA
CTG861DB,SIMM220
CTG861DB,96ACF
CTG861DB,F80
CTG861DB,FXK3
CTG861DB,SGD4BR
CTG861DB,SIMM240
CTG861DB,SPBS704AR
CTG861DB,TMXK2
CTG861DB,SIMM170
CTG861DB,47ACF
120SSDP,20SSD
120SSDP,30SSD
120SSDP,VO1416B
120SSDP,VO2224B
120SSDP,VO1820B
120SSDP,KRSC46HPBO
120SSDP,TB40C
120SSDP,ECHDD012A
120SSDP,CTB8174
120SSDP,PH3050BR
KRA1421PBO,T72
KRA1421PBO,FU8A
KRA1421PBO,SPBS18AR
KRA1421PBO,SPBS12AR
KRA1421PBO,SIMM180
KRA1421PBO,SIMM210
KRA1421PBO,TMXK4
KRA1421PBO,SPBS704AR
KRA1421PBO,SIMM190
KRA1421PBO,SIMM220
HBBD56,915CF
HBBD56,415CF
HBBD56,PPC715BK
HBBD56,PL330ACF
HBBD56,HBBD8
HBBD56,PBMP703A
HBBD56,ACT51234A
HBBD56,ECHDD012A
HBBD56,CTB8174
HBBD56,PH3050BR
DBT20,TMU8B
DBT20,FX1
DBT20,T72
DBT20,BLPTHC87
DBT20,SIMM240
DBT20,EECT400
DBT20,KRSC46HPBO
DBT20,ECHDD012A
DBT20,CTB8174
DBT20,PH3050BR
SFSM12,SFSM16
SFSM12,SFSM17
SFSM12,SFSM18
SFSM12,SFSM15
SFSM12,SFSM10
SFSM12,EECT400
SFSM12,KRSC46HPBO
SFSM12,ECHDD012A
SFSM12,CTB8174
SFSM12,PH3050BR
OEXM7B,OXIM9B
OEXM7B,144TMPB
OEXM7B,9000GS3O
OEXM7B,OEXM8B
OEXM7B,OEXM6B
OEXM7B,OEXM9B
OEXM7B,ACT83A
OEXM7B,FB303B
OEXM7B,ACT73A
OEXM7B,VWB5B
IMSLEPL240,IMSLEPL240
IMSLEPL240,STX60E
IMSLEPL240,XLE605
IMSLEPL240,IMFLE120A
IMSLEPL240,207IMFLE
IMSLEPL240,IMFLE80A
IMSLEPL240,SGASA204CR
IMSLEPL240,SX24
IMSLEPL240,EECT400
IMSLEPL240,KRSC46HPBO
GLOVE900XLG,GLOVEORIGPLUSL
GLOVE900XLG,GLASS50R
GLOVE900XLG,SOSG01BKCL01
GLOVE900XLG,GLOVE1100L
GLOVE900XLG,GLOVE505RL
GLOVE900XLG,GLOVE309L
GLOVE900XLG,GLOVE300BL
GLOVE900XLG,OFC14KT
GLOVE900XLG,CTB8187
GLOVE900XLG,PHP1A
TWM20,TWM26
TWM20,TWM17
TWM20,TWM19
TWM20,TWM22
TWM20,TWM23
TWM20,TWM24
TWM20,TWM21
TWM20,EECT400
TWM20,KRSC46HPBO
TWM20,ECHDD012A
KRA2407PJJ,TESLASTUKIT
KRA2407PJJ,DPT7A
KRA2407PJJ,S6103A
KRA2407PJJ,TMM16
KRA2407PJJ,BOERM22
KRA2407PJJ,BOERM21
KRA2407PJJ,131TMPB
KRA2407PJJ,14V
KRA2407PJJ,GA243
KRA2407PJJ,PPCL60BK
207IPFM,207IPSFM
207IPFM,312IPLM
207IPFM,312IPL
207IPFM,205IPF
207IPFM,307IPLMY
207IPFM,106IPTMMA
207IPFM,307IPLY
207IPFM,EECT400
207IPFM,KRSC46HPBO
207IPFM,ECHDD012A
TMMDS12,TMMDS6
TMMDS12,TMMDS7
TMMDS12,TMMDS13
TMMDS12,TMMDS11
TMMDS12,TMMDS5
TMMDS12,TMMDS5.5
TMMDS12,TMMDS9
TMMDS12,TMMDS15
TMMDS12,EECT400
TMMDS12,KRSC46HPBO
PBMP703A,PBS704
PBMP703A,EXD35A
PBMP703A,PWZ4
PBMP703A,VWB8B
PBMP703A,PPC210BK
PBMP703A,BLPPB704
PBMP703A,MSK10
PBMP703A,MG1250
PBMP703A,ACT73A
PBMP703A,JCW62R
IMM120A,IMM170A
IMM120A,IMM150A
IMM120A,315IMMYA
IMM120A,IMM110A
IMM120A,IMM100A
IMM120A,IMM130A
IMM120A,IMM140A
IMM120A,KRSC46HPBO
IMM120A,ECHDD012A
IMM120A,CTB8174
PKNC200,CSA12CR
PKNC200,TW401
PKNC200,313SYA
PKNC200,218AFSP
PKNC200,AWSGM800A
PKNC200,10R
PKNC200,TW381
PKNC200,PH3050BR
PKNC200,FB316B
PKNC200,JT13B
AWS13-2,SF121
AWS13-2,SF161
AWS13-2,SF141
AWS13-2,211SFY
AWS13-2,SF261
AWS13-2,SF281
AWS13-2,SF101
AWS13-2,SF181
AWS13-2,EECT400
AWS13-2,KRSC46HPBO
AWEFBH9K,TMA3.5E
AWEFBH9K,TMA2.5E
AWEFBH9K,TMA3E
AWEFBH9K,AWEF9K
AWEFBH9K,SSFP1
AWEFBH9K,S9711KA
AWEFBH9K,YA824C
AWEFBH9K,212EFTAY
AWEFBH9K,ECHDD012A
AWEFBH9K,CTB8174
AWP160,VGP104
AWP160,SOEX36
AWP160,SEPPREHDA
AWP160,SOEX38
AWP160,SOEX40
AWP160,PKNC150
AWP160,KRSC46HPBO
AWP160,ECHDD012A
AWP160,CTB8174
AWP160,PH3050BR
FU8A,S8
FU8A,222AFSP
FU8A,218AFP
FU8A,XS2024A
FU8A,TB40C
FU8A,XS1416A
FU8A,XS1820A
FU8A,XS1012A
FU8A,KRSC46HPBO
FU8A,ECHDD012A
KCP2422POT,AC58E
KCP2422POT,GA296B
KCP2422POT,SS5A
KCP2422POT,KRWT2411
KCP2422POT,KWSN2455ABL
KCP2422POT,KWSP2455AST
KCP2422POT,KWSN2455AST
KCP2422POT,KWSP2455ABL
KCP2422POT,OEXM6B
KCP2422POT,BTC7B
KCP2422PWZ,AC58E
KCP2422PWZ,GA296B
KCP2422PWZ,SS5A
KCP2422PWZ,KRWT2411
KCP2422PWZ,KWSN2455ABL
KCP2422PWZ,KWSP2455AST
KCP2422PWZ,KWSN2455AST
KCP2422PWZ,KWSP2455ABL
KCP2422PWZ,OEXM6B
KCP2422PWZ,BTC7B
SHD1R,SHD4R
SHD1R,SHDP42IRR
SHD1R,SHD6R
SHD1R,SHDP31IRR
SHD1R,10R
SHD1R,SHD2R
SHD1R,PH3050BR
SHD1R,TPMB25EM
SHD1R,FB303B
SHD1R,GA296B
KRSC430APFI7,ST50A
KRSC430APFI7,KAERNADD6RD
KRSC430APFI7,LP10WR
KRSC430APFI7,SEPPREMETA
KRSC430APFI7,YA2019
KRSC430APFI7,PK23A
KRSC430APFI7,317AMMPC
KRSC430APFI7,UIM225
KRSC430APFI7,117TMM
KRSC430APFI7,RADKITULTRA
KRSC430APN7,ST50A
KRSC430APN7,KAERNADD6RD
KRSC430APN7,LP10WR
KRSC430APN7,SEPPREMETA
KRSC430APN7,YA2019
KRSC430APN7,PK23A
KRSC430APN7,317AMMPC
KRSC430APN7,UIM225
KRSC430APN7,117TMM
KRSC430APN7,RADKITULTRA
SPBS18AO,UPTM65K
SPBS18AO,PK52A
SPBS18AO,SOEX40
SPBS18AO,SPBS8AR
SPBS18AO,SPBS12AR
SPBS18AO,PKNC150
SPBS18AO,SOEX38
SPBS18AO,EECT400
SPBS18AO,KRSC46HPBO
SPBS18AO,ECHDD012A
KRA6210FPCM,KRA2411PBO
KRA6210FPCM,PBMP703A
KRA6210FPCM,PH3050BR
KRA6210FPCM,ATECH3FR300B
KRA6210FPCM,ATECH2FR125B
KRA6210FPCM,SGD4BR
KRA6210FPCM,TMXK4
KRA6210FPCM,SIMM220
KRA6210FPCM,FHLF80A
KRA6210FPCM,PL400B
KRSC343PJH,SFSM19
KRSC343PJH,SFSM17
KRSC343PJH,SFSM14
KRSC343PJH,RULER600
KRSC343PJH,DS809K
KRSC343PJH,WTG8A
KRSC343PJH,HBFE16
KRSC343PJH,208EFAY
KRSC343PJH,PPC208A
KRSC343PJH,206EAU
FB336GRN,XFR704
FB336GRN,IPL32C
FB336GRN,312IPL
FB336GRN,FB307RNB
FB336GRN,GA3634A
FB336GRN,MTEE6
FB336GRN,PKNC300
FB336GRN,208FRDHM
FB336GRN,CSSD1R
FB336GRN,PTM30
AT1038,SGDP31IRBR
AT1038,SIMM150A
AT1038,F80
AT1038,ATECH2FR125B
AT1038,SIMM160A
AT1038,SIMM190
AT1038,SIMM200
AT1038,SIMM240
AT1038,A2A
AT1038,SIMM220
AWCG1620B,AWCG1620B
AWCG1620B,AWBCG1608
AWCG1620B,AWBCG1612
AWCG1620B,AWCG1624B
AWCG1620B,AWCG1600B
AWCG1620B,AWCGT30
AWCG1620B,AWCGT40
AWCG1620B,AWCGT27
AWCG1620B,EECT400
AWCG1620B,KRSC46HPBO
BOERM11,SIM200
BOERM11,IM320
BOERM11,SIM320
BOERM11,BOERM10
BOERM11,BOERM14
BOERM11,BOERM17
BOERM11,SIM280
BOERM11,SIM260
BOERM11,EECT400
BOERM11,KRSC46HPBO
BP40B,BP24B
BP40B,BP32B
BP40B,BP8B
BP40B,RXS605B
BP40B,OC5A
BP40B,AWM110DK
BP40B,GA460B
BP40B,PH3050BR
BP40B,PTR72
BP40B,PGP50
BP8B,BLPTXK4
BP8B,SWM281
BP8B,2420A
BP8B,GA98A
BP8B,FB302A
BP8B,AWL1010DK
BP8B,PG160
BP8B,SWM291
BP8B,8HR
BP8B,RULER602
BTGHD9,OFWHD3KT
BTGHD9,A91F
BTGHD9,SGA1714B
BTGHD9,BT518
BTGHD9,BT4651
BTGHD9,AF102
BTGHD9,CTB8174
BTGHD9,PH3050BR
BTGHD9,TA32A
BTGHD9,TDG2
ACT407,ACT51234A
ACT407,SGTT110B
ACT407,ACT1290A
ACT407,ACT2105
ACT407,ACT413A
ACT407,R404
ACT407,ACT73A
ACT407,FZ4B
ACT407,TF5A
ACT407,LDT8
A277,FABLM5E
A277,SAM19E
A277,208FRDH
A277,GF22
A277,FAML6E
A277,FA12LE
A277,FRX181
A277,YA2850A
A277,SA16E
A277,KAC1224TCA
AYESSETC,SPBS8AR
AYESSETC,PPC203A
AYESSETC,PPC816B
AYESSETC,A2A
AYESSETC,ATECH3FR300B
AYESSETC,EECT400
AYESSETC,KRSC46HPBO
AYESSETC,ECHDD012A
AYESSETC,CTB8174
AYESSETC,PH3050BR
BLPHSM1410,BLPHSM1410
BLPHSM1410,BLPHL3810
BLPHSM1410,BLPHL388
BLPHSM1410,BLPHSM148
BLPHSM1410,BLPHL145
BLPHSM1410,BLPHL144
BLPHSM1410,BLPHL146
BLPHSM1410,BLPHSM145
BLPHSM1410,EECT400
BLPHSM1410,KRSC46HPBO
BLPHSM144,SGD6BR
BLPHSM144,SIMM150A
BLPHSM144,SIMM230
BLPHSM144,PPC816B
BLPHSM144,SPBS12AR
BLPHSM144,EECT400
BLPHSM144,KRSC46HPBO
BLPHSM144,ECHDD012A
BLPHSM144,CTB8174
BLPHSM144,PH3050BR
BLPHSM147,SIMM200
BLPHSM147,SGASA204CR
BLPHSM147,FHLF80A
BLPHSM147,FX1
BLPHSM147,PPC816B
BLPHSM147,EECT400
BLPHSM147,KRSC46HPBO
BLPHSM147,ECHDD012A
BLPHSM147,CTB8174
BLPHSM147,PH3050BR
BLPSM1412,BLPSM147
BLPSM1412,BLPSM1413
BLPSM1412,BLPSM148
BLPSM1412,BLPSM149
BLPSM1412,BLPSM146
BLPSM1412,BLPSM1411
BLPSM1412,EECT400
BLPSM1412,KRSC46HPBO
BLPSM1412,ECHDD012A
BLPSM1412,PH3050BR
BLPSM147,BLPSM1413
BLPSM147,BLPSM1412
BLPSM147,BLPSM148
BLPSM147,BLPSM149
BLPSM147,BLPSM146
BLPSM147,BLPSM144
BLPSM147,BLPSM1411
BLPSM147,BLPSM145
BLPSM147,EECT400
BLPSM147,KRSC46HPBO
BLPT147,BLPT1427
BLPT147,BLPT1420
BLPT147,BLPT1425
BLPT147,BLPT146
BLPT147,BLPT149
BLPT147,BLPT148
BLPT147,BLPT1410
BLPT147,EECT400
BLPT147,KRSC46HPBO
BLPT147,ECHDD012A
BLPTORX1410,BLPHEXS1418
BLPTORX1410,BLPXZNM389
BLPTORX1410,208EFTAMXSY
BLPTORX1410,LSR1450
BLPTORX1410,QD3RN350A
BLPTORX1410,ECHDD012A
BLPTORX1410,CTB8174
BLPTORX1410,PH3050BR
BLPTORX1410,BTG8
BLPTORX1410,CTS561BITSET
BLPTS1427,SIMM230
BLPTS1427,SGDP42IRBR
BLPTS1427,SPBS704AR
BLPTS1427,SGASA204CR
BLPTS1427,FXK3
BLPTS1427,EECT400
BLPTS1427,KRSC46HPBO
BLPTS1427,ECHDD012A
BLPTS1427,CTB8174
BLPTS1427,PH3050BR
BLPTS1440,47ACF
BLPTS1440,TMXK60
BLPTS1440,96ACF
BLPTS1440,F80
BLPTS1440,SPBS12AR
BLPTS1440,EECT400
BLPTS1440,KRSC46HPBO
BLPTS1440,ECHDD012A
BLPTS1440,CTB8174
BLPTS1440,PH3050BR
BLPTS1445,SGDX80BR
BLPTS1445,SGD6BR
BLPTS1445,SGD8BR
BLPTS1445,SHD1R
BLPTS1445,SIMM210
BLPTS1445,EECT400
BLPTS1445,KRSC46HPBO
BLPTS1445,ECHDD012A
BLPTS1445,CTB8174
BLPTS1445,PH3050BR
BLPHL3814,47ACF
BLPHL3814,SIMM190
BLPHL3814,SGDP42IRBR
BLPHL3814,SGD4BR
BLPHL3814,FXK6
BLPHL3814,EECT400
BLPHL3814,KRSC46HPBO
BLPHL3814,ECHDD012A
BLPHL3814,CTB8174
BLPHL3814,PH3050BR
BLPHM1212,BLPH1414
BLPHM1212,BLPHM1212
BLPHM1212,BLPH14532
BLPHM1212,BLPH1214
BLPHM1212,BLPH1418
BLPHM1212,BLPH14732
BLPHM1212,BLPH14316
BLPHM1212,BLPH14964
BLPHM1212,EECT400
BLPHM1212,KRSC46HPBO
BLPHS14764,TMXK60
BLPHS14764,FXK3
BLPHS14764,SIMM240
BLPHS14764,FU8A
BLPHS14764,91ACP
BLPHS14764,EECT400
BLPHS14764,KRSC46HPBO
BLPHS14764,ECHDD012A
BLPHS14764,CTB8174
BLPHS14764,PH3050BR
GA243,DPT7A
GA243,JT13B
GA243,A159
GA243,YA109C
GA243,BF775C-A
GA243,14V
GA243,VGP22418
GA243,PSO4625
GA243,PDR3000A
GA243,DB121C
GCP10,131A
GCP10,YA824C
GCP10,TFTFM932A
GCP10,AWTEF8K
GCP10,AWMEF6K
GCP10,PH3050BR
GCP10,UTK100
GCP10,JT13B
GCP10,PGP50
GCP10,SOSG01BKCL01
SEPKCAMETPWZA,FHLF80A
SEPKCAMETPWZA,FXK6
SEPKCAMETPWZA,SGDP42IRBR
SEPKCAMETPWZA,91ACP
SEPKCAMETPWZA,SIMM210
SEPKCAMETPWZA,EECT400
SEPKCAMETPWZA,KRSC46HPBO
SEPKCAMETPWZA,ECHDD012A
SEPKCAMETPWZA,CTB8174
SEPKCAMETPWZA,PH3050BR
SEPUAUTOBODYA,BLP15HVLP
SEPUAUTOBODYA,YA109C
SEPUAUTOBODYA,A179A
SEPUAUTOBODYA,BF775C-A
SEPUAUTOBODYA,BLP18HVLP
SEPUAUTOBODYA,14V
SEPUAUTOBODYA,BLP13HVLP
SEPUAUTOBODYA,BLP14HVLP
SEPUAUTOBODYA,BF555
SEPUAUTOBODYA,PDR3000A
SRES26,STA35
SRES26,SRES306
SRES26,208FRDHM
SRES26,SRES24
SRES26,SRES22
SRES26,SRES18
SRES26,SRES28
SRES26,ECHDD012A
SRES26,CTB8174
SRES26,PH3050BR
MS3000,86EP
MS3000,UPT65
MS3000,PPC210BK
MS3000,PSN500
MS3000,PBMB5R
MS3000,AWPBX10
MS3000,TFTFM932A
MS3000,JCW62R
MS3000,BLPEXTF388
MS3000,ECFB200BL
MTIND683A,AYESSETC
MTIND683A,YA1175KIT
MTIND683A,2004BSKA
MTIND683A,BCS70A
MTIND683A,112TMMDSY
MTIND683A,MTTL700
MTIND683A,EEDMDVA
MTIND683A,AT5500
MTIND683A,310SWMYA
MTIND683A,OEXM707B
OFC68-14,PWCS7ACF
OFC68-14,PPC103A
OFC68-14,SPBS12AR
OFC68-14,SGD4BR
OFC68-14,TMXK4
OFC68-14,EECT400
OFC68-14,KRSC46HPBO
OFC68-14,ECHDD012A
OFC68-14,CTB8174
OFC68-14,PH3050BR
OFWHD3,OFW2
OFWHD3,OFW4
OFWHD3,OFWHD3
OFWHD3,OFW3
OFWHD3,OFWHD1
OFWHD3,OFWHD2
OFWHD3,TMA6E
OFWHD3,OFW1
OFWHD3,ECHDD012A
OFWHD3,CTB8174
PKWSS53A,BP16B
PKWSS53A,OEX714KB
PKWSS53A,HSG319
PKWSS53A,CSSD1R
PKWSS53A,RXS605B
PKWSS53A,BTC3A
PKWSS53A,313TSYA
PKWSS53A,RULER602
PKWSS53A,UIM325
PKWSS53A,FB361A
PHP2A,SHP10
PHP2A,TESLASTUKIT
PHP2A,131TMPB
PHP2A,PHP3A
PHP2A,PHP1A
PHP2A,BOERM22
PHP2A,TMM16
PHP2A,PTB32K
PHP2A,SVTS264
PHP2A,RTEMP8
RBM1618C,RBM910C
RBM1618C,OXIM707SBK
RBM1618C,SG4ASHBR
RBM1618C,RBM1213C
RBM1618C,RBM1415C
RBM1618C,RBM1719C
RBM1618C,RBM1011C
RBM1618C,EECT400
RBM1618C,KRSC46HPBO
RBM1618C,ECHDD012A
MSL59261,IM140A
MSL59261,IM220
MSL59261,IM120A
MSL59261,VWB8B
MSL59261,HBFE16
MSL59261,PBS704
MSL59261,650
MSL59261,1250
MSL59261,SGASA104BR
MSL59261,SG7ASABR
WELDGOGLEKT,SHD1R
WELDGOGLEKT,91ACP
WELDGOGLEKT,96ACF
WELDGOGLEKT,FAM8E
WELDGOGLEKT,HBPT16
WELDGOGLEKT,97ACF
WELDGOGLEKT,PPC1A
WELDGOGLEKT,GSAF1F
WELDGOGLEKT,PPC206A
WELDGOGLEKT,PPC816B
UIM325,UPT35
UIM325,UPT2FL
UIM325,UPT65
UIM325,340SSDP
UIM325,PHT5
UIM325,ITHE100
UIM325,EEDM504F
UIM325,YA105013
UIM325,RULER600
UIM325,PGP120
VGP12412,A159
VGP12412,VGP22412
VGP12412,PK50A
VGP12412,VGP12418
VGP12412,VGP12406
VGP12412,VGP12509
VGP12412,VGP12808
VGP12412,AT109
VGP12412,YA1050B
VGP12412,PSO4625
VGP12808,VGP22412
VGP12808,A159
VGP12808,VGP104
VGP12808,VGP12509
VGP12808,VGP12418
VGP12808,VGP12412
VGP12808,VGP12406
VGP12808,AT109
VGP12808,DB121C
VGP12808,PTC250
WELDIGNRALLY,ATECH2FR125B
WELDIGNRALLY,SIMM170
WELDIGNRALLY,SRPCR3800
WELDIGNRALLY,SGDP31IRBR
WELDIGNRALLY,SHD1R
WELDIGNRALLY,SGD4BR
WELDIGNRALLY,SGDP42IRBR
WELDIGNRALLY,47ACF
WELDIGNRALLY,PL400B
WELDIGNRALLY,96ACF
YA337A,GA98A
YA337A,8HR
YA337A,AVSNP01160
YA337A,AW1013DK
YA337A,S6106KA
YA337A,CTB8174
YA337A,RULER601
YA337A,FB303B
YA337A,PH3050BR
YA337A,ACT83A
SHLL80A,FHBF80A
SHLL80A,SHL80A
SHLL80A,SHN36
SHLL80A,FHLL80
SHLL80A,THLL72
SHLL80A,FHL80
SHLL80A,SH80A
SHLL80A,EECT400
SHLL80A,KRSC46HPBO
SHLL80A,ECHDD012A
SHLX80A,SHN36
SHLX80A,SHX80B
SHLX80A,FHLL80
SHLX80A,FHLX80B
SHLX80A,THLLF72
SHLX80A,THLX72
SHLX80A,FHLLF80
SHLX80A,THRLX72
SHLX80A,EECT400
SHLX80A,KRSC46HPBO
PBS704,PBMP703A
PBS704,BLPPB704
PBS704,650
PBS704,SRP3A
PBS704,TF5A
PBS704,ACT73A
PBS704,ACT413A
PBS704,317MPC
PBS704,DB129C
PBS704,JCW62R
YA1175KIT,VWB8B
YA1175KIT,YA824C
YA1175KIT,EEDM596FK
YA1175KIT,MTTL7005PK
YA1175KIT,MTTL800
YA1175KIT,MTTL433
YA1175KIT,TW461
YA1175KIT,TW441
YA1175KIT,TW421
YA1175KIT,LDT40
IPL20C,312IPL
IPL20C,307IPLY
IPL20C,IPL24C
IPL20C,IPL22C
IPL20C,IPL26C
IPL20C,IPL18C
IPL20C,IPL32C
IPL20C,IPL28C
IPL20C,EECT400
IPL20C,KRSC46HPBO
STMM4,TMM4
STMM4,STMM4.5
STMM4,TMM4.5
STMM4,SFSM20
STMM4,SFSM6
STMM4,CTB8174
STMM4,PH3050BR
STMM4,FB303B
STMM4,YA450B
STMM4,ACT73A
AWTR8,AWTPH8
AWTR8,DBHS13
AWTR8,AWMBS9
AWTR8,AWMXL10
AWTR8,DBHM9
AWTR8,PKN90
AWTR8,DBT7
AWTR8,PH3050BR
AWTR8,EEDM525F
AWTR8,TDG1
AWTR8-1,SIMM150A
AWTR8-1,SIMM230
AWTR8-1,SGDP42IRBR
AWTR8-1,T72
AWTR8-1,SIMM170
AWTR8-1,EECT400
AWTR8-1,KRSC46HPBO
AWTR8-1,ECHDD012A
AWTR8-1,CTB8174
AWTR8-1,PH3050BR
OEX709B,SEPHDSETAOBA
OEX709B,317MSPC
OEX709B,114ATMP
OEX709B,AW1013DK
OEX709B,10R
OEX709B,KRSC46HPBO
OEX709B,ECHDD012A
OEX709B,CTB8174
OEX709B,PH3050BR
OEX709B,TPM16EM
TMU161A,TMU181A
TMU161A,TMU141A
TMU161A,TMU121A
TMU161A,XS2024A
TMU161A,XS1416A
TMU161A,EECT400
TMU161A,KRSC46HPBO
TMU161A,ECHDD012A
TMU161A,CTB8174
TMU161A,PH3050BR
MTTL310,FS201
MTTL310,FS141
MTTL310,YA824C
MTTL310,S9704KA
MTTL310,DBBPT13
MTTL310,S9711KA
MTTL310,212EFTAY
MTTL310,YA4275
MTTL310,RULER6
MTTL310,YA4050B
ECHDD012AR,EEDM503D
ECHDD012AR,ECPNH012
ECHDD012AR,ECPNI032R
ECHDD012AR,ECHDD012A
ECHDD012AR,ECARL032R
ECHDD012AR,ECPNJ032
ECHDD012AR,GLOVE300BL
ECHDD012AR,OFC14KT
ECHDD012AR,208CCP
ECHDD012AR,CTS561BITSET
KRA24,IPL20C
KRA24,IPL18C
KRA24,IPL28C
KRA24,97ACF
KRA24,FXK3
KRA24,FU8A
KRA24,FXK11
KRA24,47ACF
KRA24,IPL40C
KRA24,IPL38C
STX60E,213AFLEY
STX60E,207IMFLE
STX60E,210AFLEY
STX60E,STX55E
STX60E,307ESAMY
STX60E,SX20
STX60E,PH3050BR
STX60E,RULER6
STX60E,FB360C
STX60E,ITHE100
2050,AWMG9
2050,OEX38B
2050,PPB826A
2050,1650
2050,1250
2050,650
2050,SW421
2050,CTB8174
2050,PH3050BR
2050,ACT413A
KRSC323PJK,SDMT10D
KRSC323PJK,SDMT20D
KRSC323PJK,SOEX707
KRSC323PJK,EEDM504F
KRSC323PJK,PK500A
KRSC323PJK,SEPPREMETA
KRSC323PJK,SN15B
KRSC323PJK,IM1PT
KRSC323PJK,KRSC430APBO1
KRSC323PJK,313TWYA
S8184,S8184
S8184,B1458C
S8184,BCT1050
S8184,S6112
S8184,B1467A
S8184,S6110A
S8184,S6111
S8184,BT11
S8184,KRSC46HPBO
S8184,ECHDD012A
FK80,RAF80A
FK80,SLL80A
FK80,FZ80
FK80,TK72
FK80,FC72
FK80,FKF80A
FK80,KRSC46HPBO
FK80,ECHDD012A
FK80,CTB8174
FK80,PH3050BR
KRSC323PU,SDMT10D
KRSC323PU,SDMT20D
KRSC323PU,SOEX707
KRSC323PU,EEDM504F
KRSC323PU,PK500A
KRSC323PU,SEPPREMETA
KRSC323PU,SN15B
KRSC323PU,IM1PT
KRSC323PU,KRSC430APBO1
KRSC323PU,313TWYA
91ACPG,47ACF
91ACPG,PL1000START
91ACPG,9100GSM
91ACPG,96ACF
91ACPG,AWM110DHK
91ACPG,317MSPC
91ACPG,FA12LE
91ACPG,PGP50
91ACPG,FB360C
91ACPG,ACT83A
TMMDS4,96ACF
TMMDS4,T72
TMMDS4,SPBS18AR
TMMDS4,SIMM200
TMMDS4,SGDP42IRBR
TMMDS4,EECT400
TMMDS4,KRSC46HPBO
TMMDS4,ECHDD012A
TMMDS4,CTB8174
TMMDS4,PH3050BR
AW035D,ATKIFL
AW035D,XS1416A
AW035D,XS1820A
AW035D,AW028D
AW035D,XS810A
AW035D,XS1618A
AW035D,XS67A
AW035D,XS2024A
AW035D,EECT400
AW035D,KRSC46HPBO
MG1250,ATECH4RS600
MG1250,L872RJ
MG1250,429IM
MG1250,425IMM
MG1250,L62
MG1250,L8112A
MG1250,L122
MG1250,L872RM
MG1250,PWZ5
MG1250,ACT51234A
MG1250L,ATECH4RS600
MG1250L,L872RJ
MG1250L,429IM
MG1250L,425IMM
MG1250L,L62
MG1250L,L8112A
MG1250L,L122
MG1250L,L872RM
MG1250L,PWZ5
MG1250L,ACT51234A
ACT9103,SPBS12AR
ACT9103,SPBS18AR
ACT9103,IPL42C
ACT9103,ACT1297
ACT9103,ACTR4151A
ACT9103,ACT1290A
ACT9103,ACT51234A
ACT9103,ACT413A
ACT9103,XFRM705
ACT9103,SOXRRM710A
SGDP63IRBO,SGDP64IRBR
SGDP63IRBO,SGD6BR
SGDP63IRBO,SGDP31IRBR
SGDP63IRBO,SGD2BR
SGDP63IRBO,SGDP42IRBR
SGDP63IRBO,ECHDD012A
SGDP63IRBO,FB303B
SGDP63IRBO,CTB8174
SGDP63IRBO,PH3050BR
SGDP63IRBO,ACT83A
OXKRM705,210FRHMA
OXKRM705,XFRM705
OXKRM705,OEXSM710B
OXKRM705,210FCOMA
OXKRM705,TIF160
OXKRM705,XOM605
OXKRM705,OXRM710A
OXKRM705,CTB8174
OXKRM705,PH3050BR
OXKRM705,SVTS272A
317MSPC,114ATMP
317MSPC,SEPHDSETAOBA
317MSPC,TW401
317MSPC,211FSY
317MSPC,OEX709B
317MSPC,ECHDD012A
317MSPC,CTB8174
317MSPC,PH3050BR
317MSPC,VWB5B
317MSPC,TPM16EM
SW241,SW161A
SW241,S321
SW241,SW361
SW241,SW221
SW241,SW181A
SW241,SW141A
SW241,SW201
SW241,EECT400
SW241,KRSC46HPBO
SW241,ECHDD012A
L122,L62
L122,429IM
L122,425IMM
L122,LDH482
L122,L872RJ
L122,KRSC46HPBO
L122,ECHDD012A
L122,CTB8174
L122,PH3050BR
L122,MG1250
SN36,OEXM320B
SN36,SX80B
SN36,312IPL
SN36,F18LA
SN36,SLL80A
SN36,BRUTUS3R300
SN36,ATECH4RS600
SN36,PWZ4
SN36,KRSC46HPBO
SN36,ECHDD012A
GLOVE600MO,GLOVE309L
GLOVE600MO,GLOVE300BL
GLOVE600MO,GLOVE1100L
GLOVE600MO,SOSG01BKCL01
GLOVE600MO,GLASS90BYEAR
GLOVE600MO,HSPD16
GLOVE600MO,SFSM21
GLOVE600MO,OXIM6B
GLOVE600MO,AWMBPH9
GLOVE600MO,AWBPH13
GLOVE600XX,GLOVE309L
GLOVE600XX,GLOVE300BL
GLOVE600XX,GLOVE1100L
GLOVE600XX,SOSG01BKCL01
GLOVE600XX,GLASS90BYEAR
GLOVE600XX,HSPD16
GLOVE600XX,SFSM21
GLOVE600XX,OXIM6B
GLOVE600XX,AWMBPH9
GLOVE600XX,AWBPH13
SOEX710,SOEX704
SOEX710,SOEX30
SOEX710,SOEXM8
SOEX710,SOEXM9
SOEX710,SOEX38
SOEX710,CTB8174
SOEX710,PH3050BR
SOEX710,AT4135
SOEX710,DB129C
SOEX710,AT4124
TR108,BTG9
TR108,AF102
TR108,TR107A
TR108,SDMV208
TR108,TR117O
TR108,VSC4KT
TR108,TDG2
TR108,GA358B
TR108,GA460B
TR108,TIF160
FS141,FS161
FS141,222AFSP
FS141,218AFSP
FS141,FS181
FS141,FS241
FS141,FS201
FS141,FS221
FS141,PH3050BR
FS141,OC5A
FS141,FB303B
TW341,TW241
TW341,TW321
TW341,TW261
TW341,TW301
TW341,TW281
TW341,KRSC46HPBO
TW341,ECHDD012A
TW341,CTB8174
TW341,PH3050BR
TW341,EFPHANNIBALB
SGDMRC4-40,SGDMRC4-TM4
SGDMRC4-40,SGDMRCE44
SGDMRC4-40,SGDMRC11A
SGDMRC4-40,SDMT20D
SGDMRC4-40,SDMT10D
SGDMRC4-40,KRSC46HPBO
SGDMRC4-40,ECHDD012A
SGDMRC4-40,CTB8174
SGDMRC4-40,PH3050BR
SGDMRC4-40,YA450B
MAGMICRO,PTM2
MAGMICRO,ADCF8
MAGMICRO,PPK300
MAGMICRO,MAGMINI
MAGMICRO,MAGSTRIP
MAGMICRO,MAGTRAY
MAGMICRO,KACKMCFIBER1
MAGMICRO,MAGMAT
MAGMICRO,MAGDISH
MAGMICRO,PL344BCFND
AWXL13-3/32,96ACF
AWXL13-3/32,SPBS18AR
AWXL13-3/32,F80
AWXL13-3/32,SIMM190
AWXL13-3/32,SGD8BR
AWXL13-3/32,EECT400
AWXL13-3/32,KRSC46HPBO
AWXL13-3/32,ECHDD012A
AWXL13-3/32,CTB8174
AWXL13-3/32,PH3050BR
KRA2406BPOT,313TWYA
KRA2406BPOT,TW121A
KRA2406BPOT,TW201
KRA2406BPOT,TW221
KRA2406BPOT,TW161A
KRA2406BPOT,TW261
KRA2406BPOT,TW181A
KRA2406BPOT,TW361
KRA2406BPOT,TW321
KRA2406BPOT,TW141A
CDR861MDB,SGDX80BR
CDR861MDB,SRPCR3800
CDR861MDB,SPBS704AR
CDR861MDB,SGASA204CR
CDR861MDB,SGDP31IRBR
CDR861MDB,PL400B
CDR861MDB,TMXK4
CDR861MDB,PPC103A
CDR861MDB,ATECH2FR125B
CDR861MDB,BLPTHC87
PPCL60BK,PPB30AK
PPCL60BK,PPCS60BK
PPCL60BK,TESLASTUKIT
PPCL60BK,TMM16
PPCL60BK,BOERM22
PPCL60BK,BOERM21
PPCL60BK,GA296B
PPCL60BK,KRA2407PBO
PPCL60BK,PH1038
PPCL60BK,CTS561BITSET
L62,L122
L62,429IM
L62,425IMM
L62,L872RJ
L62,LDH482
L62,KRSC46HPBO
L62,ECHDD012A
L62,CTB8174
L62,PH3050BR
L62,MG1250
FHOF80AO,THRLX72
FHOF80AO,SHN36
FHOF80AO,PKNC300
FHOF80AO,FHBF80A
FHOF80AO,FH80MP
FHOF80AO,FZ80
FHOF80AO,PALMRAT
FHOF80AO,CTB8174
FHOF80AO,PH3050BR
FHOF80AO,PLRK30
PTGR110O,PSO4625
PTGR110O,PTR2500
PTGR110O,PTR2505
PTGR110O,PTGR100
PTGR110O,PTC250
PTGR110O,PDR3000A
PTGR110O,CJ2001P
PTGR110O,211EFAMY
PTGR110O,YA105013
PTGR110O,307ESAY
TMMD5,111TMMDY
TMMD5,TMMD7
TMMD5,TMMD8
TMMD5,TMMD11
TMMD5,TMMD12
TMMD5,TMMD9
TMMD5,TMMD6
TMMD5,TMMD5.5
TMMD5,ECHDD012A
TMMD5,CTB8174
TW321,TW301
TW321,TW361
TW321,TW341
TW321,TW281
TW321,TW261
TW321,KRSC46HPBO
TW321,ECHDD012A
TW321,CTB8174
TW321,PH3050BR
TW321,EFPHANNIBALB
FLF80A,9100AGMO
FLF80A,SEPAMTSETA
FLF80A,SN25A
FLF80A,2004BSKA
FLF80A,AWM110DHK
FLF80A,AC5C
FLF80A,TPM16
FLF80A,222AFSP
FLF80A,PK53A
FLF80A,ACT83A
SHL80AO,THLL72
SHL80AO,SH80A
SHL80AO,SHLL80A
SHL80AO,FHL80
SHL80AO,THL72
SHL80AO,DB121C
SHL80AO,PPB826A
SHL80AO,ECHDD012A
SHL80AO,CTB8174
SHL80AO,MTTL300
SHP7,HCP48BCF
SHP7,PHP3A
SHP7,SGA1714B
SHP7,SHP10
SHP7,SHP2KT
SHP7,PLRK30
SHP7,SGA1713B
SHP7,SGA102BR
SHP7,PHP1A
SHP7,PH3050BR
REX25C,TDTDM500B
REX25C,EXDL10A
REX25C,213TFSYA
REX25C,MSK10
REX25C,BEXD10A
REX25C,AWMEF8K
REX25C,PLRK30
REX25C,SVTA9100
REX25C,EECT424HD
REX25C,ACT407
TWM21,TWM17
TWM21,TWM19
TWM21,TWM26
TWM21,TWM23
TWM21,TWM20
TWM21,TWM22
TWM21,TWM24
TWM21,TWM18
TWM21,EECT400
TWM21,KRSC46HPBO
SHDP42IRR,SHDP63IRR
SHDP42IRR,SHD1R
SHDP42IRR,AOGMHC
SHDP42IRR,SHD4R
SHDP42IRR,SHDP31IRR
SHDP42IRR,SHD2R
SHDP42IRR,SHD6R
SHDP42IRR,ECHDD012A
SHDP42IRR,CTB8174
SHDP42IRR,PH3050BR
F201,F141
F201,F181
F201,F081
F201,F241
F201,F221
F201,F121
F201,EECT400
F201,KRSC46HPBO
F201,ECHDD012A
F201,CTB8174
CSSD1O,CSA12CR
CSSD1O,PHP2A
CSSD1O,AWPBX10
CSSD1O,CSSD50R
CSSD1O,CSA14CR
CSSD1O,PKWSS53A
CSSD1O,FB307RNB
CSSD1O,PKNC300
CSSD1O,AT4124
CSSD1O,SVTS264
EEPV503,TWM32
EEPV503,MTTL300
EEPV503,FZ7A
EEPV503,EEDMDVA
EEPV503,RC980
EEPV503,EEPV509
EEPV503,BLPHS1414
EEPV503,S9711KA
EEPV503,SS5A
EEPV503,CAL6EA
PKN3,SGDP42IRBR
PKN3,SIMM190
PKN3,SGDP31IRBR
PKN3,PPC816B
PKN3,F80
PKN3,EECT400
PKN3,KRSC46HPBO
PKN3,ECHDD012A
PKN3,CTB8174
PKN3,PH3050BR
ECARL032R,ECPRA072
ECARL032R,MAGDISH
ECARL032R,ECHDD012AR
ECARL032R,ECPNI032R
ECARL032R,ECPRL092
ECARL032R,MAGMINI
ECARL032R,ECPNJ032
ECARL032R,CTR862DB
ECARL032R,PT338
ECARL032R,TM72
AWCPEF16K,SWM231
AWCPEF16K,SWM201
AWCPEF16K,SWM211
AWCPEF16K,AWCG1600B
AWCPEF16K,AWMCG1600B
AWCPEF16K,CTS561BITSET
AWCPEF16K,TPM16EM
AWCPEF16K,PHT5
AWCPEF16K,120STTM
AWCPEF16K,EEDM504F
AWBSGM4A,SGASA204CR
AWBSGM4A,SGD4BR
AWBSGM4A,SPBS704AR
AWBSGM4A,TMXK2
AWBSGM4A,SGD6BR
AWBSGM4A,EECT400
AWBSGM4A,KRSC46HPBO
AWBSGM4A,ECHDD012A
AWBSGM4A,CTB8174
AWBSGM4A,PH3050BR
TWM25,TWM27
TWM25,TWM30
TWM25,TWM32
TWM25,TWM26
TWM25,TWM29
TWM25,TWM28
TWM25,TWM31
TWM25,CTB8174
TWM25,PH3050BR
TWM25,PG160
AWSG07A,TMU8B
AWSG07A,SIMM220
AWSG07A,SGD6BR
AWSG07A,T72
AWSG07A,PPC816B
AWSG07A,EECT400
AWSG07A,KRSC46HPBO
AWSG07A,ECHDD012A
AWSG07A,CTB8174
AWSG07A,PH3050BR
PPC210A,PPC203A
PPC210A,PPC208A
PPC210A,PPC204A
PPC210A,PPC206A
PPC210A,PPC205A
PPC210A,CTB8174
PPC210A,PH3050BR
PPC210A,FB307RNB
PPC210A,AT4135
PPC210A,AT4124
TMD12,TMD14
TMD12,TMD18
TMD12,TMD7
TMD12,TMD9
TMD12,TMD16
TMD12,TMD6
TMD12,EECT400
TMD12,KRSC46HPBO
TMD12,ECHDD012A
TMD12,CTB8174
TMD16,TMD7
TMD16,TMD14
TMD16,TMD18
TMD16,TMD9
TMD16,TMD6
TMD16,TMD11
TMD16,EECT400
TMD16,KRSC46HPBO
TMD16,ECHDD012A
TMD16,CTB8174
SW161A,SW201
SW161A,S321
SW161A,SW361
SW161A,SW221
SW161A,SW141A
SW161A,SW181A
SW161A,SW241
SW161A,EECT400
SW161A,KRSC46HPBO
SW161A,ECHDD012A
SW181A,SW201
SW181A,S321
SW181A,SW361
SW181A,SW221
SW181A,SW241
SW181A,SW141A
SW181A,SW161A
SW181A,EECT400
SW181A,KRSC46HPBO
SW181A,ECHDD012A
KCP1422PJK,AWM140DK
KCP1422PJK,AC58E
KCP1422PJK,111TMMDY
KCP1422PJK,KWSN2455ABL
KCP1422PJK,KWSN2455AST
KCP1422PJK,KWSP2455AST
KCP1422PJK,KWSP2455ABL
KCP1422PJK,KRWT2411
KCP1422PJK,SR40K
KCP1422PJK,BTC7B
PTM2G,PBMMB5R
PTM2G,GA358B
PTM2G,UIM2RSLT
PTM2G,PBMMB5G
PTM2G,SGAS102BG
PTM2G,PBMMS5G
PTM2G,PBMMA5R
PTM2G,FB336
PTM2G,LBUK1
PTM2G,MAGMAT
AT4101G,PK500A
AT4101G,QD3RN350A
AT4101G,TMP12E
AT4101G,AT4124
AT4101G,UTV614A
AT4101G,UTV615A
AT4101G,TWM31
AT4101G,TWM29
AT4101G,1210B
AT4101G,AWCGT500
F261,F281
F261,F181
F261,F241
F261,F201
F261,F221
F261,EECT400
F261,KRSC46HPBO
F261,ECHDD012A
F261,CTB8174
F261,PH3050BR
KRSC430APJJ1,HSPD16
KRSC430APJJ1,LDH442
KRSC430APJJ1,LDH462
KRSC430APJJ1,OXIM6B
KRSC430APJJ1,AWMBPH9
KRSC430APJJ1,KRSC323PBO
KRSC430APJJ1,STMM4
KRSC430APJJ1,YA2019
KRSC430APJJ1,AWBPH13
KRSC430APJJ1,10R
KRSC430APOT1,HSPD16
KRSC430APOT1,LDH442
KRSC430APOT1,LDH462
KRSC430APOT1,OXIM6B
KRSC430APOT1,AWMBPH9
KRSC430APOT1,KRSC323PBO
KRSC430APOT1,STMM4
KRSC430APOT1,YA2019
KRSC430APOT1,AWBPH13
KRSC430APOT1,10R
TW381,TW401
TW381,TW481
TW381,TW441
TW381,TW421
TW381,FAML6E
TW381,EECT400
TW381,KRSC46HPBO
TW381,ECHDD012A
TW381,CTB8174
TW381,PH3050BR
KRSC4130PC,TMU8B
KRSC4130PC,SRPCR4700
KRSC4130PC,SGDP42IRBR
KRSC4130PC,ATECH3FR300B
KRSC4130PC,SPBS12AR
KRSC4130PC,SGASA204CR
KRSC4130PC,91ACP
KRSC4130PC,TMXK4
KRSC4130PC,SIMM160A
KRSC4130PC,PPC4A
KRSC4130PCM,SGDP31IRBR
KRSC4130PCM,SHD1R
KRSC4130PCM,SGD8BR
KRSC4130PCM,TMXK60
KRSC4130PCM,TMXK2
KRSC4130PCM,SGDX80BR
KRSC4130PCM,FXK3
KRSC4130PCM,SRPCR4700
KRSC4130PCM,FX1
KRSC4130PCM,SGD4BR
TMMD5.5,111TMMDY
TMMD5.5,TMMD7
TMMD5.5,TMMD8
TMMD5.5,TMMD11
TMMD5.5,TMMD12
TMMD5.5,TMMD5
TMMD5.5,TMMD6
TMMD5.5,TMMD9
TMMD5.5,ECHDD012A
TMMD5.5,CTB8174
VWB5B,SGTT6B
VWB5B,SGTT4B
VWB5B,204IMXA
VWB5B,PTGR100
VWB5B,SGTT110B
VWB5B,SGTT8B
VWB5B,SGTT9B
VWB5B,SGTT1B
VWB5B,SGTT2B
VWB5B,SGTT3B
PWZ2A,S3624
PWZ2A,HL138ACP
PWZ2A,A3042
PWZ2A,PWZ1A
PWZ2A,PWZ0A
PWZ2A,PWZ4
PWZ2A,PWZ3A
PWZ2A,ECHDD012A
PWZ2A,CTB8174
PWZ2A,CAL6EBR
SHX80BG,FHLF80A
SHX80BG,FHOF80A
SHX80BG,THLF72
SHX80BG,THLX72
SHX80BG,FHLX80B
SHX80BG,THRLX72
SHX80BG,SH80A
SHX80BG,EECT400
SHX80BG,KRSC46HPBO
SHX80BG,ECHDD012A
FS221,222AFSP
FS221,218AFSP
FS221,210AFSP
FS221,FS241
FS221,FS121
FS221,FS141
FS221,FS181
FS221,FS201
FS221,PH3050BR
FS221,OC5A
FR80,SR80A
FR80,TRF72
FR80,SWM251
FR80,TR72
FR80,AWEF6K
FR80,AWMEF8K
FR80,CTB8174
FR80,PH3050BR
FR80,EARPLUGBAND
FR80,GLASS30R
SGDMRC44BG,SEPPREMETA
SGDMRC44BG,ATKIFL
SGDMRC44BG,ATKBFL
SGDMRC44BG,XS2024A
SGDMRC44BG,TB40C
SGDMRC44BG,XS1416A
SGDMRC44BG,XS1820A
SGDMRC44BG,XS1012A
SGDMRC44BG,XS2226A
SGDMRC44BG,KRSC46HPBO
CTCO861DB,CTR867AK2
CTCO861DB,CTB8174
CTCO861DB,CT9080K2
CTCO861DB,CTRS761ADB
CTCO861DB,CTSG861DB
CTCO861DB,CT825DB
CTCO861DB,PTC250
CTCO861DB,PTGR110
CTCO861DB,PWCSS7ACF
CTCO861DB,PL5ESWIRESTRIP
SGDTX90BG,SGDXL80BR
SGDTX90BG,SGDTX315BR
SGDTX90BG,SGDP63IRBG
SGDTX90BG,ACT73A
SGDTX90BG,SGDP64IRBR
SGDTX90BG,SRP3A
SGDTX90BG,JCW62R
SGDTX90BG,ACT413A
SGDTX90BG,OEXM7B
SGDTX90BG,YA339A
SVTS264,SGA1714B
SVTS264,IPL16C
SVTS264,IPL34C
SVTS264,SVTA9100
SVTS264,TA32A
SVTS264,RADKITULTRA
SVTS264,SVTSRAD272U
SVTS264,ACT925
SVTS264,PHP2A
SVTS264,XDHFM606K1
TMMS10,TMMS7
TMMS10,TMMS14
TMMS10,TMMS13
TMMS10,TMMS5.5
TMMS10,TMMS8
TMMS10,KRSC46HPBO
TMMS10,ECHDD012A
TMMS10,CTB8174
TMMS10,PH3050BR
TMMS10,OC5A
TMMS11,TMMS9
TMMS11,TMMS6
TMMS11,TMMS14
TMMS11,TMMS7
TMMS11,TMMS13
TMMS11,ECHDD012A
TMMS11,CTB8174
TMMS11,PH3050BR
TMMS11,GA460B
TMMS11,OC5A
TTX27E,TTX25E
TTX27E,SFSM6
TTX27E,FTX60E
TTX27E,TTX30E
TTX27E,TTX40E
TTX27E,PPCS60BK
TTX27E,HSPD16
TTX27E,FB360C
TTX27E,TPGIF1600A
TTX27E,PSO4625
GAW1916,F80
GAW1916,SIMM200
GAW1916,SPBS8AR
GAW1916,SPBS12AR
GAW1916,FU8A
GAW1916,EECT400
GAW1916,KRSC46HPBO
GAW1916,ECHDD012A
GAW1916,CTB8174
GAW1916,PH3050BR
AWSGM2.5A,TMXK4
AWSGM2.5A,GFAT1E
AWSGM2.5A,SGD4BR
AWSGM2.5A,FU8A
AWSGM2.5A,SRPCR4700
AWSGM2.5A,EECT400
AWSGM2.5A,KRSC46HPBO
AWSGM2.5A,ECHDD012A
AWSGM2.5A,CTB8174
AWSGM2.5A,PH3050BR
AWBCG1609,F80
AWBCG1609,SIMM180
AWBCG1609,FU8A
AWBCG1609,ATECH3FR300B
AWBCG1609,BLPTHC87
AWBCG1609,EECT400
AWBCG1609,KRSC46HPBO
AWBCG1609,ECHDD012A
AWBCG1609,CTB8174
AWBCG1609,PH3050BR
SIM260,SIM320
SIM260,SIM280
SIM260,SIM220
SIM260,SIM240
SIM260,SIM340
SIM260,KRSC46HPBO
SIM260,ECHDD012A
SIM260,CTB8174
SIM260,PH3050BR
SIM260,YA438B
SIMM290,SIMM320
SIMM290,305SIMMY
SIMM290,PKNC150
SIMM290,SIMM350
SIMM290,SIMM340
SIMM290,SIMM300
SIMM290,SIMM360
SIMM290,YA450B
SIMM290,PH3050BR
SIMM290,FB303B
S61112,SDDDM1AR
S61112,TL72
S61112,RTD48
S61112,SDMV208
S61112,VSC4KT
S61112,B1356E
S61112,PWZ1A
S61112,TDG2
S61112,TQSG3F250
S61112,KRSC46HPBO
IPL24C,IPL30C
IPL24C,IPL36C
IPL24C,IPL34C
IPL24C,IPL38C
IPL24C,IPL16C
IPL24C,EECT400
IPL24C,KRSC46HPBO
IPL24C,ECHDD012A
IPL24C,CTB8174
IPL24C,PH3050BR
IMM190,IMM220
IMM190,IMM170A
IMM190,IMM210
IMM190,IMM240
IMM190,IMM230
IMM190,EECT400
IMM190,KRSC46HPBO
IMM190,ECHDD012A
IMM190,CTB8174
IMM190,PH3050BR
TW461,TWM31
TW461,TWM29
TW461,SS5A
TW461,TW441
TW461,TW421
TW461,TWM28
TW461,TWM26
TW461,PH3050BR
TW461,MTTL300
TW461,CAL6EA
AWBMCG1606,BLPTHC87
AWBMCG1606,SIMM170
AWBMCG1606,SPBS18AR
AWBMCG1606,PPC4A
AWBMCG1606,T72
AWBMCG1606,EECT400
AWBMCG1606,KRSC46HPBO
AWBMCG1606,ECHDD012A
AWBMCG1606,CTB8174
AWBMCG1606,PH3050BR
SDD214,SHD1R
SDD214,SPBS704AR
SDD214,SIMM180
SDD214,SDDDM1AR
SDD214,PT40B
SDD214,LN46ACF
SDD214,FXK8
SDD214,GSAF1F
SDD214,EECT400
SDD214,KRSC46HPBO
VWB800D,PTGR100
VWB800D,SAG03S20
VWB800D,PDR3000A
VWB800D,DB129C
VWB800D,SDG10S25F
VWB800D,EXD35A
VWB800D,PBMP703A
VWB800D,CJ2001P
VWB800D,SHP10
VWB800D,MSL59261
PH3050BR,PTR72
PH3050BR,IPL20C
PH3050BR,IPL18C
PH3050BR,PHG1055BK
PH3050BR,PTC250
PH3050BR,PTGR100
PH3050BR,MG1250
PH3050BR,VWB8B
PH3050BR,PTGR110
PH3050BR,RADKITULTRA
STMD6,STMD7
STMD6,STMD9
STMD6,STMD16
STMD6,STMD12
STMD6,STMD14
STMD6,KRSC46HPBO
STMD6,ECHDD012A
STMD6,CTB8174
STMD6,PH3050BR
STMD6,TB40C
FAML6E,FA12LE
FAML6E,FRX181
FAML6E,FABLM5E
FAML6E,SA16E
FAML6E,HD6529
FAML6E,CTB8174
FAML6E,PH3050BR
FAML6E,TPM16EM
FAML6E,BB9008
FAML6E,A277
THLLF72O,BLPHEXS1418
THLLF72O,FHLL80
THLLF72O,TKF72
THLLF72O,FHLLF80
THLLF72O,THLL72
THLLF72O,FHLX80B
THLLF72O,SHLX80A
THLLF72O,FHOF80A
THLLF72O,EECT400
THLLF72O,KRSC46HPBO
AWML1.5D,ATECH3FR300B
AWML1.5D,TMU8B
AWML1.5D,PPC816B
AWML1.5D,SGD4BR
AWML1.5D,SGDX80BR
AWML1.5D,EECT400
AWML1.5D,KRSC46HPBO
AWML1.5D,ECHDD012A
AWML1.5D,CTB8174
AWML1.5D,PH3050BR
AWTR8-4,SGD4BR
AWTR8-4,PPC103A
AWTR8-4,TMXK2
AWTR8-4,PPC4A
AWTR8-4,FXK6
AWTR8-4,EECT400
AWTR8-4,KRSC46HPBO
AWTR8-4,ECHDD012A
AWTR8-4,CTB8174
AWTR8-4,PH3050BR
IPLM10C,312IPLM
IPLM10C,IPL32C
IPLM10C,312IPL
IPLM10C,IPLM11C
IPLM10C,IPLM12C
IPLM10C,IPLM13C
IPLM10C,IPLM16C
IPLM10C,IPL26C
IPLM10C,EECT400
IPLM10C,KRSC46HPBO
CTR867ADB,LSR1000EXT
CTR867ADB,CTS561BITSET
CTR867ADB,PTC250
CTR867ADB,CT9080K2
CTR867ADB,CT825DB
CTR867ADB,LSR2000
CTR867ADB,LSR1150
CTR867ADB,LSR1250
CTR867ADB,CTR861AK2
CTR867ADB,CTB8174
AWM4D,SGD2BR
AWM4D,PL400B
AWM4D,SGDP42IRBR
AWM4D,SIMM240
AWM4D,SGDP31IRBR
AWM4D,EECT400
AWM4D,KRSC46HPBO
AWM4D,ECHDD012A
AWM4D,CTB8174
AWM4D,PH3050BR
208CCP,2005BSKA
208CCP,AYESHDA
208CCP,2004BSKA
208CCP,B260A
208CCP,BTC7B
208CCP,BTC3A
208CCP,BTK5
208CCP,PKNC125C2
208CCP,FB303B
208CCP,OC5A
211EFAMY,208EFAY
211EFAMY,SEPPROCORE1A
211EFAMY,FAM8E
211EFAMY,212EFTAY
211EFAMY,307ESAY
211EFAMY,MTTL310
211EFAMY,AT4124
211EFAMY,PTIM5
211EFAMY,PKRS1
211EFAMY,CTB8174
212EFTXY,211EFAMY
212EFTXY,SEPPREMETA
212EFTXY,9100AGMO
212EFTXY,207EFAMY
212EFTXY,FTX60E
212EFTXY,AWM110DHK
212EFTXY,AC5C
212EFTXY,TPM16
212EFTXY,KRA2007FPBO
212EFTXY,FB360C
AT5500,AT2050
AT5500,AYESSETC
AT5500,OEXM707B
AT5500,AT380A
AT5500,AT700F
AT5500,TTX40E
AT5500,TTX27E
AT5500,TTX30E
AT5500,BCS70A
AT5500,112TMMDSY
FC72,TRF72
FC72,SLL80A
FC72,TK72
FC72,FCF72
FC72,FK80
FC72,TM72
FC72,FSLF80
FC72,EECT400
FC72,KRSC46HPBO
FC72,ECHDD012A
ATECH3FR300B,ATECH2FR125B
ATECH3FR300B,310IMMYA
ATECH3FR300B,TECH1FR240
ATECH3FR300B,YA438B
ATECH3FR300B,OXIM6B
ATECH3FR300B,BLPTE3816
ATECH3FR300B,BLPTE3814
ATECH3FR300B,BLPTE3812
ATECH3FR300B,PH3050BR
ATECH3FR300B,TA32A
CT9080GDB,CTB185
CT9080GDB,CTB8187
CT9080GDB,CTINF9010
CT9080GDB,CTC131A
CT9080GDB,CTR867AK2
CT9080GDB,YA438B
CT9080GDB,BLPTE3816
CT9080GDB,BLPTE3814
CT9080GDB,BLPTE3812
CT9080GDB,BLPTE3810
CDR4P32K3DB,SGD8BR
CDR4P32K3DB,SPBS18AR
CDR4P32K3DB,47ACF
CDR4P32K3DB,FXK3
CDR4P32K3DB,SRPCR4700
CDR4P32K3DB,SGD4BR
CDR4P32K3DB,A2A
CDR4P32K3DB,SGDP42IRBR
CDR4P32K3DB,SHD1R
CDR4P32K3DB,SPBS8AR
XS1416A,ATKIFL
XS1416A,XS1214A
XS1416A,XS67A
XS1416A,XS2024A
XS1416A,XS1820A
XS1416A,XS1012A
XS1416A,XS2226A
XS1416A,XS1618A
XS1416A,EECT400
XS1416A,KRSC46HPBO
SGDMRCE44G,SGDMRC4A
SGDMRCE44G,SGDMRC4-TM4
SGDMRCE44G,SGDMRC11A
SGDMRCE44G,SSDMRT8A
SGDMRCE44G,SSFP2
SGDMRCE44G,KRSC46HPBO
SGDMRCE44G,ECHDD012A
SGDMRCE44G,CTB8174
SGDMRCE44G,PH3050BR
SGDMRCE44G,YA450B
SGDX80BG,9100GSM
SGDX80BG,ATKIFL
SGDX80BG,XS2226A
SGDX80BG,XS2024A
SGDX80BG,XS1416A
SGDX80BG,XS1820A
SGDX80BG,XS1618A
SGDX80BG,XS1012A
SGDX80BG,EECT400
SGDX80BG,KRSC46HPBO
SHD2R,SHDP63IRR
SHD2R,SHD1R
SHD2R,AOGMHC
SHD2R,SHDP42IRR
SHD2R,SHD6R
SHD2R,SHDP31IRR
SHD2R,SHD4R
SHD2R,ECHDD012A
SHD2R,CTB8174
SHD2R,PH3050BR
CSA14C,CSA12CR
CSA14C,CSSD50R
CSA14C,AW1020DK
CSA14C,AWM140DK
CSA14C,CSSD1R
CSA14C,CTB8174
CSA14C,PH3050BR
CSA14C,GA296B
CSA14C,FB360C
CSA14C,ECFB200BL
CSSD50B,CSA12CR
CSSD50B,PKN500
CSSD50B,SGAS102BR
CSSD50B,CSSD1R
CSSD50B,CSA14CR
CSSD50B,PKNC300
CSSD50B,AWPBX10
CSSD50B,PH3050BR
CSSD50B,FB336
CSSD50B,RADKITULTRA
490CF,911ACF
490CF,BDGPL300HG
490CF,312CF
490CF,411CF
490CF,912AEP
490CF,612AEP
490CF,908CF
490CF,EECT400
490CF,KRSC46HPBO
490CF,ECHDD012A
414AHD,SOEX36
414AHD,SOEX30
414AHD,YA4275
414AHD,PKNC150
414AHD,SOEX38
414AHD,SOEX40
414AHD,SOEX707
414AHD,KRSC46HPBO
414AHD,ECHDD012A
414AHD,CTB8174
SH80AG,SHL80A
SH80AG,FHBB12A
SH80AG,SHLL80A
SH80AG,THL72
SH80AG,FHR80
SH80AG,THR72
SH80AG,SN15B
SH80AG,EECT400
SH80AG,KRSC46HPBO
SH80AG,ECHDD012A
SHBB24,SHN36
SHBB24,SH80A
SHBB24,SHL80A
SHBB24,FHBB18A
SHBB24,FHBB12A
SHBB24,TECH3FR250
SHBB24,SR80A
SHBB24,ECHDD012A
SHBB24,CTB8174
SHBB24,PH3050BR
GLOVE900MR,GLOVEORIGPLUSL
GLOVE900MR,GLASS50R
GLOVE900MR,SOSG01BKCL01
GLOVE900MR,GLOVE1100L
GLOVE900MR,GLOVE505RL
GLOVE900MR,GLOVE309L
GLOVE900MR,GLOVE300BL
GLOVE900MR,OFC14KT
GLOVE900MR,CTB8187
GLOVE900MR,PHP1A
GLOVE900XLPK,GLOVEORIGPLUSL
GLOVE900XLPK,GLASS50R
GLOVE900XLPK,SOSG01BKCL01
GLOVE900XLPK,GLOVE1100L
GLOVE900XLPK,GLOVE505RL
GLOVE900XLPK,GLOVE309L
GLOVE900XLPK,GLOVE300BL
GLOVE900XLPK,OFC14KT
GLOVE900XLPK,CTB8187
GLOVE900XLPK,PHP1A
315SIMMYA,313SIMA
315SIMMYA,325SIMM
315SIMMYA,SIMM110A
315SIMMYA,315IMMYA
315SIMMYA,310SIMMYA
315SIMMYA,320SIM
315SIMMYA,309SIMYA
315SIMMYA,KRSC46HPBO
315SIMMYA,ECHDD012A
315SIMMYA,CTB8174
TWM17,TWM24
TWM17,TW281
TWM17,TWM22
TWM17,TWM19
TWM17,TWM18
TWM17,TWM21
TWM17,TWM23
TWM17,EECT400
TWM17,KRSC46HPBO
TWM17,ECHDD012A
KRA2407PU,TESLASTUKIT
KRA2407PU,DPT7A
KRA2407PU,S6103A
KRA2407PU,TMM16
KRA2407PU,BOERM22
KRA2407PU,BOERM21
KRA2407PU,131TMPB
KRA2407PU,14V
KRA2407PU,GA243
KRA2407PU,PPCL60BK
TMMDS4.5,FXK6
TMMDS4.5,GFAT1E
TMMDS4.5,SPBS704AR
TMMDS4.5,PWCS7ACF
TMMDS4.5,PL400B
TMMDS4.5,EECT400
TMMDS4.5,KRSC46HPBO
TMMDS4.5,ECHDD012A
TMMDS4.5,CTB8174
TMMDS4.5,PH3050BR
VS814A,211FCOA
VS814A,IPL38C
VS814A,IPL32C
VS814A,314SCOA
VS814A,VSM807B
VS814A,312IPL
VS814A,MG1250
VS814A,OEX44B
VS814A,CTB8174
VS814A,PH3050BR
SIM220,SIM200
SIM220,SIM260
SIM220,SIM320
SIM220,SIM240
SIM220,SIM280
SIM220,KRSC46HPBO
SIM220,ECHDD012A
SIM220,CTB8174
SIM220,PH3050BR
SIM220,YA438B
SWM141A,SWM181
SWM141A,SWM171
SWM141A,SWM201
SWM141A,SWM231
SWM141A,SWM221
SWM141A,KRSC46HPBO
SWM141A,ECHDD012A
SWM141A,CTB8174
SWM141A,PH3050BR
SWM141A,FB303B
TQSG3F250,QD2FR75B
TQSG3F250,SR40K
TQSG3F250,LSR1450
TQSG3F250,TQFR100C
TQSG3F250,LSRM2000
TQSG3F250,TF5A
TQSG3F250,A3042
TQSG3F250,TPGDL2000
TQSG3F250,DB129C
TQSG3F250,EECT424HD
AWMG9,BTC7B
AWMG9,GAJ12A
AWMG9,SEPPROCORE1A
AWMG9,AWS13
AWMG9,PPB826A
AWMG9,PK52A
AWMG9,MTTL300
AWMG9,DB121C
AWMG9,PH3050BR
AWMG9,AT4124
TMC104E,TMC106E
TMC104E,TMP23E
TMC104E,TM82
TMC104E,TMC105E
TMC104E,VO2628B
TMC104E,EECT400
TMC104E,KRSC46HPBO
TMC104E,ECHDD012A
TMC104E,CTB8174
TMC104E,PH3050BR
TQFR100C,QD1R50A
TQFR100C,IPL22C
TQFR100C,IPL20C
TQFR100C,TQSG3F250
TQFR100C,BPPC1878
TQFR100C,307IPLY
TQFR100C,IPL36C
TQFR100C,PH3050BR
TQFR100C,YA4000B
TQFR100C,KRA2411PBO
AWT15A,PWCS7ACF
AWT15A,SRPCR4700
AWT15A,PPC816B
AWT15A,SGDP42IRBR
AWT15A,SPBS704AR
AWT15A,EECT400
AWT15A,KRSC46HPBO
AWT15A,ECHDD012A
AWT15A,CTB8174
AWT15A,PH3050BR
EEDM596FK,MTTL800
EEDM596FK,RTEMP8
EEDM596FK,TWM25
EEDM596FK,AWM140DK
EEDM596FK,OC5A
EEDM596FK,EFPHANNIBALB
EEDM596FK,PG160
EEDM596FK,RXS605B
EEDM596FK,218AFP
EEDM596FK,TWM26
KRA2411PJJ,KWSP2455ABL
KRA2411PJJ,313SMYA
KRA2411PJJ,310TWMYA
KRA2411PJJ,KWSN2455AST
KRA2411PJJ,KRWT2411
KRA2411PJJ,KRA6210FPBO
KRA2411PJJ,BHS7A
KRA2411PJJ,EFPHANNIBALB
KRA2411PJJ,PG160
KRA2411PJJ,AWM140DK
KRA2411PJK,KWSP2455ABL
KRA2411PJK,313SMYA
KRA2411PJK,310TWMYA
KRA2411PJK,KWSN2455AST
KRA2411PJK,KRWT2411
KRA2411PJK,KRA6210FPBO
KRA2411PJK,BHS7A
KRA2411PJK,EFPHANNIBALB
KRA2411PJK,PG160
KRA2411PJK,AWM140DK
AWT9A,SGD2BR
AWT9A,TMU8B
AWT9A,FXK3
AWT9A,91ACP
AWT9A,SGASA204CR
AWT9A,EECT400
AWT9A,KRSC46HPBO
AWT9A,ECHDD012A
AWT9A,CTB8174
AWT9A,PH3050BR
FHLLF80,FH80MP
FHLLF80,THLF72
FHLLF80,FHBF80A
FHLLF80,THLLF72
FHLLF80,SHLF80A
FHLLF80,FHOF80A
FHLLF80,SHLL80A
FHLLF80,SHLX80A
FHLLF80,KRSC46HPBO
FHLLF80,ECHDD012A
CT825GDB,CTB185
CT825GDB,106TMUSMA
CT825GDB,IMFLE80A
CT825GDB,CTRS761ADB
CT825GDB,CTCO861K2
CT825GDB,112SIMTMM
CT825GDB,CTR867AK2
CT825GDB,CTQ838DB
CT825GDB,MAGTRAY
CT825GDB,106IPTMMA
CT825GK2,CTB185
CT825GK2,106TMUSMA
CT825GK2,IMFLE80A
CT825GK2,CTRS761ADB
CT825GK2,CTCO861K2
CT825GK2,112SIMTMM
CT825GK2,CTR867AK2
CT825GK2,CTQ838DB
CT825GK2,MAGTRAY
CT825GK2,106IPTMMA
GMB3042,A3042
GMB3042,GMB3041
GMB3042,SDM400A
GMB3042,GM3046
GMB3042,SDMT25D
GMB3042,SDMT10D
GMB3042,KRSC46HPBO
GMB3042,ECHDD012A
GMB3042,CTB8174
GMB3042,PH3050BR
CT861GK2,TESLASTUKIT
CT861GK2,FSM71
CT861GK2,PHP2A
CT861GK2,TMM16
CT861GK2,BOERM22
CT861GK2,BOERM21
CT861GK2,131TMPB
CT861GK2,PPCL60BK
CT861GK2,KRA2407PBO
CT861GK2,SFSM21
KAERNADD6RD,SGASA104BR
KAERNADD6RD,MTTL700
KAERNADD6RD,SG4ASHBR
KAERNADD6RD,PLRK21
KAERNADD6RD,PLRK27
KAERNADD6RD,PLRK30
KAERNADD6RD,ASTFUN19KIT
KAERNADD6RD,JCW80AR
KAERNADD6RD,TB20AC
KAERNADD6RD,ECSPH271
AWBSGM25A,SIMM220
AWBSGM25A,SPBS12AR
AWBSGM25A,SIMM240
AWBSGM25A,47ACF
AWBSGM25A,F80
AWBSGM25A,EECT400
AWBSGM25A,KRSC46HPBO
AWBSGM25A,ECHDD012A
AWBSGM25A,CTB8174
AWBSGM25A,PH3050BR
SGD153BR,SW341
SGD153BR,F12LB
SGD153BR,PPCD70BK
SGD153BR,SGD155CR
SGD153BR,FZ7A
SGD153BR,EEPV509
SGD153BR,EEPV500
SGD153BR,YA4000B
SGD153BR,210EFTXRY
SGD153BR,RTEMPB7
211SFSY,211FSY
211SFSY,317MSPC
211SFSY,SOEX707
211SFSY,114ATMP
211SFSY,TW401
211SFSY,KRSC46HPBO
211SFSY,ECHDD012A
211SFSY,CTB8174
211SFSY,TPM16EM
211SFSY,PH3050BR
SPBS18AR,UPTM65K
SPBS18AR,PK52A
SPBS18AR,SOEX40
SPBS18AR,SPBS8AR
SPBS18AR,SPBS12AR
SPBS18AR,PKNC150
SPBS18AR,SOEX38
SPBS18AR,EECT400
SPBS18AR,KRSC46HPBO
SPBS18AR,ECHDD012A
FADH6C,FADH704C
FADH6C,FADH704CG
FADH6C,FADH704CO
FADH6C,FADH10C
FADH6C,FADH8C
FADH6C,FADH12C
FADH6C,PKNC300
FADH6C,SVSM807A
FADH6C,EECT400
FADH6C,KRSC46HPBO
KRSC343POT,SFSM19
KRSC343POT,SFSM17
KRSC343POT,SFSM14
KRSC343POT,RULER600
KRSC343POT,DS809K
KRSC343POT,WTG8A
KRSC343POT,HBFE16
KRSC343POT,208EFAY
KRSC343POT,PPC208A
KRSC343POT,206EAU
PH200D,SPBS12AR
PH200D,ATECH2FR125B
PH200D,SPBS18AR
PH200D,YA900
PH200D,PHG1055BK
PH200D,PH3050BR
PH200D,FXK4
PH200D,FXK8
PH200D,LN47ACF
PH200D,ATECH3FR300B
GLOVE502BMB,FL80
GLOVE502BMB,SN24C
GLOVE502BMB,BLPTL1425
GLOVE502BMB,BLPTL146
GLOVE502BMB,BLPTL148
GLOVE502BMB,BLPTL149
GLOVE502BMB,BLPTL1410
GLOVE502BMB,BLPTL1427
GLOVE502BMB,BLPTL1415
GLOVE502BMB,BLPTL3840
B3404B,B1356E
B3404B,BT11
B3404B,131A
B3404B,S6118A
B3404B,B1461
B3404B,ECHDD012A
B3404B,CTB8174
B3404B,PH3050BR
B3404B,YA450B
B3404B,FB303B
AWMXL10-1.5,FXK11
AWMXL10-1.5,91ACP
AWMXL10-1.5,PPC103A
AWMXL10-1.5,ATECH3FR300B
AWMXL10-1.5,SIMM240
AWMXL10-1.5,EECT400
AWMXL10-1.5,KRSC46HPBO
AWMXL10-1.5,ECHDD012A
AWMXL10-1.5,CTB8174
AWMXL10-1.5,PH3050BR
BOERM10,BOERM8
BOERM10,BOERM19
BOERM10,BHM9A
BOERM10,BOERM12
BOERM10,BOERM17
BOERM10,BOERM13
BOERM10,BOERM14
BOERM10,ECHDD012A
BOERM10,CTB8174
BOERM10,ECHDF042
BOERM13,TMMS9
BOERM13,FTXB55E
BOERM13,TMMS6
BOERM13,BOERM10
BOERM13,BOERM15
BOERM13,BOERM14
BOERM13,BOERM17
BOERM13,BOERM12
BOERM13,EECT400
BOERM13,KRSC46HPBO
BPTOTEC,SRPCR3800
BPTOTEC,SGDP31IRBR
BPTOTEC,SHD1R
BPTOTEC,SIMM160A
BPTOTEC,SIMM150A
BPTOTEC,SRPCR4700
BPTOTEC,SPBS12AR
BPTOTEC,96ACF
BPTOTEC,SGD2BR
BPTOTEC,SGD6BR
BTWSMPK,PWC52A
BTWSMPK,SGDMRC11A
BTWSMPK,SEPAMTSETA
BTWSMPK,TB50WC
BTWSMPK,PPSG106
BTWSMPK,110ETMAY
BTWSMPK,XO605
BTWSMPK,KRSC46HPBO
BTWSMPK,ECHDD012A
BTWSMPK,CTB8174
FIH500,TMXK2
FIH500,FHLF80A
FIH500,SGD6BR
FIH500,FU8A
FIH500,SIMM240
FIH500,EECT400
FIH500,KRSC46HPBO
FIH500,ECHDD012A
FIH500,CTB8174
FIH500,PH3050BR
7031A,SWM201
7031A,SWM211
7031A,SWM241
7031A,305SXWP
7031A,OEX38B
7031A,313SWYA
7031A,SWM221
7031A,SWM231
7031A,EECT400
7031A,KRSC46HPBO
AYESHDA,SRPCR3800
AYESHDA,SGD8BR
AYESHDA,SGDP31IRBR
AYESHDA,SPBS704AR
AYESHDA,SPBS8AR
AYESHDA,TPGDL2000
AYESHDA,KRSC46HPBO
AYESHDA,ECHDD012A
AYESHDA,CTB8174
AYESHDA,PH3050BR
BLPTE144,BLPTE1224
BLPTE144,BLPTE1218
BLPTE144,BLPTE1220
BLPTE144,BLPTE145
BLPTE144,BLPTE147
BLPTE144,BLPTE146
BLPTE144,BLPTE148
BLPTE144,BLPTE1222
BLPTE144,EECT400
BLPTE144,KRSC46HPBO
BDGPL411HG,915CF
BDGPL411HG,AWP45
BDGPL411HG,PL803A
BDGPL411HG,BDGPL412HG
BDGPL411HG,BDGPL410HG
BDGPL411HG,XDHFM606K1
BDGPL411HG,LIL59000
BDGPL411HG,EEJP201MBKA-NA
BDGPL411HG,MTTL800
BDGPL411HG,JCW80AR
BLPH388,BLPH386
BLPH388,BLPH3814
BLPH388,BLPH3838
BLPH388,BLPH389
BLPH388,BLPH387
BLPH388,BLPH3810
BLPH388,BLPH38732
BLPH388,EECT400
BLPH388,KRSC46HPBO
BLPH388,ECHDD012A
BLPHL38516,SRPCR3800
BLPHL38516,SGD8BR
BLPHL38516,FU8A
BLPHL38516,SIMM150A
BLPHL38516,SPBS12AR
BLPHL38516,EECT400
BLPHL38516,KRSC46HPBO
BLPHL38516,ECHDD012A
BLPHL38516,CTB8174
BLPHL38516,PH3050BR
BLPHS14516,TMU8B
BLPHS14516,F80
BLPHS14516,TMXK2
BLPHS14516,SPBS18AR
BLPHS14516,91ACP
BLPHS14516,EECT400
BLPHS14516,KRSC46HPBO
BLPHS14516,ECHDD012A
BLPHS14516,CTB8174
BLPHS14516,PH3050BR
BLPHS14532,TMU8B
BLPHS14532,PWCS7ACF
BLPHS14532,FX1
BLPHS14532,GFAT1E
BLPHS14532,FXK3
BLPHS14532,EECT400
BLPHS14532,KRSC46HPBO
BLPHS14532,ECHDD012A
BLPHS14532,CTB8174
BLPHS14532,PH3050BR
BLPHS14732,TMU8B
BLPHS14732,A2A
BLPHS14732,FXK3
BLPHS14732,SGD8BR
BLPHS14732,91ACP
BLPHS14732,EECT400
BLPHS14732,KRSC46HPBO
BLPHS14732,ECHDD012A
BLPHS14732,CTB8174
BLPHS14732,PH3050BR
JT13B,GA296B
JT13B,14V
JT13B,9000GS3O
JT13B,BLP15HVLP
JT13B,GA243
JT13B,BHS7A
JT13B,YA109C
JT13B,VGP22418
JT13B,218AFSP
JT13B,PKNC200
GAJ12A,AWMG9
GAJ12A,ACT1370
GAJ12A,SR40K
GAJ12A,TPMB25EM
GAJ12A,340SSDP
GAJ12A,10SSD
GAJ12A,SN25A
GAJ12A,FB303B
GAJ12A,222AFSP
GAJ12A,ACT83A
S3625,213AFLEY
S3625,FLE140A
S3625,SOEXM705
S3625,A106
S3625,A127
S3625,A129
S3625,S3624
S3625,YA4050B
S3625,KRSC46HPBO
S3625,ECHDD012A
SEPKCAMETPBOA,SIMM160A
SEPKCAMETPBOA,SGDP31IRBR
SEPKCAMETPBOA,SGDP42IRBR
SEPKCAMETPBOA,91ACP
SEPKCAMETPBOA,TMXK4
SEPKCAMETPBOA,EECT400
SEPKCAMETPBOA,KRSC46HPBO
SEPKCAMETPBOA,ECHDD012A
SEPKCAMETPBOA,CTB8174
SEPKCAMETPBOA,PH3050BR
SEPKCAMETPCMA,SPBS18AR
SEPKCAMETPCMA,GFAT1E
SEPKCAMETPCMA,SPBS8AR
SEPKCAMETPCMA,SGD4BR
SEPKCAMETPCMA,SIMM210
SEPKCAMETPCMA,EECT400
SEPKCAMETPCMA,KRSC46HPBO
SEPKCAMETPCMA,ECHDD012A
SEPKCAMETPCMA,CTB8174
SEPKCAMETPCMA,PH3050BR
SEPPREATV,TFM7530B
SEPPREATV,206AFSP
SEPPREATV,207EFAMY
SEPPREATV,KRA2007FPBO
SEPPREATV,SOEXM9
SEPPREATV,SOEXM8
SEPPREATV,TWM32
SEPPREATV,TWM30
SEPPREATV,SOEX707
SEPPREATV,KRSC46HPBO
SEPPROK1PBOA,SPBS704AR
SEPPROK1PBOA,SIMM170
SEPPROK1PBOA,SHD1R
SEPPROK1PBOA,A2A
SEPPROK1PBOA,FX1
SEPPROK1PBOA,EECT400
SEPPROK1PBOA,KRSC46HPBO
SEPPROK1PBOA,ECHDD012A
SEPPROK1PBOA,CTB8174
SEPPROK1PBOA,PH3050BR
SSFP2,SSF1
SSFP2,SSFP1
SSFP2,SEPAMTSETA
SSFP2,PKN9
SSFP2,SGDE220ESD
SSFP2,SGDE230ESD
SSFP2,EECT400
SSFP2,KRSC46HPBO
SSFP2,ECHDD012A
SSFP2,CTB8174
TB50WC,FADH12C
TB50WC,OEX711B
TB50WC,F12LB
TB50WC,SEPAMTSETA
TB50WC,BTWSMPK
TB50WC,110ETMAY
TB50WC,XO605
TB50WC,PPB30AK
TB50WC,214SFY
TB50WC,SSFP1
PBMA5O,PBMS5R
PBMA5O,PBMB5R
PBMA5O,SDDDM1AR
PBMA5O,PBMA5G
PBMA5O,PBMMB5O
PBMA5O,PBMMS5O
PBMA5O,PBMB5O
PBMA5O,PBMA5R
PBMA5O,EECT400
PBMA5O,KRSC46HPBO
PBMMB5O,PBMMB5G
PBMMB5O,PBMMS5G
PBMMB5O,PBMMS5R
PBMMB5O,PBMMS5O
PBMMB5O,PBMMA5O
PBMMB5O,PBMMA5G
PBMMB5O,PBMA5O
PBMMB5O,CTB8174
PBMMB5O,PH3050BR
PBMMB5O,TPGDL2000
PRH57A,317MSPC
PRH57A,S9704KA
PRH57A,PK23A
PRH57A,206EAU
PRH57A,114ATMP
PRH57A,CTB8174
PRH57A,PH3050BR
PRH57A,KRA2007FPBO
PRH57A,TPM16
PRH57A,TPM16EM
PWC48,PWC27
PWC48,FR80
PWC48,TR72
PWC48,YA2020
PWC48,US712
PWC48,DS806AK
PWC48,AW1015DHK
PWC48,CAL6DA
PWC48,GLASS30R
PWC48,RULER602
RBM78C,RBM910C
RBM78C,SPBS18AR
RBM78C,PPC816B
RBM78C,SPBS704AR
RBM78C,SGD2BR
RBM78C,EECT400
RBM78C,KRSC46HPBO
RBM78C,ECHDD012A
RBM78C,CTB8174
RBM78C,PH3050BR
R2024C,SIMM160A
R2024C,TMXK2
R2024C,A2A
R2024C,TMXK60
R2024C,SPBS12AR
R2024C,EECT400
R2024C,KRSC46HPBO
R2024C,ECHDD012A
R2024C,CTB8174
R2024C,PH3050BR
EFPSHRED,SIMM190
EFPSHRED,TMXK4
EFPSHRED,SGD2BR
EFPSHRED,SIMM180
EFPSHRED,TMXK2
EFPSHRED,SRPCR4700
EFPSHRED,ATECH2FR125B
EFPSHRED,GFAT1E
EFPSHRED,SPBS18AR
EFPSHRED,SIMM150A
UPT65,UIM325
UPT65,AWMBPH9
UPT65,TMP23E
UPT65,UIM2RSLT
UPT65,TWM31
UPT65,TWM29
UPT65,131TMPB
UPT65,MTEE6
UPT65,MAGTRAY
UPT65,LBUK1
USS103,SGD153BR
USS103,SGDP162BR
USS103,SGDMRC11A
USS103,PKB500A
USS103,PKNC301
USS103,PKNC300
USS103,HBPT24
USS103,SGD155CR
USS103,EECT400
USS103,KRSC46HPBO
YA900,YA339A
YA900,PPSG103
YA900,PKRS1
YA900,CAL6DA
YA900,ST50A
YA900,RULER601
YA900,YA2019
YA900,14V
YA900,FB302A
YA900,KRA4813FPBO
YA9350B,B1467A
YA9350B,CJ2001P
YA9350B,FMAS
YA9350B,SBT26
YA9350B,LDT8
YA9350B,ASTFUN19KIT
YA9350B,AWTEF8K
YA9350B,CAL6EBR
YA9350B,EECT900
YA9350B,SOSG01BKCL01
PLRK21,AWMCG1600B
PLRK21,MAGDISH
PLRK21,PW18C
PLRK21,YA389A
PLRK21,AWCG1600B
PLRK21,PLRK30
PLRK21,KAERNADD6RD
PLRK21,MRB10B
PLRK21,PLRK27
PLRK21,MRB12B
SFSM10,SFSM12
SFSM10,SFSM16
SFSM10,SFSM8
SFSM10,SFSM15
SFSM10,SFSM13
SFSM10,EECT400
SFSM10,KRSC46HPBO
SFSM10,ECHDD012A
SFSM10,CTB8174
SFSM10,PH3050BR
SDDDM1AO,SGDX40BR
SDDDM1AO,SSFP1
SDDDM1AO,86EP
SDDDM1AO,SDMV208
SDDDM1AO,PBMMB5R
SDDDM1AO,BLPEXTF146
SDDDM1AO,BLPBTWSET
SDDDM1AO,CTB8174
SDDDM1AO,PH3050BR
SDDDM1AO,MAGDISH
TMMS15,TMMS13
TMMS15,TMMS9
TMMS15,TMMS14
TMMS15,TMMS7
TMMS15,TMMS5.5
TMMS15,ECHDD012A
TMMS15,CTB8174
TMMS15,PH3050BR
TMMS15,GA460B
TMMS15,OC5A
IPLM17C,IPLM19C
IPLM17C,IPLM14C
IPLM17C,IPLM21C
IPLM17C,IPLM22C
IPLM17C,IPLM18C
IPLM17C,EECT400
IPLM17C,KRSC46HPBO
IPLM17C,ECHDD012A
IPLM17C,CTB8174
IPLM17C,PH3050BR
SRP3A,SRP2A
SRP3A,DS806AK
SRP3A,PPC20LB
SRP3A,218AFP
SRP3A,R1618SC
SRP3A,SGDP64IRBR
SRP3A,PGP120
SRP3A,ACT413A
SRP3A,JCW62R
SRP3A,ACT73A
IPLM22C,IPLM19C
IPLM22C,IPLM17C
IPLM22C,IPLM21C
IPLM22C,IPLM14C
IPLM22C,IPLM16C
IPLM22C,EECT400
IPLM22C,KRSC46HPBO
IPLM22C,ECHDD012A
IPLM22C,CTB8174
IPLM22C,PH3050BR
XLE605,XDHFM606K1
XLE605,BLPTORX1410
XLE605,IMFLE80A
XLE605,BFCRM712A
XLE605,207IMFLE
XLE605,CAL6V
XLE605,UTV617A
XLE605,ECHDD012A
XLE605,CTB8174
XLE605,PH3050BR
204FXKLA,GAX36
204FXKLA,SX24
204FXKLA,111TMUSMA
204FXKLA,103TMXKLA
204FXKLA,303SXWKL
204FXKLA,SGDXXL20BR
204FXKLA,SX20
204FXKLA,ECUHD218
204FXKLA,MAGTRAY
204FXKLA,106IPTMMA
VO2628B,VO1416B
VO2628B,VO1012B
VO2628B,VO1820B
VO2628B,VO2224B
VO2628B,VO3032B
VO2628B,EECT400
VO2628B,KRSC46HPBO
VO2628B,ECHDD012A
VO2628B,CTB8174
VO2628B,PH3050BR
OXIM710B,OXIM707SBK
OXIM710B,OXI707BK
OXIM710B,XBM605A
OXIM710B,OXIM9B
OXIM710B,OEXS709B
OXIM710B,EECT400
OXIM710B,KRSC46HPBO
OXIM710B,ECHDD012A
OXIM710B,CTB8174
OXIM710B,PH3050BR
MRB10B,LBUK1
MRB10B,UIM2LT
MRB10B,ITHE100
MRB10B,MRB5B
MRB10B,MRB15B
MRB10B,MRB12B
MRB10B,A127
MRB10B,PLRK21
MRB10B,PHT5
MRB10B,BCS70A
OEX711B,OEX10B
OEX711B,OEX8B
OEX711B,OEX11B
OEX711B,ECFLD030
OEX711B,OEX080B
OEX711B,BHS7A
OEX711B,PGP120
OEX711B,OC5A
OEX711B,RULER602
OEX711B,PTGR450
RULER602,PT28E
RULER602,YA337A
RULER602,TWM29
RULER602,30SSD
RULER602,FB303B
RULER602,SN25A
RULER602,R1618SC
RULER602,ACT83A
RULER602,ACT1370
RULER602,TWM31
HSG319,9100GSM
HSG319,9100AGMO
HSG319,ATKIFL
HSG319,XS2024A
HSG319,XS1416A
HSG319,XS1820A
HSG319,XS1012A
HSG319,XS2226A
HSG319,EECT400
HSG319,KRSC46HPBO
AWTXL8-T10,SGD8BR
AWTXL8-T10,T72
AWTXL8-T10,SPBS18AR
AWTXL8-T10,SPBS704AR
AWTXL8-T10,SIMM200
AWTXL8-T10,EECT400
AWTXL8-T10,KRSC46HPBO
AWTXL8-T10,ECHDD012A
AWTXL8-T10,CTB8174
AWTXL8-T10,PH3050BR
AWMCG1602B,ATECH3FR300B
AWMCG1602B,PL400B
AWMCG1602B,96ACF
AWMCG1602B,TMU8B
AWMCG1602B,SIMM220
AWMCG1602B,EECT400
AWMCG1602B,KRSC46HPBO
AWMCG1602B,ECHDD012A
AWMCG1602B,CTB8174
AWMCG1602B,PH3050BR
YA389A,TM72
YA389A,KAERNADD6RD
YA389A,CSSD1R
YA389A,PLRK21
YA389A,KACKMCFIBER1
YA389A,PLRK30
YA389A,FZ4B
YA389A,UIM2LT
YA389A,BP8B
YA389A,DBBPT13
311IMYA,310IMMYA
311IMYA,9000GS3O
311IMYA,IM220
311IMYA,309SIMYA
311IMYA,YA438B
311IMYA,BLPTE3816
311IMYA,BLPTE3814
311IMYA,SR40K
311IMYA,KRSC46HPBO
311IMYA,ECHDD012A
FHR80O,FHBB12A
FHR80O,THLL72
FHR80O,SHL80A
FHR80O,THR72
FHR80O,THL72
FHR80O,SH80A
FHR80O,FHOF80A
FHR80O,EECT400
FHR80O,KRSC46HPBO
FHR80O,ECHDD012A
207IMFLE,211EFAMY
207IMFLE,213AFLEY
207IMFLE,210EFTXRY
207IMFLE,IMSLEPL240
207IMFLE,STX60E
207IMFLE,XLE605
207IMFLE,KRSC46HPBO
207IMFLE,ECHDD012A
207IMFLE,CTB8174
207IMFLE,PH3050BR
F221,F181
F221,F141
F221,F081
F221,F201
F221,F281
F221,F241
F221,EECT400
F221,KRSC46HPBO
F221,ECHDD012A
F221,CTB8174
SGDP63IRBR,SGDP64IRBR
SGDP63IRBR,SGD6BR
SGDP63IRBR,SGDP31IRBR
SGDP63IRBR,SGD2BR
SGDP63IRBR,SGDP42IRBR
SGDP63IRBR,ECHDD012A
SGDP63IRBR,FB303B
SGDP63IRBR,CTB8174
SGDP63IRBR,PH3050BR
SGDP63IRBR,ACT83A
SG4ASABR,SGASA104BR
SG4ASABR,PPCD70BK
SG4ASABR,SGDXL80BR
SG4ASABR,SG5ASABR
SG4ASABR,SG4ASHBR
SG4ASABR,SG7ASABR
SG4ASABR,PPK15
SG4ASABR,YA2020
SG4ASABR,ECHDD012A
SG4ASABR,CTB8174
AWTR8-8,91ACP
AWTR8-8,TMXK60
AWTR8-8,ATECH2FR125B
AWTR8-8,ATECH3FR300B
AWTR8-8,F80
AWTR8-8,EECT400
AWTR8-8,KRSC46HPBO
AWTR8-8,ECHDD012A
AWTR8-8,CTB8174
AWTR8-8,PH3050BR
HBFE103G,SRPCR112
HBFE103G,HBFE48
HBFE103G,HBFE24
HBFE103G,HBBD16
HBFE103G,PBS704
HBFE103G,PBMP703A
HBFE103G,OEXM300B
HBFE103G,PH3050BR
HBFE103G,MTEE6
HBFE103G,PTGR100
AWPBX10,120SSDP
AWPBX10,PKNC300
AWPBX10,AWMXL10
AWPBX10,AWP45
AWPBX10,ST50A
AWPBX10,PTM30
AWPBX10,AD8C
AWPBX10,CTB8174
AWPBX10,PH3050BR
AWPBX10,TPM16
PBN10,PBN10
PBN10,SPBS704AR
PBN10,SPBS12AR
PBN10,PBN15
PBN10,PBN11
PBN10,PBN500
PBN10,SPBS8AR
PBN10,SPBS18AR
PBN10,EECT400
PBN10,KRSC46HPBO
SHP2KT,HCP48BCF
SHP2KT,SGRHT6BR
SHP2KT,PHP3A
SHP2KT,SHCP1B
SHP2KT,SBT26
SHP2KT,SHP10
SHP2KT,SVTS272A
SHP2KT,ACT1290A
SHP2KT,VAC201
SHP2KT,RADKITULTRA
AW18D,SIMM240
AW18D,TMXK60
AW18D,SPBS12AR
AW18D,PL400B
AW18D,SGD8BR
AW18D,EECT400
AW18D,KRSC46HPBO
AW18D,ECHDD012A
AW18D,CTB8174
AW18D,PH3050BR
208EFTABMY,206EFABLM
208EFTABMY,210EFTAMY
208EFTABMY,211EFAMY
208EFTABMY,210EFTXRY
208EFTABMY,SGDXL80BR
208EFTABMY,ECHDD012A
208EFTABMY,CTB8174
208EFTABMY,PH3050BR
208EFTABMY,YA4000B
208EFTABMY,VWB8B
TM10G,TM5
TM10G,VO3032B
TM10G,107ATMPB
TM10G,XS2024A
TM10G,XS1416A
TM10G,XS1820A
TM10G,EECT400
TM10G,KRSC46HPBO
TM10G,ECHDD012A
TM10G,CTB8174
TMM13,STMM6
TMM13,STMM12
TMM13,TMM7
TMM13,TMM9
TMM13,TMM6
TMM13,TMM14
TMM13,TMM12
TMM13,EECT400
TMM13,KRSC46HPBO
TMM13,ECHDD012A
TC15A,SRP3B
TC15A,SGDXL80BR
TC15A,SGD4120BR
TC15A,TF275A
TC15A,TBS200A
TC15A,ACT1290A
TC15A,R404
TC15A,TF5A
TC15A,YA339A
TC15A,KRSC46HPBO
EECT900,FTX60E
EECT900,TWM32
EECT900,EECT424HD
EECT900,TWM31
EECT900,TWM29
EECT900,1210B
EECT900,TWM28
EECT900,311IMFSY
EECT900,TMC105E
EECT900,TWM26
PBMP12A,L872RM
PBMP12A,HCP48BCF
PBMP12A,TR108
PBMP12A,PBMP8A
PBMP12A,PBMP16A
PBMP12A,A179A
PBMP12A,LDT40
PBMP12A,SRP2A
PBMP12A,ECHDD012A
PBMP12A,CTB8174
A179A,A161B
A179A,A177A
A179A,DPT7A
A179A,S6103A
A179A,S9538A
A179A,S9614A
A179A,PSO4625
A179A,BLP15HVLP
A179A,GA460B
A179A,DB121C
F12LB,A3042
F12LB,XO605
F12LB,SGD153BR
F12LB,FXWP3
F12LB,TWM31
F12LB,KRSC46HPBO
F12LB,ECHDD012A
F12LB,CTB8174
F12LB,PH3050BR
F12LB,CAL6EBR
FXK8,FXK4
FXK8,TMXK110
FXK8,AWL1010DK
FXK8,TMX1
FXK8,FXK6
FXK8,KRSC46HPBO
FXK8,ECHDD012A
FXK8,CTB8174
FXK8,PH3050BR
FXK8,FB303B
SFSM18,SFSM16
SFSM18,SFSM19
SFSM18,SFSM17
SFSM18,SFSM11
SFSM18,SFSM15
SFSM18,EECT400
SFSM18,KRSC46HPBO
SFSM18,ECHDD012A
SFSM18,CTB8174
SFSM18,PH3050BR
DBT7,BLPHL14316
DBT7,BLPHL14532
DBT7,AWCGT30
DBT7,AWTR8
DBT7,BHM9A
DBT7,91ACP
DBT7,SGASA204CR
DBT7,BLPHL1418
DBT7,EECT400
DBT7,KRSC46HPBO
TMA3.5E,ATKIFL
TMA3.5E,AOGMHC
TMA3.5E,TMA5E
TMA3.5E,TMA7E
TMA3.5E,TMA2.5E
TMA3.5E,TMA3E
TMA3.5E,TMA4.5E
TMA3.5E,XS2024A
TMA3.5E,EECT400
TMA3.5E,KRSC46HPBO
SGDP42IRBG,SGD8BR
SGDP42IRBG,SGDP64IRBR
SGDP42IRBG,SGDX80BR
SGDP42IRBG,SGD4BR
SGDP42IRBG,SGDP31IRBR
SGDP42IRBG,SGD2BR
SGDP42IRBG,SGD6BR
SGDP42IRBG,PH3050BR
SGDP42IRBG,GA296B
SGDP42IRBG,MTTL300
AWSGT25A,SPBS704AR
AWSGT25A,SRPCR3800
AWSGT25A,TMXK60
AWSGT25A,SIMM240
AWSGT25A,SHD1R
AWSGT25A,EECT400
AWSGT25A,KRSC46HPBO
AWSGT25A,ECHDD012A
AWSGT25A,CTB8174
AWSGT25A,PH3050BR
SHDP42IRG,SHDP63IRR
SHDP42IRG,SHD1R
SHDP42IRG,AOGMHC
SHDP42IRG,SHD4R
SHDP42IRG,SHDP31IRR
SHDP42IRG,SHD2R
SHDP42IRG,SHD6R
SHDP42IRG,ECHDD012A
SHDP42IRG,CTB8174
SHDP42IRG,PH3050BR
SWM301,SWM251
SWM301,SWM201
SWM301,SWM221
SWM301,SWM291
SWM301,SWM281
SWM301,SWM271
SWM301,SWM261
SWM301,EECT400
SWM301,KRSC46HPBO
SWM301,ECHDD012A
SGDMRC4-TM4,SGDMRC108A
SGDMRC4-TM4,SEPPROCORE1A
SGDMRC4-TM4,S6103A
SGDMRC4-TM4,SGDMRC4A
SGDMRC4-TM4,YA450B
SGDMRC4-TM4,PTIM5
SGDMRC4-TM4,SDM400A
SGDMRC4-TM4,AT4124
SGDMRC4-TM4,PK52A
SGDMRC4-TM4,AT4135
F121,F181
F121,F241
F121,F101
F121,F141
F121,F201
F121,F221
F121,EECT400
F121,KRSC46HPBO
F121,ECHDD012A
F121,CTB8174
TPM16,9100GSM
TPM16,YA2850A
TPM16,STX70E
TPM16,AWM110DK
TPM16,FA12LE
TPM16,KAC1224TCA
TPM16,GF22
TPM16,FRX181
TPM16,TW481
TPM16,HD6529
313TWMYA,313TSYA
313TWMYA,313TWYA
313TWMYA,TWM26
313TWMYA,313TSMYA
313TWMYA,TWM25
313TWMYA,TWM29
313TWMYA,EECT400
313TWMYA,KRSC46HPBO
313TWMYA,ECHDD012A
313TWMYA,CTB8174
KRA4813FPOT,DBTB121
KRA4813FPOT,AWM110DHK
KRA4813FPOT,UPTM65K
KRA4813FPOT,KRA4114FPBO
KRA4813FPOT,KRA4810FPBO
KRA4813FPOT,YA2019
KRA4813FPOT,ST50A
KRA4813FPOT,FB302A
KRA4813FPOT,YA900
KRA4813FPOT,BP8B
BCS70A,BTK5
BCS70A,AYESSETC
BCS70A,FTXB45E
BCS70A,BTK7A
BCS70A,OFW4
BCS70A,112TMMDSY
BCS70A,ITHE100
BCS70A,S6112
BCS70A,MRB10B
BCS70A,AT5500
AWMBS9,BHM9A
AWMBS9,PPC208A
AWMBS9,SHDP63IRR
AWMBS9,AWBS13
AWMBS9,AWTR8
AWMBS9,BHS13A
AWMBS9,SHDX60R
AWMBS9,RULER601
AWMBS9,KRSC46HPBO
AWMBS9,ECHDD012A
ECPNH012,ECFB200BL
ECPNH012,JCW62R
ECPNH012,TPMB25EM
ECPNH012,ECPNH012UV
ECPNH012,GLOVE300BL
ECPNH012,ECPNI032R
ECPNH012,TF5A
ECPNH012,SOSG01BKCL01
ECPNH012,KAERNADD6RD
ECPNH012,DB129C
CTR817K2,SPBS8AR
CTR817K2,SPBS12AR
CTR817K2,F80
CTR817K2,SGDP42IRBR
CTR817K2,SIMM210
CTR817K2,TMXK2
CTR817K2,SRPCR4700
CTR817K2,SGASA204CR
CTR817K2,FU8A
CTR817K2,FXK6
9200AGSO,SRPCR4700
9200AGSO,SIMM190
9200AGSO,ATECH2FR125B
9200AGSO,SGD8BR
9200AGSO,SPBS18AR
9200AGSO,EECT400
9200AGSO,KRSC46HPBO
9200AGSO,ECHDD012A
9200AGSO,CTB8174
9200AGSO,PH3050BR
AWSG10A,SGD2BR
AWSG10A,SPBS704AR
AWSG10A,A2A
AWSG10A,SGD4BR
AWSG10A,SIMM220
AWSG10A,EECT400
AWSG10A,KRSC46HPBO
AWSG10A,ECHDD012A
AWSG10A,CTB8174
AWSG10A,PH3050BR
IPLM15C,IPLM18C
IPLM15C,IPLM13C
IPLM15C,IPLM21C
IPLM15C,IPLM19C
IPLM15C,IPLM14C
IPLM15C,EECT400
IPLM15C,KRSC46HPBO
IPLM15C,ECHDD012A
IPLM15C,CTB8174
IPLM15C,PH3050BR
IPLM18C,IPLM24C
IPLM18C,IPLM21C
IPLM18C,IPLM15C
IPLM18C,IPLM19C
IPLM18C,IPLM17C
IPLM18C,EECT400
IPLM18C,KRSC46HPBO
IPLM18C,ECHDD012A
IPLM18C,CTB8174
IPLM18C,PH3050BR
ECUHD218O,EECT400
ECUHD218O,MTTL800
ECUHD218O,JCK7DBL
ECUHD218O,ECPNG032
ECUHD218O,EEBC30A12V
ECUHD218O,BRHC2PK
ECUHD218O,LSR1500
ECUHD218O,204FXKLA
ECUHD218O,SVTSRAD272U
ECUHD218O,YA4000B
GM3046,112TMMY
GM3046,A2A
GM3046,SGASA204CR
GM3046,GMB3041
GM3046,GMB3042
GM3046,PALMRAT
GM3046,124STTMM
GM3046,112STMMY
GM3046,EECT400
GM3046,KRSC46HPBO
ECPRA072GR,ECARL032R
ECPRA072GR,LDH562
ECPRA072GR,414AHD
ECPRA072GR,ECFD0102
ECPRA072GR,LDH362
ECPRA072GR,LDH342
ECPRA072GR,LDH402
ECPRA072GR,LDH442
ECPRA072GR,LDH462
ECPRA072GR,LDH422A
IPSM15,IPLM13C
IPSM15,IPLM21C
IPSM15,IPLM24C
IPSM15,IPSM18
IPSM15,IPSM21
IPSM15,IPSM22
IPSM15,PH3050BR
IPSM15,EEPV500
IPSM15,EEPV509
IPSM15,SVTS272A
MG325G,PT850
MG325G,SEPMG31KA
MG325G,OEXM6B
MG325G,PTR72
MG325G,MG725A
MG325G,PTR2500
MG325G,PTR2505
MG325G,ACT73A
MG325G,JCW62R
MG325G,SRP3A
PBN1,RBM1213C
PBN1,SOEXM120
PBN1,RBM1618C
PBN1,PBN5
PBN1,PBN2
PBN1,SGA1710BR
PBN1,PWCS9ACF
PBN1,SGA173BR
PBN1,EECT400
PBN1,KRSC46HPBO
LDH462,LDH422A
LDH462,LDH602
LDH462,LDH522
LDH462,LDH362
LDH462,LDH442
LDH462,LDH482
LDH462,LDH342
LDH462,LDH402
LDH462,KRSC46HPBO
LDH462,ECHDD012A
PTR72G,PTR2505
PTR72G,PT850
PTR72G,SEPFAR7200KA
PTR72G,PTR2500
PTR72G,MG325
PTR72G,SAG03S20
PTR72G,PDR3000A
PTR72G,BTCP1
PTR72G,OC5A
PTR72G,RXS605B
S80A,SXK5
S80A,SN25A
S80A,317MPC
S80A,SN18B
S80A,222AFSP
S80A,TWM23
S80A,KRSC46HPBO
S80A,ECHDD012A
S80A,FB303B
S80A,CTB8174
TM04,TM05
TM04,TM408
TM04,ATKIFL
TM04,XS2024A
TM04,XS1416A
TM04,XS1820A
TM04,EECT400
TM04,KRSC46HPBO
TM04,ECHDD012A
TM04,CTB8174
FHBB18A,210EFTXRY
FHBB18A,THLL72
FHBB18A,YA9350B
FHBB18A,SHBB24
FHBB18A,SHN36
FHBB18A,FHBB12A
FHBB18A,103UFTS
FHBB18A,208AFX
FHBB18A,ECHDD012A
FHBB18A,CTB8174
FHBB18AO,210EFTXRY
FHBB18AO,THLL72
FHBB18AO,YA9350B
FHBB18AO,SHBB24
FHBB18AO,SHN36
FHBB18AO,FHBB12A
FHBB18AO,103UFTS
FHBB18AO,208AFX
FHBB18AO,ECHDD012A
FHBB18AO,CTB8174
MAGMATR,ASTFUN19KIT
MAGMATR,PLRK21
MAGMATR,PTM2
MAGMATR,MAGDISH
MAGMATR,MAGMINI
MAGMATR,MAGSTRIP
MAGMATR,MAGMICRO
MAGMATR,MAGTRAY
MAGMATR,KASS13
MAGMATR,MRB12B
AT4101,PK500A
AT4101,QD3RN350A
AT4101,TMP12E
AT4101,AT4124
AT4101,UTV614A
AT4101,UTV615A
AT4101,TWM31
AT4101,TWM29
AT4101,1210B
AT4101,AWCGT500
PPC20LB,1512B
PPC20LB,SRP3A
PPC20LB,SW381
PPC20LB,SW401
PPC20LB,PPB1002A
PPC20LB,ACT413A
PPC20LB,FB303B
PPC20LB,MTTL300
PPC20LB,PGP120
PPC20LB,ACT83A
F241,F141
F241,F181
F241,F081
F241,F201
F241,F261
F241,F281
F241,F221
F241,EECT400
F241,KRSC46HPBO
F241,ECHDD012A
KRSC4130PJK,SIMM150A
KRSC4130PJK,SRPCR4700
KRSC4130PJK,PWCS7ACF
KRSC4130PJK,SGDP31IRBR
KRSC4130PJK,PL400B
KRSC4130PJK,SIMM230
KRSC4130PJK,SGD2BR
KRSC4130PJK,ATECH3FR300B
KRSC4130PJK,SIMM190
KRSC4130PJK,TMXK4
SGDP31IRBO,SGD8BR
SGDP31IRBO,SGDP64IRBR
SGDP31IRBO,SGDX80BR
SGDP31IRBO,SGD4BR
SGDP31IRBO,SGDP42IRBR
SGDP31IRBO,SGD2BR
SGDP31IRBO,SGD6BR
SGDP31IRBO,PH3050BR
SGDP31IRBO,GA296B
SGDP31IRBO,MTTL300
SFSM17,SFSM15
SFSM17,SFSM12
SFSM17,SFSM13
SFSM17,SFSM16
SFSM17,SFSM19
SFSM17,SFSM18
SFSM17,SFSM11
SFSM17,EECT400
SFSM17,KRSC46HPBO
SFSM17,ECHDD012A
SPBS24AG,AYESHDA
SPBS24AG,FMAS
SPBS24AG,AWEF9K
SPBS24AG,AWTEF8K
SPBS24AG,AWMEF6K
SPBS24AG,AT700F
SPBS24AG,GA460B
SPBS24AG,SOSG01BKCL01
SPBS24AG,GCP10
SPBS24AG,B260A
CTCO861K2,CTR867AK2
CTCO861K2,CTB8174
CTCO861K2,CT9080K2
CTCO861K2,CTRS761ADB
CTCO861K2,CTSG861DB
CTCO861K2,CT825DB
CTCO861K2,PTC250
CTCO861K2,PTGR110
CTCO861K2,PWCSS7ACF
CTCO861K2,PL5ESWIRESTRIP
HR-26PKC,SSF1
HR-26PKC,OXI707BK
HR-26PKC,908CF
HR-26PKC,CAL6V
HR-26PKC,GA358B
HR-26PKC,A161B
HR-26PKC,UIM2LT
HR-26PKC,PTC250
HR-26PKC,YA1175KIT
HR-26PKC,A177A
FM16,SW141A
FM16,SW181A
FM16,FM19
FM16,SW241
FM16,FM15
FM16,EECT400
FM16,KRSC46HPBO
FM16,ECHDD012A
FM16,CTB8174
FM16,PH3050BR
AWM5D,ATECH2FR125B
AWM5D,SPBS18AR
AWM5D,TMXK4
AWM5D,SIMM190
AWM5D,FXK6
AWM5D,EECT400
AWM5D,KRSC46HPBO
AWM5D,ECHDD012A
AWM5D,CTB8174
AWM5D,PH3050BR
AWXL13-1/8,SGD4BR
AWXL13-1/8,TMXK60
AWXL13-1/8,FU8A
AWXL13-1/8,SIMM220
AWXL13-1/8,SHD1R
AWXL13-1/8,EECT400
AWXL13-1/8,KRSC46HPBO
AWXL13-1/8,ECHDD012A
AWXL13-1/8,CTB8174
AWXL13-1/8,PH3050BR
DBT15,SPBS18AR
DBT15,96ACF
DBT15,PPC816B
DBT15,FU8A
DBT15,BLPTHC87
DBT15,EECT400
DBT15,KRSC46HPBO
DBT15,ECHDD012A
DBT15,CTB8174
DBT15,PH3050BR
TW161A,TW281
TW161A,TW141A
TW161A,313TWYA
TW161A,TW221
TW161A,TW181A
TW161A,TW241
TW161A,KRSC46HPBO
TW161A,ECHDD012A
TW161A,CTB8174
TW161A,PH3050BR
AWBSG14A,SGD2BR
AWBSG14A,SGDP42IRBR
AWBSG14A,FXK3
AWBSG14A,SIMM170
AWBSG14A,47ACF
AWBSG14A,EECT400
AWBSG14A,KRSC46HPBO
AWBSG14A,ECHDD012A
AWBSG14A,CTB8174
AWBSG14A,PH3050BR
PPC715BK,AWM110DK
PPC715BK,PPC208A
PPC715BK,PPC204A
PPC715BK,OC5A
PPC715BK,RXS605B
PPC715BK,AWMEF7K
PPC715BK,A3042
PPC715BK,SWM251
PPC715BK,CTB8174
PPC715BK,GA460B
HBBD24,SEPPREMETA
HBBD24,SEPAMTSETA
HBBD24,PRH57A
HBBD24,PK23A
HBBD24,317AMMPC
HBBD24,117TMM
HBBD24,UIM225
HBBD24,LP10WR
HBBD24,ECHDD012A
HBBD24,CTB8174
OEXM240B,OEXM300B
OEXM240B,OEXM270B
OEXM240B,OEXM320B
OEXM240B,OEXM230B
OEXM240B,OEXM250B
OEXM240B,OEXM260B
OEXM240B,OEXM290B
OEXM240B,CTB8174
OEXM240B,PH3050BR
OEXM240B,FB303B
OEX42B,OEXM260B
OEX42B,OEXM300B
OEX42B,OEXM320B
OEX42B,OEX44B
OEX42B,OEX38B
OEX42B,OEXM290B
OEX42B,PH3050BR
OEX42B,GA296B
OEX42B,MTTL300
OEX42B,ACT83A
PBMB5,PBMB5O
PBMB5,PBMMA5R
PBMB5,MS3000
PBMB5,PBMS5R
PBMB5,PBMA5R
PBMB5,PBMA5
PBMB5,PBMA5G
PBMB5,FB361A
PBMB5,RULER601
PBMB5,FB336
FSS181,211FSSY
FSS181,233FSMBFR
FSS181,AYESCRD
FSS181,FSS141
FSS181,FSS161
FSS181,FSS121
FSS181,110TMSY
FSS181,BF775C-A
FSS181,JT17A
FSS181,KRSC46HPBO
YAKS42,SGTT8B
YAKS42,SGTT9B
YAKS42,SGTT1B
YAKS42,SODC1
YAKS42,LDT8
YAKS42,EEDMDVA
YAKS42,DBTB121
YAKS42,YA427B
YAKS42,TF528D
YAKS42,MTTL700
AWSGT800A,KAC1224TCA
AWSGT800A,GF22
AWSGT800A,PTM2
AWSGT800A,AWBSGM800A
AWSGT800A,AWBSG800A
AWSGT800A,AWSG800A
AWSGT800A,AWSGM800A
AWSGT800A,PLRK21
AWSGT800A,EXD35A
AWSGT800A,ECHDD012A
IM160A,IM260
IM160A,IM240
IM160A,IM300
IM160A,IM180A
IM160A,IM200
IM160A,IM140A
IM160A,KRSC46HPBO
IM160A,ECHDD012A
IM160A,CTB8174
IM160A,PH3050BR
SDMV208,TMBS8A
SDMV208,FZ80
SDMV208,TR107A
SDMV208,S61112
SDMV208,TR108
SDMV208,TR117O
SDMV208,BL1B
SDMV208,TDG2
SDMV208,GLOVE300BL
SDMV208,KACKMCFIBER1
KRSC326FPWZ,9100AGMO
KRSC326FPWZ,TPM16EM
KRSC326FPWZ,AWM110DK
KRSC326FPWZ,9100GSM
KRSC326FPWZ,FA12LE
KRSC326FPWZ,FRX181
KRSC326FPWZ,GF22
KRSC326FPWZ,KAC1224TCA
KRSC326FPWZ,HD6529
KRSC326FPWZ,TW481
SGHBF500A,BTK7A
SGHBF500A,SEPPREATV
SGHBF500A,SGHF616BR
SGHBF500A,ST50A
SGHBF500A,BHS7A
SGHBF500A,TFM7530B
SGHBF500A,RTEMPB7
SGHBF500A,PTGR450
SGHBF500A,206AFSP
SGHBF500A,AT4124
TECH1FR240,OEXSM710B
TECH1FR240,PWZ4
TECH1FR240,111TMUSMA
TECH1FR240,TECH2FR100
TECH1FR240,TECH3FR250
TECH1FR240,BLPXZNM389
TECH1FR240,111STMMDY
TECH1FR240,OXIM710B
TECH1FR240,PH3050BR
TECH1FR240,KAERNADD6RD
SIMM130A,IMM120A
SIMM130A,IMM110A
SIMM130A,IMM100A
SIMM130A,SIMM120A
SIMM130A,SIMM110A
SIMM130A,SIMM100A
SIMM130A,SIMM140A
SIMM130A,EECT400
SIMM130A,KRSC46HPBO
SIMM130A,ECHDD012A
CSA8CO,PK23A
CSA8CO,PRH57A
CSA8CO,SOEX38
CSA8CO,PKNC150
CSA8CO,FA12LE
CSA8CO,CTB8174
CSA8CO,PH3050BR
CSA8CO,TPM16EM
CSA8CO,TPM16
CSA8CO,KRA2007FPBO
SGDMRC108AO,WTG10A
SGDMRC108AO,WTG8A
SGDMRC108AO,ST50A
SGDMRC108AO,DPT7A
SGDMRC108AO,OXIM7B
SGDMRC108AO,CTB8174
SGDMRC108AO,PH3050BR
SGDMRC108AO,OC5A
SGDMRC108AO,KRA2407PBO
SGDMRC108AO,PDR3000A
CAL6V,S281
CAL6V,QD1R200A
CAL6V,WTG8A
CAL6V,MTEE6
CAL6V,HR-26PKC
CAL6V,EEDMDVA
CAL6V,XLE605
CAL6V,TFTFM932A
CAL6V,313SYA
CAL6V,AW1015DK
EFP2MORBID,SIMM240
EFP2MORBID,FX1
EFP2MORBID,T72
EFP2MORBID,BLPTHC87
EFP2MORBID,PWCS7ACF
EFP2MORBID,SGDP31IRBR
EFP2MORBID,SGDX80BR
EFP2MORBID,PPC103A
EFP2MORBID,PPC4A
EFP2MORBID,SIMM220
PL803A,86EP
PL803A,PL344BCF
PL803A,84CF
PL803A,PL330ACF
PL803A,YA4250
PL803A,YA2019
PL803A,PG160
PL803A,PH3050BR
PL803A,PDR3000A
PL803A,AT408
SGTT8B,SGTT110B
SGTT8B,SGTT7B
SGTT8B,SGTT10B
SGTT8B,SGTT9B
SGTT8B,SGTT1B
SGTT8B,SGTT2B
SGTT8B,SGTT3B
SGTT8B,SGTT5B
SGTT8B,YA1175KIT
SGTT8B,YAKS42
SOEXM705,SOEX704
SOEXM705,SOEXM710
SOEXM705,SOEXM9
SOEXM705,SOEXM8
SOEXM705,SOEX40
SOEXM705,KRSC46HPBO
SOEXM705,ECHDD012A
SOEXM705,CTB8174
SOEXM705,PH3050BR
SOEXM705,BTG8
KRA4114FPOT,SGASA204CR
KRA4114FPOT,SGD2BR
KRA4114FPOT,SGD6BR
KRA4114FPOT,KRA4107FPBO
KRA4114FPOT,KRA4813FPBO
KRA4114FPOT,F12LB
KRA4114FPOT,206AFXW
KRA4114FPOT,SGDX60BR
KRA4114FPOT,112TMMY
KRA4114FPOT,HBBD24
KRA4114FPWZ,SGASA204CR
KRA4114FPWZ,SGD2BR
KRA4114FPWZ,SGD6BR
KRA4114FPWZ,KRA4107FPBO
KRA4114FPWZ,KRA4813FPBO
KRA4114FPWZ,F12LB
KRA4114FPWZ,206AFXW
KRA4114FPWZ,SGDX60BR
KRA4114FPWZ,112TMMY
KRA4114FPWZ,HBBD24
EETH311,LN47ACF
EETH311,1650
EETH311,SGT4BR
EETH311,L872RJ
EETH311,EEPV509
EETH311,MAGDISH
EETH311,ATECH1FS300
EETH311,PRH57A
EETH311,PBS704
EETH311,650
AW050D,SGD2BR
AW050D,ATECH2FR125B
AW050D,GSAF1F
AW050D,47ACF
AW050D,SPBS704AR
AW050D,SIMM160A
AW050D,EECT400
AW050D,KRSC46HPBO
AW050D,ECHDD012A
AW050D,CTB8174
A98A,2003LN
A98A,BTCP600
A98A,LSR1000EXT
A98A,A98M
A98A,IMX32B
A98A,YAKS42
A98A,PPCSG710
A98A,JCK7DBL
A98A,LSR1580
A98A,HBFE16
CT9080K2,CTB185
CT9080K2,CTB8187
CT9080K2,CTINF9010
CT9080K2,CTC131A
CT9080K2,CTR867AK2
CT9080K2,YA438B
CT9080K2,BLPTE3816
CT9080K2,BLPTE3814
CT9080K2,BLPTE3812
CT9080K2,BLPTE3810
CDR4P32L3K2,91ACP
CDR4P32L3K2,SGD8BR
CDR4P32L3K2,SGD6BR
CDR4P32L3K2,FU8A
CDR4P32L3K2,47ACF
CDR4P32L3K2,SGD2BR
CDR4P32L3K2,TMU8B
CDR4P32L3K2,SRPCR4700
CDR4P32L3K2,FXK6
CDR4P32L3K2,SIMM180
TMUS181A,106TMUSA
TMUS181A,BP8B
TMUS181A,214SFY
TMUS181A,TMUS141A
TMUS181A,AWL1010DK
TMUS181A,TMUS161A
TMUS181A,YA2020
TMUS181A,DS806AK
TMUS181A,ECHDD012A
TMUS181A,CTB8174
KRSC46HPES,SIMM350
KRSC46HPES,SIMM290
KRSC46HPES,ECFLD030
KRSC46HPES,PKNC150
KRSC46HPES,UPTM65K
KRSC46HPES,317AMMPC
KRSC46HPES,305SIMMY
KRSC46HPES,BOERM712
KRSC46HPES,MG725A
KRSC46HPES,309SIMYA
KRSC46HPWZ,SIMM350
KRSC46HPWZ,SIMM290
KRSC46HPWZ,ECFLD030
KRSC46HPWZ,PKNC150
KRSC46HPWZ,UPTM65K
KRSC46HPWZ,317AMMPC
KRSC46HPWZ,305SIMMY
KRSC46HPWZ,BOERM712
KRSC46HPWZ,MG725A
KRSC46HPWZ,309SIMYA
210IMFSYA,212IMFMSYA
210IMFSYA,110TMSY
210IMFSYA,212SIMFYA
210IMFSYA,211FSSY
210IMFSYA,IPL24C
210IMFSYA,EECT400
210IMFSYA,KRSC46HPBO
210IMFSYA,ECHDD012A
210IMFSYA,CTB8174
210IMFSYA,PH3050BR
AD10C,AD12C
AD10C,PPC905B
AD10C,GA243
AD10C,AD6C
AD10C,RBM1011SC
AD10C,AD8C
AD10C,LBUK1
AD10C,RULER6
AD10C,PG160
AD10C,PDR3000A
CTR861AGK2,LSR1150
CTR861AGK2,LSR2000
CTR861AGK2,BOERM712
CTR861AGK2,FRW10
CTR861AGK2,CT9080K2
CTR861AGK2,CTR867AK2
CTR861AGK2,CTB185
CTR861AGK2,CTB8174
CTR861AGK2,CT825DB
CTR861AGK2,214IMFMYA
305TSKTA,BT11
305TSKTA,AT118
305TSKTA,S6118A
305TSKTA,TPGIF1600A
305TSKTA,PTR2505
305TSKTA,PT850
305TSKTA,BF620C
305TSKTA,BTCP1
305TSKTA,GA3634A
305TSKTA,CSA12CR
RAF80A,FK80
RAF80A,210RAFSMA
RAF80A,FC72
RAF80A,PALMRAT
RAF80A,F80MP
RAF80A,112RTSMA
RAF80A,112RTMA
RAF80A,CTB8174
RAF80A,PH3050BR
RAF80A,EEDMDVA
THL72O,SGD2BR
THL72O,91ACP
THL72O,SGD6BR
THL72O,ATECH2FR125B
THL72O,FU8A
THL72O,EECT400
THL72O,KRSC46HPBO
THL72O,ECHDD012A
THL72O,CTB8174
THL72O,PH3050BR
FXK3,FXK6
FXK3,FXK11
FXK3,FX1
FXK3,FXK4
FXK3,FXK8
FXK3,EECT400
FXK3,KRSC46HPBO
FXK3,ECHDD012A
FXK3,CTB8174
FXK3,PH3050BR
DBT27,47ACF
DBT27,PL400B
DBT27,SGD4BR
DBT27,91ACP
DBT27,SIMM190
DBT27,EECT400
DBT27,KRSC46HPBO
DBT27,ECHDD012A
DBT27,CTB8174
DBT27,PH3050BR
TM84,TM83A
TM84,VO2628B
TM84,VO3032B
TM84,TM65
TM84,TMC104E
TM84,EECT400
TM84,KRSC46HPBO
TM84,ECHDD012A
TM84,CTB8174
TM84,PH3050BR
SOEX30,SOEX32
SOEX30,SOEX26
SOEX30,SOEX28
SOEX30,SOEX36
SOEX30,SOEX707
SOEX30,EECT400
SOEX30,KRSC46HPBO
SOEX30,ECHDD012A
SOEX30,CTB8174
SOEX30,PH3050BR
SOEX38,SOEX704
SOEX38,414AHD
SOEX38,SOEX30
SOEX38,SOEX40
SOEX38,SOEX36
SOEX38,PKNC150
SOEX38,EECT400
SOEX38,KRSC46HPBO
SOEX38,ECHDD012A
SOEX38,CTB8174
TMM16,TMM4.5
TMM16,STMM4.5
TMM16,TESLASTUKIT
TMM16,BOERM22
TMM16,BOERM21
TMM16,131TMPB
TMM16,PH3050BR
TMM16,GA296B
TMM16,CTS561BITSET
TMM16,PTB32K
KHP415PCM,SIMM240
KHP415PCM,SIMM170
KHP415PCM,SIMM210
KHP415PCM,FXK6
KHP415PCM,SRPCR3800
KHP415PCM,FXK11
KHP415PCM,SRPCR4700
KHP415PCM,SGDP31IRBR
KHP415PCM,FXK3
KHP415PCM,FU8A
TW121A,313TWYA
TW121A,TW181A
TW121A,TW281
TW121A,TW201
TW121A,TW141A
TW121A,TW221
TW121A,TW241
TW121A,TW161A
TW121A,KRSC46HPBO
TW121A,ECHDD012A
FS181,FS161
FS181,222AFSP
FS181,218AFSP
FS181,FS201
FS181,FS141
FS181,FS241
FS181,FS121
FS181,PH3050BR
FS181,OC5A
FS181,FB303B
FB303B,SIMM340
FB303B,OEXM9B
FB303B,OEXM8B
FB303B,SWM111A
FB303B,SIMM360
FB303B,SIMM300
FB303B,SWM101A
FB303B,222AFSP
FB303B,BTK5
FB303B,PK53A
GLOVE900XXO,GLOVEORIGPLUSL
GLOVE900XXO,GLASS50R
GLOVE900XXO,SOSG01BKCL01
GLOVE900XXO,GLOVE1100L
GLOVE900XXO,GLOVE505RL
GLOVE900XXO,GLOVE309L
GLOVE900XXO,GLOVE300BL
GLOVE900XXO,OFC14KT
GLOVE900XXO,CTB8187
GLOVE900XXO,PHP1A
TK72,FK80
TK72,TKF72
TK72,FKF80A
TK72,TX72
TK72,F80MP
TK72,EECT400
TK72,KRSC46HPBO
TK72,ECHDD012A
TK72,CTB8174
TK72,PH3050BR
AT200D,91ACP
AT200D,SIMM180
AT200D,SPBS8AR
AT200D,SGASA204CR
AT200D,SGD2BR
AT200D,SGD4BR
AT200D,96ACF
AT200D,FXK6
AT200D,SIMM230
AT200D,SIMM160A
TA52,FU8A
TA52,SIMM200
TA52,TMXK60
TA52,SIMM240
TA52,FHLF80A
TA52,SGASA204CR
TA52,SGD8BR
TA52,FXK3
TA52,SPBS18AR
TA52,SIMM230
SGHF616BR,SGHBF500A
SGHF616BR,TWM29
SGHF616BR,PKNC200
SGHF616BR,10MA
SGHF616BR,8R
SGHF616BR,AW1015DHK
SGHF616BR,RULER602
SGHF616BR,218AFSP
SGHF616BR,TWM31
SGHF616BR,PTGR450
FM14,FM12
FM14,FM17
FM14,FM19
FM14,FM13
FM14,FM10
FM14,EECT400
FM14,KRSC46HPBO
FM14,ECHDD012A
FM14,CTB8174
FM14,PH3050BR
FB316B,FB305A
FB316B,FB361A
FB316B,FB303B
FB316B,FB360C
FB316B,218AFSP
FB316B,BHS7A
FB316B,ACT73A
FB316B,AC5C
FB316B,2004BSKA
FB316B,AWM110DHK
AWSG16A,PL400B
AWSG16A,TMXK2
AWSG16A,SIMM160A
AWSG16A,SIMM190
AWSG16A,SGD6BR
AWSG16A,EECT400
AWSG16A,KRSC46HPBO
AWSG16A,ECHDD012A
AWSG16A,CTB8174
AWSG16A,PH3050BR
SIM160A,SIM260
SIM160A,SIM240
SIM160A,SIM280
SIM160A,SIM180A
SIM160A,SIM220
SIM160A,SIM200
SIM160A,SIM320
SIM160A,SIM300
SIM160A,KRSC46HPBO
SIM160A,ECHDD012A
GAW1910,SGD2BR
GAW1910,SIMM210
GAW1910,SPBS704AR
GAW1910,SHD1R
GAW1910,SIMM220
GAW1910,EECT400
GAW1910,KRSC46HPBO
GAW1910,ECHDD012A
GAW1910,CTB8174
GAW1910,PH3050BR
IM280,IM320
IM280,IM240
IM280,IM260
IM280,IM300
IM280,IM200
IM280,KRSC46HPBO
IM280,ECHDD012A
IM280,CTB8174
IM280,PH3050BR
IM280,YA438B
MT302BR,SIMM230
MT302BR,SPBS12AR
MT302BR,T72
MT302BR,TMXK2
MT302BR,96ACF
MT302BR,SPBS704AR
MT302BR,SRPCR4700
MT302BR,PPC4A
MT302BR,SIMM170
MT302BR,SIMM180
CT825K2,CTB185
CT825K2,106TMUSMA
CT825K2,IMFLE80A
CT825K2,CTRS761ADB
CT825K2,CTCO861K2
CT825K2,112SIMTMM
CT825K2,CTR867AK2
CT825K2,CTQ838DB
CT825K2,MAGTRAY
CT825K2,106IPTMMA
GA460B,AYESHDA
GA460B,B260A
GA460B,B1458C
GA460B,RXS605B
GA460B,PGP50
GA460B,OC5A
GA460B,AT700F
GA460B,OXIM7B
GA460B,BTK7A
GA460B,DPT7A
KRA4107FPC,OXRM710A
KRA4107FPC,OEXM7B
KRA4107FPC,2004BSKA
KRA4107FPC,KRA4114FPBO
KRA4107FPC,KRA4810FPBO
KRA4107FPC,BLPBSS40
KRA4107FPC,FB360C
KRA4107FPC,SWM111A
KRA4107FPC,SWM101A
KRA4107FPC,AW1013DK
KCP2422PBO,AC58E
KCP2422PBO,GA296B
KCP2422PBO,SS5A
KCP2422PBO,KRWT2411
KCP2422PBO,KWSN2455ABL
KCP2422PBO,KWSP2455AST
KCP2422PBO,KWSN2455AST
KCP2422PBO,KWSP2455ABL
KCP2422PBO,OEXM6B
KCP2422PBO,BTC7B
KCP2422PJJ,AC58E
KCP2422PJJ,GA296B
KCP2422PJJ,SS5A
KCP2422PJJ,KRWT2411
KCP2422PJJ,KWSN2455ABL
KCP2422PJJ,KWSP2455AST
KCP2422PJJ,KWSN2455AST
KCP2422PJJ,KWSP2455ABL
KCP2422PJJ,OEXM6B
KCP2422PJJ,BTC7B
ECHDD012AO,LBUK1
ECHDD012AO,CTR862DB
ECHDD012AO,GLOVE300BL
ECHDD012AO,ECHDD012AR
ECHDD012AO,TMC109A
ECHDD012AO,GAX36
ECHDD012AO,S3624
ECHDD012AO,BTG8
ECHDD012AO,CTNN13KF
ECHDD012AO,TWM27
QD1R50A,QD2R200A
QD1R50A,QD1R200A
QD1R50A,QD2R1000A
QD1R50A,QD3R150A
QD1R50A,QD2FR75B
QD1R50A,CTB8174
QD1R50A,PH3050BR
QD1R50A,MTEE6
QD1R50A,MRB5B
QD1R50A,AT5500
AWCG1609B,FXK6
AWCG1609B,SPBS18AR
AWCG1609B,SIMM180
AWCG1609B,SHD1R
AWCG1609B,A2A
AWCG1609B,EECT400
AWCG1609B,KRSC46HPBO
AWCG1609B,ECHDD012A
AWCG1609B,CTB8174
AWCG1609B,PH3050BR
PDR5000A,PTGR100
PDR5000A,MG1250
PDR5000A,PTGR110
PDR5000A,PTR2505
PDR5000A,PTC250
PDR5000A,PTGR450
PDR5000A,OXIM7B
PDR5000A,PK50A
PDR5000A,OXIM6B
PDR5000A,AT4124
KRA4059FPC,F4LBK
KRA4059FPC,JT13B
KRA4059FPC,PL803A
KRA4059FPC,206AFSP
KRA4059FPC,107ATMPB
KRA4059FPC,ST50A
KRA4059FPC,VO806B
KRA4059FPC,AW1015DHK
KRA4059FPC,MTTL300
KRA4059FPC,RULER600
CTQ838DB,CTB8174
CTQ838DB,GMB3042
CTQ838DB,CTR862DB
CTQ838DB,SDMEXT19K
CTQ838DB,A3042
CTQ838DB,112SIMTMM
CTQ838DB,CT825DB
CTQ838DB,PT338
CTQ838DB,AWPBX10
CTQ838DB,CTS561BITSET
BHS13A,BHM9A
BHS13A,AWMBPH9
BHS13A,AOGMHC
BHS13A,PKN9
BHS13A,SGDE220ESD
BHS13A,SGDE230ESD
BHS13A,PH3050BR
BHS13A,AT700F
BHS13A,ACT73A
BHS13A,PG160
KRA2055FPC,BTC3A
KRA2055FPC,PWC48
KRA2055FPC,PGP120
KRA2055FPC,US712
KRA2055FPC,AW1020DK
KRA2055FPC,AWM140DK
KRA2055FPC,OFW4
KRA2055FPC,222AFSMP
KRA2055FPC,ITHE100
KRA2055FPC,FB360C
FTXB55E,209EFTXBY
FTXB55E,GF22
FTXB55E,HD6529
FTXB55E,FTXB50E
FTXB55E,FTXB45E
FTXB55E,FA12LE
FTXB55E,BHS7A
FTXB55E,FRX181
FTXB55E,PH3050BR
FTXB55E,PTGR450
BOERM704,325SIMM
BOERM704,PPCSG710
BOERM704,SIMM320
BOERM704,BOERM712
BOERM704,BOER708
BOERM704,ACT413A
BOERM704,EECS150
BOERM704,207IPSFM
BOERM704,BJP1
BOERM704,YA4274A
BTWROS,TR107A
BTWROS,YA900
BTWROS,HBBT16
BTWROS,BTWOS
BTWROS,BTWS
BTWROS,BLPBTW8
BTWROS,SSDMRT8A
BTWROS,BLPBTWSET
BTWROS,EECT400
BTWROS,KRSC46HPBO
BTWS,SGDMRC11A
BTWS,SDMEXT19K
BTWS,AWP45
BTWS,BTWROS
BTWS,BTWOS
BTWS,BLPBTW8
BTWS,BLPBTW4
BTWS,KRSC46HPBO
BTWS,ECHDD012A
BTWS,CTB8174
CL408A,TMXK110
CL408A,TMXK60
CL408A,TMXK2
CL408A,SGDXL80BR
CL408A,SGD4120BR
CL408A,SGDP162BR
CL408A,106BTMX
CL408A,TMX1
CL408A,EECT400
CL408A,KRSC46HPBO
ECSPH271G-L,PH3050BR
ECSPH271G-L,911ACF
ECSPH271G-L,SHLX80A
ECSPH271G-L,ECSPH271O-L
ECSPH271G-L,ECPRA072
ECSPH271G-L,ECPNG032
ECSPH271G-L,ECHDF042
ECSPH271G-L,ECHDD012A
ECSPH271G-L,FHLX80B
ECSPH271G-L,PHG1055BK
429IM,L872RJ
429IM,ATECH4RS600
429IM,320SIM
429IM,425IMM
429IM,L122
429IM,L62
429IM,ECHDD012A
429IM,MG1250
429IM,CTB8174
429IM,PH3050BR
AC58E,UTK100
AC58E,BTC7B
AC58E,1512B
AC58E,B3404B
AC58E,OFW3
AC58E,AWM12D
AC58E,DB129C
AC58E,ACT83A
AC58E,MTTL310
AC58E,FB303B
AVSNP01160,VO2224B
AVSNP01160,107ATMPB
AVSNP01160,AW1013DK
AVSNP01160,ATKBFL
AVSNP01160,YA337A
AVSNP01160,ECHDD012A
AVSNP01160,CTB8174
AVSNP01160,PH3050BR
AVSNP01160,RULER6
AVSNP01160,TB40C
BLPHSM145,BLPHSM145
BLPHSM145,BLPHL388
BLPHSM145,BLPTS1410
BLPHSM145,BLPHSM146
BLPHSM145,BLPHSM148
BLPHSM145,BLPHSM1410
BLPHSM145,BLPHL3810
BLPHSM145,BLPTS1420
BLPHSM145,EECT400
BLPHSM145,KRSC46HPBO
BLPSM149,BLPSM147
BLPSM149,BLPSM1412
BLPSM149,BLPSM148
BLPSM149,BLPSM146
BLPSM149,BLPSM1411
BLPSM149,BLPSM144
BLPSM149,BLPSM145
BLPSM149,EECT400
BLPSM149,KRSC46HPBO
BLPSM149,ECHDD012A
BLPTE148,BLPTE1220
BLPTE148,BLPTE1222
BLPTE148,BLPTE1224
BLPTE148,BLPTE146
BLPTE148,BLPTE144
BLPTE148,BLPTE145
BLPTE148,BLPTE147
BLPTE148,BLPTE1218
BLPTE148,EECT400
BLPTE148,KRSC46HPBO
BLPTHC87,BLPXZNM389
BLPTHC87,222AFSP
BLPTHC87,317AMMPC
BLPTHC87,DB121C
BLPTHC87,QD3RN350A
BLPTHC87,FB303B
BLPTHC87,SN25A
BLPTHC87,BOERM712
BLPTHC87,SIMM340
BLPTHC87,PH3050BR
BLPTL1430,BLPTL1425
BLPTL1430,BLPTL1420
BLPTL1430,BLPTL1415
BLPTL1430,BLPTL1427
BLPTL1430,BLPTL3840
BLPTL1430,EECT400
BLPTL1430,KRSC46HPBO
BLPTL1430,ECHDD012A
BLPTL1430,CTB8174
BLPTL1430,PH3050BR
BLPH123,BLPH123
BLPH123,BLPH126
BLPH123,BLPH38732
BLPH123,BLPH124
BLPH123,BLPH125
BLPH123,BLPHSM146
BLPH123,BLPHSM148
BLPH123,BLPH389
BLPH123,EECT400
BLPH123,KRSC46HPBO
BLPH14532,BLPH3838
BLPH14532,BLPT1427
BLPH14532,BLPH386
BLPH14532,BLPH14964
BLPH14532,BLPH14732
BLPH14532,BLPH1418
BLPH14532,BLPH1414
BLPH14532,BLPH14316
BLPH14532,EECT400
BLPH14532,KRSC46HPBO
TESLASTUKIT,SIMM150A
TESLASTUKIT,PPC4A
TESLASTUKIT,SGD6BR
TESLASTUKIT,SGDP42IRBR
TESLASTUKIT,FX1
TESLASTUKIT,EECT400
TESLASTUKIT,KRSC46HPBO
TESLASTUKIT,ECHDD012A
TESLASTUKIT,CTB8174
TESLASTUKIT,PH3050BR
LSR1450,208EFTAMXSY
LSR1450,UTS105A
LSR1450,TWM27
LSR1450,QD3RN350A
LSR1450,LSR1000EXT
LSR1450,AWCGT500
LSR1450,PT850
LSR1450,TPGDL2000
LSR1450,KRSC326FPBO
LSR1450,CAL6EBR
OFC74762-15,BLPH387
OFC74762-15,BLPH1217
OFC74762-15,BLPH386
OFC74762-15,BLPH3814
OFC74762-15,BLPH38732
OFC74762-15,BLPH3838
OFC74762-15,BLPHM1212
OFC74762-15,BLPH389
OFC74762-15,EECT400
OFC74762-15,KRSC46HPBO
PL344BCF,FH80MP
PL344BCF,FHOF80A
PL344BCF,SGA1714B
PL344BCF,PL344BCFND
PL344BCF,PL803A
PL344BCF,AWP45
PL344BCF,HCP48BCF
PL344BCF,SGA102BR
PL344BCF,CTB8174
PL344BCF,PH3050BR
PHP1A,HCP48BCF
PHP1A,SGA1713B
PHP1A,SHCP1B
PHP1A,PHP3A
PHP1A,PHP2A
PHP1A,HCP10
PHP1A,SGA1714B
PHP1A,VWB8B
PHP1A,RTEMP8
PHP1A,ACT51234A
PBMMS5,PBMMB5R
PBMMS5,PBMMA5R
PBMMS5,PBMMA5G
PBMMS5,PBMMB5
PBMMS5,PBMMA5
PBMMS5,PBMMS5R
PBMMS5,KRSC46HPBO
PBMMS5,CTB8174
PBMMS5,PH3050BR
PBMMS5,ECHDD012A
RBM1011SC,PWCS9ACF
RBM1011SC,96ACF
RBM1011SC,LN47ACF
RBM1011SC,AD10C
RBM1011SC,SOSG01BKCL01
RBM1011SC,LBUK1
RBM1011SC,GA294
RBM1011SC,LP6LN
RBM1011SC,SGDX40BR
RBM1011SC,ECHDD012A
RBYA605,R404
RBYA605,BTWS
RBYA605,AVSNP01160
RBYA605,RBYAM605
RBYA605,BLPBTW4
RBYA605,BTWSMPK
RBYA605,PWC52A
RBYA605,AWEFBH11K
RBYA605,KRSC46HPBO
RBYA605,ECHDD012A
R1618SC,DS806AK
R1618SC,R404
R1618SC,317MPC
R1618SC,R1214SC
R1618SC,R2022C
R1618SC,SRP3A
R1618SC,ACT413A
R1618SC,218AFP
R1618SC,PH3050BR
R1618SC,PGP120
EEJP201MBKA-NA,ECSPH271
EEJP201MBKA-NA,ITHE100
EEJP201MBKA-NA,JCW80AR
EEJP201MBKA-NA,EEBM600
EEJP201MBKA-NA,CTINF9010
EEJP201MBKA-NA,EECS150
EEJP201MBKA-NA,EECR5A
EEJP201MBKA-NA,EEBC30A12V
EEJP201MBKA-NA,CTSG861DB
EEJP201MBKA-NA,BDGPL411HG
KA2422SETPJH,FXK3
KA2422SETPJH,FXK6
KA2422SETPJH,F80
KA2422SETPJH,SXK11
KA2422SETPJH,TA3
KA2422SETPJH,IP80D
KA2422SETPJH,FXK8
KA2422SETPJH,S80A
KA2422SETPJH,SXK5
KA2422SETPJH,ATECH3FR300B
QC3ALC,SIMM210
QC3ALC,SGASA204CR
QC3ALC,TMU8B
QC3ALC,47ACF
QC3ALC,ATECH2FR125B
QC3ALC,F80
QC3ALC,SIMM230
QC3ALC,PPC816B
QC3ALC,SIMM150A
QC3ALC,TMXK60
KACKCLEANER,TMC106E
KACKCLEANER,TMP23E
KACKCLEANER,TM62B
KACKCLEANER,VO1416B
KACKCLEANER,VO1012B
KACKCLEANER,VO1820B
KACKCLEANER,VO2224B
KACKCLEANER,VO3032B
KACKCLEANER,TM84
KACKCLEANER,TM65
KRSC2460BBS1,SIMM240
KRSC2460BBS1,SGDP42IRBR
KRSC2460BBS1,SPBS8AR
KRSC2460BBS1,96ACF
KRSC2460BBS1,SIMM170
KRSC2460BBS1,ATECH2FR125B
KRSC2460BBS1,TMU8B
KRSC2460BBS1,SIMM220
KRSC2460BBS1,PL400B
KRSC2460BBS1,SGD2BR
2-07039A01,ATECH2FR125B
2-07039A01,SGD6BR
2-07039A01,SPBS8AR
2-07039A01,SRPCR3800
2-07039A01,PL400B
2-07039A01,PPC816B
2-07039A01,SGASA204CR
2-07039A01,SIMM210
2-07039A01,SIMM240
2-07039A01,PPC103A
VGP12406,YA109C
VGP12406,A159
VGP12406,PKRS1
VGP12406,VGP12418
VGP12406,VGP12412
VGP12406,VGP12509
VGP12406,VGP12808
VGP12406,VGP22412
VGP12406,PTC250
VGP12406,AT109
YA2019,YA2020
YA2019,FB302A
YA2019,TMBS8A
YA2019,ST50A
YA2019,SDMT20D
YA2019,PPB1002A
YA2019,PH3050BR
YA2019,RULER601
YA2019,JT13B
YA2019,KRA4813FPBO
SDDDM1AR,SGDX40BR
SDDDM1AR,SSFP1
SDDDM1AR,86EP
SDDDM1AR,SDMV208
SDDDM1AR,PBMMB5R
SDDDM1AR,BLPEXTF146
SDDDM1AR,BLPBTWSET
SDDDM1AR,CTB8174
SDDDM1AR,PH3050BR
SDDDM1AR,MAGDISH
YA438B,310SIMMYA
YA438B,211FCOA
YA438B,EEDM525F
YA438B,BLPTE3816
YA438B,BLPTE3814
YA438B,BLPTE3812
YA438B,BLPTE3810
YA438B,OXIM6B
YA438B,310IMMYA
YA438B,VS807B
TPM16ORG,TPM16ORG
TPM16ORG,8R
TPM16ORG,SHDP42IRR
TPM16ORG,TPM16EM
TPM16ORG,TPM16
TPM16ORG,PWCS9ACFO
TPM16ORG,PHT5
TPM16ORG,UTK100
TPM16ORG,FHR80
TPM16ORG,SDDDM1AR
KRSC2460PC1,FU8A
KRSC2460PC1,91ACP
KRSC2460PC1,HBBD32
KRSC2460PC1,LP404
KRSC2460PC1,SPBS704AR
KRSC2460PC1,PL400B
KRSC2460PC1,SPBS8AR
KRSC2460PC1,SPBS12AR
KRSC2460PC1,SPBS18AR
KRSC2460PC1,47ACF
BTK7A,B1458C
BTK7A,B1467A
BTK7A,S6112
BTK7A,BCS70A
BTK7A,LDT40
BTK7A,CAL6EBR
BTK7A,OC5A
BTK7A,A3042
BTK7A,GA460B
BTK7A,BCT1050
IPDLM13A,IPSM21
IPDLM13A,IPLM21C
IPDLM13A,IPLM18C
IPDLM13A,IPLM19C
IPDLM13A,IPLM24C
IPDLM13A,EECT400
IPDLM13A,KRSC46HPBO
IPDLM13A,ECHDD012A
IPDLM13A,CTB8174
IPDLM13A,PH3050BR
IPDLM18A,IPSM21
IPDLM18A,IPLM21C
IPDLM18A,IPLM18C
IPDLM18A,IPLM19C
IPDLM18A,IPLM24C
IPDLM18A,EECT400
IPDLM18A,KRSC46HPBO
IPDLM18A,ECHDD012A
IPDLM18A,CTB8174
IPDLM18A,PH3050BR
LN46ACF,612AEP
LN46ACF,PL344BCF
LN46ACF,HCP48BCF
LN46ACF,LN47ACF
LN46ACF,46ACF
LN46ACF,HL138ACP
LN46ACF,86EP
LN46ACF,AWP45
LN46ACF,EECT400
LN46ACF,KRSC46HPBO
AWBCG1610,AWBCG1608
AWBCG1610,AWBCG1612
AWBCG1610,FX1
AWBCG1610,FXK6
AWBCG1610,SIMM230
AWBCG1610,EECT400
AWBCG1610,KRSC46HPBO
AWBCG1610,ECHDD012A
AWBCG1610,CTB8174
AWBCG1610,PH3050BR
SG4ASHBR,SGASA104BR
SG4ASHBR,SR80A
SG4ASHBR,SGD4120BR
SG4ASHBR,SG4ASABR
SG4ASHBR,SG7ASABR
SG4ASHBR,SG5ASABR
SG4ASHBR,PPK15
SG4ASHBR,SGDXL80BR
SG4ASHBR,KRSC46HPBO
SG4ASHBR,KAERNADD6RD
SIMM140A,IMM120A
SIMM140A,IMM100A
SIMM140A,IMM110A
SIMM140A,SIMM120A
SIMM140A,SIMM130A
SIMM140A,SIMM110A
SIMM140A,SIMM100A
SIMM140A,EECT400
SIMM140A,KRSC46HPBO
SIMM140A,ECHDD012A
CTB8187,VWB8B
CTB8187,GLOVE900LR
CTB8187,206AFSA
CTB8187,CTB185
CTB8187,CTC131A
CTB8187,CTINF9010
CTB8187,CTB8174
CTB8187,CT9080K2
CTB8187,A36A
CTB8187,SBT26
AWM6D,PPC4A
AWM6D,SIMM220
AWM6D,SPBS8AR
AWM6D,BLPTHC87
AWM6D,SIMM180
AWM6D,EECT400
AWM6D,KRSC46HPBO
AWM6D,ECHDD012A
AWM6D,CTB8174
AWM6D,PH3050BR
GLOVE309L,GLOVEORIGPLUSL
GLOVE309L,GLOVE300BL
GLOVE309L,YA427B
GLOVE309L,GLOVE900LR
GLOVE309L,GLASS50R
GLOVE309L,L872RJ
GLOVE309L,BF620C
GLOVE309L,TECH3FR250
GLOVE309L,SN15B
GLOVE309L,L62
TPGDL2000GRN,TDG2
TPGDL2000GRN,LSR1000EXT
TPGDL2000GRN,208EFTAMXSY
TPGDL2000GRN,LSRM2000
TPGDL2000GRN,QD3RN350A
TPGDL2000GRN,SEPIMMSIMMA
TPGDL2000GRN,PKRS1
TPGDL2000GRN,LSR1450
TPGDL2000GRN,LSR1580
TPGDL2000GRN,BTG8
F141,F181
F141,F241
F141,F101
F141,F121
F141,F201
F141,F221
F141,F261
F141,EECT400
F141,KRSC46HPBO
F141,ECHDD012A
FADH12C,PRH57A
FADH12C,S9704KA
FADH12C,SEPPREMETA
FADH12C,FADH8C
FADH12C,FADH6C
FADH12C,FADH10C
FADH12C,TPM16
FADH12C,CTB8174
FADH12C,PH3050BR
FADH12C,FB360C
TMA7E,ATKIFL
TMA7E,AOGMHC
TMA7E,TMA4E
TMA7E,TMA4.5E
TMA7E,XS2024A
TMA7E,TMA5E
TMA7E,TMA8E
TMA7E,TMA6E
TMA7E,EECT400
TMA7E,KRSC46HPBO
313SYA,313SWYA
313SYA,SW421
313SYA,S321
313SYA,313SMYA
313SYA,218AFSP
313SYA,TWM31
313SYA,KRSC46HPBO
313SYA,ECHDD012A
313SYA,CTB8174
313SYA,PH3050BR
ATECHFSET01R,IM120A
ATECHFSET01R,IM140A
ATECHFSET01R,IM160A
ATECHFSET01R,PL1000START
ATECHFSET01R,786CF
ATECHFSET01R,SLX80A
ATECHFSET01R,311IMYA
ATECHFSET01R,IM220
ATECHFSET01R,CTB8174
ATECHFSET01R,PH3050BR
S6110A,B1467A
S6110A,BTK5
S6110A,AWT100KA
S6110A,S8184
S6110A,B1461
S6110A,S6118A
S6110A,131A
S6110A,CTB8174
S6110A,FB303B
S6110A,PH3050BR
ACT1297,SVTS272A
ACT1297,8R
ACT1297,10MA
ACT1297,ACTUVPROKT
ACT1297,ACT9103
ACT1297,ACTR4151A
ACT1297,ACT51234A
ACT1297,HBFE103
ACT1297,ACT2105
ACT1297,SGHF616BR
STMM12,STMM14
STMM12,TMM12
STMM12,TMM14
STMM12,STMM6
STMM12,STMM7
STMM12,KRSC46HPBO
STMM12,ECHDD012A
STMM12,CTB8174
STMM12,PH3050BR
STMM12,FB303B
KRA4810FPBO,SIM180A
KRA4810FPBO,SIM220
KRA4810FPBO,SIM200
KRA4810FPBO,KRA4107FPBO
KRA4810FPBO,KRA4813FPBO
KRA4810FPBO,RXFS605B
KRA4810FPBO,SGA1710BR
KRA4810FPBO,SIM340
KRA4810FPBO,SIM380
KRA4810FPBO,SIM360
ECPNG032,ECUHD218
ECPNG032,AW1015DHK
ECPNG032,313SYA
ECPNG032,218AFSP
ECPNG032,PKNC200
ECPNG032,QDTPMS
ECPNG032,AWSGM800A
ECPNG032,10R
ECPNG032,SWM261
ECPNG032,VO806B
PPC206A,PPC205A
PPC206A,PPC203A
PPC206A,PPC210A
PPC206A,PPC204A
PPC206A,PPC820B
PPC206A,ECHDD012A
PPC206A,CTB8174
PPC206A,PH3050BR
PPC206A,MTTL300
PPC206A,FB303B
CT9175DB,SPBS8AR
CT9175DB,TMXK60
CT9175DB,SPBS18AR
CT9175DB,GFAT1E
CT9175DB,SGDX80BR
CT9175DB,PPC103A
CT9175DB,96ACF
CT9175DB,PPC816B
CT9175DB,SGDP31IRBR
CT9175DB,SGD4BR
PPC4A,PPC204A
PPC4A,PPC820B
PPC4A,PPC816B
PPC4A,PPC203A
PPC4A,PPC208A
PPC4A,KRSC46HPBO
PPC4A,ECHDD012A
PPC4A,CTB8174
PPC4A,PH3050BR
PPC4A,PTGR450
CT861MDB,TESLASTUKIT
CT861MDB,FSM71
CT861MDB,PHP2A
CT861MDB,TMM16
CT861MDB,BOERM22
CT861MDB,BOERM21
CT861MDB,131TMPB
CT861MDB,PPCL60BK
CT861MDB,KRA2407PBO
CT861MDB,SFSM21
TMA6E,ATKIFL
TMA6E,AOGMHC
TMA6E,TMA4E
TMA6E,TMA5E
TMA6E,TMA8E
TMA6E,TMA7E
TMA6E,TMA4.5E
TMA6E,XS2024A
TMA6E,EECT400
TMA6E,KRSC46HPBO
KRA2406BPCM,313TWYA
KRA2406BPCM,TW121A
KRA2406BPCM,TW201
KRA2406BPCM,TW221
KRA2406BPCM,TW161A
KRA2406BPCM,TW261
KRA2406BPCM,TW181A
KRA2406BPCM,TW361
KRA2406BPCM,TW321
KRA2406BPCM,TW141A
SVTA9100,RADKITULTRA
SVTA9100,SVTS264
SVTA9100,SVTS272A
SVTA9100,SVTSRAD272U
SVTA9100,EXD35A
SVTA9100,FB307RNB
SVTA9100,IPL34C
SVTA9100,312IPL
SVTA9100,IPL26C
SVTA9100,IPL32C
FHOF80AG,THRLX72
FHOF80AG,SHN36
FHOF80AG,PKNC300
FHOF80AG,FHBF80A
FHOF80AG,FH80MP
FHOF80AG,FZ80
FHOF80AG,PALMRAT
FHOF80AG,CTB8174
FHOF80AG,PH3050BR
FHOF80AG,PLRK30
MAGDISHOR,CLRPW75
MAGDISHOR,MRB5B
MAGDISHOR,GLOVE300BL
MAGDISHOR,MAGMAT
MAGDISHOR,MAGTRAY
MAGDISHOR,MAGMICRO
MAGDISHOR,MAGMINI
MAGDISHOR,MAGSTRIP
MAGDISHOR,KAERNADD6RD
MAGDISHOR,PTM2
SHL80AG,THLL72
SHL80AG,SH80A
SHL80AG,SHLL80A
SHL80AG,FHL80
SHL80AG,THL72
SHL80AG,DB121C
SHL80AG,PPB826A
SHL80AG,ECHDD012A
SHL80AG,CTB8174
SHL80AG,MTTL300
VWB1C,SGD4BR
VWB1C,SRPCR4700
VWB1C,SGD6BR
VWB1C,PL400B
VWB1C,FXK6
VWB1C,SIMM170
VWB1C,SIMM210
VWB1C,F80
VWB1C,SPBS18AR
VWB1C,SPBS12AR
SGDP42IRBO,SGD8BR
SGDP42IRBO,SGDP64IRBR
SGDP42IRBO,SGDX80BR
SGDP42IRBO,SGD4BR
SGDP42IRBO,SGDP31IRBR
SGDP42IRBO,SGD2BR
SGDP42IRBO,SGD6BR
SGDP42IRBO,PH3050BR
SGDP42IRBO,GA296B
SGDP42IRBO,MTTL300
HCP10,BLPXZNM389
HCP10,PHP2A
HCP10,PHP3A
HCP10,PHP1A
HCP10,BDGPL300HG
HCP10,ECHDD012A
HCP10,CTB8174
HCP10,PH3050BR
HCP10,SOSG01BKCL01
HCP10,RADKITULTRA
CTGR8850ADB,FU8A
CTGR8850ADB,96ACF
CTGR8850ADB,SIMM240
CTGR8850ADB,SGASA204CR
CTGR8850ADB,FHLF80A
CTGR8850ADB,TMXK2
CTGR8850ADB,SIMM150A
CTGR8850ADB,TMU8B
CTGR8850ADB,SGD4BR
CTGR8850ADB,SRPCR3800
TM412,TM410
TM412,TM5
TM412,ATKIFL
TM412,TM408
TM412,XS2024A
TM412,XS1416A
TM412,EECT400
TM412,KRSC46HPBO
TM412,ECHDD012A
TM412,CTB8174
KRA4813FPC,DBTB121
KRA4813FPC,AWM110DHK
KRA4813FPC,UPTM65K
KRA4813FPC,KRA4114FPBO
KRA4813FPC,KRA4810FPBO
KRA4813FPC,YA2019
KRA4813FPC,ST50A
KRA4813FPC,FB302A
KRA4813FPC,YA900
KRA4813FPC,BP8B
BHS7A,B1461
BHS7A,FB316B
BHS7A,FTXB50E
BHS7A,PTGR450
BHS7A,EFPHANNIBALB
BHS7A,222AFSP
BHS7A,209EFTXBY
BHS7A,DB129C
BHS7A,FTXB55E
BHS7A,PGP50
AWSGT15A,91ACP
AWSGT15A,SPBS12AR
AWSGT15A,SPBS8AR
AWSGT15A,PWCS7ACF
AWSGT15A,FXK6
AWSGT15A,EECT400
AWSGT15A,KRSC46HPBO
AWSGT15A,ECHDD012A
AWSGT15A,CTB8174
AWSGT15A,PH3050BR
209EFTXBY,SA16E
209EFTXBY,HD6529
209EFTXBY,206EFABL
209EFTXBY,STX70E
209EFTXBY,KAC1224TCA
209EFTXBY,CTB8174
209EFTXBY,PH3050BR
209EFTXBY,TPM16EM
209EFTXBY,BB9008
209EFTXBY,OC5A
KRA2422PC,TM84
KRA2422PC,VO2224B
KRA2422PC,VO2628B
KRA2422PC,KWSN2455AST
KRA2422PC,KRWT2411
KRA2422PC,KWSP2455ABL
KRA2422PC,KWSN2455ABL
KRA2422PC,KWSP2455AST
KRA2422PC,PG160
KRA2422PC,EFPHANNIBALB
TX72,TK72
TX72,TLLF72
TX72,TM72
TX72,SX80B
TX72,SLX80A
TX72,TXM72
TX72,TNF72
TX72,EECT400
TX72,KRSC46HPBO
TX72,ECHDD012A
TWM29,TWM25
TWM29,TWM32
TWM29,TW461
TWM29,TWM31
TWM29,TWM28
TWM29,TWM26
TWM29,TWM30
TWM29,CTB8174
TWM29,PH3050BR
TWM29,CAL6DA
AWS13-9,47ACF
AWS13-9,T72
AWS13-9,SIMM200
AWS13-9,PL400B
AWS13-9,SIMM160A
AWS13-9,EECT400
AWS13-9,KRSC46HPBO
AWS13-9,ECHDD012A
AWS13-9,CTB8174
AWS13-9,PH3050BR
AWMXL10-10,SPBS12AR
AWMXL10-10,SGASA204CR
AWMXL10-10,SIMM210
AWMXL10-10,F80
AWMXL10-10,FHLF80A
AWMXL10-10,EECT400
AWMXL10-10,KRSC46HPBO
AWMXL10-10,ECHDD012A
AWMXL10-10,CTB8174
AWMXL10-10,PH3050BR
208ES10MMY,SFSM10
208ES10MMY,BLPTS1430
208ES10MMY,FAM8E
208ES10MMY,BLPHM1212
208ES10MMY,BLPTS1420
208ES10MMY,BLPH1217
208ES10MMY,BLPTS1410
208ES10MMY,BLPTS1425
208ES10MMY,EECT400
208ES10MMY,KRSC46HPBO
224SFFSM,SEPPROCORE1A
224SFFSM,AYESCRD
224SFFSM,AYESSETC
224SFFSM,SEPPROCORE2A
224SFFSM,BF775C-A
224SFFSM,JT17A
224SFFSM,AT4124
224SFFSM,ACT1290A
224SFFSM,AT4135
224SFFSM,OEXM707B
AWTEF11K,AWBMXL9
AWTEF11K,AWBXL13
AWTEF11K,AWTXL8
AWTEF11K,BHM9A
AWTEF11K,SGASA204CR
AWTEF11K,AWTEFBH11K
AWTEF11K,AWEFBH11K
AWTEF11K,AWMEFBH10K
AWTEF11K,KRSC46HPBO
AWTEF11K,ECHDD012A
GAW1906,T72
GAW1906,SHD1R
GAW1906,SGDP31IRBR
GAW1906,SGD6BR
GAW1906,FXK3
GAW1906,EECT400
GAW1906,KRSC46HPBO
GAW1906,ECHDD012A
GAW1906,CTB8174
GAW1906,PH3050BR
GAW1920,PPC4A
GAW1920,TMXK2
GAW1920,SGD4BR
GAW1920,PPC816B
GAW1920,SPBS18AR
GAW1920,EECT400
GAW1920,KRSC46HPBO
GAW1920,ECHDD012A
GAW1920,CTB8174
GAW1920,PH3050BR
SGDE215ESD,SGDEP21ESD
SGDE215ESD,AOGMHC
SGDE215ESD,PKN9
SGDE215ESD,SGDEP200ESD
SGDE215ESD,SGDE220ESD
SGDE215ESD,SGDE225ESD
SGDE215ESD,SGDE230ESD
SGDE215ESD,SGDEP20ESD
SGDE215ESD,EECT400
SGDE215ESD,KRSC46HPBO
PPSG105,PCSG812
PPSG105,PPSG4
PPSG105,AVSNP01160
PPSG105,PPSG103
PPSG105,PPSG106
PPSG105,PPSG203
PPSG105,PCSG820
PPSG105,PCSG816
PPSG105,KRSC46HPBO
PPSG105,ECHDD012A
SN15B,AWBPH13
SN15B,OXIM6B
SN15B,RXFS2836B
SN15B,BOERM17
SN15B,SFSM21
SN15B,STMM4
SN15B,AWMBPH9
SN15B,FTX60E
SN15B,ACT83A
SN15B,AT109
GLOVE400XL,SHD2R
GLOVE400XL,SHD6R
GLOVE400XL,SHDP31IRR
GLOVE400XL,LP404
GLOVE400XL,RTD48
GLOVE400XL,SOSG01BKCL01
GLOVE400XL,GLOVE900LR
GLOVE400XL,GLOVE1100L
GLOVE400XL,GLOVE300BL
GLOVE400XL,GLOVEORIGPLUSL
GLOVE400XXL,SHD2R
GLOVE400XXL,SHD6R
GLOVE400XXL,SHDP31IRR
GLOVE400XXL,LP404
GLOVE400XXL,RTD48
GLOVE400XXL,SOSG01BKCL01
GLOVE400XXL,GLOVE900LR
GLOVE400XXL,GLOVE1100L
GLOVE400XXL,GLOVE300BL
GLOVE400XXL,GLOVEORIGPLUSL
STMD8,STMD14
STMD8,STMD16
STMD8,STMD12
STMD8,STMD9
STMD8,STMD10
STMD8,STMD6
STMD8,KRSC46HPBO
STMD8,ECHDD012A
STMD8,CTB8174
STMD8,PH3050BR
FHBB12AO,SHBB24
FHBB12AO,FHBB18A
FHBB12AO,OFW2
FHBB12AO,FTX60E
FHBB12AO,OFW3
FHBB12AO,AF102
FHBB12AO,JT13B
FHBB12AO,GA296B
FHBB12AO,PGP50
FHBB12AO,ACT83A
PKN12,SPBS8AR
PKN12,PPC103A
PKN12,TMXK60
PKN12,SGD4BR
PKN12,SIMM160A
PKN12,EECT400
PKN12,KRSC46HPBO
PKN12,ECHDD012A
PKN12,CTB8174
PKN12,PH3050BR
VO1820B,VO1416B
VO1820B,VO3032B
VO1820B,TM65
VO1820B,VO1012B
VO1820B,VO2224B
VO1820B,VO2628B
VO1820B,EECT400
VO1820B,KRSC46HPBO
VO1820B,ECHDD012A
VO1820B,CTB8174
DBH7B,TMXK60
DBH7B,96ACF
DBH7B,91ACP
DBH7B,TMC109A
DBH7B,CTNN13KF
DBH7B,304IMX
DBH7B,PL400B
DBH7B,IMX32B
DBH7B,124STTMM
DBH7B,IP80D
JCK7DBL,JCK8
JCK7DBL,OEXM8B
JCK7DBL,OEXM9B
JCK7DBL,US712
JCK7DBL,PKWLR53A
JCK7DBL,OC5A
JCK7DBL,KRA2055FPBO
JCK7DBL,AW1020DK
JCK7DBL,RXS605B
JCK7DBL,FB303B
MAGTRAY,JCW80AR
MAGTRAY,JCK7DBL
MAGTRAY,PHP3A
MAGTRAY,MAGMICRO
MAGTRAY,MAGMINI
MAGTRAY,MAGSTRIP
MAGTRAY,MAGMAT
MAGTRAY,MAGDISH
MAGTRAY,PTM30
MAGTRAY,204FXKLA
TMUS161A,TMUS141A
TMUS161A,FA12LE
TMUS161A,FAML6E
TMUS161A,FABLM5E
TMUS161A,SA16E
TMUS161A,KRSC46HPBO
TMUS161A,ECHDD012A
TMUS161A,CTB8174
TMUS161A,PH3050BR
TMUS161A,BB9008
SFSM15,SFSM17
SFSM15,SFSM13
SFSM15,SFSM12
SFSM15,SFSM16
SFSM15,SFSM19
SFSM15,SFSM18
SFSM15,EECT400
SFSM15,KRSC46HPBO
SFSM15,ECHDD012A
SFSM15,CTB8174
AT700F,AT5500
AT700F,AT109
AT700F,AT2050
AT700F,RBYAM605
AT700F,GA460B
AT700F,SOSG01BKCL01
AT700F,B260A
AT700F,208CCP
AT700F,BTC3A
AT700F,PDR3000A
MAGSTRIP,PLRK21
MAGSTRIP,YA389A
MAGSTRIP,SVTS264
MAGSTRIP,MAGMICRO
MAGSTRIP,MAGMINI
MAGSTRIP,MAGTRAY
MAGSTRIP,MAGMAT
MAGSTRIP,MAGDISH
MAGSTRIP,KACKMCFIBER1
MAGSTRIP,CSA14CR
PPC710BK,SEPPREMETA
PPC710BK,9100GSM
PPC710BK,9100AGMO
PPC710BK,PKNC150
PPC710BK,TB40C
PPC710BK,AWM110DHK
PPC710BK,317AMMPC
PPC710BK,206EAU
PPC710BK,AWMG9
PPC710BK,PH3050BR
SHLF80AO,SHN36
SHLF80AO,312IMMS
SHLF80AO,SH80A
SHLF80AO,THLF72
SHLF80AO,FHLLF80
SHLF80AO,FHLF80A
SHLF80AO,THLLF72
SHLF80AO,FHBF80A
SHLF80AO,KRSC46HPBO
SHLF80AO,ECHDD012A
THL72,FHL80
THL72,SHL80A
THL72,THLL72
THL72,SH80A
THL72,FHR80
THL72,PH3050BR
THL72,ACT83A
THL72,GLOVEORIGPLUSL
THL72,AT109
THL72,PGP50
S6111,S6112
S6111,S8184
S6111,S6110A
S6111,BTG9
S6111,TR108
S6111,JCK7DBL
S6111,KAERNADD6RD
S6111,AT4101
S6111,YA105013
S6111,TDG2
SF281,SF261
SF281,SF241
SF281,SF221
SF281,SF201
SF281,F261
SF281,EECT400
SF281,KRSC46HPBO
SF281,ECHDD012A
SF281,CTB8174
SF281,PH3050BR
210RAFMA,F80MP
210RAFMA,RAF80A
210RAFMA,AWSGT800A
210RAFMA,112RTMA
210RAFMA,112RTSMA
210RAFMA,SSDMRT8A
210RAFMA,ASTFUN19KIT
210RAFMA,CTINF9010
210RAFMA,AWBSGM800A
210RAFMA,PH3050BR
212SIMFYA,212IMFMSYA
212SIMFYA,311IMYA
212SIMFYA,313SIMA
212SIMFYA,320SIM
212SIMFYA,YA438B
212SIMFYA,BLPTE3816
212SIMFYA,ECHDD012A
212SIMFYA,CTB8174
212SIMFYA,PH3050BR
212SIMFYA,DB129C
312IPLM,312IPL
312IPLM,106IPTMMA
312IPLM,IPLM22C
312IPLM,325SIMM
312IPLM,IPL26C
312IPLM,KRSC46HPBO
312IPLM,ECHDD012A
312IPLM,CTB8174
312IPLM,PH3050BR
312IPLM,SVTA9100
OEXM250B,OEXM230B
OEXM250B,OEXM270B
OEXM250B,OEXM240B
OEXM250B,OEXM260B
OEXM250B,OEXM290B
OEXM250B,OEXM300B
OEXM250B,OEXM320B
OEXM250B,KRSC46HPBO
OEXM250B,ECHDD012A
OEXM250B,CTB8174
OEXM260B,OEXM230B
OEXM260B,OEX44B
OEXM260B,OEXM240B
OEXM260B,OEXM290B
OEXM260B,OEXM250B
OEXM260B,OEXM300B
OEXM260B,OEXM320B
OEXM260B,OEXM270B
OEXM260B,KRSC46HPBO
OEXM260B,ECHDD012A
PTR2505G,PT338
PTR2505G,PTGR110
PTR2505G,PT850
PTR2505G,PTR2505
PTR2505G,PTR72
PTR2505G,PDR3000A
PTR2505G,MG325
PTR2505G,SFSM20
PTR2505G,A159
PTR2505G,SFSM21
SFSM13,SFSM17
SFSM13,SFSM14
SFSM13,SFSM8
SFSM13,SFSM15
SFSM13,SFSM16
SFSM13,SFSM19
SFSM13,EECT400
SFSM13,KRSC46HPBO
SFSM13,ECHDD012A
SFSM13,CTB8174
SG5ASABR,SG4ASABR
SG5ASABR,XS1214A
SG5ASABR,ATKIFL
SG5ASABR,XS2024A
SG5ASABR,XS1416A
SG5ASABR,XS1820A
SG5ASABR,TB40C
SG5ASABR,KRSC46HPBO
SG5ASABR,ECHDD012A
SG5ASABR,CTB8174
SWM191,310SWMYA
SWM191,SWM221
SWM191,SWM141A
SWM191,SWM161
SWM191,SWM131A
SWM191,SWM151A
SWM191,SWM181
SWM191,SWM171
SWM191,KRSC46HPBO
SWM191,ECHDD012A
YA381ABL,TMXK2
YA381ABL,SGD2BR
YA381ABL,SGDP31IRBR
YA381ABL,PL400B
YA381ABL,SPBS704AR
YA381ABL,FX1
YA381ABL,SIMM170
YA381ABL,PPC816B
YA381ABL,SRPCR3800
YA381ABL,SGD8BR
CTR868K2,T72
CTR868K2,FU8A
CTR868K2,PPC103A
CTR868K2,SIMM230
CTR868K2,A2A
CTR868K2,SGDX80BR
CTR868K2,SGD8BR
CTR868K2,F80
CTR868K2,SIMM180
CTR868K2,SPBS704AR
PTGR210AG,PPC103A
PTGR210AG,FXK6
PTGR210AG,SGD6BR
PTGR210AG,SIMM160A
PTGR210AG,SGDP31IRBR
PTGR210AG,SGASA204CR
PTGR210AG,FX1
PTGR210AG,SPBS8AR
PTGR210AG,BLPTHC87
PTGR210AG,PWCS7ACF
CJ2001P,YA9350B
CJ2001P,TF528D
CJ2001P,MSK10
CJ2001P,VWB8B
CJ2001P,MSKM10
CJ2001P,PWZ4
CJ2001P,SVTA9100
CJ2001P,MTEE6
CJ2001P,DBTB121
CJ2001P,ACT925
AWMG9-8,96ACF
AWMG9-8,FX1
AWMG9-8,SPBS12AR
AWMG9-8,FXK6
AWMG9-8,SGDP31IRBR
AWMG9-8,EECT400
AWMG9-8,KRSC46HPBO
AWMG9-8,ECHDD012A
AWMG9-8,CTB8174
AWMG9-8,PH3050BR
AWTXL8,BHS13A
AWTXL8,AWMG9
AWTXL8,AWS13
AWTXL8,AWBXL13
AWTXL8,AWMXL10
AWTXL8,AWBS13
AWTXL8,AWXL13
AWTXL8,KRSC46HPBO
AWTXL8,ECHDD012A
AWTXL8,CTB8174
AWXL13,214SFY
AWXL13,210FRHMA
AWXL13,110STMDY
AWXL13,AWMXL10
AWXL13,AWTXL8
AWXL13,DBHS13
AWXL13,HBPT24
AWXL13,HBBD8
AWXL13,ECHDD012A
AWXL13,FB360C
AWXL13-3/8,SIMM170
AWXL13-3/8,SIMM160A
AWXL13-3/8,96ACF
AWXL13-3/8,SIMM190
AWXL13-3/8,SIMM230
AWXL13-3/8,EECT400
AWXL13-3/8,KRSC46HPBO
AWXL13-3/8,ECHDD012A
AWXL13-3/8,CTB8174
AWXL13-3/8,PH3050BR
IPL30C,IPL24C
IPL30C,IPL36C
IPL30C,IPL34C
IPL30C,IPL38C
IPL30C,IPL40C
IPL30C,EECT400
IPL30C,KRSC46HPBO
IPL30C,ECHDD012A
IPL30C,CTB8174
IPL30C,PH3050BR
KRA4008FPJK,212SFSMY
KRA4008FPJK,CSA8CR
KRA4008FPJK,SN18B
KRA4008FPJK,OEXM710B
KRA4008FPJK,OEXM80B
KRA4008FPJK,S9704KA
KRA4008FPJK,FS221
KRA4008FPJK,FS241
KRA4008FPJK,FS121
KRA4008FPJK,FS141
AW10D,AW5D
AW10D,AW8D
AW10D,10SSD
AW10D,AW12D
AW10D,AW4-1/2D
AW10D,AW4D
AW10D,AW6D
AW10D,PH3050BR
AW10D,FB361A
AW10D,EEDM503D
CTR827DB,ATECH2FR125B
CTR827DB,SGDP31IRBR
CTR827DB,SGD6BR
CTR827DB,FXK6
CTR827DB,GFAT1E
CTR827DB,SIMM220
CTR827DB,SPBS12AR
CTR827DB,SPBS18AR
CTR827DB,SIMM210
CTR827DB,SPBS8AR
AW1013DK,AVSNP01160
AW1013DK,BF620C
AW1013DK,YA337A
AW1013DK,GA98A
AW1013DK,8HR
AW1013DK,10R
AW1013DK,AWL1010DK
AW1013DK,30SSD
AW1013DK,ECHDD012A
AW1013DK,CTB8174
CTPOL9050DB,ATECH3FR300B
CTPOL9050DB,SIMM240
CTPOL9050DB,SPBS12AR
CTPOL9050DB,FXK3
CTPOL9050DB,F80
CTPOL9050DB,SIMM150A
CTPOL9050DB,PL400B
CTPOL9050DB,TMU8B
CTPOL9050DB,TMXK4
CTPOL9050DB,SGD6BR
CTR861AK2,LSR1150
CTR861AK2,LSR2000
CTR861AK2,BOERM712
CTR861AK2,FRW10
CTR861AK2,CT9080K2
CTR861AK2,CTR867AK2
CTR861AK2,CTB185
CTR861AK2,CTB8174
CTR861AK2,CT825DB
CTR861AK2,214IMFMYA
305SIMMY,312SIMM
305SIMMY,SIMM350
305SIMMY,SIMM290
305SIMMY,OFW2
305SIMMY,310TWMYA
305SIMMY,PKNC150
305SIMMY,UPTM65K
305SIMMY,EECT400
305SIMMY,KRSC46HPBO
305SIMMY,ECHDD012A
307RIPLMS,LDTJT538
307RIPLMS,LDTJT512
307RIPLMS,TMXK60
307RIPLMS,FX1
307RIPLMS,FXK3
307RIPLMS,EECT400
307RIPLMS,KRSC46HPBO
307RIPLMS,ECHDD012A
307RIPLMS,CTB8174
307RIPLMS,PH3050BR
KRA6200FPJK,ATECH3FR300B
KRA6200FPJK,VS814A
KRA6200FPJK,PBS704
KRA6200FPJK,ACT51234A
KRA6200FPJK,IPL22C
KRA6200FPJK,IPL20C
KRA6200FPJK,IPL18C
KRA6200FPJK,IPL28C
KRA6200FPJK,IPL24C
KRA6200FPJK,IPL36C
THLL72,SHL80A
THLL72,FHL80
THLL72,THLLF72
THLL72,SHLL80A
THLL72,FHLL80
THLL72,THL72
THLL72,103TMXKLA
THLL72,EECT400
THLL72,KRSC46HPBO
THLL72,ECHDD012A
TR107A,GA460B
TR107A,OEXM230B
TR107A,B1356E
TR107A,VGP104
TR107A,PG160
TR107A,GA296B
TR107A,BP8B
TR107A,PK500A
TR107A,ACT413A
TR107A,FB302A
DBT10,PPC4A
DBT10,ATECH2FR125B
DBT10,SPBS12AR
DBT10,SRPCR4700
DBT10,SIMM190
DBT10,EECT400
DBT10,KRSC46HPBO
DBT10,ECHDD012A
DBT10,CTB8174
DBT10,PH3050BR
TMM4,117TMM
TMM4,TMM5
TMM4,TWM27
TMM4,STMM4
TMM4,TMM4.5
TMM4,STMM4.5
TMM4,YA450B
TMM4,QD3RN350A
TMM4,TMM15
TMM4,KRSC46HPBO
FS161,FS141
FS161,222AFSP
FS161,218AFSP
FS161,FS181
FS161,FS121
FS161,FS241
FS161,FS201
FS161,PH3050BR
FS161,OC5A
FS161,FB303B
GLOVE900LR,GLOVEORIGPLUSL
GLOVE900LR,GLASS50R
GLOVE900LR,SOSG01BKCL01
GLOVE900LR,GLOVE1100L
GLOVE900LR,GLOVE505RL
GLOVE900LR,GLOVE309L
GLOVE900LR,GLOVE300BL
GLOVE900LR,OFC14KT
GLOVE900LR,CTB8187
GLOVE900LR,PHP1A
GLOVE900MB,GLOVEORIGPLUSL
GLOVE900MB,GLASS50R
GLOVE900MB,SOSG01BKCL01
GLOVE900MB,GLOVE1100L
GLOVE900MB,GLOVE505RL
GLOVE900MB,GLOVE309L
GLOVE900MB,GLOVE300BL
GLOVE900MB,OFC14KT
GLOVE900MB,CTB8187
GLOVE900MB,PHP1A
SIMM160A,SIMM240
SIMM160A,SIMM230
SIMM160A,SIMM110A
SIMM160A,SIMM120A
SIMM160A,SIMM140A
SIMM160A,EECT400
SIMM160A,KRSC46HPBO
SIMM160A,ECHDD012A
SIMM160A,CTB8174
SIMM160A,PH3050BR
315AN,SRPCR3800
315AN,LDH562
315AN,LDH522
315AN,OEX42B
315AN,PPC5A
315AN,OEX714KB
315AN,SOEXM705
315AN,SRPCR4700
315AN,EECT400
315AN,KRSC46HPBO
PPCS60BK,GAJ12A
PPCS60BK,PPCL60BK
PPCS60BK,PPC210A
PPCS60BK,HSPD16
PPCS60BK,TTX40E
PPCS60BK,TTX27E
PPCS60BK,GLASS30R
PPCS60BK,FB360C
PPCS60BK,TPGIF1600A
PPCS60BK,AT5500
TWM18,TWM22
TWM18,TW281
TWM18,TWM24
TWM18,TWM17
TWM18,TWM19
TWM18,TWM21
TWM18,EECT400
TWM18,KRSC46HPBO
TWM18,ECHDD012A
TWM18,CTB8174
131A,B3404B
131A,B1461
131A,B1356E
131A,BST103R
131A,S6118A
131A,ECHDD012A
131A,CTB8174
131A,PH3050BR
131A,YA450B
131A,FB303B
SDM252C,114ATMP
SDM252C,SSDMR4BR
SDM252C,SGDMRC4-TM4
SDM252C,SDM251C
SDM252C,SDMT25D
SDM252C,SDMT20D
SDM252C,SDMT10D
SDM252C,UIM2LT
SDM252C,KRSC46HPBO
SDM252C,A277
SOEXM120,GSAF1F
SOEXM120,96ACF
SOEXM120,47ACF
SOEXM120,SOEXM170
SOEXM120,SOEXM140
SOEXM120,SOEXM150
SOEXM120,SOEXM100
SOEXM120,SOEXM130
SOEXM120,EECT400
SOEXM120,KRSC46HPBO
PBMS5R,PBMB5R
PBMS5R,PBMMA5R
PBMS5R,PBMMA5
PBMS5R,PBMB5O
PBMS5R,PBMA5R
PBMS5R,PBMA5
PBMS5R,PBMA5G
PBMS5R,KRSC46HPBO
PBMS5R,ECHDD012A
PBMS5R,CTB8174
786CF,PL1000START
786CF,97ACF
786CF,PWCS7ACF
786CF,411CF
786CF,YA2019
786CF,10R
786CF,AW1013DK
786CF,ST50A
786CF,KRSC46HPBO
786CF,ECHDD012A
AWBXL13,AWBXL13
AWBXL13,AWMXL10
AWBXL13,AWBS13
AWBXL13,AWBMXL9
AWBXL13,AWTXL8
AWBXL13,BHM9A
AWBXL13,FHLF80A
AWBXL13,AWBPH13
AWBXL13,EECT400
AWBXL13,KRSC46HPBO
GLOVE505RXL,SHDP31IRR
GLOVE505RXL,SHD4R
GLOVE505RXL,SHDP42IRR
GLOVE505RXL,SOSG01BKCL01
GLOVE505RXL,GLOVE900LR
GLOVE505RXL,GLOVE1100L
GLOVE505RXL,GLOVE300BL
GLOVE505RXL,GLOVEORIGPLUSL
GLOVE505RXL,UIM2FL
GLOVE505RXL,UPT2FL
GLOVE505RXX,SHDP31IRR
GLOVE505RXX,SHD4R
GLOVE505RXX,SHDP42IRR
GLOVE505RXX,SOSG01BKCL01
GLOVE505RXX,GLOVE900LR
GLOVE505RXX,GLOVE1100L
GLOVE505RXX,GLOVE300BL
GLOVE505RXX,GLOVEORIGPLUSL
GLOVE505RXX,UIM2FL
GLOVE505RXX,UPT2FL
KRA4107FPCM,OXRM710A
KRA4107FPCM,OEXM7B
KRA4107FPCM,2004BSKA
KRA4107FPCM,KRA4114FPBO
KRA4107FPCM,KRA4810FPBO
KRA4107FPCM,BLPBSS40
KRA4107FPCM,FB360C
KRA4107FPCM,SWM111A
KRA4107FPCM,SWM101A
KRA4107FPCM,AW1013DK
KCP2422PU,AC58E
KCP2422PU,GA296B
KCP2422PU,SS5A
KCP2422PU,KRWT2411
KCP2422PU,KWSN2455ABL
KCP2422PU,KWSP2455AST
KCP2422PU,KWSN2455AST
KCP2422PU,KWSP2455ABL
KCP2422PU,OEXM6B
KCP2422PU,BTC7B
ECHDD012AG,LBUK1
ECHDD012AG,CTR862DB
ECHDD012AG,GLOVE300BL
ECHDD012AG,ECHDD012AR
ECHDD012AG,TMC109A
ECHDD012AG,GAX36
ECHDD012AG,S3624
ECHDD012AG,BTG8
ECHDD012AG,CTNN13KF
ECHDD012AG,TWM27
B1467A,S6110A
B1467A,BTK7A
B1467A,BT11
B1467A,S8184
B1467A,S6112
B1467A,B1458C
B1467A,B1461
B1467A,GA3634A
B1467A,PGP50
B1467A,CAL6EBR
SSDMRT8A,BLPBTW6
SSDMRT8A,BTWOS
SSDMRT8A,BLPBTW4
SSDMRT8A,210RAFSMA
SSDMRT8A,F4LBK
SSDMRT8A,KRSC46HPBO
SSDMRT8A,ECHDD012A
SSDMRT8A,CTB8174
SSDMRT8A,PH3050BR
SSDMRT8A,FB302A
AWSGM10A,SGD4BR
AWSGM10A,SIMM220
AWSGM10A,SPBS18AR
AWSGM10A,TMXK60
AWSGM10A,T72
AWSGM10A,EECT400
AWSGM10A,KRSC46HPBO
AWSGM10A,ECHDD012A
AWSGM10A,CTB8174
AWSGM10A,PH3050BR
AWBSGM2A,SGD4BR
AWBSGM2A,F80
AWBSGM2A,BLPTHC87
AWBSGM2A,SIMM170
AWBSGM2A,FXK6
AWBSGM2A,EECT400
AWBSGM2A,KRSC46HPBO
AWBSGM2A,ECHDD012A
AWBSGM2A,CTB8174
AWBSGM2A,PH3050BR
KRA6210FPBO,KRA2411PBO
KRA6210FPBO,PBMP703A
KRA6210FPBO,PH3050BR
KRA6210FPBO,ATECH3FR300B
KRA6210FPBO,ATECH2FR125B
KRA6210FPBO,SIMM220
KRA6210FPBO,SGDP31IRBR
KRA6210FPBO,SHDP42IRR
KRA6210FPBO,PL400B
KRA6210FPBO,TMXK60
KRSC343PBO,SFSM19
KRSC343PBO,SFSM17
KRSC343PBO,SFSM14
KRSC343PBO,RULER600
KRSC343PBO,DS809K
KRSC343PBO,WTG8A
KRSC343PBO,HBFE16
KRSC343PBO,208EFAY
KRSC343PBO,PPC208A
KRSC343PBO,206EAU
JCW80AO,PLRK21
JCW80AO,ECHDG052
JCW80AO,MAGTRAY
JCW80AO,JCW62R
JCW80AO,MRB12B
JCW80AO,VAC201
JCW80AO,BL1B
JCW80AO,ASTFUN19KIT
JCW80AO,KASS13
JCW80AO,310SWMYA
EECS150,YA832A
EECS150,MTEE6
EECS150,RTEMPB7
EECS150,EEJP201MBKA-NA
EECS150,BEXD10A
EECS150,CTSG861DB
EECS150,EEBM600
EECS150,ACT925
EECS150,131TMPB
EECS150,BLPPB704
CTRS761ADB,CTRS761ADB
CTRS761ADB,CTNN13KF
CTRS761ADB,PTC250
CTRS761ADB,CTCO861K2
CTRS761ADB,CGG861DB
CTRS761ADB,CT825DB
CTRS761ADB,OFC14KT
CTRS761ADB,CTB8174
CTRS761ADB,AW028D
CTRS761ADB,CTSG861DB
AWL20D,SPBS12AR
AWL20D,SIMM240
AWL20D,SGDP31IRBR
AWL20D,SHD1R
AWL20D,SGD6BR
AWL20D,EECT400
AWL20D,KRSC46HPBO
AWL20D,ECHDD012A
AWL20D,CTB8174
AWL20D,PH3050BR
MS8A,GFAT1E
MS8A,SGD2BR
MS8A,SGDP31IRBR
MS8A,PL400B
MS8A,SGD8BR
MS8A,EECT400
MS8A,KRSC46HPBO
MS8A,ECHDD012A
MS8A,CTB8174
MS8A,PH3050BR
BOERM18,LSR1450
BOERM18,SGDTX50BR
BOERM18,204IMXA
BOERM18,BOERM21
BOERM18,AWCGT500
BOERM18,QD3RN350A
BOERM18,ECHDD012A
BOERM18,CTB8174
BOERM18,PH3050BR
BOERM18,TPGDL2000
BOERM8,OEXM7B
BOERM8,OEXM240B
BOERM8,YA4274A
BOERM8,BOERM9
BOERM8,BOERM12
BOERM8,BOERM10
BOERM8,BOERM19
BOERM8,OEXM260B
BOERM8,KRSC46HPBO
BOERM8,MTTL800
BTWOS,BLPXZNM389
BTWOS,SDMT25D
BTWOS,SDMT10D
BTWOS,BTWROS
BTWOS,BTWS
BTWOS,BLPBTW8
BTWOS,SSDMRT8A
BTWOS,BLPBTW6
BTWOS,CTB8174
BTWOS,PTB32K
ATKIFL,SGD6BR
ATKIFL,SIMM240
ATKIFL,SIMM220
ATKIFL,SHDP42IRR
ATKIFL,F80
ATKIFL,EECT400
ATKIFL,KRSC46HPBO
ATKIFL,ECHDD012A
ATKIFL,CTB8174
ATKIFL,PH3050BR
BLPSM146,BLPSM1413
BLPSM146,BLPSM1412
BLPSM146,BLPSM148
BLPSM146,BLPSM149
BLPSM146,BLPSM145
BLPSM146,BLPSM144
BLPSM146,BLPSM1411
BLPSM146,BLPSM147
BLPSM146,EECT400
BLPSM146,KRSC46HPBO
BLPT1415,BLPT1420
BLPT1415,BLPT1425
BLPT1415,BLPT149
BLPT1415,BLPT1410
BLPT1415,BLPT1427
BLPT1415,BLPT148
BLPT1415,EECT400
BLPT1415,KRSC46HPBO
BLPT1415,ECHDD012A
BLPT1415,CTB8174
BLPT1420,BLPT1410
BLPT1420,BLPT146
BLPT1420,BLPT147
BLPT1420,BLPT1427
BLPT1420,BLPT1415
BLPT1420,BLPT1425
BLPT1420,BLPT148
BLPT1420,EECT400
BLPT1420,KRSC46HPBO
BLPT1420,ECHDD012A
BLPTE146,BLPTE1222
BLPTE146,BLPTE1224
BLPTE146,BLPTE1220
BLPTE146,BLPTE144
BLPTE146,BLPTE145
BLPTE146,BLPTE147
BLPTE146,BLPTE148
BLPTE146,BLPTE1218
BLPTE146,EECT400
BLPTE146,KRSC46HPBO
BLPTE3812,BLPTE1218
BLPTE3812,BLPTE1220
BLPTE3812,310IMMYA
BLPTE3812,BLPTE3814
BLPTE3812,BLPTE3816
BLPTE3812,BLPTE3810
BLPTE3812,YA438B
BLPTE3812,OXIM6B
BLPTE3812,ECHDD012A
BLPTE3812,CTB8174
BLPTL1425,BLPTL1420
BLPTL1425,BLPTL1410
BLPTL1425,BLPTL1430
BLPTL1425,BLPTL1415
BLPTL1425,BLPTL1427
BLPTL1425,BLPTL146
BLPTL1425,KRSC46HPBO
BLPTL1425,ECHDD012A
BLPTL1425,CTB8174
BLPTL1425,PH3050BR
BLPTS1420,BLPHSM1410
BLPTS1420,BLPTS1420
BLPTS1420,BLPHSM145
BLPTS1420,BLPTS1415
BLPTS1420,BLPTS1425
BLPTS1420,BLPTS1410
BLPTS1420,BLPTS1430
BLPTS1420,BLPHSM146
BLPTS1420,EECT400
BLPTS1420,KRSC46HPBO
BLPTS1450,SPBS704AR
BLPTS1450,SHD1R
BLPTS1450,SGDP31IRBR
BLPTS1450,SRPCR4700
BLPTS1450,SGASA204CR
BLPTS1450,EECT400
BLPTS1450,KRSC46HPBO
BLPTS1450,ECHDD012A
BLPTS1450,CTB8174
BLPTS1450,PH3050BR
BLPH125,BLPH389
BLPH125,BLPH123
BLPH125,BLPH386
BLPH125,BLPH124
BLPH125,BLPH126
BLPH125,BLPH14732
BLPH125,KRSC46HPBO
BLPH125,ECHDD012A
BLPH125,CTB8174
BLPH125,PH3050BR
BLPHL144,BLPHL144
BLPHL144,BLPHL3810
BLPHL144,BLPH14732
BLPHL144,BLPHL145
BLPHL144,BLPHL146
BLPHL144,BLPT1420
BLPHL144,BLPT1430
BLPHL144,BLPH14964
BLPHL144,EECT400
BLPHL144,KRSC46HPBO
BLPHL14532,ATECH3FR300B
BLPHL14532,SIMM230
BLPHL14532,BLPHL14532
BLPHL14532,BLPHL1418
BLPHL14532,BLPHL14316
BLPHL14532,BLPT1430
BLPHL14532,EECT400
BLPHL14532,KRSC46HPBO
BLPHL14532,ECHDD012A
BLPHL14532,CTB8174
BLPHL146,BLPHL146
BLPHL146,AWMEF6K
BLPHL146,AWEF9K
BLPHL146,BLPHL145
BLPHL146,BLPHL144
BLPHL146,BLPHSM148
BLPHL146,BLPHL3810
BLPHL146,BLPHL388
BLPHL146,KRSC46HPBO
BLPHL146,ECHDD012A
BLPHL3810,BLPHL3810
BLPHL3810,BLPH38732
BLPHL3810,BLPH388
BLPHL3810,BLPHL387
BLPHL3810,BLPHL388
BLPHL3810,BLPH3810
BLPHL3810,BLPH389
BLPHL3810,BLPH387
BLPHL3810,EECT400
BLPHL3810,KRSC46HPBO
GMASEPA,SPBS8AR
GMASEPA,SRPCR4700
GMASEPA,SIMM210
GMASEPA,SGD4BR
GMASEPA,96ACF
GMASEPA,EECT400
GMASEPA,KRSC46HPBO
GMASEPA,ECHDD012A
GMASEPA,CTB8174
GMASEPA,PH3050BR
SEPIMFMSIMFMA,207EFAMY
SEPIMFMSIMFMA,PRH57A
SEPIMFMSIMFMA,TMM4
SEPIMFMSIMFMA,SEPIMMSIMMA
SEPIMFMSIMFMA,CTR867AK2
SEPIMFMSIMFMA,YA4050B
SEPIMFMSIMFMA,PK23A
SEPIMFMSIMFMA,117TMM
SEPIMFMSIMFMA,FADH12C
SEPIMFMSIMFMA,ECHDD012A
SEPPROCORE2A,PPB826A
SEPPROCORE2A,317MPC
SEPPROCORE2A,SOEX704
SEPPROCORE2A,SEPPROCORE1A
SEPPROCORE2A,AT4124
SEPPROCORE2A,ACT1290A
SEPPROCORE2A,AT4135
SEPPROCORE2A,PK52A
SEPPROCORE2A,PTIM5
SEPPROCORE2A,212EFTAY
SEPPROK12PWZA,PPC103A
SEPPROK12PWZA,SGDP31IRBR
SEPPROK12PWZA,SIMM220
SEPPROK12PWZA,FXK11
SEPPROK12PWZA,SIMM240
SEPPROK12PWZA,EECT400
SEPPROK12PWZA,KRSC46HPBO
SEPPROK12PWZA,ECHDD012A
SEPPROK12PWZA,CTB8174
SEPPROK12PWZA,PH3050BR
TFM7530B,OEXSM710B
TFM7530B,207EFAMY
TFM7530B,312IMM
TFM7530B,TF1124B
TFM7530B,TF1127B
TFM7530B,TWM32
TFM7530B,TWM30
TFM7530B,EEPV503
TFM7530B,FB360C
TFM7530B,BB9008
LSR2000,SIMM340
LSR2000,TESLASTUKIT
LSR2000,LSR1150
LSR2000,SWM111A
LSR2000,SN25A
LSR2000,FB303B
LSR2000,222AFSP
LSR2000,ACT1370
LSR2000,ECHDD012A
LSR2000,CTB8174
OFWHD3KT,YA4275
OFWHD3KT,BT4651
OFWHD3KT,BTC8A
OFWHD3KT,OFW4KT
OFWHD3KT,A91F
OFWHD3KT,BT518
OFWHD3KT,ACTR4151A
OFWHD3KT,RTEMP8
OFWHD3KT,ACT413A
OFWHD3KT,GA460B
PBMA5G,PBMA5
PBMA5G,PBMS5R
PBMA5G,PBMB5R
PBMA5G,PBMA5O
PBMA5G,PBMMA5G
PBMA5G,PBMMA5O
PBMA5G,PBMMB5G
PBMA5G,PBMA5R
PBMA5G,KRSC46HPBO
PBMA5G,ECHDD012A
PKNG90,FA12E
PKNG90,BF620C
PKNG90,AWP160
PKNG90,AWMEF7K
PKNG90,EARPLUGBAND
PKNG90,FSLF80
PKNG90,ITHE100
PKNG90,FTX60E
PKNG90,OFW3
PKNG90,MG725A
PT40B,UPT2FL
PT40B,GA295
PT40B,AWM110DK
PT40B,GA294
PT40B,GA265A
PT40B,UIM2FL
PT40B,OC5A
PT40B,PTR72
PT40B,YA1050B
PT40B,AT700F
PWC27,PWC48
PWC27,29ACF
PWC27,UIM2FL
PWC27,AWS13
PWC27,110ETMAY
PWC27,CTB8174
PWC27,PH3050BR
PWC27,YAKS42
PWC27,CAL6DA
PWC27,RULER602
RBM1011C,RBM1011C
RBM1011C,RBM78SC
RBM1011C,RBM810C
RBM1011C,RBM1213C
RBM1011C,RBM1618C
RBM1011C,RBM1415C
RBM1011C,RBM1719C
RBM1011C,RBM910C
RBM1011C,EECT400
RBM1011C,KRSC46HPBO
R1618C,R1214C
R1618C,R810C
R1618C,R1012C
R1618C,R2022C
R1618C,R2830C
R1618C,R2426C
R1618C,R2428C
R1618C,EECT400
R1618C,KRSC46HPBO
R1618C,ECHDD012A
KACKSPDWAXX,SRPCR4700
KACKSPDWAXX,TMXK60
KACKSPDWAXX,SIMM160A
KACKSPDWAXX,PPC103A
KACKSPDWAXX,ATECH2FR125B
KACKSPDWAXX,SIMM230
KACKSPDWAXX,SGD6BR
KACKSPDWAXX,ATECH3FR300B
KACKSPDWAXX,91ACP
KACKSPDWAXX,SGDP42IRBR
KWSP2455ABL,TMMD5
KWSP2455ABL,TMMD9
KWSP2455ABL,TMMD6
KWSP2455ABL,KRA2422PBO
KWSP2455ABL,KCP1422PBO
KWSP2455ABL,KRA2411PBO
KWSP2455ABL,KCP2422PBO
KWSP2455ABL,SR40K
KWSP2455ABL,OEX38B
KWSP2455ABL,BTC7B
WELDIGNGRANITE,YA427B
WELDIGNGRANITE,F80
WELDIGNGRANITE,SPBS18AR
WELDIGNGRANITE,SIMM230
WELDIGNGRANITE,FX1
WELDIGNGRANITE,SPBS8AR
WELDIGNGRANITE,PL400B
WELDIGNGRANITE,SPBS704AR
WELDIGNGRANITE,SIMM190
WELDIGNGRANITE,SPBS12AR
UIM2FL,UPT2FL
UIM2FL,GA294
UIM2FL,110ETMAY
UIM2FL,PT10C
UIM2FL,PT40B
UIM2FL,ECHDD012A
UIM2FL,CTB8174
UIM2FL,PH3050BR
UIM2FL,RULER600
UIM2FL,RULER602
UKBU10,LP7R
UKBU10,GA265A
UKBU10,SDMT10D
UKBU10,UTK150
UKBU10,UTK100
UKBU10,KACKMCFIBER1
UKBU10,LBUK1
UKBU10,YA900
UKBU10,MS400A
UKBU10,BTC8A
YA4275,SOEX36
YA4275,SOEX40
YA4275,BT4651
YA4275,SOEX38
YA4275,414AHD
YA4275,PKNC150
YA4275,UPTM65K
YA4275,ECHDD012A
YA4275,CTB8174
YA4275,MTTL310
XDLRM705K2A,207IPFM
XDLRM705K2A,214IMFMYA
XDLRM705K2A,214SIMFMYA
XDLRM705K2A,XDLRM705K1A
XDLRM705K2A,206SPKPLGMAG
XDLRM705K2A,XDLRM11A
XDLRM705K2A,XDLR705A
XDLRM705K2A,S9704KR
XDLRM705K2A,EECT400
XDLRM705K2A,KRSC46HPBO
YA4612,PPC4A
YA4612,PL400B
YA4612,SPBS704AR
YA4612,FXK11
YA4612,SGD2BR
YA4612,SPBS18AR
YA4612,ATECH2FR125B
YA4612,F80
YA4612,GFAT1E
YA4612,TMXK60
RTEMPB7,TW421
RTEMPB7,BTC7B
RTEMPB7,PT28E
RTEMPB7,FZ7A
RTEMPB7,TW461
RTEMPB7,SS5A
RTEMPB7,TW441
RTEMPB7,CAL6EA
RTEMPB7,RC980
RTEMPB7,S9711KA
SDDDM1AG,SGDX40BR
SDDDM1AG,SSFP1
SDDDM1AG,86EP
SDDDM1AG,SDMV208
SDDDM1AG,PBMMB5R
SDDDM1AG,BLPEXTF146
SDDDM1AG,BLPBTWSET
SDDDM1AG,CTB8174
SDDDM1AG,PH3050BR
SDDDM1AG,MAGDISH
VWB3B,SPBS18AR
VWB3B,SIMM180
VWB3B,PPC103A
VWB3B,SGD2BR
VWB3B,SIMM210
VWB3B,TMXK60
VWB3B,FXK6
VWB3B,SGD4BR
VWB3B,SGASA204CR
VWB3B,SPBS704AR
TA32A,211FCOA
TA32A,PHG1055BK
TA32A,PH3050BR
TA32A,TA54
TA32A,TA50
TA32A,SVTS264
TA32A,RADKITULTRA
TA32A,SVTS272A
TA32A,OEXM320B
TA32A,CSSD1R
TMMD6,111TMMDY
TMMD6,TMMD5.5
TMMD6,TMMD8
TMMD6,TMMD11
TMMD6,TMMD12
TMMD6,TMMD5
TMMD6,TMMD7
TMMD6,TMMD9
TMMD6,ECHDD012A
TMMD6,CTB8174
TEMP200,MAGDISH
TEMP200,FB336
TEMP200,SGA1712BR
TEMP200,ACTR4151A
TEMP200,EEDM596FK
TEMP200,JCK7DBL
TEMP200,EECT200
TEMP200,TDG2
TEMP200,SRPCR112
TEMP200,FKF80A
KRSC2460POT1,TMXK2
KRSC2460POT1,SGD8BR
KRSC2460POT1,FX1
KRSC2460POT1,LP404
KRSC2460POT1,SPBS704AR
KRSC2460POT1,PL400B
KRSC2460POT1,SPBS8AR
KRSC2460POT1,SPBS12AR
KRSC2460POT1,SPBS18AR
KRSC2460POT1,47ACF
SWDK4,TMU8B
SWDK4,SIMM180
SWDK4,SIMM200
SWDK4,FXK6
SWDK4,47ACF
SWDK4,SGD2BR
SWDK4,SPBS704AR
SWDK4,TMXK4
SWDK4,SIMM210
SWDK4,SRPCR3800
AWSGM6A,SGD8BR
AWSGM6A,TMXK2
AWSGM6A,SIMM210
AWSGM6A,SGASA204CR
AWSGM6A,SGD2BR
AWSGM6A,EECT400
AWSGM6A,KRSC46HPBO
AWSGM6A,ECHDD012A
AWSGM6A,CTB8174
AWSGM6A,PH3050BR
206AFXW,SEPAMTSETA
206AFXW,XO605
206AFXW,PPB30AK
206AFXW,106ATMXW
206AFXW,305SXWP
206AFXW,BTWSMPK
206AFXW,110ETMAY
206AFXW,214SFY
206AFXW,EECT400
206AFXW,KRSC46HPBO
IPLM21C,IPLM24C
IPLM21C,IPLM19C
IPLM21C,IPLM17C
IPLM21C,IPLM14C
IPLM21C,IPLM18C
IPLM21C,EECT400
IPLM21C,KRSC46HPBO
IPLM21C,ECHDD012A
IPLM21C,CTB8174
IPLM21C,PH3050BR
MTTL300,GA296B
MTTL300,AWMG9
MTTL300,DB121C
MTTL300,US712
MTTL300,AWS13
MTTL300,PGP120
MTTL300,BTC3A
MTTL300,ACT83A
MTTL300,OFW4
MTTL300,PKRS1
CTB185,CTB8174
CTB185,CTPSK185
CTB185,CT825DB
CTB185,CTC131A
CTB185,CTB8187
CTB185,CTINF9010
CTB185,CTSG861DB
CTB185,CT9080K2
CTB185,GLOVE300BL
CTB185,RC980
FTX50E,FTX40E
FTX50E,TTX20E
FTX50E,FAM8E
FTX50E,FTX45E
FTX50E,TTX8E
FTX50E,TTX10E
FTX50E,TTX25E
FTX50E,KRSC46HPBO
FTX50E,ECHDD012A
FTX50E,CTB8174
SIMM100A,IMM120A
SIMM100A,IMM100A
SIMM100A,IMM110A
SIMM100A,SIMM110A
SIMM100A,SIMM120A
SIMM100A,SIMM130A
SIMM100A,EECT400
SIMM100A,KRSC46HPBO
SIMM100A,ECHDD012A
SIMM100A,CTB8174
GLOVE503CLA,490CF
GLOVE503CLA,310SIMMYA
GLOVE503CLA,1206GS
GLOVE503CLA,GLOVE309L
GLOVE503CLA,TECH2FR100
GLOVE503CLA,FHBF80A
GLOVE503CLA,GLASS50R
GLOVE503CLA,SHN36
GLOVE503CLA,PT40B
GLOVE503CLA,F80MP
GLOVE503CXLA,490CF
GLOVE503CXLA,310SIMMYA
GLOVE503CXLA,1206GS
GLOVE503CXLA,GLOVE309L
GLOVE503CXLA,TECH2FR100
GLOVE503CXLA,FHBF80A
GLOVE503CXLA,GLASS50R
GLOVE503CXLA,SHN36
GLOVE503CXLA,PT40B
GLOVE503CXLA,F80MP
AWSGM8A,FU8A
AWSGM8A,91ACP
AWSGM8A,PL400B
AWSGM8A,SPBS8AR
AWSGM8A,SIMM200
AWSGM8A,EECT400
AWSGM8A,KRSC46HPBO
AWSGM8A,ECHDD012A
AWSGM8A,CTB8174
AWSGM8A,PH3050BR
108ES10MMY,TMMD10
108ES10MMY,STMM10
108ES10MMY,TMM10
108ES10MMY,SIM220
108ES10MMY,SIM300
108ES10MMY,SIM180A
108ES10MMY,SIM320
108ES10MMY,SIM360
108ES10MMY,KRSC46HPBO
108ES10MMY,ECHDD012A
AWTPH8,AWP45
AWTPH8,BHM9A
AWTPH8,AWS13
AWTPH8,AWTR8
AWTPH8,DBHM9
AWTPH8,AWBPH13
AWTPH8,AWMBPH9
AWTPH8,DBHS13
AWTPH8,ECHDD012A
AWTPH8,CTB8174
AWM10D,SGD4BR
AWM10D,SPBS704AR
AWM10D,SGASA204CR
AWM10D,SPBS8AR
AWM10D,TMU8B
AWM10D,EECT400
AWM10D,KRSC46HPBO
AWM10D,ECHDD012A
AWM10D,CTB8174
AWM10D,PH3050BR
VO1416B,VO1012B
VO1416B,VO1820B
VO1416B,VO2628B
VO1416B,VO2224B
VO1416B,VO3032B
VO1416B,EECT400
VO1416B,KRSC46HPBO
VO1416B,ECHDD012A
VO1416B,CTB8174
VO1416B,PH3050BR
TAP1,FKF80A
TAP1,PHG1055BK
TAP1,LP404
TAP1,BT518
TAP1,BT4651
TAP1,EXD35A
TAP1,PHP3A
TAP1,F80MP
TAP1,KRSC46HPBO
TAP1,ECHDD012A
BT11,B1356E
BT11,S6118A
BT11,B3404B
BT11,B1461
BT11,VGP104
BT11,PH3050BR
BT11,PTGR450
BT11,PGP50
BT11,ACT83A
BT11,FB303B
XS1820A,ATKIFL
XS1820A,XS1214A
XS1820A,XS67A
XS1820A,XS2024A
XS1820A,XS1416A
XS1820A,XS1012A
XS1820A,XS2226A
XS1820A,XS1618A
XS1820A,EECT400
XS1820A,KRSC46HPBO
AWBSG07A,SIMM180
AWBSG07A,SIMM160A
AWBSG07A,SGD2BR
AWBSG07A,SPBS12AR
AWBSG07A,FXK11
AWBSG07A,EECT400
AWBSG07A,KRSC46HPBO
AWBSG07A,ECHDD012A
AWBSG07A,CTB8174
AWBSG07A,PH3050BR
1250,TWM30
1250,TWM32
1250,BTC7B
1250,650
1250,2050
1250,1650
1250,ECHDD012A
1250,CTB8174
1250,PH3050BR
1250,RTEMPB7
106TMUSA,206AFSA
106TMUSA,110STMDY
106TMUSA,AWL1010DK
106TMUSA,VS807B
106TMUSA,BTWSMPK
106TMUSA,ECHDD012A
106TMUSA,CTB8174
106TMUSA,PH3050BR
106TMUSA,RULER602
106TMUSA,PG160
TTX8E,FTX45E
TTX8E,FTX40E
TTX8E,212EFTXY
TTX8E,TTX10E
TTX8E,TTX20E
TTX8E,TTX15E
TTX8E,TTX25E
TTX8E,FTX50E
TTX8E,KRSC46HPBO
TTX8E,ECHDD012A
AWXL13-050,SGD4BR
AWXL13-050,SGDP31IRBR
AWXL13-050,SRPCR4700
AWXL13-050,SPBS18AR
AWXL13-050,TMU8B
AWXL13-050,EECT400
AWXL13-050,KRSC46HPBO
AWXL13-050,ECHDD012A
AWXL13-050,CTB8174
AWXL13-050,PH3050BR
DBHM9,AWS13
DBHM9,BHS13A
DBHM9,TK72
DBHM9,DBHS13
DBHM9,AWTR8
DBHM9,AWTPH8
DBHM9,A91F
DBHM9,THR72
DBHM9,EECT400
DBHM9,KRSC46HPBO
TKF72,FK80
TKF72,TLLF72
TKF72,TNF72
TKF72,FKF80A
TKF72,TMS70A
TKF72,TK72
TKF72,TXM72
TKF72,TRF72
TKF72,EECT400
TKF72,KRSC46HPBO
SHDX80O,9100AGMO
SHDX80O,9100GSO
SHDX80O,SHD2R
SHDX80O,AWM110DHK
SHDX80O,TPM16
SHDX80O,AC5C
SHDX80O,2004BSKA
SHDX80O,FB360C
SHDX80O,KRA2007FPBO
SHDX80O,PK53A
FXWP3,SFSM12
FXWP3,SFSM11
FXWP3,SFSM17
FXWP3,F12LB
FXWP3,131TMPB
FXWP3,EECT400
FXWP3,KRSC46HPBO
FXWP3,ECHDD012A
FXWP3,CTB8174
FXWP3,PH3050BR
AWSG20A,AWSG24A
AWSG20A,AWSG800A
AWSG20A,FXK11
AWSG20A,ATECH2FR125B
AWSG20A,BLPTHC87
AWSG20A,EECT400
AWSG20A,KRSC46HPBO
AWSG20A,ECHDD012A
AWSG20A,CTB8174
AWSG20A,PH3050BR
TM62B,TM5
TM62B,TM84
TM62B,TM65
TM62B,SGDEL10ESD
TM62B,VO2628B
TM62B,EECT400
TM62B,KRSC46HPBO
TM62B,ECHDD012A
TM62B,CTB8174
TM62B,PH3050BR
EEPV500,SVTS272A
EEPV500,SW341
EEPV500,VAC201
EEPV500,EEPV509
EEPV500,SGD153BR
EEPV500,YA4000B
EEPV500,SGD155CR
EEPV500,FZ7A
EEPV500,EETL500
EEPV500,LDT8
PTM30,PPCSG710
PTM30,XFRR704
PTM30,S4
PTM30,PKNC300
PTM30,SGDXXL20BR
PTM30,AWPBX10
PTM30,MAGTRAY
PTM30,PPK300
PTM30,CT825DB
PTM30,KACKMCFIBER1
TMM8,STMM7
TMM8,STMM8
TMM8,TMM12
TMM8,TMM7
TMM8,TMM13
TMM8,EECT400
TMM8,KRSC46HPBO
TMM8,ECHDD012A
TMM8,CTB8174
TMM8,PH3050BR
PTC250G,PTGR100
PTC250G,PTGR110
PTC250G,PSO4625
PTC250G,PDR3000A
PTC250G,PDR5000A
PTC250G,VGP12406
PTC250G,VGP22412
PTC250G,VGP12808
PTC250G,VGP22418
PTC250G,PHG1055BK
YA4000B,SGD153BR
YA4000B,EEPV500
YA4000B,SGD155CR
YA4000B,2004BSKA
YA4000B,EEPV509
YA4000B,YA824C
YA4000B,FZ7A
YA4000B,BTK5
YA4000B,RTEMPB7
YA4000B,BPPC1878
111TMUSMA,207IPSFM
111TMUSMA,312IPLM
111TMUSMA,LDT8
111TMUSMA,206SFSUM
111TMUSMA,206FSUMA
111TMUSMA,209FUMY
111TMUSMA,KRSC46HPBO
111TMUSMA,ECHDD012A
111TMUSMA,CTB8174
111TMUSMA,PH3050BR
SHL80A,THLL72
SHL80A,SH80A
SHL80A,SHLL80A
SHL80A,FHL80
SHL80A,THL72
SHL80A,DB121C
SHL80A,PPB826A
SHL80A,ECHDD012A
SHL80A,CTB8174
SHL80A,MTTL300
PSO4625G,BLP13HVLP
PSO4625G,BLP15HVLP
PSO4625G,BLP18HVLP
PSO4625G,BF775C-A
PSO4625G,AT408
PSO4625G,BLP14HVLP
PSO4625G,PSO4525
PSO4625G,SEPABODYADD
PSO4625G,GA243
PSO4625G,14V
AWMCG1600B,BLPBTWKIT
AWMCG1600B,PPCSG710
AWMCG1600B,29ACF
AWMCG1600B,AWCG1600B
AWMCG1600B,AWCGT500
AWMCG1600B,AWCGT30
AWMCG1600B,AWCGT27
AWMCG1600B,PLRK21
AWMCG1600B,ECPNG032
AWMCG1600B,EEDM504F
307ESAY,307ESAMY
307ESAY,IPL30C
307ESAY,IPL38C
307ESAY,211EFAMY
307ESAY,212EFTAY
307ESAY,EECT400
307ESAY,KRSC46HPBO
307ESAY,ECHDD012A
307ESAY,CTB8174
307ESAY,PH3050BR
CT9035DB,96ACF
CT9035DB,SIMM170
CT9035DB,PPC4A
CT9035DB,TMU8B
CT9035DB,SIMM240
CT9035DB,PPC816B
CT9035DB,A2A
CT9035DB,F80
CT9035DB,TMXK2
CT9035DB,SIMM220
CT9035K2,SGDX80BR
CT9035K2,FXK3
CT9035K2,SGD6BR
CT9035K2,PL400B
CT9035K2,SRPCR4700
CT9035K2,FX1
CT9035K2,SPBS704AR
CT9035K2,SGDP42IRBR
CT9035K2,T72
CT9035K2,FU8A
BB71160,SGDP31IRBR
BB71160,SPBS704AR
BB71160,TMXK2
BB71160,PPC4A
BB71160,F80
BB71160,TMXK4
BB71160,PPC816B
BB71160,SGD6BR
BB71160,SRPCR4700
BB71160,FU8A
TTX20E,TTX27E
TTX20E,FTX40E
TTX20E,FTX45E
TTX20E,TTX10E
TTX20E,TTX25E
TTX20E,TTX8E
TTX20E,TTX15E
TTX20E,KRSC46HPBO
TTX20E,ECHDD012A
TTX20E,CTB8174
KRA4813FPBO,DBTB121
KRA4813FPBO,AWM110DHK
KRA4813FPBO,UPTM65K
KRA4813FPBO,KRA4114FPBO
KRA4813FPBO,KRA4810FPBO
KRA4813FPBO,YA2019
KRA4813FPBO,ST50A
KRA4813FPBO,FB302A
KRA4813FPBO,YA900
KRA4813FPBO,BP8B
KRA4813FPJK,DBTB121
KRA4813FPJK,AWM110DHK
KRA4813FPJK,UPTM65K
KRA4813FPJK,KRA4114FPBO
KRA4813FPJK,KRA4810FPBO
KRA4813FPJK,YA2019
KRA4813FPJK,ST50A
KRA4813FPJK,FB302A
KRA4813FPJK,YA900
KRA4813FPJK,BP8B
OEXM710B,OEX709B
OEXM710B,9100GSM
OEXM710B,9100AGMO
OEXM710B,FA12LE
OEXM710B,FRX181
OEXM710B,GF22
OEXM710B,AWM110DK
OEXM710B,PH3050BR
OEXM710B,TPM16
OEXM710B,FB360C
A177A,A161B
A177A,A179A
A177A,UTK100
A177A,1512B
A177A,BTC3A
A177A,A159
A177A,BLP15HVLP
A177A,DB121C
A177A,PDR3000A
A177A,AT408
AWMXL10-8,PPC816B
AWMXL10-8,SPBS12AR
AWMXL10-8,SIMM210
AWMXL10-8,TMXK4
AWMXL10-8,PPC103A
AWMXL10-8,EECT400
AWMXL10-8,KRSC46HPBO
AWMXL10-8,ECHDD012A
AWMXL10-8,CTB8174
AWMXL10-8,PH3050BR
CTLUV761,SGTT8B
CTLUV761,SGTT9B
CTLUV761,SGTT1B
CTLUV761,CTC772A
CTLUV761,CTB8174
CTLUV761,SGRHT6BR
CTLUV761,SGA1711BR
CTLUV761,SGA1712BR
CTLUV761,SGA174BR
CTLUV761,SGA175BR
307IPLMY,307IPLY
307IPLMY,207IPFM
307IPLMY,106IPTMMA
307IPLMY,207IPSFM
307IPLMY,205IPF
307IPLMY,KRSC46HPBO
307IPLMY,ECHDD012A
307IPLMY,CTB8174
307IPLMY,PH3050BR
307IPLMY,YA4000B
AWMEF7K,210AFLEY
AWMEF7K,TMM4.5
AWMEF7K,BF620C
AWMEF7K,PKNG90
AWMEF7K,SWM251
AWMEF7K,AWEF9K
AWMEF7K,FSLF80
AWMEF7K,ECHDD012A
AWMEF7K,ITHE100
AWMEF7K,CTB8174
SHLX80AO,SHN36
SHLX80AO,SHX80B
SHLX80AO,FHLL80
SHLX80AO,FHLX80B
SHLX80AO,THLLF72
SHLX80AO,THLX72
SHLX80AO,FHLLF80
SHLX80AO,THRLX72
SHLX80AO,EECT400
SHLX80AO,KRSC46HPBO
PLRK30,KAERNADD6RD
PLRK30,FK80
PLRK30,PWZ4
PLRK30,PLRK27
PLRK30,PLRK21
PLRK30,YA389A
PLRK30,SHP10
PLRK30,SHP7
PLRK30,PALMRAT
PLRK30,TXM72
TMMS4,STMM4
TMMS4,TMM4
TMMS4,112TMMSY
TMMS4,TMMS4.5
TMMS4,TMM4.5
TMMS4,STMM4.5
TMMS4,EECT400
TMMS4,KRSC46HPBO
TMMS4,ECHDD012A
TMMS4,CTB8174
206EFABL,STX70E
206EFABL,SAM19E
206EFABL,SA16E
206EFABL,HD6529
206EFABL,206EFABLM
206EFABL,CTB8174
206EFABL,PH3050BR
206EFABL,A277
206EFABL,TPM16EM
206EFABL,BB9008
CTR817DB,FXK11
CTR817DB,SHD1R
CTR817DB,TMXK60
CTR817DB,SPBS18AR
CTR817DB,SIMM230
CTR817DB,FXK3
CTR817DB,47ACF
CTR817DB,FXK6
CTR817DB,SIMM220
CTR817DB,SIMM160A
AWS13-5,SIMM180
AWS13-5,ATECH2FR125B
AWS13-5,SRPCR4700
AWS13-5,SPBS704AR
AWS13-5,96ACF
AWS13-5,EECT400
AWS13-5,KRSC46HPBO
AWS13-5,ECHDD012A
AWS13-5,CTB8174
AWS13-5,PH3050BR
F18LA,TM10G
F18LA,SN24C
F18LA,120STTM
F18LA,SN36
F18LA,SGD155CR
F18LA,SGD153BR
F18LA,CTB8174
F18LA,PH3050BR
F18LA,EEPV509
F18LA,EEPV500
CTS861MDB,SRPCR4700
CTS861MDB,SGD6BR
CTS861MDB,TMXK2
CTS861MDB,FXK11
CTS861MDB,PWCS7ACF
CTS861MDB,ATECH2FR125B
CTS861MDB,PL400B
CTS861MDB,T72
CTS861MDB,SRPCR3800
CTS861MDB,GFAT1E
PTGR100O,PSO4625
PTGR100O,PDR3000A
PTGR100O,SAG03S20
PTGR100O,PTGR110
PTGR100O,PTC250
PTGR100O,SAG03S12
PTGR100O,XFR704
PTGR100O,FZ80
PTGR100O,PBMP703A
PTGR100O,CJ2001P
211FCOA,210FCOMA
211FCOA,314SCOA
211FCOA,VS814A
211FCOA,OEXS709B
211FCOA,YA438B
211FCOA,A277
211FCOA,210FRHMA
211FCOA,CTB8174
211FCOA,PH3050BR
211FCOA,ACT413A
SIM380,SIM320
SIM380,IM320
SIM380,SIM260
SIM380,SIM400
SIM380,SIM340
SIM380,SIM360
SIM380,KRSC46HPBO
SIM380,ECHDD012A
SIM380,CTB8174
SIM380,PH3050BR
RXFMS606B,RXFS605B
RXFMS606B,RXFS2836B
RXFMS606B,BTK5
RXFMS606B,ACT1370
RXFMS606B,2004BSKA
RXFMS606B,PGP50
RXFMS606B,KRA2007FPBO
RXFMS606B,FB360C
RXFMS606B,FB303B
RXFMS606B,TPM16
HBBD16O,HBBD32
HBBD16O,HBBD8
HBBD16O,HBFE16
HBBD16O,PK52A
HBBD16O,2004BSKA
HBBD16O,PH3050BR
HBBD16O,DB121C
HBBD16O,AT4124
HBBD16O,MTTL300
HBBD16O,AT4135
STMM11,TMM6
STMM11,TMM13
STMM11,TMM9
STMM11,STMM6
STMM11,STMM12
STMM11,STMM14
STMM11,KRSC46HPBO
STMM11,ECHDD012A
STMM11,CTB8174
STMM11,PH3050BR
STARTERSET5,117TMM
STARTERSET5,131TMPB
STARTERSET5,LSRM2000
STARTERSET5,BTG9
STARTERSET5,TMM16
STARTERSET5,CTB8174
STARTERSET5,PH3050BR
STARTERSET5,CTS561BITSET
STARTERSET5,KRA2407PBO
STARTERSET5,PTB32K
GAX36,OFW3
GAX36,SWM101A
GAX36,BTK5
GAX36,S3624
GAX36,TWM27
GAX36,FB303B
GAX36,SN25A
GAX36,SWM111A
GAX36,222AFSP
GAX36,CTB8174
IPDLM12,IPSM21
IPDLM12,IPLM21C
IPDLM12,IPLM18C
IPDLM12,IPLM19C
IPDLM12,IPLM24C
IPDLM12,EECT400
IPDLM12,KRSC46HPBO
IPDLM12,ECHDD012A
IPDLM12,CTB8174
IPDLM12,PH3050BR
SX80B,SLX80A
SX80B,FF80A
SX80B,F80MP
SX80B,TX72
SX80B,TXM72
SX80B,TRX72
SX80B,EECT400
SX80B,KRSC46HPBO
SX80B,ECHDD012A
SX80B,CTB8174
SF181,SF141
SF181,SF221
SF181,SF241
SF181,SF121
SF181,SF161
SF181,SF281
SF181,EECT400
SF181,KRSC46HPBO
SF181,ECHDD012A
SF181,CTB8174
SOEX40,SOEX704
SOEX40,414AHD
SOEX40,1512B
SOEX40,SOEX38
SOEX40,SOEX36
SOEX40,PKNC150
SOEX40,EECT400
SOEX40,KRSC46HPBO
SOEX40,ECHDD012A
SOEX40,CTB8174
PTGR450G,PPC204A
PTGR450G,PTGR100
PTGR450G,PTC250
PTGR450G,PT450-WH
PTGR450G,BHS7A
PTGR450G,PDR5000A
PTGR450G,EFPHANNIBALB
PTGR450G,DB129C
PTGR450G,222AFSP
PTGR450G,425IMM
TMMDS10,TMMDS8
TMMDS10,TMMDS15
TMMDS10,TMMDS6
TMMDS10,TMMDS12
TMMDS10,TMMDS11
TMMDS10,TMMDS5
TMMDS10,TMMDS5.5
TMMDS10,EECT400
TMMDS10,KRSC46HPBO
TMMDS10,ECHDD012A
OEXM80B,OEXM90B
OEXM80B,OEXM240B
OEXM80B,OEXM260B
OEXM80B,OEXM290B
OEXM80B,218AFSP
OEXM80B,MTTL300
OEXM80B,OC5A
OEXM80B,GA460B
OEXM80B,PGP50
OEXM80B,DB121C
LDH402,LDH482
LDH402,LDH602
LDH402,LDH522
LDH402,LDH362
LDH402,LDH342
LDH402,LDH442
LDH402,LDH462
LDH402,LDH422A
LDH402,KRSC46HPBO
LDH402,ECHDD012A
KRSC323PBO,SDMT10D
KRSC323PBO,SDMT20D
KRSC323PBO,SOEX707
KRSC323PBO,EEDM504F
KRSC323PBO,PK500A
KRSC323PBO,SEPPREMETA
KRSC323PBO,SN15B
KRSC323PBO,IM1PT
KRSC323PBO,KRSC430APBO1
KRSC323PBO,313TWYA
111STMMDY,111TMMDY
111STMMDY,212SFMY
111STMMDY,112TMMDSY
111STMMDY,313SMYA
111STMMDY,TMMD11
111STMMDY,EECT400
111STMMDY,KRSC46HPBO
111STMMDY,ECHDD012A
111STMMDY,CTB8174
111STMMDY,PH3050BR
PKNC125C2,S6110A
PKNC125C2,AWM110DK
PKNC125C2,208CCP
PKNC125C2,FTX60E
PKNC125C2,2005BSKA
PKNC125C2,AC5C
PKNC125C2,BTK5
PKNC125C2,B260A
PKNC125C2,PH3050BR
PKNC125C2,PGP50
211FSY,211SFSY
211FSY,114ATMP
211FSY,9100GSM
211FSY,317MSPC
211FSY,FA12LE
211FSY,FRX181
211FSY,TPM16EM
211FSY,KRSC46HPBO
211FSY,ECHDD012A
211FSY,CTB8174
FHBB12A,SHBB24
FHBB12A,FHBB18A
FHBB12A,OFW2
FHBB12A,FTX60E
FHBB12A,OFW3
FHBB12A,AF102
FHBB12A,JT13B
FHBB12A,GA296B
FHBB12A,PGP50
FHBB12A,ACT83A
PPC203A,PPC204A
PPC203A,PPC820B
PPC203A,PPC816B
PPC203A,PPC210A
PPC203A,PPC205A
PPC203A,PPC206A
PPC203A,PPC208A
PPC203A,ECHDD012A
PPC203A,CTB8174
PPC203A,PH3050BR
CTC131A,CT9080K2
CTC131A,CTPSK185
CTC131A,CT825DB
CTC131A,CTB185
CTC131A,CTB8187
CTC131A,CTINF9010
CTC131A,CTB8174
CTC131A,CTSG861DB
CTC131A,312SIMM
CTC131A,EEBC30A12V
F281,F261
F281,F221
F281,F181
F281,F241
F281,F201
F281,EECT400
F281,KRSC46HPBO
F281,ECHDD012A
F281,CTB8174
F281,PH3050BR
RXSM605B,112SIMTMM
RXSM605B,206AFSA
RXSM605B,PPCD70BK
RXSM605B,RXS605B
RXSM605B,JCK7DBL
RXSM605B,TPGIF1600A
RXSM605B,GA460B
RXSM605B,AT4135
RXSM605B,DBTB121
RXSM605B,SOEX707
KRSC4130PJJ,SGASA204CR
KRSC4130PJJ,FXK3
KRSC4130PJJ,GFAT1E
KRSC4130PJJ,SIMM220
KRSC4130PJJ,SIMM210
KRSC4130PJJ,SPBS704AR
KRSC4130PJJ,SGD4BR
KRSC4130PJJ,SGDX80BR
KRSC4130PJJ,SIMM180
KRSC4130PJJ,A2A
HBBT16,PPB1002A
HBBT16,311IMFSY
HBBT16,BP40B
HBBT16,PPB30AK
HBBT16,HBPT24
HBBT16,OC5A
HBBT16,RXS605B
HBBT16,GA3634A
HBBT16,PTR72
HBBT16,FB307RNB
196ANCFG,F80
196ANCFG,SIMM180
196ANCFG,FX1
196ANCFG,SRPCR4700
196ANCFG,PPC103A
196ANCFG,EECT400
196ANCFG,KRSC46HPBO
196ANCFG,ECHDD012A
196ANCFG,CTB8174
196ANCFG,PH3050BR
SHD4R,SHD1R
SHD4R,10R
SHD4R,SHDX60R
SHD4R,SHDP31IRR
SHD4R,SHDP42IRR
SHD4R,SHD2R
SHD4R,SHD6R
SHD4R,SHDP63IRR
SHD4R,ECHDD012A
SHD4R,CTB8174
TPMB25ORG,TPMB25ORG
TPMB25ORG,10MA
TPMB25ORG,312CF
TPMB25ORG,PL330ACF
TPMB25ORG,SSDMR4BR
TPMB25ORG,TPM16EM
TPMB25ORG,YA339A
TPMB25ORG,SGDMRCE44
TPMB25ORG,UTK100
TPMB25ORG,SGHBF500A
SIM300,SIM200
SIM300,IM280
SIM300,IM260
SIM300,IM300
SIM300,SIM360
SIM300,KRSC46HPBO
SIM300,ECHDD012A
SIM300,CTB8174
SIM300,PH3050BR
SIM300,YA438B
MAGMINI,ECARL032R
MAGMINI,PPK300
MAGMINI,AT4101
MAGMINI,MAGMICRO
MAGMINI,MAGSTRIP
MAGMINI,MAGTRAY
MAGMINI,MAGMAT
MAGMINI,MAGDISH
MAGMINI,KACKMCFIBER1
MAGMINI,GA358B
AWP45,AOGMHC
AWP45,SGDE225ESD
AWP45,SGDEP200ESD
AWP45,PKN9
AWP45,SGDE220ESD
AWP45,SGDE230ESD
AWP45,SGDEP20ESD
AWP45,SGDE215ESD
AWP45,EECT400
AWP45,KRSC46HPBO
KRA4810FPC,SIM180A
KRA4810FPC,SIM220
KRA4810FPC,SIM200
KRA4810FPC,KRA4107FPBO
KRA4810FPC,KRA4813FPBO
KRA4810FPC,RXFS605B
KRA4810FPC,SGA1710BR
KRA4810FPC,SIM340
KRA4810FPC,SIM380
KRA4810FPC,SIM360
PTR2505,PTR72
PTR2505,AT2050
PTR2505,PTGR110
PTR2505,PTR2500
PTR2505,PDR3000A
PTR2505,PDR5000A
PTR2505,PT338
PTR2505,310IMMYA
PTR2505,IM1PT
PTR2505,RBYAM605
MTTL700,RTEMP8
MTTL700,TIF160
MTTL700,EEDM596FK
MTTL700,EECR1C
MTTL700,EEDM503D
MTTL700,ACT925
MTTL700,CTSG861DB
MTTL700,MTIND683A
MTTL700,MTTL7005PK
MTTL700,210EFTAMY
CDR4P11K3DB,SGDP31IRBR
CDR4P11K3DB,SGD2BR
CDR4P11K3DB,SRPCR3800
CDR4P11K3DB,47ACF
CDR4P11K3DB,PPC103A
CDR4P11K3DB,SIMM170
CDR4P11K3DB,SPBS8AR
CDR4P11K3DB,A2A
CDR4P11K3DB,BLPTHC87
CDR4P11K3DB,FHLF80A
CDR4P11K3K2,PPC816B
CDR4P11K3K2,SIMM230
CDR4P11K3K2,FU8A
CDR4P11K3K2,SGD6BR
CDR4P11K3K2,SHD1R
CDR4P11K3K2,SRPCR4700
CDR4P11K3K2,FX1
CDR4P11K3K2,SIMM160A
CDR4P11K3K2,SGD8BR
CDR4P11K3K2,SPBS18AR
CDR4P44L3K2,FX1
CDR4P44L3K2,FXK6
CDR4P44L3K2,SIMM210
CDR4P44L3K2,TMXK4
CDR4P44L3K2,SGD4BR
CDR4P44L3K2,SPBS704AR
CDR4P44L3K2,A2A
CDR4P44L3K2,SGD6BR
CDR4P44L3K2,91ACP
CDR4P44L3K2,PPC103A
1206GS,GLAS1F
1206GS,TA3
1206GS,GSAF1F
1206GS,SOEX38
1206GS,AWM140DK
1206GS,SR40K
1206GS,305SIMMY
1206GS,SOEX40
1206GS,DB129C
1206GS,ECHDD012A
FHNF100O,ATECH3FR300B
FHNF100O,PPC103A
FHNF100O,SRPCR3800
FHNF100O,SPBS18AR
FHNF100O,A2A
FHNF100O,EECT400
FHNF100O,KRSC46HPBO
FHNF100O,ECHDD012A
FHNF100O,CTB8174
FHNF100O,PH3050BR
EARPLUGBAND,GLASS30R
EARPLUGBAND,SEPABODYADD
EARPLUGBAND,DS806AK
EARPLUGBAND,AW1015DHK
EARPLUGBAND,PKNG90
EARPLUGBAND,VGP22418
EARPLUGBAND,GA243
EARPLUGBAND,YA109C
EARPLUGBAND,AWMEF7K
EARPLUGBAND,PK50A
ECFDF108,SGD2BR
ECFDF108,91ACP
ECFDF108,SGASA204CR
ECFDF108,SPBS8AR
ECFDF108,SIMM200
ECFDF108,SGDP42IRBR
ECFDF108,A2A
ECFDF108,PWCS7ACF
ECFDF108,GFAT1E
ECFDF108,BLPTHC87
PPB826A,SW421
PPB826A,AWS13
PPB826A,SEPPROCORE2A
PPB826A,PK52A
PPB826A,AWMG9
PPB826A,SRP2A
PPB826A,AT4124
PPB826A,AT4135
PPB826A,DB121C
PPB826A,YA438B
PPC104A,PPC715BK
PPC104A,PPCD70BK
PPC104A,PPC210BK
PPC104A,PPC208A
PPC104A,PPC204A
PPC104A,PPC210A
PPC104A,PPC3A
PPC104A,PPC5A
PPC104A,ECHDD012A
PPC104A,OC5A
CT861MK2,TESLASTUKIT
CT861MK2,FSM71
CT861MK2,PHP2A
CT861MK2,TMM16
CT861MK2,BOERM22
CT861MK2,BOERM21
CT861MK2,131TMPB
CT861MK2,PPCL60BK
CT861MK2,KRA2407PBO
CT861MK2,SFSM21
SGD2BR,SGD4BR
SGD2BR,SGDP64IRBR
SGD2BR,SGDX80BR
SGD2BR,SGDP31IRBR
SGD2BR,SGDP42IRBR
SGD2BR,SGD6BR
SGD2BR,SGD8BR
SGD2BR,PH3050BR
SGD2BR,GA296B
SGD2BR,MTTL300
KRA5311FPCM,SGASA204CR
KRA5311FPCM,GFAT1E
KRA5311FPCM,ATECH2FR125B
KRA5311FPCM,SIMM180
KRA5311FPCM,TMXK60
KRA5311FPCM,FXK3
KRA5311FPCM,SIMM170
KRA5311FPCM,TMXK4
KRA5311FPCM,FXK11
KRA5311FPCM,SGD6BR
PPSG203,PPSG105
PPSG203,PPSG103
PPSG203,PCSG816
PPSG203,PPSG205
PPSG203,PPSG206
PPSG203,PPSG106
PPSG203,PCSG820
PPSG203,EECT400
PPSG203,KRSC46HPBO
PPSG203,ECHDD012A
THL72G,FHL80
THL72G,SHL80A
THL72G,THLL72
THL72G,SH80A
THL72G,FHR80
THL72G,PH3050BR
THL72G,ACT83A
THL72G,GLOVEORIGPLUSL
THL72G,AT109
THL72G,PGP50
TA360,ADCF8
TA360,SEPU38TWA
TA360,SEPPREENTRY
TA360,S6112
TA360,OC5A
TA360,BTK7A
TA360,ITHE100
TA360,GA460B
TA360,B1458C
TA360,BP8B
PSO4625,BLP13HVLP
PSO4625,BLP15HVLP
PSO4625,BLP18HVLP
PSO4625,BF775C-A
PSO4625,AT408
PSO4625,BLP14HVLP
PSO4625,PSO4525
PSO4625,SEPABODYADD
PSO4625,GA243
PSO4625,14V
MGM10C,GFAT1E
MGM10C,F80
MGM10C,PL400B
MGM10C,SHD1R
MGM10C,TMXK4
MGM10C,EECT400
MGM10C,KRSC46HPBO
MGM10C,ECHDD012A
MGM10C,CTB8174
MGM10C,PH3050BR
EXD35A,307ESAY
EXD35A,PBMP703A
EXD35A,BLPPB704
EXD35A,VWB8B
EXD35A,SVTA9100
EXD35A,A36A
EXD35A,ACT925
EXD35A,TDTDM117B
EXD35A,TAP1
EXD35A,DBTB121
AWSG08A,TMXK4
AWSG08A,PWCS7ACF
AWSG08A,SGDP31IRBR
AWSG08A,SIMM230
AWSG08A,GFAT1E
AWSG08A,EECT400
AWSG08A,KRSC46HPBO
AWSG08A,ECHDD012A
AWSG08A,CTB8174
AWSG08A,PH3050BR
AWS13-3,FU8A
AWS13-3,ATECH3FR300B
AWS13-3,PL400B
AWS13-3,FXK11
AWS13-3,ATECH2FR125B
AWS13-3,EECT400
AWS13-3,KRSC46HPBO
AWS13-3,ECHDD012A
AWS13-3,CTB8174
AWS13-3,PH3050BR
212SFSMY,211SFSY
212SFSMY,SEPPREMETA
212SFSMY,9100AGMO
212SFSMY,212FSMY
212SFSMY,117TMM
212SFSMY,317AMMPC
212SFSMY,206EAU
212SFSMY,ECHDD012A
212SFSMY,CTB8174
212SFSMY,TPM16
AWBSGM8A,T72
AWBSGM8A,TMU8B
AWBSGM8A,GFAT1E
AWBSGM8A,SIMM240
AWBSGM8A,SPBS704AR
AWBSGM8A,EECT400
AWBSGM8A,KRSC46HPBO
AWBSGM8A,ECHDD012A
AWBSGM8A,CTB8174
AWBSGM8A,PH3050BR
ASGP102BR,PBN500
ASGP102BR,ASGP1BR
ASGP102BR,ASGP2BR
ASGP102BR,UTS105A
ASGP102BR,A161B
ASGP102BR,A177A
ASGP102BR,A179A
ASGP102BR,KRSC46HPBO
ASGP102BR,ECHDD012A
ASGP102BR,CTB8174
A3046,VO1012B
A3046,VO1820B
A3046,VO2224B
A3046,A3042
A3046,GMB3042
A3046,GFAT1E
A3046,GSAF1F
A3046,VO1416B
A3046,EECT400
A3046,KRSC46HPBO
KRA2422PCM,TM84
KRA2422PCM,VO2224B
KRA2422PCM,VO2628B
KRA2422PCM,KWSN2455AST
KRA2422PCM,KRWT2411
KRA2422PCM,KWSP2455ABL
KRA2422PCM,KWSN2455ABL
KRA2422PCM,KWSP2455AST
KRA2422PCM,PG160
KRA2422PCM,EFPHANNIBALB
AWBSG06A,SGD6BR
AWBSG06A,SGD8BR
AWBSG06A,SPBS8AR
AWBSG06A,PL400B
AWBSG06A,FXK6
AWBSG06A,EECT400
AWBSG06A,KRSC46HPBO
AWBSG06A,ECHDD012A
AWBSG06A,CTB8174
AWBSG06A,PH3050BR
SGDXL80BR,SGASA104BR
SGDXL80BR,SGD4120BR
SGDXL80BR,SGDP162BR
SGDXL80BR,SGDX40BR
SGDXL80BR,SGDTX90BR
SGDXL80BR,SGDXXL20BR
SGDXL80BR,PPC210BK
SGDXL80BR,KRSC46HPBO
SGDXL80BR,YA105013
SGDXL80BR,ECHDD012A
AWBMCG1605,SIMM220
AWBMCG1605,91ACP
AWBMCG1605,SIMM170
AWBMCG1605,SIMM210
AWBMCG1605,SIMM150A
AWBMCG1605,EECT400
AWBMCG1605,KRSC46HPBO
AWBMCG1605,ECHDD012A
AWBMCG1605,CTB8174
AWBMCG1605,PH3050BR
AWS13-13,T72
AWS13-13,FX1
AWS13-13,FXK11
AWS13-13,BLPTHC87
AWS13-13,47ACF
AWS13-13,EECT400
AWS13-13,KRSC46HPBO
AWS13-13,ECHDD012A
AWS13-13,CTB8174
AWS13-13,PH3050BR
PTGR100,PSO4625
PTGR100,PDR3000A
PTGR100,SAG03S20
PTGR100,PTGR110
PTGR100,PTC250
PTGR100,SAG03S12
PTGR100,XFR704
PTGR100,FZ80
PTGR100,PBMP703A
PTGR100,CJ2001P
TMD9,TMD14
TMD9,TMD18
TMD9,TMD12
TMD9,TMD16
TMD9,TMD6
TMD9,TMD7
TMD9,TMD11
TMD9,EECT400
TMD9,KRSC46HPBO
TMD9,ECHDD012A
FBST338,9100AGMO
FBST338,AOGMHC
FBST338,SEPPROCORE1A
FBST338,PKN9
FBST338,SGDE220ESD
FBST338,SGDE230ESD
FBST338,SGDEP20ESD
FBST338,SGDE215ESD
FBST338,SGDE225ESD
FBST338,SGDEP200ESD
IM140A,IM200
IM140A,IM240
IM140A,IM180A
IM140A,IM160A
IM140A,SIM180A
IM140A,KRSC46HPBO
IM140A,ECHDD012A
IM140A,CTB8174
IM140A,PH3050BR
IM140A,YA438B
KCP1422PWZ,AWM140DK
KCP1422PWZ,AC58E
KCP1422PWZ,111TMMDY
KCP1422PWZ,KWSN2455ABL
KCP1422PWZ,KWSN2455AST
KCP1422PWZ,KWSP2455AST
KCP1422PWZ,KWSP2455ABL
KCP1422PWZ,KRWT2411
KCP1422PWZ,SR40K
KCP1422PWZ,BTC7B
MG325,PT850
MG325,SEPMG31KA
MG325,OEXM6B
MG325,PTR72
MG325,MG725A
MG325,PTR2500
MG325,PTR2505
MG325,ACT73A
MG325,JCW62R
MG325,SRP3A
TW261,TW141A
TW261,TW281
TW261,TW221
TW261,TW341
TW261,TW321
TW261,KRSC46HPBO
TW261,ECHDD012A
TW261,CTB8174
TW261,PH3050BR
TW261,EFPHANNIBALB
SGD4BR,SGDP64IRBR
SGD4BR,SGDP63IRBR
SGD4BR,13ELECTBP14KIT
SGD4BR,SGDP31IRBR
SGD4BR,SGDP42IRBR
SGD4BR,SGD2BR
SGD4BR,SGD6BR
SGD4BR,SGD8BR
SGD4BR,ACT83A
SGD4BR,FB303B
SGTT3B,SGTT110B
SGTT3B,SGTT7B
SGTT3B,SGTT10B
SGTT3B,SGTT8B
SGTT3B,SGTT9B
SGTT3B,SGTT1B
SGTT3B,SGTT2B
SGTT3B,SGTT5B
SGTT3B,YA1175KIT
SGTT3B,YAKS42
CAL6EBR,BTCP2SA
CAL6EBR,RADKITULTRA
CAL6EBR,LSR1580
CAL6EBR,S6112
CAL6EBR,GA3634A
CAL6EBR,BTK7A
CAL6EBR,BTG8
CAL6EBR,A3042
CAL6EBR,B1458C
CAL6EBR,B1467A
FHBB12AG,SHBB24
FHBB12AG,FHBB18A
FHBB12AG,OFW2
FHBB12AG,FTX60E
FHBB12AG,OFW3
FHBB12AG,AF102
FHBB12AG,JT13B
FHBB12AG,GA296B
FHBB12AG,PGP50
FHBB12AG,ACT83A
PKN10,SIMM170
PKN10,SPBS8AR
PKN10,GFAT1E
PKN10,SGASA204CR
PKN10,47ACF
PKN10,EECT400
PKN10,KRSC46HPBO
PKN10,ECHDD012A
PKN10,CTB8174
PKN10,PH3050BR
PPB30AK,HBBT16
PPB30AK,PPC210BK
PPB30AK,PPCL60BK
PPB30AK,BLPHS1414
PPB30AK,BTWSMPK
PPB30AK,KRSC46HPBO
PPB30AK,ECHDD012A
PPB30AK,CTB8174
PPB30AK,PH3050BR
PPB30AK,TB50WC
PKN1,SIMM220
PKN1,PL400B
PKN1,SGASA204CR
PKN1,FXK3
PKN1,T72
PKN1,EECT400
PKN1,KRSC46HPBO
PKN1,ECHDD012A
PKN1,CTB8174
PKN1,PH3050BR
LP5WR,LP10WR
LP5WR,AWP45
LP5WR,HBBD8
LP5WR,LP7R
LP5WR,LP6LN
LP5WR,LP7WR
LP5WR,LP10R
LP5WR,PH3050BR
LP5WR,FB336
LP5WR,FB361A
PPC208A,PPC210A
PPC208A,PPC204A
PPC208A,PPC203A
PPC208A,PPC206A
PPC208A,EFPHANNIBALB
PPC208A,PPC816B
PPC208A,PG160
PPC208A,EEDM596FK
PPC208A,GA460B
PPC208A,OC5A
TW401,TW421
TW401,TWM26
TW401,TWM28
TW401,TW381
TW401,TW481
TW401,TW441
TW401,EECT400
TW401,KRSC46HPBO
TW401,ECHDD012A
TW401,CTB8174
MS4A,SGD6BR
MS4A,ATECH2FR125B
MS4A,SGASA204CR
MS4A,SPBS8AR
MS4A,PPC103A
MS4A,EECT400
MS4A,KRSC46HPBO
MS4A,ECHDD012A
MS4A,CTB8174
MS4A,PH3050BR
TMA2.5E,TMA6E
TMA2.5E,ATKIFL
TMA2.5E,AOGMHC
TMA2.5E,TMA3E
TMA2.5E,TMA5E
TMA2.5E,TMA3.5E
TMA2.5E,TMA7E
TMA2.5E,EECT400
TMA2.5E,KRSC46HPBO
TMA2.5E,ECHDD012A
XFRRM705,IPLM10C
XFRRM705,IPLM12C
XFRRM705,SGA102BR
XFRRM705,XFRR704
XFRRM705,SGA1714B
XFRRM705,PBFT50R
XFRRM705,312IPLM
XFRRM705,IPLM11C
XFRRM705,KRSC430APBO7
XFRRM705,TPGDL2000
SGDP31IRBG,SGD8BR
SGDP31IRBG,SGDP64IRBR
SGDP31IRBG,SGDX80BR
SGDP31IRBG,SGD4BR
SGDP31IRBG,SGDP42IRBR
SGDP31IRBG,SGD2BR
SGDP31IRBG,SGD6BR
SGDP31IRBG,PH3050BR
SGDP31IRBG,GA296B
SGDP31IRBG,MTTL300
SGASA204CO,SEPPREMETA
SGASA204CO,9100AGMO
SGASA204CO,317AMMPC
SGASA204CO,FA12LE
SGASA204CO,FRX181
SGASA204CO,AWM110DHK
SGASA204CO,GF22
SGASA204CO,TW481
SGASA204CO,KRSC46HPBO
SGASA204CO,ECHDD012A
TM77,ATKIFL
TM77,XS1618A
TM77,XS1214A
TM77,XS2024A
TM77,XS1416A
TM77,XS1820A
TM77,XS1012A
TM77,XS2226A
TM77,EECT400
TM77,KRSC46HPBO
FHNF100G,SHD1R
FHNF100G,PL400B
FHNF100G,SGASA204CR
FHNF100G,PPC103A
FHNF100G,SGDP31IRBR
FHNF100G,EECT400
FHNF100G,KRSC46HPBO
FHNF100G,ECHDD012A
FHNF100G,CTB8174
FHNF100G,PH3050BR
PWZ1A,QD3RN350A
PWZ1A,LSR1450
PWZ1A,LSRM2000
PWZ1A,PWZ0A
PWZ1A,PWZ3A
PWZ1A,PWZ4
PWZ1A,PWZ2A
PWZ1A,PWZ5
PWZ1A,PT850
PWZ1A,TDG1
OEX714KB,OEX10B
OEX714KB,313SYA
OEX714KB,PKNC200
OEX714KB,218AFSP
OEX714KB,FB303B
OEX714KB,SN25A
OEX714KB,222AFSP
OEX714KB,CTB8174
OEX714KB,PH3050BR
OEX714KB,ACT83A
ECFDF108G,TMU8B
ECFDF108G,FXK3
ECFDF108G,SPBS12AR
ECFDF108G,SPBS18AR
ECFDF108G,FX1
ECFDF108G,SGD4BR
ECFDF108G,PPC4A
ECFDF108G,SIMM180
ECFDF108G,SIMM240
ECFDF108G,SGDX80BR
ECPRL092,MAGMAT
ECPRL092,TPGDL2000
ECPRL092,JCK7DBL
ECPRL092,ECPNJ032
ECPRL092,ECARL032R
ECPRL092,THLX72
ECPRL092,ECPNI032R
ECPRL092,KACKMCFIBER1
ECPRL092,GLOVE300BL
ECPRL092,ECHDF042
IMM230,IMM190
IMM230,IMM180
IMM230,IMM170A
IMM230,IMM200
IMM230,IMM240
IMM230,IMM220
IMM230,IMM210
IMM230,EECT400
IMM230,KRSC46HPBO
IMM230,ECHDD012A
MRB15B,PIT120
MRB15B,LP404
MRB15B,208EPIT
MRB15B,MRB10B
MRB15B,MRB5B
MRB15B,MRB12B
MRB15B,BLPEXTF146
MRB15B,MAGMAT
MRB15B,YA4050B
MRB15B,MAGDISH
WHM1,SHN36
WHM1,BTCP500
WHM1,BTCP2SA
WHM1,TR117O
WHM1,207IMFLE
WHM1,IMFLE80A
WHM1,ECHDD012A
WHM1,CTB8174
WHM1,PH3050BR
WHM1,KAERNADD6RD
PCSG820,PPSG105
PCSG820,PPSG103
PCSG820,PPSG4
PCSG820,PCSG816
PCSG820,PPSG206
PCSG820,PPSG106
PCSG820,PPSG203
PCSG820,EECT400
PCSG820,KRSC46HPBO
PCSG820,ECHDD012A
PBN7,TMU8B
PBN7,ATECH2FR125B
PBN7,SIMM220
PBN7,91ACP
PBN7,SGD8BR
PBN7,EECT400
PBN7,KRSC46HPBO
PBN7,ECHDD012A
PBN7,CTB8174
PBN7,PH3050BR
AWMG9-5,PL400B
AWMG9-5,SGDP31IRBR
AWMG9-5,ATECH2FR125B
AWMG9-5,SPBS704AR
AWMG9-5,91ACP
AWMG9-5,EECT400
AWMG9-5,KRSC46HPBO
AWMG9-5,ECHDD012A
AWMG9-5,CTB8174
AWMG9-5,PH3050BR
AWBCG1608,AWBCG1612
AWBCG1608,AWBCG1610
AWBCG1608,SIMM230
AWBCG1608,PPC103A
AWBCG1608,TMXK60
AWBCG1608,EECT400
AWBCG1608,KRSC46HPBO
AWBCG1608,ECHDD012A
AWBCG1608,CTB8174
AWBCG1608,PH3050BR
DBTB121,CTS561BITSET
DBTB121,EEDMDVA
DBTB121,SWM271
DBTB121,SWM291
DBTB121,SWM281
DBTB121,AW1020DK
DBTB121,SWM301
DBTB121,2420A
DBTB121,TF528D
DBTB121,OFW4
IPL18C,312IPL
IPL18C,307IPLY
IPL18C,IPL28C
IPL18C,IPL22C
IPL18C,IPL20C
IPL18C,IPL26C
IPL18C,IPL32C
IPL18C,IPL24C
IPL18C,EECT400
IPL18C,KRSC46HPBO
PPSG205,PPSG103
PPSG205,PCSG816
PPSG205,PPSG4
PPSG205,PPSG203
PPSG205,PPSG206
PPSG205,PPSG106
PPSG205,PCSG820
PPSG205,EECT400
PPSG205,KRSC46HPBO
PPSG205,ECHDD012A
FM17,FM19
FM17,FM14
FM17,FM13
FM17,FM12
FM17,FM15
FM17,EECT400
FM17,KRSC46HPBO
FM17,ECHDD012A
FM17,CTB8174
FM17,PH3050BR
210RAFSMA,F80MP
210RAFSMA,RAF80A
210RAFSMA,AWSGT800A
210RAFSMA,112RTMA
210RAFSMA,112RTSMA
210RAFSMA,SSDMRT8A
210RAFSMA,ASTFUN19KIT
210RAFSMA,CTINF9010
210RAFSMA,AWBSGM800A
210RAFSMA,PH3050BR
HBBD32,HBBD16
HBBD32,YA4275
HBBD32,SOEX40
HBBD32,PKNC150
HBBD32,UPTM65K
HBBD32,SOEX38
HBBD32,305SIMMY
HBBD32,EECT400
HBBD32,KRSC46HPBO
HBBD32,ECHDD012A
HBFE32,HBFE103
HBFE32,TWM26
HBFE32,SW421
HBFE32,QD3RN350A
HBFE32,HBFE48
HBFE32,HBFE24
HBFE32,FZ7A
HBFE32,309SIMYA
HBFE32,PH3050BR
HBFE32,CAL6EA
PTR2505O,PT338
PTR2505O,PTGR110
PTR2505O,PT850
PTR2505O,PTR2505
PTR2505O,PTR72
PTR2505O,PDR3000A
PTR2505O,MG325
PTR2505O,SFSM20
PTR2505O,A159
PTR2505O,SFSM21
AWBMCG1600,HBBD32
AWBMCG1600,SRPCR4700
AWBMCG1600,315SIMMYA
AWBMCG1600,AWBCG1600
AWBMCG1600,SRPCR105
AWBMCG1600,LN46ACF
AWBMCG1600,SHLX80A
AWBMCG1600,LN47ACF
AWBMCG1600,EECT400
AWBMCG1600,KRSC46HPBO
FSM71,FSM61
FSM71,SFSM7
FSM71,SFSM6
FSM71,SFSM20
FSM71,SFSM21
FSM71,CTB8174
FSM71,PH3050BR
FSM71,PGP120
FSM71,PTB32K
FSM71,KRA2407PBO
KRSC326FPDG,9100AGMO
KRSC326FPDG,TPM16EM
KRSC326FPDG,AWM110DK
KRSC326FPDG,9100GSM
KRSC326FPDG,FA12LE
KRSC326FPDG,FRX181
KRSC326FPDG,GF22
KRSC326FPDG,KAC1224TCA
KRSC326FPDG,HD6529
KRSC326FPDG,TW481
TMM5.5,TMM14
TMM5.5,STMM5.5
TMM5.5,TMM11
TMM5.5,TMM6
TMM5.5,TMM15
TMM5.5,EECT400
TMM5.5,KRSC46HPBO
TMM5.5,ECHDD012A
TMM5.5,CTB8174
TMM5.5,PH3050BR
TMUS141A,FA12LE
TMUS141A,FAML6E
TMUS141A,FRX181
TMUS141A,FABLM5E
TMUS141A,SA16E
TMUS141A,KRSC46HPBO
TMUS141A,ECHDD012A
TMUS141A,CTB8174
TMUS141A,PH3050BR
TMUS141A,BB9008
307ESAMY,IPL38C
307ESAMY,IPL30C
307ESAMY,211EFAMY
307ESAMY,307ESAY
307ESAMY,206EFAML
307ESAMY,STX60E
307ESAMY,ECHDD012A
307ESAMY,CTB8174
307ESAMY,PH3050BR
307ESAMY,KRSC430APBO1
VWBL400,XS1820A
VWBL400,XS2226A
VWBL400,TM84
VWBL400,XS67A
VWBL400,XS1214A
VWBL400,VO1416B
VWBL400,TMMD8
VWBL400,VO1012B
VWBL400,XS1618A
VWBL400,XS2024A
312IMM,IMM230
312IMM,IMM200
312IMM,IMM220
312IMM,312SIMM
312IMM,TFM7530B
312IMM,YA450B
312IMM,TWM30
312IMM,TWM32
312IMM,ACT73A
312IMM,VGP12412
9100GSM,SA16E
9100GSM,FAML6E
9100GSM,TPM16EM
9100GSM,FA12LE
9100GSM,KAC1224TCA
9100GSM,GF22
9100GSM,KRSC46HPBO
9100GSM,ECHDD012A
9100GSM,CTB8174
9100GSM,PH3050BR
LN47ACF,490CF
LN47ACF,912AEP
LN47ACF,EPC160
LN47ACF,LN46ACF
LN47ACF,HL138ACP
LN47ACF,PKNC150
LN47ACF,388ACF
LN47ACF,HCP48BCF
LN47ACF,ECHDD012A
LN47ACF,CTB8174
A161B,A177A
A161B,DPT7A
A161B,SEPABODYADD
A161B,A159
A161B,A179A
A161B,BLP15HVLP
A161B,S6103A
A161B,S9538A
A161B,PSO4625
A161B,PDR3000A
QD3250A,QD1R50A
QD3250A,QD2R100A
QD3250A,QD1R200A
QD3250A,QD2R200A
QD3250A,QD2FR75B
QD3250A,OEXL707B
QD3250A,KRSC46HPBO
QD3250A,KRA4813FPBO
QD3250A,ECHDD012A
QD3250A,CTB8174
PL330ACFO,312CF
PL330ACFO,911ACF
PL330ACFO,BDGPL300HG
PL330ACFO,PL803A
PL330ACFO,HBBD56
PL330ACFO,84CF
PL330ACFO,SGDXL80BR
PL330ACFO,PBMP703A
PL330ACFO,KRSC46HPBO
PL330ACFO,ECHDD012A
YA4190A,YA4190A
YA4190A,207IPFM
YA4190A,LN46ACF
YA4190A,CTNN13KF
YA4190A,IM1PT
YA4190A,CTB8174
YA4190A,PBMB5R
YA4190A,CTR861AK2
YA4190A,SVTS272A
YA4190A,CTR867AK2
IMM360,STX70E
IMM360,SA16E
IMM360,FAML6E
IMM360,FRX181
IMM360,HD6529
IMM360,TW481
IMM360,CTB8174
IMM360,PH3050BR
IMM360,A277
IMM360,TPM16EM
A2A,TA3
A2A,GFAT1E
A2A,ATKIFL
A2A,XS2024A
A2A,XS1416A
A2A,XS1820A
A2A,EECT400
A2A,KRSC46HPBO
A2A,ECHDD012A
A2A,CTB8174
PKN2,IM280
PKN2,IM260
PKN2,IM300
PKN2,SIM200
PKN2,SIM260
PKN2,SIM320
PKN2,SIM240
PKN2,SIM280
PKN2,EECT400
PKN2,KRSC46HPBO
KRA4114FPJJ,SGASA204CR
KRA4114FPJJ,SGD2BR
KRA4114FPJJ,SGD6BR
KRA4114FPJJ,KRA4107FPBO
KRA4114FPJJ,KRA4813FPBO
KRA4114FPJJ,F12LB
KRA4114FPJJ,206AFXW
KRA4114FPJJ,SGDX60BR
KRA4114FPJJ,112TMMY
KRA4114FPJJ,HBBD24
OEXSM710B,OEXS709B
OEXSM710B,SVSM807A
OEXSM710B,OXIM707SBK
OEXSM710B,OXIM710B
OEXSM710B,OEX080B
OEXSM710B,CTB8174
OEXSM710B,PH3050BR
OEXSM710B,FB360C
OEXSM710B,BB9008
OEXSM710B,PGP50
AWML2D,TMU8B
AWML2D,SGASA204CR
AWML2D,T72
AWML2D,SRPCR3800
AWML2D,SGD2BR
AWML2D,EECT400
AWML2D,KRSC46HPBO
AWML2D,ECHDD012A
AWML2D,CTB8174
AWML2D,PH3050BR
AWML6D,SGD8BR
AWML6D,SPBS8AR
AWML6D,SPBS12AR
AWML6D,SGD4BR
AWML6D,T72
AWML6D,EECT400
AWML6D,KRSC46HPBO
AWML6D,ECHDD012A
AWML6D,CTB8174
AWML6D,PH3050BR
PL1000STARTG,SGDMRC108A
PL1000STARTG,ATECHFSET02R
PL1000STARTG,786CF
PL1000STARTG,SVSM807A
PL1000STARTG,CTNN13KF
PL1000STARTG,CTR862DB
PL1000STARTG,ATECHFSET01R
PL1000STARTG,SOXRRM710A
PL1000STARTG,PH3050BR
PL1000STARTG,CTB185
OEX707B,OEXM707B
OEX707B,206AFSP
OEX707B,OEX10B
OEX707B,OEX8B
OEX707B,211FSY
OEX707B,PH3050BR
OEX707B,KRA4059FPBO
OEX707B,PDR5000A
OEX707B,AT4124
OEX707B,CAL6EA
S6103A,DPT7A
S6103A,14V
S6103A,BF775C-A
S6103A,S9538A
S6103A,S9614A
S6103A,A179A
S6103A,A159
S6103A,GA243
S6103A,KRA2407PBO
S6103A,PSO4625
AWBSGM10A,SGDP31IRBR
AWBSGM10A,SGDP42IRBR
AWBSGM10A,SGD4BR
AWBSGM10A,ATECH2FR125B
AWBSGM10A,PWCS7ACF
AWBSGM10A,EECT400
AWBSGM10A,KRSC46HPBO
AWBSGM10A,ECHDD012A
AWBSGM10A,CTB8174
AWBSGM10A,PH3050BR
SW381,SW401
SW381,SW421
SW381,ATKIFL
SW381,XS2024A
SW381,XS1416A
SW381,XS1820A
SW381,EECT400
SW381,KRSC46HPBO
SW381,ECHDD012A
SW381,CTB8174
SIMM340,SIMM320
SIMM340,OEXM9B
SIMM340,OEXM8B
SIMM340,SIMM300
SIMM340,SIMM360
SIMM340,SIMM290
SIMM340,SIMM350
SIMM340,FB303B
SIMM340,CTB8174
SIMM340,PH3050BR
IMM200,IMM190
IMM200,IMM180
IMM200,312IMM
IMM200,IMM230
IMM200,IMM210
IMM200,IMM220
IMM200,IMM240
IMM200,EECT400
IMM200,KRSC46HPBO
IMM200,ECHDD012A
TMMS5.5,TMMS9
TMMS5.5,TMMS6
TMMS5.5,TMMS13
TMMS5.5,TMMS10
TMMS5.5,TMMS7
TMMS5.5,ECHDD012A
TMMS5.5,CTB8174
TMMS5.5,PH3050BR
TMMS5.5,GA460B
TMMS5.5,OC5A
TPGDL2000,TDG2
TPGDL2000,LSR1000EXT
TPGDL2000,208EFTAMXSY
TPGDL2000,LSRM2000
TPGDL2000,QD3RN350A
TPGDL2000,SEPIMMSIMMA
TPGDL2000,PKRS1
TPGDL2000,LSR1450
TPGDL2000,LSR1580
TPGDL2000,BTG8
TW141A,TW261
TW141A,TW281
TW141A,TW221
TW141A,TW161A
TW141A,TW181A
TW141A,KRSC46HPBO
TW141A,ECHDD012A
TW141A,CTB8174
TW141A,PH3050BR
TW141A,EFPHANNIBALB
SGTT9B,SGTT110B
SGTT9B,SGTT5B
SGTT9B,SGTT7B
SGTT9B,SGTT1B
SGTT9B,SGTT2B
SGTT9B,SGTT8B
SGTT9B,SGTT10B
SGTT9B,SGTT3B
SGTT9B,YA1175KIT
SGTT9B,YAKS42
1512B,BPPC1878
1512B,SW401
1512B,SW381
1512B,1210B
1512B,BTC3A
1512B,CTB8174
1512B,PH3050BR
1512B,ACT1290A
1512B,UTK100
1512B,OC5A
ECPNJ032,SOSG01BKCL01
ECPNJ032,PL803A
ECPNJ032,TIF160
ECPNJ032,EECR1C
ECPNJ032,ECPRL092
ECPNJ032,ECPNH012UV
ECPNJ032,HSPD16
ECPNJ032,ECHDG052
ECPNJ032,PTB32K
ECPNJ032,KACKMCFIBER1
GLOVE600LG,GLOVE309L
GLOVE600LG,GLOVE300BL
GLOVE600LG,GLOVE1100L
GLOVE600LG,SOSG01BKCL01
GLOVE600LG,GLASS90BYEAR
GLOVE600LG,HSPD16
GLOVE600LG,SFSM21
GLOVE600LG,OXIM6B
GLOVE600LG,AWMBPH9
GLOVE600LG,AWBPH13
HBFE103,SRPCR112
HBFE103,HBFE48
HBFE103,HBFE24
HBFE103,HBBD16
HBFE103,PBS704
HBFE103,PBMP703A
HBFE103,OEXM300B
HBFE103,PH3050BR
HBFE103,MTEE6
HBFE103,PTGR100
PBN2,PBN1
PBN2,AOGMHC
PBN2,SGDE225ESD
PBN2,PKN9
PBN2,SGDE220ESD
PBN2,SGDE215ESD
PBN2,SGDE230ESD
PBN2,EECT400
PBN2,KRSC46HPBO
PBN2,ECHDD012A
GSAF1F,GLAS1F
GSAF1F,9100AGMO
GSAF1F,ATKIFL
GSAF1F,XS2024A
GSAF1F,XS1416A
GSAF1F,XS1820A
GSAF1F,XS1012A
GSAF1F,KRSC46HPBO
GSAF1F,ECHDD012A
GSAF1F,CTB8174
ACT1290A,TF275A
ACT1290A,ACT413A
ACT1290A,SEPPROCORE1A
ACT1290A,ACT9103
ACT1290A,TC15A
ACT1290A,ACT2105
ACT1290A,SEPPROCORE2A
ACT1290A,YA450B
ACT1290A,OFW1
ACT1290A,AT4124
AWL3-1/2D,SGDP42IRBR
AWL3-1/2D,SIMM200
AWL3-1/2D,FXK6
AWL3-1/2D,SRPCR3800
AWL3-1/2D,PL400B
AWL3-1/2D,EECT400
AWL3-1/2D,KRSC46HPBO
AWL3-1/2D,ECHDD012A
AWL3-1/2D,CTB8174
AWL3-1/2D,PH3050BR
CGRS865DB,CTB8174
CGRS865DB,LN47ACF
CGRS865DB,SIMM160A
CGRS865DB,SPBS704AR
CGRS865DB,GFAT1E
CGRS865DB,SIMM240
CGRS865DB,SGASA204CR
CGRS865DB,SPBS8AR
CGRS865DB,SGDP31IRBR
CGRS865DB,SIMM190
CDR4P11L3DB,TMU8B
CDR4P11L3DB,PPC4A
CDR4P11L3DB,FXK6
CDR4P11L3DB,SIMM210
CDR4P11L3DB,SGD8BR
CDR4P11L3DB,SGDX80BR
CDR4P11L3DB,SGD4BR
CDR4P11L3DB,SGDP42IRBR
CDR4P11L3DB,SPBS12AR
CDR4P11L3DB,T72
PBMP8A,212IMFMSYA
PBMP8A,SGHF616BR
PBMP8A,SXK3
PBMP8A,PBMP16A
PBMP8A,PBMP12A
PBMP8A,305ASX
PBMP8A,SN24C
PBMP8A,SX2
PBMP8A,EECT400
PBMP8A,KRSC46HPBO
ACTR4151A,ACT1290A
ACTR4151A,SRP2A
ACTR4151A,ACT925
ACTR4151A,ACT9103
ACTR4151A,ACTR1234YF
ACTR4151A,ACT413A
ACTR4151A,ACT1297
ACTR4151A,ATECH4RS600
ACTR4151A,VWB8B
ACTR4151A,PHP3A
2003LN,A98A
2003LN,A98M
2003LN,IMX32B
2003LN,YAKS42
2003LN,PPCSG710
2003LN,JCK7DBL
2003LN,LSR1580
2003LN,HBFE16
2003LN,BTG8
2003LN,LSR1000EXT
S261,313SYA
S261,ATKIFL
S261,XS2226A
S261,S321
S261,XS2024A
S261,XS1416A
S261,XS1820A
S261,XS1012A
S261,EECT400
S261,KRSC46HPBO
TMD8,FA12LE
TMD8,ATKIFL
TMD8,AOGMHC
TMD8,XS2024A
TMD8,TMD16
TMD8,TMD9
TMD8,TMD6
TMD8,EECT400
TMD8,KRSC46HPBO
TMD8,ECHDD012A
CGG861DB,SGDX80BR
CGG861DB,CGG861DB
CGG861DB,T72
CGG861DB,CTRS761ADB
CGG861DB,SPBS704AR
CGG861DB,SPBS8AR
CGG861DB,SPBS12AR
CGG861DB,SPBS18AR
CGG861DB,CTCO861K2
CGG861DB,CT825DB
KRA5311FPC,ATECH3FR300B
KRA5311FPC,SIMM170
KRA5311FPC,SHD1R
KRA5311FPC,SIMM180
KRA5311FPC,SGDP42IRBR
KRA5311FPC,47ACF
KRA5311FPC,PPC103A
KRA5311FPC,SRPCR4700
KRA5311FPC,SIMM220
KRA5311FPC,TMXK4
PTGR110G,PSO4625
PTGR110G,PTR2500
PTGR110G,PTR2505
PTGR110G,PTGR100
PTGR110G,PTC250
PTGR110G,PDR3000A
PTGR110G,CJ2001P
PTGR110G,211EFAMY
PTGR110G,YA105013
PTGR110G,307ESAY
PT5C,PTIM5
PT5C,BP16B
PT5C,9100GSM
PT5C,FA12LE
PT5C,BHS7A
PT5C,AWM110DHK
PT5C,KRA2055FPBO
PT5C,TPM16EM
PT5C,FB360C
PT5C,TPM16
QD3R250A,QD2R100A
QD3R250A,SEPPRECOMBA
QD3R250A,SEPU12TWA
QD3R250A,TW461
QD3R250A,TWM26
QD3R250A,FB303B
QD3R250A,PKNC150
QD3R250A,OEXM9B
QD3R250A,CTB8174
QD3R250A,PH3050BR
SFSM14,SFSM13
SFSM14,SFSM17
SFSM14,SFSM15
SFSM14,SFSM10
SFSM14,SFSM12
SFSM14,EECT400
SFSM14,KRSC46HPBO
SFSM14,ECHDD012A
SFSM14,CTB8174
SFSM14,PH3050BR
CDR9015DB,TMXK4
CDR9015DB,SGDX80BR
CDR9015DB,47ACF
CDR9015DB,SIMM240
CDR9015DB,SPBS8AR
CDR9015DB,SIMM160A
CDR9015DB,SIMM220
CDR9015DB,SGD6BR
CDR9015DB,SIMM200
CDR9015DB,SIMM190
KRA2422PU,TM84
KRA2422PU,VO2224B
KRA2422PU,VO2628B
KRA2422PU,KWSN2455AST
KRA2422PU,KRWT2411
KRA2422PU,KWSP2455ABL
KRA2422PU,KWSN2455ABL
KRA2422PU,KWSP2455AST
KRA2422PU,PG160
KRA2422PU,EFPHANNIBALB
HL138ACP,PWZ2A
HL138ACP,AWP45
HL138ACP,612AEP
HL138ACP,AD8C
HL138ACP,AD6C
HL138ACP,86EP
HL138ACP,912AEP
HL138ACP,KRSC46HPBO
HL138ACP,ECHDD012A
HL138ACP,CTB8174
SW301,SW321
SW301,SW361
SW301,SW161A
SW301,SW281
SW301,SW221
SW301,SW141A
SW301,EECT400
SW301,KRSC46HPBO
SW301,ECHDD012A
SW301,CTB8174
IMM240,IMM190
IMM240,IMM180
IMM240,IMM170A
IMM240,IMM220
IMM240,IMM230
IMM240,IMM210
IMM240,IMM200
IMM240,EECT400
IMM240,KRSC46HPBO
IMM240,ECHDD012A
AWBS13,TMP23E
AWBS13,TMP22E
AWBS13,OEX080B
AWBS13,AWMBS9
AWBS13,AWTXL8
AWBS13,BHM9A
AWBS13,AWTR8
AWBS13,AWEF9K
AWBS13,EECT400
AWBS13,KRSC46HPBO
IMM110A,IMM180
IMM110A,315IMMYA
IMM110A,310IMMYA
IMM110A,IMM120A
IMM110A,IMM100A
IMM110A,IMM130A
IMM110A,IMM140A
IMM110A,KRSC46HPBO
IMM110A,ECHDD012A
IMM110A,CTB8174
FA10E,10R
FA10E,208EFAY
FA10E,BCS70A
FA10E,FA8E
FA10E,FA12E
FA10E,FA12LE
FA10E,FRX181
FA10E,EECT400
FA10E,KRSC46HPBO
FA10E,ECHDD012A
ECHDF042O,JCK7DBL
ECHDF042O,ECHDD012A
ECHDF042O,TDG2
ECHDF042O,ECPNI032R
ECHDF042O,ECPNJ032
ECHDF042O,PBFT50R
ECHDF042O,GLOVE300BL
ECHDF042O,ECPNH012
ECHDF042O,UIM2RSLT
ECHDF042O,ECARL032R
ASGP102BG,PBN500
ASGP102BG,ASGP1BR
ASGP102BG,ASGP2BR
ASGP102BG,UTS105A
ASGP102BG,A161B
ASGP102BG,A177A
ASGP102BG,A179A
ASGP102BG,KRSC46HPBO
ASGP102BG,ECHDD012A
ASGP102BG,CTB8174
KRA2422PJJ,TM84
KRA2422PJJ,VO2224B
KRA2422PJJ,VO2628B
KRA2422PJJ,KWSN2455AST
KRA2422PJJ,KRWT2411
KRA2422PJJ,KWSP2455ABL
KRA2422PJJ,KWSN2455ABL
KRA2422PJJ,KWSP2455AST
KRA2422PJJ,PG160
KRA2422PJJ,EFPHANNIBALB
BB9008,KAC1224TCA
BB9008,HD6529
BB9008,SEPSTARTERA
BB9008,206EFABL
BB9008,SA16E
BB9008,FA12LE
BB9008,FRX181
BB9008,STX70E
BB9008,FABLM5E
BB9008,GF22
AWBCG1624,AWBCG1620
AWBCG1624,FU8A
AWBCG1624,F80
AWBCG1624,SPBS8AR
AWBCG1624,FX1
AWBCG1624,EECT400
AWBCG1624,KRSC46HPBO
AWBCG1624,ECHDD012A
AWBCG1624,CTB8174
AWBCG1624,PH3050BR
SW221,S321
SW221,SW201
SW221,SW361
SW221,SW141A
SW221,SW181A
SW221,SW241
SW221,SW161A
SW221,EECT400
SW221,KRSC46HPBO
SW221,ECHDD012A
AWBPH13,AWTPH8
AWBPH13,HSPD16
AWBPH13,VGP22412
AWBPH13,AWMBPH9
AWBPH13,AWBMXL9
AWBPH13,OXIM6B
AWBPH13,SFSM21
AWBPH13,ECHDD012A
AWBPH13,CTB8174
AWBPH13,PH3050BR
SHD6G,SHD1R
SHD6G,SHDX60R
SHD6G,SHDX80R
SHD6G,SHD2R
SHD6G,SHDP42IRR
SHD6G,SHDP31IRR
SHD6G,SHD4R
SHD6G,SHDP63IRR
SHD6G,CTB8174
SHD6G,PG160
SHD6O,SHD1R
SHD6O,SHDX60R
SHD6O,SHDX80R
SHD6O,SHD2R
SHD6O,SHDP42IRR
SHD6O,SHDP31IRR
SHD6O,SHD4R
SHD6O,SHDP63IRR
SHD6O,CTB8174
SHD6O,PG160
XB605A,OEXS709B
XB605A,OXI707BK
XB605A,OXIM710B
XB605A,XBM605A
XB605A,OXIM9B
XB605A,XO605
XB605A,EECT400
XB605A,KRSC46HPBO
XB605A,ECHDD012A
XB605A,CTB8174
AWTXL8-T15,SPBS12AR
AWTXL8-T15,96ACF
AWTXL8-T15,SGDP42IRBR
AWTXL8-T15,FU8A
AWTXL8-T15,BLPTHC87
AWTXL8-T15,EECT400
AWTXL8-T15,KRSC46HPBO
AWTXL8-T15,ECHDD012A
AWTXL8-T15,CTB8174
AWTXL8-T15,PH3050BR
YA427B,SEPABODYADD
YA427B,SEPUAUTOBODYA
YA427B,JT13B
YA427B,YA109C
YA427B,VGP22418
YA427B,GA243
YA427B,BLP15HVLP
YA427B,PK50A
YA427B,A159
YA427B,A179A
KCP1422PDG,AWM140DK
KCP1422PDG,AC58E
KCP1422PDG,111TMMDY
KCP1422PDG,KWSN2455ABL
KCP1422PDG,KWSN2455AST
KCP1422PDG,KWSP2455AST
KCP1422PDG,KWSP2455ABL
KCP1422PDG,KRWT2411
KCP1422PDG,SR40K
KCP1422PDG,BTC7B
MG325GMG,PT850
MG325GMG,SEPMG31KA
MG325GMG,OEXM6B
MG325GMG,PTR72
MG325GMG,MG725A
MG325GMG,PTR2500
MG325GMG,PTR2505
MG325GMG,ACT73A
MG325GMG,JCW62R
MG325GMG,SRP3A
LDH482,LDH562
LDH482,LDH522
LDH482,L122
LDH482,L62
LDH482,LDH442
LDH482,KRSC46HPBO
LDH482,ECHDD012A
LDH482,CTB8174
LDH482,PH3050BR
LDH482,MG1250
GLOVE400L,SHD2R
GLOVE400L,SHD6R
GLOVE400L,SHDP31IRR
GLOVE400L,LP404
GLOVE400L,RTD48
GLOVE400L,SOSG01BKCL01
GLOVE400L,GLOVE900LR
GLOVE400L,GLOVE1100L
GLOVE400L,GLOVE300BL
GLOVE400L,GLOVEORIGPLUSL
SWR1A,SWR102
SWR1A,S9704KR
SWR1A,BTCP600
SWR1A,415CF
SWR1A,BJP1
SWR1A,HCP10
SWR1A,SOEXM705
SWR1A,SVTS272A
SWR1A,BLPTORX1410
SWR1A,EEPV509
MTTL433,KACKMCFIBER1
MTTL433,BTG9
MTTL433,FZ7A
MTTL433,MTTL750
MTTL433,MTTL7005PK
MTTL433,YA1175KIT
MTTL433,MTTL800
MTTL433,FZ4B
MTTL433,YA824C
MTTL433,XOM605
PPC816B,PPC4A
PPC816B,PPC3A
PPC816B,PPC204A
PPC816B,PPC103A
PPC816B,PPC208A
PPC816B,CTB8174
PPC816B,PH3050BR
PPC816B,PTGR450
PPC816B,ACT83A
PPC816B,FB303B
STMD7,STMD16
STMD7,STMD14
STMD7,STMD12
STMD7,STMD6
STMD7,STMD9
STMD7,STMD11
STMD7,KRSC46HPBO
STMD7,ECHDD012A
STMD7,CTB8174
STMD7,PH3050BR
OEXL707B,OEXSM710B
OEXL707B,XO605
OEXL707B,OXI707BK
OEXL707B,OEXLM710B
OEXL707B,OEX080B
OEXL707B,OEXS709B
OEXL707B,QD3250A
OEXL707B,XDHF605
OEXL707B,CTB8174
OEXL707B,PH3050BR
SFSM7,SFSM21
SFSM7,STMM4.5
SFSM7,TMM4.5
SFSM7,SFSM6
SFSM7,FSM61
SFSM7,FSM71
SFSM7,SFSM20
SFSM7,GA296B
SFSM7,PTB32K
SFSM7,MTTL7005PK
THRLX72O,FH80MP
THRLX72O,THLL72
THRLX72O,FHBF80A
THRLX72O,FHOF80A
THRLX72O,FHLX80B
THRLX72O,SHX80B
THRLX72O,THR72
THRLX72O,FHR80
THRLX72O,KRSC46HPBO
THRLX72O,ECHDD012A
TMMS13,TMMS6
TMMS13,TMMS14
TMMS13,TMMS15
TMMS13,TMMS9
TMMS13,TMMS7
TMMS13,ECHDD012A
TMMS13,CTB8174
TMMS13,PH3050BR
TMMS13,GA460B
TMMS13,OC5A
EECR5A,MTIND683A
EECR5A,MTTL700
EECR5A,GLOVEORIGPLUSL
EECR5A,EEJP201MBKA-NA
EECR5A,ECPNH012UV
EECR5A,310SWMYA
EECR5A,BLPBTWKIT
EECR5A,MRB5B
EECR5A,ECHDG052
EECR5A,GLOVE309L
AWTXL8-T9,SIMM160A
AWTXL8-T9,ATECH2FR125B
AWTXL8-T9,91ACP
AWTXL8-T9,T72
AWTXL8-T9,SPBS18AR
AWTXL8-T9,EECT400
AWTXL8-T9,KRSC46HPBO
AWTXL8-T9,ECHDD012A
AWTXL8-T9,CTB8174
AWTXL8-T9,PH3050BR
IMM140A,IMM170A
IMM140A,IMM150A
IMM140A,SEPIMMSIMMA
IMM140A,IMM130A
IMM140A,IMM120A
IMM140A,IMM100A
IMM140A,IMM110A
IMM140A,EECT400
IMM140A,KRSC46HPBO
IMM140A,ECHDD012A
AWSGM2A,SGD6BR
AWSGM2A,PL400B
AWSGM2A,FXK3
AWSGM2A,F80
AWSGM2A,SGDP31IRBR
AWSGM2A,EECT400
AWSGM2A,KRSC46HPBO
AWSGM2A,ECHDD012A
AWSGM2A,CTB8174
AWSGM2A,PH3050BR
AWL1010DHK,SF181
AWL1010DHK,SF121
AWL1010DHK,SF161
AWL1010DHK,RULER6
AWL1010DHK,TMS4E
AWL1010DHK,211SFY
AWL1010DHK,SF261
AWL1010DHK,SF281
AWL1010DHK,SF101
AWL1010DHK,KRSC46HPBO
110MGMM,LSRM2000
110MGMM,LSR1580
110MGMM,IPLM15C
110MGMM,106IPTMMA
110MGMM,112SIMTMM
110MGMM,307IPLMY
110MGMM,SHCP1B
110MGMM,XFRRM705
110MGMM,ECHDD012A
110MGMM,CTB8174
SHLF80A,SHN36
SHLF80A,312IMMS
SHLF80A,SH80A
SHLF80A,THLF72
SHLF80A,FHLLF80
SHLF80A,FHLF80A
SHLF80A,THLLF72
SHLF80A,FHBF80A
SHLF80A,KRSC46HPBO
SHLF80A,ECHDD012A
DPT7A,SGDMRC108A
DPT7A,A159
DPT7A,S6103A
DPT7A,BF775C-A
DPT7A,GA243
DPT7A,14V
DPT7A,PK50A
DPT7A,KRA2407PBO
DPT7A,PDR3000A
DPT7A,PSO4625
S6106KA,YA337A
S6106KA,OEX709B
S6106KA,GA98A
S6106KA,AW1013DK
S6106KA,AVSNP01160
S6106KA,107ATMPB
S6106KA,CTB8174
S6106KA,PH3050BR
S6106KA,RULER6
S6106KA,FB302A
SR40K,FMAS
SR40K,TMMD11
SR40K,TMMD12
SR40K,BTC7B
SR40K,DB129C
SR40K,TPMB25EM
SR40K,AWTEF8K
SR40K,TF5A
SR40K,AWMEF6K
SR40K,111TMMDY
AWBSG09A,SPBS18AR
AWBSG09A,TMXK60
AWBSG09A,ATECH2FR125B
AWBSG09A,FX1
AWBSG09A,ATECH3FR300B
AWBSG09A,EECT400
AWBSG09A,KRSC46HPBO
AWBSG09A,ECHDD012A
AWBSG09A,CTB8174
AWBSG09A,PH3050BR
FA12E,208EFAY
FA12E,BCS70A
FA12E,212EFTAY
FA12E,FA8E
FA12E,FA10E
FA12E,FA12LE
FA12E,FRX181
FA12E,GF22
FA12E,EECT400
FA12E,KRSC46HPBO
AWBCG1616,SGDP31IRBR
AWBCG1616,SIMM150A
AWBCG1616,SIMM220
AWBCG1616,FXK6
AWBCG1616,TMU8B
AWBCG1616,EECT400
AWBCG1616,KRSC46HPBO
AWBCG1616,ECHDD012A
AWBCG1616,CTB8174
AWBCG1616,PH3050BR
AWBMCG1610,SIMM210
AWBMCG1610,FX1
AWBMCG1610,96ACF
AWBMCG1610,A2A
AWBMCG1610,TMXK2
AWBMCG1610,EECT400
AWBMCG1610,KRSC46HPBO
AWBMCG1610,ECHDD012A
AWBMCG1610,CTB8174
AWBMCG1610,PH3050BR
SGA102BR,SGRHT2BR
SGA102BR,SGA1713B
SGA102BR,SGA1714B
SGA102BR,SGAS102BR
SGA102BR,ACT407
SGA102BR,LDT40
SGA102BR,BRHC2PK
SGA102BR,PHP1A
SGA102BR,PLRK30
SGA102BR,ACTR4151A
SWM201,SWM141A
SWM201,SWM181
SWM201,SWM291
SWM201,SWM231
SWM201,SWM221
SWM201,SWM241
SWM201,SWM211
SWM201,KRSC46HPBO
SWM201,ECHDD012A
SWM201,CTB8174
SWM221,SWM181
SWM221,SWM141A
SWM221,SWM291
SWM221,SWM231
SWM221,SWM201
SWM221,SWM241
SWM221,SWM211
SWM221,KRSC46HPBO
SWM221,ECHDD012A
SWM221,CTB8174
911ACF,411CF
911ACF,490CF
911ACF,312CF
911ACF,912AEP
911ACF,PKN9
911ACF,EECT400
911ACF,KRSC46HPBO
911ACF,ECHDD012A
911ACF,CTB8174
911ACF,PH3050BR
KRA1421PWZ,SIMM200
KRA1421PWZ,SPBS8AR
KRA1421PWZ,PWCS7ACF
KRA1421PWZ,SRPCR4700
KRA1421PWZ,SGD2BR
KRA1421PWZ,ATECH2FR125B
KRA1421PWZ,TMU8B
KRA1421PWZ,PPC816B
KRA1421PWZ,PPC4A
KRA1421PWZ,BLPTHC87
TPGIF1600A,PTR2500
TPGIF1600A,HSPD16
TPGIF1600A,SFSM21
TPGIF1600A,TTX40E
TPGIF1600A,BLPH14316
TPGIF1600A,TTX27E
TPGIF1600A,TTX30E
TPGIF1600A,PK500A
TPGIF1600A,AT118
TPGIF1600A,PPCS60BK
PL330ACFG,312CF
PL330ACFG,911ACF
PL330ACFG,BDGPL300HG
PL330ACFG,PL803A
PL330ACFG,HBBD56
PL330ACFG,84CF
PL330ACFG,SGDXL80BR
PL330ACFG,PBMP703A
PL330ACFG,KRSC46HPBO
PL330ACFG,ECHDD012A
YA4190FAR,117TMM
YA4190FAR,207IPFM
YA4190FAR,LN46ACF
YA4190FAR,YA4190A
YA4190FAR,CTNN13KF
YA4190FAR,IM1PT
YA4190FAR,CTB8174
YA4190FAR,PBMB5R
YA4190FAR,CTR861AK2
YA4190FAR,SVTS272A
EECT400R,ECFLD030
EECT400R,EEDM503D
EECT400R,2005BSKA
EECT400R,AWM110DHK
EECT400R,TPM16
EECT400R,AC5C
EECT400R,2004BSKA
EECT400R,KRA2007FPBO
EECT400R,FB360C
EECT400R,OC5A
TMU81B,TMU101A
TMU81B,TMU121A
TMU81B,TMU161A
TMU81B,XS2024A
TMU81B,XS1416A
TMU81B,EECT400
TMU81B,KRSC46HPBO
TMU81B,ECHDD012A
TMU81B,CTB8174
TMU81B,PH3050BR
SOEXM150,SOEXM100
SOEXM150,SOEXM150
SOEXM150,FM19
SOEXM150,SOEXM140
SOEXM150,SOEXM170
SOEXM150,SOEXM120
SOEXM150,SOEXM130
SOEXM150,EECT400
SOEXM150,KRSC46HPBO
SOEXM150,ECHDD012A
AWMBPH9,AWBPH13
AWMBPH9,IPL16C
AWMBPH9,AWTPH8
AWMBPH9,BHS13A
AWMBPH9,OXIM6B
AWMBPH9,KRSC46HPBO
AWMBPH9,ECHDD012A
AWMBPH9,CTB8174
AWMBPH9,PH3050BR
AWMBPH9,GLOVEORIGPLUSL
FCF72,FLLF80
FCF72,FKF80A
FCF72,TKF72
FCF72,FC72
FCF72,TF72
FCF72,FZ80
FCF72,KRSC46HPBO
FCF72,ECHDD012A
FCF72,CTB8174
FCF72,PH3050BR
YA4609,91ACP
YA4609,FHLF80A
YA4609,TMXK4
YA4609,PWCS7ACF
YA4609,FX1
YA4609,ATECH3FR300B
YA4609,SPBS704AR
YA4609,SIMM150A
YA4609,FXK3
YA4609,SIMM240
205IPF,207IPFM
205IPF,307IPLY
205IPF,312IPL
205IPF,IPL16C
205IPF,307ESAY
205IPF,ECHDD012A
205IPF,CTB8174
205IPF,PH3050BR
205IPF,PGP120
205IPF,ACT83A
209FUMY,PK53A
209FUMY,207EFTXY
209FUMY,LP7WR
209FUMY,111TMUSMA
209FUMY,TW421
209FUMY,AW1013DK
209FUMY,BP8B
209FUMY,ECFLD030
209FUMY,AWM110DHK
209FUMY,ECHDD012A
29ACFO,AWMCG1600B
29ACFO,BTC7B
29ACFO,FZ7A
29ACFO,PWCS9ACFO
29ACFO,SS5A
29ACFO,RTEMPB7
29ACFO,S9711KA
29ACFO,CSA12CR
29ACFO,GA296B
29ACFO,CAL6EA
ATECH4RS600,L872RJ
ATECH4RS600,ACTR4151A
ATECH4RS600,L8112A
ATECH4RS600,429IM
ATECH4RS600,L62
ATECH4RS600,ACT51234A
ATECH4RS600,MG1250
ATECH4RS600,425IMM
ATECH4RS600,ACT413A
ATECH4RS600,BLPPB704
SHLX80AG,SHN36
SHLX80AG,SHX80B
SHLX80AG,FHLL80
SHLX80AG,FHLX80B
SHLX80AG,THLLF72
SHLX80AG,THLX72
SHLX80AG,FHLLF80
SHLX80AG,THRLX72
SHLX80AG,EECT400
SHLX80AG,KRSC46HPBO
PLRK27,84CF
PLRK27,FHR80
PLRK27,SHL80A
PLRK27,PLRK30
PLRK27,PLRK21
PLRK27,KAERNADD6RD
PLRK27,EPC160
PLRK27,612AEP
PLRK27,SGDXL80BR
PLRK27,ECPRA072
TMMS4.5,STMM4
TMMS4.5,TMM4
TMMS4.5,112TMMSY
TMMS4.5,TMMS4
TMMS4.5,STMM4.5
TMMS4.5,TMM4.5
TMMS4.5,EECT400
TMMS4.5,KRSC46HPBO
TMMS4.5,ECHDD012A
TMMS4.5,CTB8174
SRP2A,SRP3B
SRP2A,SRP400B
SRP2A,GAJ12A
SRP2A,SRP3A
SRP2A,PPB826A
SRP2A,DB121C
SRP2A,YA4250
SRP2A,ECHDD012A
SRP2A,MTTL300
SRP2A,CTB8174
YA4606,SPBS18AR
YA4606,SIMM190
YA4606,SGD6BR
YA4606,SGDP42IRBR
YA4606,91ACP
YA4606,PPC4A
YA4606,SPBS704AR
YA4606,SIMM160A
YA4606,FXK3
YA4606,SPBS8AR
STMM4.5,TMM4
STMM4.5,SFSM20
STMM4.5,SFSM7
STMM4.5,TMM4.5
STMM4.5,STMM4
STMM4.5,SFSM6
STMM4.5,KRSC46HPBO
STMM4.5,ECHDD012A
STMM4.5,CTB8174
STMM4.5,PH3050BR
112SIMTMM,106IPTMMA
112SIMTMM,312IPLM
112SIMTMM,CT825DB
112SIMTMM,204IMXA
112SIMTMM,214IMFMYA
112SIMTMM,214SIMFMYA
112SIMTMM,TPGIF1600A
112SIMTMM,CTQ838DB
112SIMTMM,PT338
112SIMTMM,CAL6EBR
OEX8B,OEX10B
OEX8B,OEX11B
OEX8B,OEX711B
OEX8B,PKN9
OEX8B,SGDE220ESD
OEX8B,KRSC46HPBO
OEX8B,ECHDD012A
OEX8B,CTB8174
OEX8B,PH3050BR
OEX8B,FB303B
MTEE6,CAL6DA
MTEE6,E1020
MTEE6,FB336
MTEE6,CAL6V
MTEE6,GA1D
MTEE6,CAL6EA
MTEE6,GA3634A
MTEE6,RD8
MTEE6,BRUTUS3R300
MTEE6,BCT1050
OEXM320B,OEXM250B
OEXM320B,OEXM230B
OEXM320B,OEX44B
OEXM320B,OEXM290B
OEXM320B,OEXM300B
OEXM320B,OEXM260B
OEXM320B,OEXM270B
OEXM320B,ECHDD012A
OEXM320B,CTB8174
OEXM320B,PH3050BR
SOEXM110,SIM260
SOEXM110,SIM320
SOEXM110,FS181
SOEXM110,SOEXM150
SOEXM110,SOEXM100
SOEXM110,FS241
SOEXM110,SIM200
SOEXM110,FS161
SOEXM110,EECT400
SOEXM110,KRSC46HPBO
SIM180A,SIM200
SIM180A,IM320
SIM180A,SIM320
SIM180A,SIM340
SIM180A,SIM240
SIM180A,KRSC46HPBO
SIM180A,ECHDD012A
SIM180A,CTB8174
SIM180A,PH3050BR
SIM180A,YA438B
CTLFD761,SHDP31IRR
CTLFD761,SHD1R
CTLFD761,F80
CTLFD761,CTB8174
CTLFD761,CTR861AK2
CTLFD761,124STTMM
CTLFD761,THLF72
CTLFD761,SHD2R
CTLFD761,SHD4R
CTLFD761,SHDP42IRR
KRBC100ABN,FXK6
KRBC100ABN,FHLF80A
KRBC100ABN,A2A
KRBC100ABN,TMXK60
KRBC100ABN,TMXK2
KRBC100ABN,BLPTL1427
KRBC100ABN,KRA2411PBO
KRBC100ABN,PBMP703A
KRBC100ABN,PH3050BR
KRBC100ABN,ATECH3FR300B
AWML12D,FHLF80A
AWML12D,SIMM220
AWML12D,TMU8B
AWML12D,SIMM160A
AWML12D,SPBS12AR
AWML12D,EECT400
AWML12D,KRSC46HPBO
AWML12D,ECHDD012A
AWML12D,CTB8174
AWML12D,PH3050BR
106BTMX,305ASX
106BTMX,124STTMM
106BTMX,TMX1
106BTMX,206AFX
106BTMX,208AFX
106BTMX,120STTM
106BTMX,ECHDD012A
106BTMX,CTB8174
106BTMX,PH3050BR
106BTMX,AT4135
124STTMM,106BTMX
124STTMM,SEPPROCORE1A
124STTMM,112TMMY
124STTMM,120STTM
124STTMM,110STMY
124STTMM,110TMY
124STTMM,PTIM5
124STTMM,AT4124
124STTMM,PH3050BR
124STTMM,PT450-WH
415CF,PL5ESWIRESTRIP
415CF,HBBD56
415CF,PBFT50R
415CF,915CF
415CF,SWR1A
415CF,BEXD10A
415CF,PH3050BR
415CF,A277
415CF,FB336
415CF,AT4101
SWM261,SWM301
SWM261,SWM201
SWM261,AWMEF8K
SWM261,SWM271
SWM261,SWM251
SWM261,SWM291
SWM261,SWM281
SWM261,EECT400
SWM261,KRSC46HPBO
SWM261,ECHDD012A
S9538A,DPT7A
S9538A,14V
S9538A,BF775C-A
S9538A,S6103A
S9538A,S9614A
S9538A,A179A
S9538A,A159
S9538A,GA243
S9538A,KRA2407PBO
S9538A,PSO4625
SGA1713B,PHP3A
SGA1713B,SGA102BR
SGA1713B,SGAS102BG
SGA1713B,SGA1714B
SGA1713B,SGAS102BR
SGA1713B,SHP10
SGA1713B,SHP7
SGA1713B,CTB8174
SGA1713B,ACT407
SGA1713B,PH3050BR
GLOVE600L,GLOVE309L
GLOVE600L,GLOVE300BL
GLOVE600L,GLOVE1100L
GLOVE600L,SOSG01BKCL01
GLOVE600L,GLASS90BYEAR
GLOVE600L,HSPD16
GLOVE600L,SFSM21
GLOVE600L,OXIM6B
GLOVE600L,AWMBPH9
GLOVE600L,AWBPH13
GLOVE600LO,GLOVE309L
GLOVE600LO,GLOVE300BL
GLOVE600LO,GLOVE1100L
GLOVE600LO,SOSG01BKCL01
GLOVE600LO,GLASS90BYEAR
GLOVE600LO,HSPD16
GLOVE600LO,SFSM21
GLOVE600LO,OXIM6B
GLOVE600LO,AWMBPH9
GLOVE600LO,AWBPH13
AWM110DHK,AW1015DHK
AWM110DHK,340SSDP
AWM110DHK,10SSD
AWM110DHK,SEPPT850KA
AWM110DHK,TW421
AWM110DHK,PGP120
AWM110DHK,TPM16
AWM110DHK,FB316B
AWM110DHK,FB360C
AWM110DHK,KRA2007FPBO
CTPSK8174,T72
CTPSK8174,SIMM180
CTPSK8174,SPBS8AR
CTPSK8174,47ACF
CTPSK8174,SGD4BR
CTPSK8174,SIMM150A
CTPSK8174,SIMM230
CTPSK8174,SGASA204CR
CTPSK8174,SGD8BR
CTPSK8174,SRPCR4700
AWTR8-3,SIMM180
AWTR8-3,SIMM170
AWTR8-3,SRPCR3800
AWTR8-3,SPBS18AR
AWTR8-3,SPBS12AR
AWTR8-3,EECT400
AWTR8-3,KRSC46HPBO
AWTR8-3,ECHDD012A
AWTR8-3,CTB8174
AWTR8-3,PH3050BR
8R,10MA
8R,SGHF616BR
8R,XS2024A
8R,XS1416A
8R,XS1820A
8R,KRSC46HPBO
8R,ECHDD012A
8R,CTB8174
8R,PH3050BR
8R,FB303B
TM65,VO2628B
TM65,VO1416B
TM65,VO1012B
TM65,TM84
TM65,TMC104E
TM65,EECT400
TM65,KRSC46HPBO
TM65,ECHDD012A
TM65,CTB8174
TM65,PH3050BR
PPC210BK,PPB30AK
PPC210BK,CTB8174
PPC210BK,PPC210A
PPC210BK,PKB52A
PPC210BK,AWM140DK
PPC210BK,VGP12509
PPC210BK,VGP104
PPC210BK,PH3050BR
PPC210BK,FB307RNB
PPC210BK,AT4124
AWXL13-5/64,SIMM200
AWXL13-5/64,SIMM220
AWXL13-5/64,SIMM170
AWXL13-5/64,SGD2BR
AWXL13-5/64,47ACF
AWXL13-5/64,EECT400
AWXL13-5/64,KRSC46HPBO
AWXL13-5/64,ECHDD012A
AWXL13-5/64,CTB8174
AWXL13-5/64,PH3050BR
PPSG206,PPSG103
PPSG206,PPSG4
PPSG206,PPSG206
PPSG206,PPSG205
PPSG206,PPSG203
PPSG206,PCSG812
PPSG206,PPSG106
PPSG206,PCSG820
PPSG206,KRSC46HPBO
PPSG206,ECHDD012A
DBT25,SRPCR3800
DBT25,SGD6BR
DBT25,91ACP
DBT25,47ACF
DBT25,96ACF
DBT25,EECT400
DBT25,KRSC46HPBO
DBT25,ECHDD012A
DBT25,CTB8174
DBT25,PH3050BR
CDR861GK2,A2A
CDR861GK2,FX1
CDR861GK2,SGDX80BR
CDR861GK2,TMXK2
CDR861GK2,SGASA204CR
CDR861GK2,ATECH2FR125B
CDR861GK2,SPBS12AR
CDR861GK2,SIMM240
CDR861GK2,PL400B
CDR861GK2,FU8A
MG725A,MG325
MG725A,9000GS3O
MG725A,SWM101A
MG725A,SN25A
MG725A,FB303B
MG725A,OFW3
MG725A,OFW2
MG725A,OEXM9B
MG725A,309SIMYA
MG725A,222AFSP
PPC205A,PPC210A
PPC205A,PPC204A
PPC205A,PPC816B
PPC205A,PPC206A
PPC205A,PPC203A
PPC205A,PPC820B
PPC205A,ECHDD012A
PPC205A,CTB8174
PPC205A,PH3050BR
PPC205A,ECF35
ACT73A,2004BSKA
ACT73A,JCW62R
ACT73A,OEXM6B
ACT73A,SRP3A
ACT73A,ACT413A
ACT73A,FB303B
ACT73A,STMM4
ACT73A,ACT2105
ACT73A,R1618SC
ACT73A,SGDP64IRBR
B260A,AC5C
B260A,208CCP
B260A,PGP120
B260A,BTC3A
B260A,PT28E
B260A,BTC7B
B260A,SOSG01BKCL01
B260A,OC5A
B260A,AT700F
B260A,GA460B
411CF,911ACF
411CF,312CF
411CF,612AEP
411CF,490CF
411CF,912AEP
411CF,908CF
411CF,EECT400
411CF,KRSC46HPBO
411CF,ECHDD012A
411CF,CTB8174
TRSLF72,F80MP
TRSLF72,FKF80A
TRSLF72,TM10G
TRSLF72,FSLF80
TRSLF72,TXM72
TRSLF72,FHBF80A
TRSLF72,EECT400
TRSLF72,KRSC46HPBO
TRSLF72,ECHDD012A
TRSLF72,CTB8174
PTC250O,PTGR100
PTC250O,PTGR110
PTC250O,PSO4625
PTC250O,PDR3000A
PTC250O,PDR5000A
PTC250O,VGP12406
PTC250O,VGP22412
PTC250O,VGP12808
PTC250O,VGP22418
PTC250O,PHG1055BK
210FRHMA,211FCOA
210FRHMA,210FCOMA
210FRHMA,XOM605
210FRHMA,OEXLM710B
210FRHMA,XBM605A
210FRHMA,PTC250
210FRHMA,RADKITULTRA
210FRHMA,VWB8B
210FRHMA,SVTS264
210FRHMA,SVTA9100
TMR4,ST50A
TMR4,OXI707BK
TMR4,PWC52A
TMR4,FZ80
TMR4,S4
TMR4,303SXWKL
TMR4,OXIM707SBK
TMR4,TNF72
TMR4,KRSC46HPBO
TMR4,ECHDD012A
TMS4E,TM5
TMS4E,TM82
TMS4E,ATKIFL
TMS4E,XS2024A
TMS4E,XS1416A
TMS4E,XS1820A
TMS4E,EECT400
TMS4E,KRSC46HPBO
TMS4E,ECHDD012A
TMS4E,CTB8174
GAW1908,PL400B
GAW1908,BLPTHC87
GAW1908,SGDP42IRBR
GAW1908,SIMM160A
GAW1908,TMXK2
GAW1908,EECT400
GAW1908,KRSC46HPBO
GAW1908,ECHDD012A
GAW1908,CTB8174
GAW1908,PH3050BR
STMM14,STMM12
STMM14,TMM14
STMM14,TMM12
STMM14,TMM6
STMM14,TMM9
STMM14,KRSC46HPBO
STMM14,ECHDD012A
STMM14,CTB8174
STMM14,PH3050BR
STMM14,FB303B
SWM231,SWM181
SWM231,SWM171
SWM231,SWM141A
SWM231,SWM221
SWM231,SWM201
SWM231,SWM241
SWM231,SWM211
SWM231,KRSC46HPBO
SWM231,ECHDD012A
SWM231,CTB8174
208FRDHM,A277
208FRDHM,SRES28
208FRDHM,SRES26
208FRDHM,208FRDH
208FRDHM,SRES306
208FRDHM,SRES22
208FRDHM,SRES20
208FRDHM,SRES18
208FRDHM,JCW80AR
208FRDHM,CAL6EA
SHDX60O,222AFSMP
SHDX60O,SOEX707
SHDX60O,SHDP63IRR
SHDX60O,414AHD
SHDX60O,PKNC150
SHDX60O,UPTM65K
SHDX60O,KRSC46HPBO
SHDX60O,ECHDD012A
SHDX60O,CTB8174
SHDX60O,PH3050BR
AWBMCG16025,SGASA204CR
AWBMCG16025,47ACF
AWBMCG16025,FX1
AWBMCG16025,SGD2BR
AWBMCG16025,91ACP
AWBMCG16025,EECT400
AWBMCG16025,KRSC46HPBO
AWBMCG16025,ECHDD012A
AWBMCG16025,CTB8174
AWBMCG16025,PH3050BR
AWBMCG1604,AWBMCG1603
AWBMCG1604,F80
AWBMCG1604,SIMM160A
AWBMCG1604,SRPCR3800
AWBMCG1604,SGD8BR
AWBMCG1604,EECT400
AWBMCG1604,KRSC46HPBO
AWBMCG1604,ECHDD012A
AWBMCG1604,CTB8174
AWBMCG1604,PH3050BR
AWSG09A,SIMM230
AWSG09A,F80
AWSG09A,TMU8B
AWSG09A,PWCS7ACF
AWSG09A,PPC103A
AWSG09A,EECT400
AWSG09A,KRSC46HPBO
AWSG09A,ECHDD012A
AWSG09A,CTB8174
AWSG09A,PH3050BR
F10LD,222AFSP
F10LD,218AFP
F10LD,222AFSMP
F10LD,BHS7A
F10LD,FB303B
F10LD,R1618SC
F10LD,SN25A
F10LD,ACT1370
F10LD,317MPC
F10LD,PH3050BR
IPLM11C,312IPLM
IPLM11C,IPL32C
IPLM11C,312IPL
IPLM11C,IPLM10C
IPLM11C,IPLM12C
IPLM11C,IPLM13C
IPLM11C,IPLM16C
IPLM11C,IPL26C
IPLM11C,EECT400
IPLM11C,KRSC46HPBO
MAGBOWLXL,SIMM190
MAGBOWLXL,FXK3
MAGBOWLXL,FXK6
MAGBOWLXL,TMXK2
MAGBOWLXL,SPBS8AR
MAGBOWLXL,SIMM170
MAGBOWLXL,SHD1R
MAGBOWLXL,SGASA204CR
MAGBOWLXL,PWCS7ACF
MAGBOWLXL,SGD6BR
211FSSY,112TMMDSY
211FSSY,FSS141
211FSSY,FSS121
211FSSY,212FSMSY
211FSSY,110TMSY
211FSSY,112TMMSY
211FSSY,TMMS5
211FSSY,EECT400
211FSSY,KRSC46HPBO
211FSSY,ECHDD012A
SHCP1B,PHP3A
SHCP1B,SGRHT6BR
SHCP1B,PHP1A
SHCP1B,SHP2KT
SHCP1B,PHP2A
SHCP1B,HCP10
SHCP1B,PH3050BR
SHCP1B,RADKITULTRA
SHCP1B,SVTSRAD272U
SHCP1B,SVTS272A
GAW1907,PPC4A
GAW1907,GFAT1E
GAW1907,SIMM150A
GAW1907,SPBS8AR
GAW1907,SGASA204CR
GAW1907,EECT400
GAW1907,KRSC46HPBO
GAW1907,ECHDD012A
GAW1907,CTB8174
GAW1907,PH3050BR
PTR72,PTR2505
PTR72,PT850
PTR72,SEPFAR7200KA
PTR72,PTR2500
PTR72,MG325
PTR72,SAG03S20
PTR72,PDR3000A
PTR72,BTCP1
PTR72,OC5A
PTR72,RXS605B
SGDEP21ESD,SGDE215ESD
SGDEP21ESD,AOGMHC
SGDEP21ESD,PKN9
SGDEP21ESD,SGDEP20ESD
SGDEP21ESD,SGDE225ESD
SGDEP21ESD,SGDE220ESD
SGDEP21ESD,SGDEP200ESD
SGDEP21ESD,EECT400
SGDEP21ESD,KRSC46HPBO
SGDEP21ESD,ECHDD012A
SIMM350,SIMM320
SIMM350,OFW3
SIMM350,305SIMMY
SIMM350,SIMM290
SIMM350,SIMM340
SIMM350,YA450B
SIMM350,SIMM360
SIMM350,SIMM300
SIMM350,PH3050BR
SIMM350,FB303B
FHBB18AG,210EFTXRY
FHBB18AG,THLL72
FHBB18AG,YA9350B
FHBB18AG,SHBB24
FHBB18AG,SHN36
FHBB18AG,FHBB12A
FHBB18AG,103UFTS
FHBB18AG,208AFX
FHBB18AG,ECHDD012A
FHBB18AG,CTB8174
MAGMAT,ASTFUN19KIT
MAGMAT,PLRK21
MAGMAT,PTM2
MAGMAT,MAGDISH
MAGMAT,MAGMINI
MAGMAT,MAGSTRIP
MAGMAT,MAGMICRO
MAGMAT,MAGTRAY
MAGMAT,KASS13
MAGMAT,MRB12B
AT4101O,PK500A
AT4101O,QD3RN350A
AT4101O,TMP12E
AT4101O,AT4124
AT4101O,UTV614A
AT4101O,UTV615A
AT4101O,TWM31
AT4101O,TWM29
AT4101O,1210B
AT4101O,AWCGT500
PWZ0A,PWZ2A
PWZ0A,BEXD10A
PWZ0A,SBT26
PWZ0A,PWZ3A
PWZ0A,PWZ1A
PWZ0A,PWZ4
PWZ0A,PWZ5
PWZ0A,ACT73A
PWZ0A,CAL6EA
PWZ0A,TPMB25EMGRN
LTAM811,IMM220
LTAM811,IMM210
LTAM811,IMM240
LTAM811,VS814A
LTAM811,FB336
LTAM811,XFRM705
LTAM811,RXFMS606B
LTAM811,IMM230
LTAM811,IMM200
LTAM811,KRSC46HPBO
PPC3A,PPC204A
PPC3A,PPC905B
PPC3A,PPC715BK
PPC3A,XS2024A
PPC3A,XS1416A
PPC3A,XS1820A
PPC3A,EECT400
PPC3A,KRSC46HPBO
PPC3A,ECHDD012A
PPC3A,CTB8174
PL400B,SEPPREMETA
PL400B,96ACF
PL400B,91ACP
PL400B,317AMMPC
PL400B,UIM225
PL400B,PK23A
PL400B,PK52A
PL400B,SN25A
PL400B,CTB8174
PL400B,PH3050BR
KRSC430APU1,HSPD16
KRSC430APU1,LDH442
KRSC430APU1,LDH462
KRSC430APU1,OXIM6B
KRSC430APU1,AWMBPH9
KRSC430APU1,KRSC323PBO
KRSC430APU1,STMM4
KRSC430APU1,YA2019
KRSC430APU1,AWBPH13
KRSC430APU1,10R
SHX80B,FHLF80A
SHX80B,FHOF80A
SHX80B,THLF72
SHX80B,THLX72
SHX80B,FHLX80B
SHX80B,THRLX72
SHX80B,SH80A
SHX80B,EECT400
SHX80B,KRSC46HPBO
SHX80B,ECHDD012A
IMX32B,304IMX
IMX32B,2003LN
IMX32B,SIMM350
IMX32B,A98M
IMX32B,A98A
IMX32B,IP80D
IMX32B,TF5A
IMX32B,AWCGT500
IMX32B,KRSC46HPBO
IMX32B,ECHDD012A
STMD10,STMD12
STMD10,STMD8
STMD10,STMD16
STMD10,STMD14
STMD10,STMD9
STMD10,STMD6
STMD10,KRSC46HPBO
STMD10,ECHDD012A
STMD10,CTB8174
STMD10,PH3050BR
RADKITULTRA,EEBC30A12V
RADKITULTRA,RTEMP8
RADKITULTRA,MTTL700
RADKITULTRA,SVTA9100
RADKITULTRA,SVTS264
RADKITULTRA,TA32A
RADKITULTRA,SVTS272A
RADKITULTRA,RD8
RADKITULTRA,CSSD50R
RADKITULTRA,PH1038
AWBSGM6A,TMXK60
AWBSGM6A,SIMM210
AWBSGM6A,F80
AWBSGM6A,96ACF
AWBSGM6A,GFAT1E
AWBSGM6A,EECT400
AWBSGM6A,KRSC46HPBO
AWBSGM6A,ECHDD012A
AWBSGM6A,CTB8174
AWBSGM6A,PH3050BR
10MA,SGHF616BR
10MA,ATKIFL
10MA,XS2226A
10MA,8R
10MA,FB303B
10MA,XS2024A
10MA,XS1416A
10MA,XS1820A
10MA,KRSC46HPBO
10MA,ECHDD012A
AWL18D,SPBS704AR
AWL18D,SGD4BR
AWL18D,FU8A
AWL18D,SGD6BR
AWL18D,96ACF
AWL18D,EECT400
AWL18D,KRSC46HPBO
AWL18D,ECHDD012A
AWL18D,CTB8174
AWL18D,PH3050BR
QD2R100A,QD3R250A
QD2R100A,TESLASTUKIT
QD2R100A,OFW3
QD2R100A,SN25A
QD2R100A,FB303B
QD2R100A,OEXM9B
QD2R100A,ACT1370
QD2R100A,222AFSP
QD2R100A,PH3050BR
QD2R100A,ACT83A
AWBSG08A,SPBS12AR
AWBSG08A,SIMM220
AWBSG08A,47ACF
AWBSG08A,BLPTHC87
AWBSG08A,TMU8B
AWBSG08A,EECT400
AWBSG08A,KRSC46HPBO
AWBSG08A,ECHDD012A
AWBSG08A,CTB8174
AWBSG08A,PH3050BR
IP80D,IPF800B
IP80D,BT11
IP80D,304IMX
IP80D,IMX32B
IP80D,222AFSP
IP80D,FB303B
IP80D,SN25A
IP80D,ECHDD012A
IP80D,CTB8174
IP80D,PH3050BR
FHBF80A,SHLL80A
FHBF80A,AWSGT800A
FHBF80A,FH80MP
FHBF80A,FHOF80A
FHBF80A,TRSLF72
FHBF80A,PLRK30
FHBF80A,311IMFSY
FHBF80A,PHP2A
FHBF80A,ECHDD012A
FHBF80A,CTB8174
BTCP600,OFC14KT
BTCP600,LIL59000
BTCP600,LSR1500
BTCP600,BTCP400
BTCP600,BTCW800
BTCP600,BRHC2PK
BTCP600,OFSKIT
BTCP600,TPGDL2000
BTCP600,CAL6EBR
BTCP600,BB9008
HBFE32G,HBFE103
HBFE32G,TWM26
HBFE32G,SW421
HBFE32G,QD3RN350A
HBFE32G,HBFE48
HBFE32G,HBFE24
HBFE32G,FZ7A
HBFE32G,309SIMYA
HBFE32G,PH3050BR
HBFE32G,CAL6EA
HBFE48,2050
HBFE48,HBFE103
HBFE48,BTC7B
HBFE48,HBFE24
HBFE48,AT4124
HBFE48,PK52A
HBFE48,PPB826A
HBFE48,SR40K
HBFE48,PH3050BR
HBFE48,DB129C
AWSGT20A,GFAT1E
AWSGT20A,TMXK60
AWSGT20A,SPBS12AR
AWSGT20A,SHD1R
AWSGT20A,FX1
AWSGT20A,EECT400
AWSGT20A,KRSC46HPBO
AWSGT20A,ECHDD012A
AWSGT20A,CTB8174
AWSGT20A,PH3050BR
PTB32K,DBBPT13
PTB32K,CTS561BITSET
PTB32K,TESLASTUKIT
PTB32K,TMM16
PTB32K,BOERM22
PTB32K,BOERM21
PTB32K,131TMPB
PTB32K,BCS70A
PTB32K,PPCL60BK
PTB32K,FSM71
SGDMRC11A,SGDMRC4A
SGDMRC11A,SGDMRC103A
SGDMRC11A,SGDMRCE44
SGDMRC11A,F4LBK
SGDMRC11A,BTWSMPK
SGDMRC11A,KRSC46HPBO
SGDMRC11A,ECHDD012A
SGDMRC11A,CTB8174
SGDMRC11A,PH3050BR
SGDMRC11A,YA450B
STMD18,STMD12
STMD18,STMD14
STMD18,STMD10
STMD18,STMD16
STMD18,STMD9
STMD18,STMD6
STMD18,KRSC46HPBO
STMD18,ECHDD012A
STMD18,CTB8174
STMD18,PH3050BR
RXFS605B,RXFMS606B
RXFS605B,218AFP
RXFS605B,SW421
RXFS605B,RXFS2836B
RXFS605B,317MPC
RXFS605B,340SSDP
RXFS605B,AT4135
RXFS605B,FB303B
RXFS605B,ACT413A
RXFS605B,AT4124
BT4651,BT518
BT4651,BTGHD9
BT4651,YA4275
BT4651,PKNC150
BT4651,305SIMMY
BT4651,ECHDD012A
BT4651,CTB8174
BT4651,PH3050BR
BT4651,TA50
BT4651,TA54
PGP50,FB360C
PGP50,GA296B
PGP50,GA460B
PGP50,B1461
PGP50,VGP104
PGP50,BLPHS1414
PGP50,FTX60E
PGP50,BHS7A
PGP50,AWTEF8K
PGP50,OC5A
EECT413,SVTS272A
EECT413,EECT200
EECT413,SGRHT6BR
EECT413,EEDM596FK
EECT413,PGP120
EECT413,YA1050B
EECT413,JCK8
EECT413,EEPV509
EECT413,SG4ASHBR
EECT413,HBFE16
TMA8E,ATKIFL
TMA8E,AOGMHC
TMA8E,TMA4E
TMA8E,TMA6E
TMA8E,TMA7E
TMA8E,TMA4.5E
TMA8E,XS2024A
TMA8E,TMA5E
TMA8E,EECT400
TMA8E,KRSC46HPBO
IPL26C,312IPL
IPL26C,IPL40C
IPL26C,IPL20C
IPL26C,IPL32C
IPL26C,IPL16C
IPL26C,IPL34C
IPL26C,IPL38C
IPL26C,IPL22C
IPL26C,EECT400
IPL26C,KRSC46HPBO
IPL36C,IPL24C
IPL36C,IPL30C
IPL36C,IPL34C
IPL36C,IPL38C
IPL36C,IPL40C
IPL36C,EECT400
IPL36C,KRSC46HPBO
IPL36C,ECHDD012A
IPL36C,CTB8174
IPL36C,PH3050BR
IPLM12C,IPLM14C
IPLM12C,IPLM15C
IPLM12C,312IPLM
IPLM12C,IPLM13C
IPLM12C,IPLM11C
IPLM12C,IPLM10C
IPLM12C,IPLM16C
IPLM12C,EECT400
IPLM12C,KRSC46HPBO
IPLM12C,ECHDD012A
AWM3D,SIMM160A
AWM3D,T72
AWM3D,PL400B
AWM3D,FXK11
AWM3D,96ACF
AWM3D,EECT400
AWM3D,KRSC46HPBO
AWM3D,ECHDD012A
AWM3D,CTB8174
AWM3D,PH3050BR
AWMXL10-7,SGD2BR
AWMXL10-7,SGDX80BR
AWMXL10-7,PPC816B
AWMXL10-7,BLPTHC87
AWMXL10-7,PWCS7ACF
AWMXL10-7,EECT400
AWMXL10-7,KRSC46HPBO
AWMXL10-7,ECHDD012A
AWMXL10-7,CTB8174
AWMXL10-7,PH3050BR
CTR862K2,A91F
CTR862K2,JCW80AR
CTR862K2,STARTERSET5
CTR862K2,PKWLR53A
CTR862K2,CTSG861DB
CTR862K2,EECR5A
CTR862K2,LIL59000
CTR862K2,PGP120
CTR862K2,CT9080K2
CTR862K2,JCW62R
CT9038K2,96ACF
CT9038K2,SRPCR4700
CT9038K2,TMU8B
CT9038K2,SGD4BR
CT9038K2,BLPTHC87
CT9038K2,A2A
CT9038K2,TMXK2
CT9038K2,SPBS12AR
CT9038K2,GFAT1E
CT9038K2,PL400B
HSPD16,OXIM6B
HSPD16,PPCS60BK
HSPD16,TTX30E
HSPD16,30SSD
HSPD16,TTX40E
HSPD16,TTX27E
HSPD16,TPGIF1600A
HSPD16,MRB5B
HSPD16,FB305A
HSPD16,GLOVEORIGPLUSL
AW1020DK,SWM271
AW1020DK,SWM261
AW1020DK,SWM301
AW1020DK,AWM140DK
AW1020DK,2420A
AW1020DK,SWM291
AW1020DK,DBBPT13
AW1020DK,ITHE100
AW1020DK,GA296B
AW1020DK,KRA2055FPBO
310IMMYA,310SIMMYA
310IMMYA,OXIM6B
310IMMYA,309SIMYA
310IMMYA,BLPTE3816
310IMMYA,BLPTE3810
310IMMYA,YA438B
310IMMYA,BLPTE3814
310IMMYA,BLPTE3812
310IMMYA,KRSC46HPBO
310IMMYA,ECHDD012A
CT9050GK2,SIMM160A
CT9050GK2,FX1
CT9050GK2,TMXK60
CT9050GK2,FXK6
CT9050GK2,SPBS12AR
CT9050GK2,SPBS704AR
CT9050GK2,SGD4BR
CT9050GK2,SIMM240
CT9050GK2,FU8A
CT9050GK2,SIMM150A
KRSC46HPCM,SIMM350
KRSC46HPCM,SIMM290
KRSC46HPCM,ECFLD030
KRSC46HPCM,PKNC150
KRSC46HPCM,UPTM65K
KRSC46HPCM,317AMMPC
KRSC46HPCM,305SIMMY
KRSC46HPCM,BOERM712
KRSC46HPCM,MG725A
KRSC46HPCM,309SIMYA
SGDMRCE44,SGDMRC4A
SGDMRCE44,SGDMRC4-TM4
SGDMRCE44,SGDMRC11A
SGDMRCE44,SSDMRT8A
SGDMRCE44,SSFP2
SGDMRCE44,KRSC46HPBO
SGDMRCE44,ECHDD012A
SGDMRCE44,CTB8174
SGDMRCE44,PH3050BR
SGDMRCE44,YA450B
SGDMRCE44O,SGDMRC4A
SGDMRCE44O,SGDMRC4-TM4
SGDMRCE44O,SGDMRC11A
SGDMRCE44O,SSDMRT8A
SGDMRCE44O,SSFP2
SGDMRCE44O,KRSC46HPBO
SGDMRCE44O,ECHDD012A
SGDMRCE44O,CTB8174
SGDMRCE44O,PH3050BR
SGDMRCE44O,YA450B
CTR825HVDB,FXK11
CTR825HVDB,SPBS704AR
CTR825HVDB,PWCS7ACF
CTR825HVDB,SPBS12AR
CTR825HVDB,A2A
CTR825HVDB,SGDX80BR
CTR825HVDB,BLPTHC87
CTR825HVDB,SIMM150A
CTR825HVDB,ATECH2FR125B
CTR825HVDB,TMXK60
CSA12CR,S9704KR
CSA12CR,TW461
CSA12CR,RC980
CSA12CR,PKNC200
CSA12CR,SS5A
CSA12CR,OC5A
CSA12CR,218AFSP
CSA12CR,RTEMPB7
CSA12CR,TF5A
CSA12CR,GA460B
CTLAR761,GLAS1F
CTLAR761,LP404
CTLAR761,TA3
CTLAR761,CTB8174
CTLAR761,CAL6EA
CTLAR761,CTC772A
CTLAR761,PTGR110
CTLAR761,CT9080K2
CTLAR761,EEDM525F
CTLAR761,EECT400
SRP400B,SRP2A
SRP400B,PPC715BK
SRP400B,SRP3B
SRP400B,SRPCR112
SRP400B,BLPPB704
SRP400B,LDT40
SRP400B,GA3634A
SRP400B,ACT413A
SRP400B,ACTR4151A
SRP400B,ACT51234A
112RTMA,112RTSMA
112RTMA,TMMDS5.5
112RTMA,TMMDS9
112RTMA,210RAFSMA
112RTMA,111STMMDY
112RTMA,TMMDS11
112RTMA,TMMDS12
112RTMA,ECHDD012A
112RTMA,CTB8174
112RTMA,PH3050BR
CTR869DB,SGD4BR
CTR869DB,SGDP31IRBR
CTR869DB,SIMM170
CTR869DB,SGDP42IRBR
CTR869DB,PL400B
CTR869DB,TMXK60
CTR869DB,GFAT1E
CTR869DB,FXK11
CTR869DB,ATECH2FR125B
CTR869DB,SGD2BR
CTR869GMDB,PPC816B
CTR869GMDB,SRPCR4700
CTR869GMDB,SIMM160A
CTR869GMDB,SGD4BR
CTR869GMDB,SGASA204CR
CTR869GMDB,F80
CTR869GMDB,PPC103A
CTR869GMDB,SIMM180
CTR869GMDB,SIMM230
CTR869GMDB,SIMM150A
SGDMRC103AG,OEX707B
SGDMRC103AG,SGDMRC4A
SGDMRC103AG,WTG8A
SGDMRC103AG,SGDMRC11A
SGDMRC103AG,BLPBTWSET
SGDMRC103AG,BTWSMPK
SGDMRC103AG,WTG10A
SGDMRC103AG,KRSC46HPBO
SGDMRC103AG,ECHDD012A
SGDMRC103AG,CTB8174
S9614A,DPT7A
S9614A,14V
S9614A,BF775C-A
S9614A,S6103A
S9614A,S9538A
S9614A,A179A
S9614A,A159
S9614A,GA243
S9614A,KRA2407PBO
S9614A,PSO4625
TM408,TM412
TM408,TM410
TM408,TM5
TM408,TM04
TM408,XS2024A
TM408,EECT400
TM408,KRSC46HPBO
TM408,ECHDD012A
TM408,CTB8174
TM408,PH3050BR
TWM30,TWM26
TWM30,TWM25
TWM30,TW441
TWM30,TWM32
TWM30,TWM28
TWM30,TWM29
TWM30,TWM31
TWM30,ECHDD012A
TWM30,CTB8174
TWM30,PH3050BR
SGDX60BG,SEPPREMETA
SGDX60BG,SEPAMTSETA
SGDX60BG,SEPPREATV
SGDX60BG,117TMM
SGDX60BG,206EAU
SGDX60BG,317AMMPC
SGDX60BG,UIM225
SGDX60BG,LP10WR
SGDX60BG,EECT400
SGDX60BG,ECHDD012A
SGDX60BO,SEPPREMETA
SGDX60BO,SEPAMTSETA
SGDX60BO,SEPPREATV
SGDX60BO,117TMM
SGDX60BO,206EAU
SGDX60BO,317AMMPC
SGDX60BO,UIM225
SGDX60BO,LP10WR
SGDX60BO,EECT400
SGDX60BO,ECHDD012A
GLOVE900XLO,GLOVEORIGPLUSL
GLOVE900XLO,GLASS50R
GLOVE900XLO,SOSG01BKCL01
GLOVE900XLO,GLOVE1100L
GLOVE900XLO,GLOVE505RL
GLOVE900XLO,GLOVE309L
GLOVE900XLO,GLOVE300BL
GLOVE900XLO,OFC14KT
GLOVE900XLO,CTB8187
GLOVE900XLO,PHP1A
SIMM190,SIMM220
SIMM190,SIMM210
SIMM190,SIMM170
SIMM190,SIMM180
SIMM190,SIMM200
SIMM190,EECT400
SIMM190,KRSC46HPBO
SIMM190,ECHDD012A
SIMM190,CTB8174
SIMM190,PH3050BR
KRA2407POT,TESLASTUKIT
KRA2407POT,DPT7A
KRA2407POT,S6103A
KRA2407POT,TMM16
KRA2407POT,BOERM22
KRA2407POT,BOERM21
KRA2407POT,131TMPB
KRA2407POT,14V
KRA2407POT,GA243
KRA2407POT,PPCL60BK
GLOVE307XL,SPBS12AR
GLOVE307XL,SGD2BR
GLOVE307XL,PPC816B
GLOVE307XL,91ACP
GLOVE307XL,PL400B
GLOVE307XL,SIMM180
GLOVE307XL,SIMM220
GLOVE307XL,SIMM240
GLOVE307XL,SIMM150A
GLOVE307XL,96ACF
SHDP31IRO,SHD1R
SHDP31IRO,10R
SHDP31IRO,GA98A
SHDP31IRO,SHD4R
SHDP31IRO,SHDP42IRR
SHDP31IRO,SHD2R
SHDP31IRO,SHD6R
SHDP31IRO,SHDP63IRR
SHDP31IRO,ECHDD012A
SHDP31IRO,CTB8174
TQSG4R600,SGDP42IRBR
TQSG4R600,SGD8BR
TQSG4R600,SGD2BR
TQSG4R600,SGASA204CR
TQSG4R600,SIMM190
TQSG4R600,PPC103A
TQSG4R600,91ACP
TQSG4R600,SIMM240
TQSG4R600,SGD4BR
TQSG4R600,FX1
2006IT,TM83A
2006IT,TMC104E
2006IT,VO1820B
2006IT,TM65
2006IT,VO2628B
2006IT,VO1416B
2006IT,VO1012B
2006IT,TM84
2006IT,EECT400
2006IT,KRSC46HPBO
AWCGT45,BLPTHC87
AWCGT45,SPBS8AR
AWCGT45,SIMM230
AWCGT45,AWCGT40
AWCGT45,AWCGT27
AWCGT45,AWCGT500
AWCGT45,EECT400
AWCGT45,KRSC46HPBO
AWCGT45,ECHDD012A
AWCGT45,CTB8174
AWEF11K,BLPHL146
AWEF11K,AWEF11K
AWEF11K,PPSG205
AWEF11K,AWMEF10K
AWEF11K,SGDMRC11A
AWEF11K,HBBD16
AWEF11K,47ACF
AWEF11K,BLPHL145
AWEF11K,EECT400
AWEF11K,KRSC46HPBO
SGD8BR,SGD6BR
SGD8BR,SGD2BR
SGD8BR,SGDP31IRBR
SGD8BR,SGD4BR
SGD8BR,SGDP42IRBR
SGD8BR,ACT83A
SGD8BR,ECF35
SGD8BR,UTK100
SGD8BR,SNA-TBP14
SGD8BR,FB303B
SGDE220ESD,SGDEP21ESD
SGDE220ESD,AOGMHC
SGDE220ESD,PKN9
SGDE220ESD,SGDEP200ESD
SGDE220ESD,SGDE215ESD
SGDE220ESD,SGDE225ESD
SGDE220ESD,SGDEP20ESD
SGDE220ESD,SGDE230ESD
SGDE220ESD,EECT400
SGDE220ESD,KRSC46HPBO
AWEF9K,AWEFBH9K
AWEF9K,FMAS
AWEF9K,VGP12509
AWEF9K,AWMEF8K
AWEF9K,AWMEF7K
AWEF9K,AWTEF8K
AWEF9K,AWMEF6K
AWEF9K,UTK100
AWEF9K,ECHDD012A
AWEF9K,CTB8174
AWT55A,SIMM240
AWT55A,PL400B
AWT55A,FXK6
AWT55A,SGDP42IRBR
AWT55A,SPBS12AR
AWT55A,EECT400
AWT55A,KRSC46HPBO
AWT55A,ECHDD012A
AWT55A,CTB8174
AWT55A,PH3050BR
786CFO,PL1000START
786CFO,97ACF
786CFO,PWCS7ACF
786CFO,411CF
786CFO,YA2019
786CFO,10R
786CFO,AW1013DK
786CFO,ST50A
786CFO,KRSC46HPBO
786CFO,ECHDD012A
KRA2411POT,KWSP2455ABL
KRA2411POT,313SMYA
KRA2411POT,310TWMYA
KRA2411POT,KWSN2455AST
KRA2411POT,KRWT2411
KRA2411POT,KRA6210FPBO
KRA2411POT,BHS7A
KRA2411POT,EFPHANNIBALB
KRA2411POT,PG160
KRA2411POT,AWM140DK
AW4D,AW10D
AW4D,AW5D
AW4D,10SSD
AW4D,AW4-1/2D
AW4D,AW6D
AW4D,AW7D
AW4D,AW8D
AW4D,AW12D
AW4D,PH3050BR
AW4D,FB361A
AWCGT20,PWCS7ACF
AWCGT20,PPC816B
AWCGT20,SGDX80BR
AWCGT20,PPC4A
AWCGT20,SRPCR4700
AWCGT20,EECT400
AWCGT20,KRSC46HPBO
AWCGT20,ECHDD012A
AWCGT20,CTB8174
AWCGT20,PH3050BR
KRA2411PU,KWSP2455ABL
KRA2411PU,313SMYA
KRA2411PU,310TWMYA
KRA2411PU,KWSN2455AST
KRA2411PU,KRWT2411
KRA2411PU,KRA6210FPBO
KRA2411PU,BHS7A
KRA2411PU,EFPHANNIBALB
KRA2411PU,PG160
KRA2411PU,AWM140DK
SOEXM130,OEXM8B
SOEXM130,TMM9
SOEXM130,TMM6
SOEXM130,SOEXM120
SOEXM130,SOEXM170
SOEXM130,SOEXM150
SOEXM130,SOEXM140
SOEXM130,SOEXM100
SOEXM130,EECT400
SOEXM130,KRSC46HPBO
313SWMYA,SWM111A
313SWMYA,SWM101A
313SWMYA,SEPPRECOMBA
313SWMYA,SWM251
313SWMYA,AWEF6K
313SWMYA,340SSDP
313SWMYA,KRSC46HPBO
313SWMYA,ECHDD012A
313SWMYA,CTB8174
313SWMYA,PH3050BR
CT861GDB,TESLASTUKIT
CT861GDB,FSM71
CT861GDB,PHP2A
CT861GDB,TMM16
CT861GDB,BOERM22
CT861GDB,BOERM21
CT861GDB,131TMPB
CT861GDB,PPCL60BK
CT861GDB,KRA2407PBO
CT861GDB,SFSM21
KRSC430APC7,ST50A
KRSC430APC7,KAERNADD6RD
KRSC430APC7,LP10WR
KRSC430APC7,SEPPREMETA
KRSC430APC7,YA2019
KRSC430APC7,PK23A
KRSC430APC7,317AMMPC
KRSC430APC7,UIM225
KRSC430APC7,117TMM
KRSC430APC7,RADKITULTRA
PWCS9ACFO,317MPC
PWCS9ACFO,DS806AK
PWCS9ACFO,PPK300
PWCS9ACFO,29ACF
PWCS9ACFO,TPMB25ORG
PWCS9ACFO,ACT413A
PWCS9ACFO,SRP3A
PWCS9ACFO,218AFP
PWCS9ACFO,206AFSA
PWCS9ACFO,PPC20LB
FA12LE,FAML6E
FA12LE,FRX181
FA12LE,SA16E
FA12LE,FABLM5E
FA12LE,HD6529
FA12LE,CTB8174
FA12LE,PH3050BR
FA12LE,TPM16EM
FA12LE,BB9008
FA12LE,A277
JCW80AR,PLRK21
JCW80AR,ECHDG052
JCW80AR,MAGTRAY
JCW80AR,JCW62R
JCW80AR,MRB12B
JCW80AR,VAC201
JCW80AR,BL1B
JCW80AR,ASTFUN19KIT
JCW80AR,KASS13
JCW80AR,310SWMYA
FB336,XFR704
FB336,IPL32C
FB336,312IPL
FB336,FB307RNB
FB336,GA3634A
FB336,MTEE6
FB336,PKNC300
FB336,208FRDHM
FB336,CSSD1R
FB336,PTM30
BTCP400,BTCW800
BTCP400,LIL59000
BTCP400,S6118A
BTCP400,BTCP600
BTCP400,BRHC2PK
BTCP400,BTCWSO16KT
BTCP400,ASTFUN19KIT
BTCP400,YA832A
BTCP400,ACT407
BTCP400,VAC201
AWMG9-4,PWCS7ACF
AWMG9-4,PPC4A
AWMG9-4,SGD8BR
AWMG9-4,SIMM210
AWMG9-4,TMXK60
AWMG9-4,EECT400
AWMG9-4,KRSC46HPBO
AWMG9-4,ECHDD012A
AWMG9-4,CTB8174
AWMG9-4,PH3050BR
BOERM16,SIM300
BOERM16,SIM180A
BOERM16,BOERM19
BOERM16,BOERM17
BOERM16,BOERM14
BOERM16,BOERM12
BOERM16,BOERM10
BOERM16,SIM220
BOERM16,EECT400
BOERM16,KRSC46HPBO
CDR9050DB,91ACP
CDR9050DB,F80
CDR9050DB,FU8A
CDR9050DB,SIMM150A
CDR9050DB,SIMM180
CDR9050DB,SIMM170
CDR9050DB,PPC816B
CDR9050DB,TMXK60
CDR9050DB,ATECH3FR300B
CDR9050DB,SRPCR3800
ACTUVLITE4,BLPTL1427
ACTUVLITE4,BLPTL3840
ACTUVLITE4,BLPTL1420
ACTUVLITE4,ECPNH012UV
ACTUVLITE4,BLPTL146
ACTUVLITE4,BLPTL147
ACTUVLITE4,BLPTL149
ACTUVLITE4,BLPTL148
ACTUVLITE4,BLPHL3810
ACTUVLITE4,BLPHL388
ACTUVPROKT,ACT73A
ACTUVPROKT,PPC103A
ACTUVPROKT,SGDP31IRBR
ACTUVPROKT,ACT1297
ACTUVPROKT,ACT925
ACTUVPROKT,ACT407
ACTUVPROKT,ACT1290A
ACTUVPROKT,ACT51234A
ACTUVPROKT,47ACF
ACTUVPROKT,LN47ACF
109STMML,SPBS12AR
109STMML,FHLF80A
109STMML,SPBS704AR
109STMML,SGDP31IRBR
109STMML,47ACF
109STMML,EECT400
109STMML,KRSC46HPBO
109STMML,ECHDD012A
109STMML,CTB8174
109STMML,PH3050BR
CDR4P32L3DB,SGDP31IRBR
CDR4P32L3DB,SPBS18AR
CDR4P32L3DB,FU8A
CDR4P32L3DB,SGD2BR
CDR4P32L3DB,F80
CDR4P32L3DB,SPBS8AR
CDR4P32L3DB,SIMM220
CDR4P32L3DB,PL400B
CDR4P32L3DB,SIMM210
CDR4P32L3DB,SGDX80BR
CDR4P63K3DB,96ACF
CDR4P63K3DB,GFAT1E
CDR4P63K3DB,FU8A
CDR4P63K3DB,FXK3
CDR4P63K3DB,SPBS704AR
CDR4P63K3DB,SRPCR4700
CDR4P63K3DB,SRPCR3800
CDR4P63K3DB,TMXK60
CDR4P63K3DB,BLPTHC87
CDR4P63K3DB,SGDP31IRBR
TMXK2,TMXK4
TMXK2,TMXK110
TMXK2,144TMPB
TMXK2,TMX1
TMXK2,XS2024A
TMXK2,TB40C
TMXK2,XS1416A
TMXK2,KRSC46HPBO
TMXK2,ECHDD012A
TMXK2,CTB8174
CTR825DB,TMXK60
CTR825DB,TMU8B
CTR825DB,FXK6
CTR825DB,SGASA204CR
CTR825DB,TMXK4
CTR825DB,PWCS7ACF
CTR825DB,FU8A
CTR825DB,SGD6BR
CTR825DB,SPBS704AR
CTR825DB,SRPCR4700
CSA14CO,CSA12CR
CSA14CO,CSSD50R
CSA14CO,AW1020DK
CSA14CO,AWM140DK
CSA14CO,CSSD1R
CSA14CO,CTB8174
CSA14CO,PH3050BR
CSA14CO,GA296B
CSA14CO,FB360C
CSA14CO,ECFB200BL
CSSD50O,CSA12CR
CSSD50O,PKN500
CSSD50O,SGAS102BR
CSSD50O,CSSD1R
CSSD50O,CSA14CR
CSSD50O,PKNC300
CSSD50O,AWPBX10
CSSD50O,PH3050BR
CSSD50O,FB336
CSSD50O,RADKITULTRA
ECFLD030,EECT400
ECFLD030,317AMMPC
ECFLD030,VO806B
ECFLD030,TMU141A
ECFLD030,TMU161A
ECFLD030,TMU181A
ECFLD030,OEX711B
ECFLD030,209FUMY
ECFLD030,AW1013DK
ECFLD030,TIF160
FTX45E,FTX40E
FTX45E,TTX20E
FTX45E,FAM8E
FTX45E,FTX50E
FTX45E,TTX8E
FTX45E,TTX10E
FTX45E,TTX25E
FTX45E,KRSC46HPBO
FTX45E,ECHDD012A
FTX45E,CTB8174
GLAS1F,GFAT1E
GLAS1F,1206GS
GLAS1F,305SIMMY
GLAS1F,GSAF1F
GLAS1F,TA3
GLAS1F,SOEX38
GLAS1F,AWM140DK
GLAS1F,ECHDD012A
GLAS1F,CTB8174
GLAS1F,PH3050BR
ASGP2BR,ASGP102BR
ASGP2BR,PSN500
ASGP2BR,SGA102BR
ASGP2BR,ASGP1BR
ASGP2BR,A161B
ASGP2BR,A177A
ASGP2BR,A179A
ASGP2BR,UTS105A
ASGP2BR,EECT400
ASGP2BR,KRSC46HPBO
1412A,1250
1412A,PPC204A
1412A,PPC3A
1412A,2420A
1412A,A50A
1412A,PPC210A
1412A,PPC208A
1412A,EECT400
1412A,KRSC46HPBO
1412A,ECHDD012A
TMS70A,TM5
TMS70A,TM408
TMS70A,TM412
TMS70A,XS2024A
TMS70A,XS1416A
TMS70A,EECT400
TMS70A,KRSC46HPBO
TMS70A,ECHDD012A
TMS70A,CTB8174
TMS70A,PH3050BR
10SSD,340SSDP
10SSD,AW10D
10SSD,AW5D
10SSD,AWM110DHK
10SSD,120SSDP
10SSD,PH3050BR
10SSD,RULER600
10SSD,EEDM504F
10SSD,TPMB25EM
10SSD,PGP120
30SSD,8HR
30SSD,FADH10C
30SSD,214SFY
30SSD,120SSDP
30SSD,ECF35
30SSD,GA98A
30SSD,AW1013DK
30SSD,HSPD16
30SSD,CTB8174
30SSD,PH3050BR
FCOM9A,FXK11
FCOM9A,SIMM230
FCOM9A,SPBS704AR
FCOM9A,TMXK4
FCOM9A,SRPCR4700
FCOM9A,EECT400
FCOM9A,KRSC46HPBO
FCOM9A,ECHDD012A
FCOM9A,CTB8174
FCOM9A,PH3050BR
KRA6200FPBO,ATECH3FR300B
KRA6200FPBO,VS814A
KRA6200FPBO,PBS704
KRA6200FPBO,ACT51234A
KRA6200FPBO,IPL22C
KRA6200FPBO,IPL20C
KRA6200FPBO,IPL18C
KRA6200FPBO,IPL28C
KRA6200FPBO,IPL24C
KRA6200FPBO,IPL36C
SHDP63IRO,SHDX60R
SHDP63IRO,LDH362
SHDP63IRO,LDH342
SHDP63IRO,SHD6R
SHDP63IRO,SHDP42IRR
SHDP63IRO,SHDP31IRR
SHDP63IRO,SHD2R
SHDP63IRO,SHD4R
SHDP63IRO,PG160
SHDP63IRO,CTB8174
FS201,FS161
FS201,222AFSP
FS201,218AFSP
FS201,FS181
FS201,FS141
FS201,FS121
FS201,FS241
FS201,PH3050BR
FS201,OC5A
FS201,FB303B
SH80A,SHL80A
SH80A,FHBB12A
SH80A,SHLL80A
SH80A,THL72
SH80A,FHR80
SH80A,THR72
SH80A,SN15B
SH80A,EECT400
SH80A,KRSC46HPBO
SH80A,ECHDD012A
SH80AO,SHL80A
SH80AO,FHBB12A
SH80AO,SHLL80A
SH80AO,THL72
SH80AO,FHR80
SH80AO,THR72
SH80AO,SN15B
SH80AO,EECT400
SH80AO,KRSC46HPBO
SH80AO,ECHDD012A
GLOVE900XXB,GLOVEORIGPLUSL
GLOVE900XXB,GLASS50R
GLOVE900XXB,SOSG01BKCL01
GLOVE900XXB,GLOVE1100L
GLOVE900XXB,GLOVE505RL
GLOVE900XXB,GLOVE309L
GLOVE900XXB,GLOVE300BL
GLOVE900XXB,OFC14KT
GLOVE900XXB,CTB8187
GLOVE900XXB,PHP1A
GLOVE900XXR,GLOVEORIGPLUSL
GLOVE900XXR,GLASS50R
GLOVE900XXR,SOSG01BKCL01
GLOVE900XXR,GLOVE1100L
GLOVE900XXR,GLOVE505RL
GLOVE900XXR,GLOVE309L
GLOVE900XXR,GLOVE300BL
GLOVE900XXR,OFC14KT
GLOVE900XXR,CTB8187
GLOVE900XXR,PHP1A
IMM150A,IMM190
IMM150A,IMM140A
IMM150A,IMM130A
IMM150A,IMM180
IMM150A,IMM170A
IMM150A,IMM160A
IMM150A,EECT400
IMM150A,KRSC46HPBO
IMM150A,ECHDD012A
IMM150A,CTB8174
KRA2407PBO,TESLASTUKIT
KRA2407PBO,DPT7A
KRA2407PBO,S6103A
KRA2407PBO,TMM16
KRA2407PBO,BOERM22
KRA2407PBO,BOERM21
KRA2407PBO,131TMPB
KRA2407PBO,14V
KRA2407PBO,GA243
KRA2407PBO,PPCL60BK
S9704KA,S9706KRA
S9704KA,PK23A
S9704KA,PRH57A
S9704KA,FADH12C
S9704KA,BHS7A
S9704KA,FB360C
S9704KA,TPM16
S9704KA,KRA2007FPBO
S9704KA,OC5A
S9704KA,FB303B
310TWMYA,313TWYA
310TWMYA,TWM17
310TWMYA,TWM18
310TWMYA,305SIMMY
310TWMYA,OFW2
310TWMYA,SIMM350
310TWMYA,SIMM290
310TWMYA,ECHDD012A
310TWMYA,CTB8174
310TWMYA,PG160
SIM320,IM320
SIM320,SIM260
SIM320,SIM200
SIM320,SIM220
SIM320,SIM400
SIM320,KRSC46HPBO
SIM320,ECHDD012A
SIM320,CTB8174
SIM320,PH3050BR
SIM320,YA438B
SIM340,SIM320
SIM340,IM320
SIM340,SIM260
SIM340,SIM400
SIM340,SIM360
SIM340,SIM180A
SIM340,KRSC46HPBO
SIM340,ECHDD012A
SIM340,CTB8174
SIM340,PH3050BR
AWMG9-1,SGDP42IRBR
AWMG9-1,SGD4BR
AWMG9-1,47ACF
AWMG9-1,TMXK4
AWMG9-1,GFAT1E
AWMG9-1,EECT400
AWMG9-1,KRSC46HPBO
AWMG9-1,ECHDD012A
AWMG9-1,CTB8174
AWMG9-1,PH3050BR
TM82,TMC106E
TM82,TMC104E
TM82,TMP23E
TM82,TMC105E
TM82,TM65
TM82,EECT400
TM82,KRSC46HPBO
TM82,ECHDD012A
TM82,CTB8174
TM82,PH3050BR
TMC105E,TMP12E
TMC105E,TMC104E
TMC105E,TMP23E
TMC105E,TMC106E
TMC105E,TM82
TMC105E,EECT400
TMC105E,KRSC46HPBO
TMC105E,ECHDD012A
TMC105E,CTB8174
TMC105E,PH3050BR
LP7WR,LP7R
LP7WR,LP10R
LP7WR,VGP22412
LP7WR,LP5WR
LP7WR,LP6LN
LP7WR,AWM140DK
LP7WR,GA296B
LP7WR,MTTL300
LP7WR,RULER6
LP7WR,FB360C
BLP14CONV,SIMM170
BLP14CONV,SIMM190
BLP14CONV,SGD2BR
BLP14CONV,SIMM210
BLP14CONV,SPBS18AR
BLP14CONV,47ACF
BLP14CONV,SPBS12AR
BLP14CONV,SIMM180
BLP14CONV,SGD8BR
BLP14CONV,SIMM230
PBMS5,PBMB5R
PBMS5,PBMMA5R
PBMS5,PBMMA5
PBMS5,PBMB5O
PBMS5,PBMA5R
PBMS5,PBMA5
PBMS5,PBMA5G
PBMS5,KRSC46HPBO
PBMS5,ECHDD012A
PBMS5,CTB8174
TECH3FR250,SHBB24
TECH3FR250,LDH402
TECH3FR250,LDH442
TECH3FR250,TECH2FR100
TECH3FR250,TECH1FR240
TECH3FR250,SBT26
TECH3FR250,LDH362
TECH3FR250,GLOVE1100L
TECH3FR250,ITHE100
TECH3FR250,TPGIF1600A
TTX40E,B1461
TTX40E,TW381
TTX40E,TW401
TTX40E,TTX30E
TTX40E,TTX27E
TTX40E,FTX60E
TTX40E,MRB5B
TTX40E,TPGIF1600A
TTX40E,PPCS60BK
TTX40E,GLASS30R
XS2024A,ATKIFL
XS2024A,XS1214A
XS2024A,XS67A
XS2024A,XS1416A
XS2024A,XS1820A
XS2024A,XS1012A
XS2024A,XS2226A
XS2024A,XS1618A
XS2024A,EECT400
XS2024A,KRSC46HPBO
YA450B,SIMM350
YA450B,SIMM290
YA450B,OFW1
YA450B,SIMM340
YA450B,B1461
YA450B,OFW3
YA450B,PK52A
YA450B,S6118A
YA450B,MRB5B
YA450B,SIMM300
DBBPT13,YA900
DBBPT13,CTS561BITSET
DBBPT13,YA824C
DBBPT13,PTB32K
DBBPT13,MTTL310
DBBPT13,AW1020DK
DBBPT13,UTV617A
DBBPT13,PSO4525
DBBPT13,CTS561CHUCK
DBBPT13,UTV616A
GAW1912,SIMM220
GAW1912,GFAT1E
GAW1912,SPBS12AR
GAW1912,SPBS8AR
GAW1912,PPC4A
GAW1912,EECT400
GAW1912,KRSC46HPBO
GAW1912,ECHDD012A
GAW1912,CTB8174
GAW1912,PH3050BR
AWBSGM800A,208FRDHM
AWBSGM800A,GF22
AWBSGM800A,210RAFSMA
AWBSGM800A,AWBSG800A
AWBSGM800A,AWSGT800A
AWBSGM800A,AWSG800A
AWBSGM800A,XB605A
AWBSGM800A,PALMRAT
AWBSGM800A,ECHDD012A
AWBSGM800A,CTB8174
AWTEFBH11K,AWTEFBH11K
AWTEFBH11K,VO1416B
AWTEFBH11K,VO2628B
AWTEFBH11K,AWMEFBH10K
AWTEFBH11K,AWEFBH11K
AWTEFBH11K,VO1820B
AWTEFBH11K,VO1012B
AWTEFBH11K,VO2224B
AWTEFBH11K,EECT400
AWTEFBH11K,KRSC46HPBO
9000GS3O,KAERNADD6RD
9000GS3O,SGD2BR
9000GS3O,FXK6
9000GS3O,TMXK4
9000GS3O,A2A
9000GS3O,SPBS12AR
9000GS3O,KRSC46HPBO
9000GS3O,ECHDD012A
9000GS3O,CTB8174
9000GS3O,PH3050BR
GLOVE505RL,SHDP31IRR
GLOVE505RL,SHD4R
GLOVE505RL,SHDP42IRR
GLOVE505RL,SOSG01BKCL01
GLOVE505RL,GLOVE900LR
GLOVE505RL,GLOVE1100L
GLOVE505RL,GLOVE300BL
GLOVE505RL,GLOVEORIGPLUSL
GLOVE505RL,UIM2FL
GLOVE505RL,UPT2FL
313SWYA,313SYA
313SWYA,SW261
313SWYA,SW141A
313SWYA,SWM251
313SWYA,340SSDP
313SWYA,AWEF6K
313SWYA,218AFSP
313SWYA,EECT400
313SWYA,KRSC46HPBO
313SWYA,ECHDD012A
KRA4107FPBO,OXRM710A
KRA4107FPBO,OEXM7B
KRA4107FPBO,2004BSKA
KRA4107FPBO,KRA4114FPBO
KRA4107FPBO,KRA4810FPBO
KRA4107FPBO,BLPBSS40
KRA4107FPBO,FB360C
KRA4107FPBO,SWM111A
KRA4107FPBO,SWM101A
KRA4107FPBO,AW1013DK
PWCSS7ACF,PL5ESWIRESTRIP
PWCSS7ACF,HBPT24
PWCSS7ACF,SRPCR105
PWCSS7ACF,PWCS9ACF
PWCSS7ACF,TF5A
PWCSS7ACF,ECFLD030
PWCSS7ACF,309SIMYA
PWCSS7ACF,PWCS7ACF
PWCSS7ACF,UPTM65K
PWCSS7ACF,PH3050BR
AW7D,AW10D
AW7D,AW5D
AW7D,10SSD
AW7D,AW4-1/2D
AW7D,AW4D
AW7D,AW6D
AW7D,AW8D
AW7D,AW12D
AW7D,PH3050BR
AW7D,FB361A
KRSC430APJJ7,ST50A
KRSC430APJJ7,KAERNADD6RD
KRSC430APJJ7,LP10WR
KRSC430APJJ7,SEPPREMETA
KRSC430APJJ7,YA2019
KRSC430APJJ7,PK23A
KRSC430APJJ7,317AMMPC
KRSC430APJJ7,UIM225
KRSC430APJJ7,117TMM
KRSC430APJJ7,RADKITULTRA
KRSC430APWZ1,ST50A
KRSC430APWZ1,KAERNADD6RD
KRSC430APWZ1,LP10WR
KRSC430APWZ1,SEPPREMETA
KRSC430APWZ1,YA2019
KRSC430APWZ1,PK23A
KRSC430APWZ1,317AMMPC
KRSC430APWZ1,UIM225
KRSC430APWZ1,117TMM
KRSC430APWZ1,RADKITULTRA
KRA62D,IPL20C
KRA62D,IPL18C
KRA62D,IPL28C
KRA62D,IPL40C
KRA62D,IPL38C
KRA62D,ACT1297
KRA62D,IPL34C
KRA62D,ACTR4151A
KRA62D,ACT1290A
KRA62D,ACT51234A
IMFLE180A,SX24
IMFLE180A,207IMFLE
IMFLE180A,TMR4
IMFLE180A,IMSLEPL240
IMFLE180A,IMFLE80A
IMFLE180A,STX60E
IMFLE180A,XLE605
IMFLE180A,KRSC46HPBO
IMFLE180A,ECHDD012A
IMFLE180A,CTB8174
GA1D,SRPCR107
GA1D,FB336
GA1D,312IMM
GA1D,MTEE6
GA1D,CAL6DA
GA1D,SGHBF500A
GA1D,YA824C
GA1D,AWM110DK
GA1D,CJ2001P
GA1D,PHP3A
106ATMXW,SEPAMTSETA
106ATMXW,214SFY
106ATMXW,PPB30AK
106ATMXW,206AFXW
106ATMXW,305SXWP
106ATMXW,BTWSMPK
106ATMXW,110ETMAY
106ATMXW,XO605
106ATMXW,KRSC46HPBO
106ATMXW,ECHDD012A
BOERM9,BOERM9
BOERM9,BOERM12
BOERM9,BOERM10
BOERM9,BOERM8
BOERM9,IP80D
BOERM9,SOXRRM710A
BOERM9,BOERM14
BOERM9,BOERM17
BOERM9,EECT400
BOERM9,KRSC46HPBO
BT101,SG7ASABR
BT101,SG4ASHBR
BT101,SG4ASABR
BT101,AF102
BT101,BTC8A
BT101,212SIMFYA
BT101,RXFS605B
BT101,TDG1
BT101,SGASA104BR
BT101,KRSC46HPBO
BOER708,BOERM704
BOER708,SRPCR105
BOER708,317AMMPC
BOER708,BOERM712
BOER708,UTV614A
BOER708,UTV615A
BOER708,PG160
BOER708,KCP2422PBO
BOER708,MG725A
BOER708,EEDM525F
CLRPW75,UTK150
CLRPW75,JCK8
CLRPW75,IM1PT
CLRPW75,KACKFLTCLNR
CLRPW75,KACKMCFIBER1
CLRPW75,MAGDISH
CLRPW75,ASTFUN19KIT
CLRPW75,SPRG625R
CLRPW75,GLOVE1100L
CLRPW75,HCP48BCF
61CF,VO2224B
61CF,ATKIFL
61CF,AOGMHC
61CF,XS2024A
61CF,XS1012A
61CF,XS1416A
61CF,XS1820A
61CF,EECT400
61CF,KRSC46HPBO
61CF,ECHDD012A
AT4124,PK50A
AT4124,SEPPROCORE1A
AT4124,OXIM6B
AT4124,AT4135
AT4124,BLPT1255
AT4124,PPB826A
AT4124,BLPT3850
AT4124,PTIM5
AT4124,SEPPROCORE2A
AT4124,AWM140DK
2004BSKA,BTK5
2004BSKA,10R
2004BSKA,TF5A
2004BSKA,YA4000B
2004BSKA,S6118A
2004BSKA,ACT73A
2004BSKA,AC5C
2004BSKA,TPM16
2004BSKA,FB360C
2004BSKA,KRA2007FPBO
144TMPB,OEXM7B
144TMPB,SWM111A
144TMPB,SWM101A
144TMPB,222AFSP
144TMPB,US712
144TMPB,SN25A
144TMPB,FB303B
144TMPB,ACT1370
144TMPB,ECHDD012A
144TMPB,CTB8174
XS1618A,XS1214A
XS1618A,XS810A
XS1618A,XS67A
XS1618A,XS2024A
XS1618A,XS1416A
XS1618A,EECT400
XS1618A,KRSC46HPBO
XS1618A,ECHDD012A
XS1618A,CTB8174
XS1618A,PH3050BR
SFSM6,SFSM21
SFSM6,STMM4.5
SFSM6,TMM4.5
SFSM6,SFSM7
SFSM6,FSM61
SFSM6,SFSM20
SFSM6,FSM71
SFSM6,PH3050BR
SFSM6,PGP120
SFSM6,PTB32K
SW361,SW321
SW361,SW221
SW361,SW301
SW361,SW281
SW361,SW141A
SW361,EECT400
SW361,KRSC46HPBO
SW361,ECHDD012A
SW361,CTB8174
SW361,PH3050BR
AT109,PSO4625
AT109,AT700F
AT109,PTGR450
AT109,PDR3000A
AT109,AT408
AT109,BLP14HVLP
AT109,BHS7A
AT109,VGP12418
AT109,PSO4525
AT109,TTX27E
303SXWKL,TRX72
303SXWKL,305SXWP
303SXWKL,TMR4
303SXWKL,103TMXKLA
303SXWKL,204FXKLA
303SXWKL,S4
303SXWKL,SX24
303SXWKL,KRSC46HPBO
303SXWKL,ECHDD012A
303SXWKL,CTB8174
KRA6200FPC,ATECH3FR300B
KRA6200FPC,VS814A
KRA6200FPC,PBS704
KRA6200FPC,ACT51234A
KRA6200FPC,IPL22C
KRA6200FPC,IPL20C
KRA6200FPC,IPL18C
KRA6200FPC,IPL28C
KRA6200FPC,IPL24C
KRA6200FPC,IPL36C
304IMX,312SIMM
304IMX,320SIM
304IMX,IMX32B
304IMX,204IMXA
304IMX,AWCGT500
304IMX,SIMM350
304IMX,KRSC46HPBO
304IMX,ECHDD012A
304IMX,CTB8174
304IMX,PH3050BR
TMM14,STMM14
TMM14,STMM12
TMM14,TMM15
TMM14,TMM12
TMM14,TMM11
TMM14,TMM9
TMM14,EECT400
TMM14,KRSC46HPBO
TMM14,ECHDD012A
TMM14,CTB8174
FB361A,FB316B
FB361A,FB360C
FB361A,GA296B
FB361A,BTC7B
FB361A,OEXM6B
FB361A,YA450B
FB361A,PGP50
FB361A,AC5C
FB361A,TPM16
FB361A,2004BSKA
SIMM200,SIMM180
SIMM200,SIMM210
SIMM200,SIMM190
SIMM200,SIMM230
SIMM200,SIMM240
SIMM200,SIMM220
SIMM200,EECT400
SIMM200,KRSC46HPBO
SIMM200,ECHDD012A
SIMM200,CTB8174
PPCSG710,PTM30
PPCSG710,MSKM10
PPCSG710,SGHBF500A
PPCSG710,AWMCG1600B
PPCSG710,S9711KA
PPCSG710,AWM140DK
PPCSG710,TF528D
PPCSG710,EECT900
PPCSG710,CAL6EBR
PPCSG710,ECPNG032
TMMS6,TMMS13
TMMS6,TMMS14
TMMS6,TMMS12
TMMS6,TMMS9
TMMS6,TMMS7
TMMS6,TMMS11
TMMS6,ECHDD012A
TMMS6,CTB8174
TMMS6,PH3050BR
TMMS6,GA460B
QD1RN25B,209EFTXBY
QD1RN25B,FTXB55E
QD1RN25B,FTXB45E
QD1RN25B,QD2RN100A
QD1RN25B,UTV617A
QD1RN25B,QD3RN350A
QD1RN25B,UTV616A
QD1RN25B,208EFTAMXSY
QD1RN25B,PH3050BR
QD1RN25B,TPGDL2000
PWCS7ACFO,PL1000START
PWCS7ACFO,PL5ESWIRESTRIP
PWCS7ACFO,SEPPREMETA
PWCS7ACFO,PK52A
PWCS7ACFO,AWM110DHK
PWCS7ACFO,AC5C
PWCS7ACFO,TPM16
PWCS7ACFO,786CF
PWCS7ACFO,2004BSKA
PWCS7ACFO,FB360C
SOEXM710,SOEX710
SOEXM710,SOEXM8
SOEXM710,SOEXM705
SOEXM710,SOEXM9
SOEXM710,SOEX704
SOEXM710,EECT400
SOEXM710,KRSC46HPBO
SOEXM710,ECHDD012A
SOEXM710,CTB8174
SOEXM710,PH3050BR
STMM7,STMM8
STMM7,TMM8
STMM7,TMM12
STMM7,STMM6
STMM7,STMM12
STMM7,STMM13
STMM7,KRSC46HPBO
STMM7,ECHDD012A
STMM7,CTB8174
STMM7,PH3050BR
STMM8,STMM7
STMM8,TMM8
STMM8,STMM12
STMM8,STMM13
STMM8,TMM12
STMM8,KRSC46HPBO
STMM8,ECHDD012A
STMM8,CTB8174
STMM8,PH3050BR
STMM8,FB303B
SW421,317MPC
SW421,313SYA
SW421,PPB826A
SW421,SW381
SW421,SW401
SW421,MS800
SW421,CTB8174
SW421,PH3050BR
SW421,MTTL300
SW421,ACT83A
SWM101A,SWM291
SWM101A,SWM281
SWM101A,SWM301
SWM101A,SWM111A
SWM101A,SWM251
SWM101A,SWM261
SWM101A,SWM271
SWM101A,ECHDD012A
SWM101A,CTB8174
SWM101A,PH3050BR
SWM181,SWM141A
SWM181,SWM201
SWM181,SWM231
SWM181,SWM221
SWM181,SWM171
SWM181,KRSC46HPBO
SWM181,ECHDD012A
SWM181,CTB8174
SWM181,PH3050BR
SWM181,FB303B
SWM161,310SWMYA
SWM161,SWM221
SWM161,SWM141A
SWM161,SWM131A
SWM161,SWM151A
SWM161,SWM191
SWM161,SWM181
SWM161,SWM171
SWM161,KRSC46HPBO
SWM161,ECHDD012A
VO2224B,VO1820B
VO2224B,VO2628B
VO2224B,VO1012B
VO2224B,VO1416B
VO2224B,VO3032B
VO2224B,EECT400
VO2224B,KRSC46HPBO
VO2224B,ECHDD012A
VO2224B,CTB8174
VO2224B,PH3050BR
TMM9,STMM6
TMM9,TMM14
TMM9,STMM14
TMM9,TMM6
TMM9,TMM11
TMM9,TMM13
TMM9,EECT400
TMM9,KRSC46HPBO
TMM9,ECHDD012A
TMM9,CTB8174
IM1PT,311IMYA
IM1PT,IM220
IM1PT,IM120A
IM1PT,PT850
IM1PT,MG325
IM1PT,PTR2505
IM1PT,PTR72
IM1PT,PTGR100
IM1PT,PT338
IM1PT,VGP12406
OEXM270B,OEXM250B
OEXM270B,OEXM230B
OEXM270B,OEXM240B
OEXM270B,OEXM260B
OEXM270B,OEXM300B
OEXM270B,OEXM290B
OEXM270B,OEXM320B
OEXM270B,EECT400
OEXM270B,KRSC46HPBO
OEXM270B,ECHDD012A
XFR704,BDGPL410HG
XFR704,PALMRAT
XFR704,XO605
XFR704,XFRM705
XFR704,TFY72
XFR704,AWCG1600B
XFR704,BDGPL412HG
XFR704,WTG10A
XFR704,PH3050BR
XFR704,A277
OXRM710A,A159
OXRM710A,311IMFSY
OXRM710A,307IPLY
OXRM710A,PT338
OXRM710A,AT5500
OXRM710A,OXKRM705
OXRM710A,SFSM21
OXRM710A,SFSM20
OXRM710A,BEXD10A
OXRM710A,310IMMYA
786CFG,PL1000START
786CFG,97ACF
786CFG,PWCS7ACF
786CFG,411CF
786CFG,YA2019
786CFG,10R
786CFG,AW1013DK
786CFG,ST50A
786CFG,KRSC46HPBO
786CFG,ECHDD012A
KRA2411PBO,KWSP2455ABL
KRA2411PBO,313SMYA
KRA2411PBO,310TWMYA
KRA2411PBO,KWSN2455AST
KRA2411PBO,KRWT2411
KRA2411PBO,KRA6210FPBO
KRA2411PBO,BHS7A
KRA2411PBO,EFPHANNIBALB
KRA2411PBO,PG160
KRA2411PBO,AWM140DK
GAW1914,SIMM220
GAW1914,SGD6BR
GAW1914,FU8A
GAW1914,SGASA204CR
GAW1914,SPBS704AR
GAW1914,EECT400
GAW1914,KRSC46HPBO
GAW1914,ECHDD012A
GAW1914,CTB8174
GAW1914,PH3050BR
AW24D,A2A
AW24D,SPBS12AR
AW24D,SGD2BR
AW24D,PPC103A
AW24D,SGASA204CR
AW24D,EECT400
AW24D,KRSC46HPBO
AW24D,ECHDD012A
AW24D,CTB8174
AW24D,PH3050BR
IM300,IM260
IM300,IM200
IM300,IM280
IM300,IM320
IM300,IM240
IM300,KRSC46HPBO
IM300,ECHDD012A
IM300,CTB8174
IM300,PH3050BR
IM300,YA438B
KRA2411PWZ,KWSP2455ABL
KRA2411PWZ,313SMYA
KRA2411PWZ,310TWMYA
KRA2411PWZ,KWSN2455AST
KRA2411PWZ,KRWT2411
KRA2411PWZ,KRA6210FPBO
KRA2411PWZ,BHS7A
KRA2411PWZ,EFPHANNIBALB
KRA2411PWZ,PG160
KRA2411PWZ,AWM140DK
ACTR1234YF,96ACF
ACTR1234YF,ACT1297
ACTR1234YF,ACT413A
ACTR1234YF,ACTR4151A
ACTR1234YF,ACT51234A
ACTR1234YF,OEX714KB
ACTR1234YF,124STTMM
ACTR1234YF,112TMMY
ACTR1234YF,112STMMY
ACTR1234YF,SPBS704AR
KRA4107FPJJ,OXRM710A
KRA4107FPJJ,OEXM7B
KRA4107FPJJ,2004BSKA
KRA4107FPJJ,KRA4114FPBO
KRA4107FPJJ,KRA4810FPBO
KRA4107FPJJ,BLPBSS40
KRA4107FPJJ,FB360C
KRA4107FPJJ,SWM111A
KRA4107FPJJ,SWM101A
KRA4107FPJJ,AW1013DK
B1458C,S6110A
B1458C,BTK7A
B1458C,B1356E
B1458C,S6112
B1458C,B1467A
B1458C,B1461
B1458C,B3404B
B1458C,MTTL300
B1458C,PGP50
B1458C,OC5A
B1461,131A
B1461,BT11
B1461,TTX40E
B1461,S6118A
B1461,B3404B
B1461,PTGR450
B1461,FB303B
B1461,YA450B
B1461,PGP50
B1461,GA296B
AWCG1600B,AWCGT500
AWCG1600B,AWCPEF16K
AWCG1600B,84CF
AWCG1600B,AWMCG1600B
AWCG1600B,AWCGT30
AWCG1600B,AWCG1624B
AWCG1600B,AWCG1620B
AWCG1600B,KRSC46HPBO
AWCG1600B,ECHDD012A
AWCG1600B,PLRK21
AWCGT15,ATECH3FR300B
AWCGT15,SPBS8AR
AWCGT15,T72
AWCGT15,SIMM200
AWCGT15,47ACF
AWCGT15,EECT400
AWCGT15,KRSC46HPBO
AWCGT15,ECHDD012A
AWCGT15,CTB8174
AWCGT15,PH3050BR
KRSC430APET7,ST50A
KRSC430APET7,KAERNADD6RD
KRSC430APET7,LP10WR
KRSC430APET7,SEPPREMETA
KRSC430APET7,YA2019
KRSC430APET7,PK23A
KRSC430APET7,317AMMPC
KRSC430APET7,UIM225
KRSC430APET7,117TMM
KRSC430APET7,RADKITULTRA
ECFB200BL,1512B
ECFB200BL,CSA14CR
ECFB200BL,AWM110DHK
ECFB200BL,AW1015DHK
ECFB200BL,LBUK1
ECFB200BL,BF620C
ECFB200BL,AD10C
ECFB200BL,OC5A
ECFB200BL,PG160
ECFB200BL,LP7R
ECFLJ092,IMM150A
ECFLJ092,IPLM22C
ECFLJ092,IPLM18C
ECFLJ092,LP404
ECFLJ092,IPLM17C
ECFLJ092,IPLM19C
ECFLJ092,IPLM14C
ECFLJ092,IMM160A
ECFLJ092,IPLM12C
ECFLJ092,IPLM21C
AC5C,B260A
AC5C,AW10D
AC5C,9100AGMO
AC5C,AW4-1/2D
AC5C,AW4D
AC5C,AW6D
AC5C,FB361A
AC5C,FB316B
AC5C,FB360C
AC5C,TPM16
ECPRN062,SGA173BR
ECPRN062,SPBS18AR
ECPRN062,47ACF
ECPRN062,SGA1714B
ECPRN062,KACKMCFIBER1
ECPRN062,MAGMAT
ECPRN062,ECARL032R
ECPRN062,SDDDM1AR
ECPRN062,911ACF
ECPRN062,FHLLF80
ECSPN108,CTNN13KF
ECSPN108,91ACP
ECSPN108,47ACF
ECSPN108,AW028D
ECSPN108,F80
ECSPN108,SHD1R
ECSPN108,T72
ECSPN108,PPC4A
ECSPN108,SIMM240
ECSPN108,FU8A
BLPTS1447,SGASA204CR
BLPTS1447,SRPCR3800
BLPTS1447,SGDP42IRBR
BLPTS1447,A2A
BLPTS1447,FHLF80A
BLPTS1447,EECT400
BLPTS1447,KRSC46HPBO
BLPTS1447,ECHDD012A
BLPTS1447,CTB8174
BLPTS1447,PH3050BR
BLPBTW8,SSDMRT8A
BLPBTW8,TFY72
BLPBTW8,AWP45
BLPBTW8,BLPBTW4
BLPBTW8,BLPBTW6
BLPBTW8,BTWROS
BLPBTW8,BTWOS
BLPBTW8,BTWS
BLPBTW8,ECHDD012A
BLPBTW8,CTB8174
BLPBTWKIT,SGDMRC108A
BLPBTWKIT,112RTSMA
BLPBTWKIT,XOM605
BLPBTWKIT,AWMCG1600B
BLPBTWKIT,SDMEXT19K
BLPBTWKIT,222AFSP
BLPBTWKIT,TNF72
BLPBTWKIT,UTK150
BLPBTWKIT,GLASS30R
BLPBTWKIT,EECR5A
BLPEXTF146,TL72FOD
BLPEXTF146,TN72
BLPEXTF146,TMR4
BLPEXTF146,BLPEXTF388
BLPEXTF146,MRB15B
BLPEXTF146,PBMMA5G
BLPEXTF146,206SFSUM
BLPEXTF146,PKN500
BLPEXTF146,XLE605
BLPEXTF146,ECHDD012A
BLPEXTF388,BLPEXTF146
BLPEXTF388,TM61A
BLPEXTF388,FXK4
BLPEXTF388,FXK8
BLPEXTF388,206SFSUM
BLPEXTF388,MRB15B
BLPEXTF388,ACT407
BLPEXTF388,GLOVE900LR
BLPEXTF388,KRSC430APBO1
BLPEXTF388,YA105013
BLPH14732,BLPH3838
BLPH14732,BLPH124
BLPH14732,BLPH125
BLPH14732,BLPH1418
BLPH14732,BLPH14316
BLPH14732,BLPH14964
BLPH14732,BLPH1414
BLPH14732,BLPH14532
BLPH14732,EECT400
BLPH14732,KRSC46HPBO
BLPHL14316,BLPHL14316
BLPHL14316,BLPH14964
BLPHL14316,BLPH14732
BLPHL14316,BLPHL1418
BLPHL14316,BLPHL14532
BLPHL14316,BLPT1430
BLPHL14316,BLPH1418
BLPHL14316,BLPH14316
BLPHL14316,EECT400
BLPHL14316,KRSC46HPBO
FCT706,FX1
FCT706,SRPCR4700
FCT706,SHD1R
FCT706,PL400B
FCT706,SIMM230
FCT706,EECT400
FCT706,KRSC46HPBO
FCT706,ECHDD012A
FCT706,CTB8174
FCT706,PH3050BR
BLPSM1410,BLPSM1412
BLPSM1410,BLPSM148
BLPSM1410,BLPSM1413
BLPSM1410,BLPSM147
BLPSM1410,BLPSM149
BLPSM1410,PH3050BR
BLPSM1410,CTB8174
BLPSM1410,ECHDF042
BLPSM1410,BTG8
BLPSM1410,ECPNI032R
BLPSM145,BLPSM1413
BLPSM145,BLPSM1412
BLPSM145,BLPSM148
BLPSM145,BLPSM144
BLPSM145,BLPSM146
BLPSM145,BLPSM149
BLPSM145,BLPSM1411
BLPSM145,BLPSM147
BLPSM145,EECT400
BLPSM145,KRSC46HPBO
BLPT1260,BLPT3840
BLPT1260,BLPT1415
BLPT1260,BLPT1420
BLPT1260,BLPT1255
BLPT1260,BLPT1427
BLPT1260,BLPT3845
BLPT1260,BLPT3850
BLPT1260,BLPT1410
BLPT1260,EECT400
BLPT1260,KRSC46HPBO
BLPTL1260,BLPTL147
BLPTL1260,BLPTL148
BLPTL1260,BLPTL146
BLPTL1260,BLPTL3850
BLPTL1260,BLPTL3845
BLPTL1260,BLPTL1427
BLPTL1260,BLPTL1420
BLPTL1260,BLPTL1425
BLPTL1260,EECT400
BLPTL1260,KRSC46HPBO
BLPTL146,BLPTL1410
BLPTL146,BLPTL3840
BLPTL146,BLPTL1420
BLPTL146,BLPTL147
BLPTL146,BLPTL148
BLPTL146,BLPTL149
BLPTL146,BLPTL1427
BLPTL146,EECT400
BLPTL146,KRSC46HPBO
BLPTL146,ECHDD012A
BLPTL3850,BLPTL1415
BLPTL3850,BLPTL1427
BLPTL3850,BLPTL1410
BLPTL3850,BLPTL1260
BLPTL3850,BLPTL1255
BLPTL3850,BLPTL148
BLPTL3850,BLPTL3840
BLPTL3850,BLPTL3845
BLPTL3850,EECT400
BLPTL3850,KRSC46HPBO
BLPBTW6,AWP45
BLPBTW6,908CF
BLPBTW6,F4LBK
BLPBTW6,BLPBTW4
BLPBTW6,BLPBTW8
BLPBTW6,SSDMRT8A
BLPBTW6,SSR7
BLPBTW6,BTWOS
BLPBTW6,CTB8174
BLPBTW6,PH3050BR
BLPH1219,210EFTAMY
BLPH1219,STX70E
BLPH1219,SA16E
BLPH1219,BLPH1217
BLPH1219,BLPHS1414
BLPH1219,BLPH1214
BLPH1219,TWM28
BLPH1219,SN25A
BLPH1219,RULER601
BLPH1219,EEPV503
BLPH14316,BLPH126
BLPH14316,BLPH3838
BLPH14316,BLPH124
BLPH14316,BLPH14732
BLPH14316,BLPH1418
BLPH14316,BLPH14964
BLPH14316,BLPH1414
BLPH14316,BLPH14532
BLPH14316,KRSC46HPBO
BLPH14316,ECHDD012A
BLPH389,BLPH3814
BLPH389,BLPH3838
BLPH389,BLPH124
BLPH389,BLPH387
BLPH389,BLPH388
BLPH389,BLPH386
BLPH389,BLPH38732
BLPH389,BLPH38516
BLPH389,KRSC46HPBO
BLPH389,ECHDD012A
BLPHS1418,SGDP31IRBR
BLPHS1418,SGDP42IRBR
BLPHS1418,TMXK2
BLPHS1418,96ACF
BLPHS1418,TMXK60
BLPHS1418,EECT400
BLPHS1418,KRSC46HPBO
BLPHS1418,ECHDD012A
BLPHS1418,CTB8174
BLPHS1418,PH3050BR
IND25HAT,SHP2KT
IND25HAT,HBBT16
IND25HAT,JCK7DBL
IND25HAT,KACKCAREKIT
IND25HAT,GLOVE300BL
IND25HAT,AD10C
IND25HAT,CTNN13KF
IND25HAT,MAGSTRIP
IND25HAT,GLOVEORIGPLUSL
IND25HAT,LP7WR
KRA25D,SHD2R
KRA25D,SHDP42IRR
KRA25D,TMXK4
KRA25D,GFAT1E
KRA25D,SIMM190
KRA25D,SIMM200
KRA25D,SGDP42IRBR
KRA25D,SIMM220
KRA25D,TMXK60
KRA25D,FHLF80A
KRSC343PCM,SFSM19
KRSC343PCM,SFSM17
KRSC343PCM,SFSM14
KRSC343PCM,RULER600
KRSC343PCM,DS809K
KRSC343PCM,WTG8A
KRSC343PCM,HBFE16
KRSC343PCM,208EFAY
KRSC343PCM,PPC208A
KRSC343PCM,206EAU
KRSC343PDG,SFSM19
KRSC343PDG,SFSM17
KRSC343PDG,SFSM14
KRSC343PDG,RULER600
KRSC343PDG,DS809K
KRSC343PDG,WTG8A
KRSC343PDG,HBFE16
KRSC343PDG,208EFAY
KRSC343PDG,PPC208A
KRSC343PDG,206EAU
IMFLE100A,SX24
IMFLE100A,207IMFLE
IMFLE100A,TMR4
IMFLE100A,IMSLEPL240
IMFLE100A,IMFLE80A
IMFLE100A,STX60E
IMFLE100A,XLE605
IMFLE100A,KRSC46HPBO
IMFLE100A,ECHDD012A
IMFLE100A,CTB8174
IMFLE120A,SX24
IMFLE120A,207IMFLE
IMFLE120A,TMR4
IMFLE120A,IMSLEPL240
IMFLE120A,IMFLE80A
IMFLE120A,STX60E
IMFLE120A,XLE605
IMFLE120A,KRSC46HPBO
IMFLE120A,ECHDD012A
IMFLE120A,CTB8174
KRSC4130POT,SGD6BR
KRSC4130POT,FXK6
KRSC4130POT,SIMM180
KRSC4130POT,TMU8B
KRSC4130POT,SPBS8AR
KRSC4130POT,A2A
KRSC4130POT,FU8A
KRSC4130POT,FXK11
KRSC4130POT,F80
KRSC4130POT,SGD8BR
EFPBONEHEDB,SIMM240
EFPBONEHEDB,SGD4BR
EFPBONEHEDB,SIMM180
EFPBONEHEDB,SGD8BR
EFPBONEHEDB,FXK6
EFPBONEHEDB,SIMM210
EFPBONEHEDB,SPBS12AR
EFPBONEHEDB,SPBS704AR
EFPBONEHEDB,PPC816B
EFPBONEHEDB,47ACF
GA3634A,FB336
GA3634A,BTCP400
GA3634A,BT11
GA3634A,CAL6EBR
GA3634A,208CCP
GA3634A,MTEE6
GA3634A,CAL6EA
GA3634A,AT4135
GA3634A,B1467A
GA3634A,LIL59000
YA4282,SGDP42IRBR
YA4282,SGD6BR
YA4282,SGD8BR
YA4282,ATECH3FR300B
YA4282,SGD4BR
YA4282,PPC816B
YA4282,PPC4A
YA4282,TMXK4
YA4282,FHLF80A
YA4282,SIMM180
A106,OFSKIT
A106,OFCA2
A106,BCS70A
A106,A127
A106,S3625
A106,S3624
A106,A129
A106,206ESSPKPLG2
A106,CTB8174
A106,PH3050BR
A129,OFSKIT
A129,OFCA2
A129,BCS70A
A129,S3625
A129,A106
A129,A127
A129,S3624
A129,206ESSPKPLG2
A129,CTB8174
A129,PH3050BR
AWL5D,TMU8B
AWL5D,ATECH3FR300B
AWL5D,TMXK2
AWL5D,SPBS12AR
AWL5D,SGD8BR
AWL5D,EECT400
AWL5D,KRSC46HPBO
AWL5D,ECHDD012A
AWL5D,CTB8174
AWL5D,PH3050BR
BOERM15,SIM280
BOERM15,BOERM10
BOERM15,SIM260
BOERM15,BOERM13
BOERM15,BOERM14
BOERM15,BOERM12
BOERM15,BOERM17
BOERM15,SIM200
BOERM15,EECT400
BOERM15,KRSC46HPBO
BOERM712,SRPCR105
BOERM712,206EAU
BOERM712,BOERM21
BOERM712,BOER708
BOERM712,BOERM704
BOERM712,309SIMYA
BOERM712,BOERM22
BOERM712,317AMMPC
BOERM712,ECHDD012A
BOERM712,CTB8174
BTC7B,OEXM6B
BTC7B,AC58E
BTC7B,AWMG9
BTC7B,208CCP
BTC7B,SR40K
BTC7B,111TMMDY
BTC7B,CTB8174
BTC7B,PH3050BR
BTC7B,RTEMPB7
BTC7B,GA460B
BTG8,TDG1
BTG8,TDG2
BTG8,S3624
BTG8,BTCP500
BTG8,LSR1000EXT
BTG8,TWM27
BTG8,CAL6EBR
BTG8,OFW1
BTG8,QD3RN350A
BTG8,AWCGT500
LDTF2,F80
LDTF2,SGD6BR
LDTF2,GFAT1E
LDTF2,SGDP31IRBR
LDTF2,96ACF
LDTF2,EECT400
LDTF2,KRSC46HPBO
LDTF2,ECHDD012A
LDTF2,CTB8174
LDTF2,PH3050BR
FZ4B,YA900
FZ4B,SSFP2
FZ4B,MAGMAT
FZ4B,FZ7A
FZ4B,MTTL433
FZ4B,KACKMCFIBER1
FZ4B,FB305A
FZ4B,ACT407
FZ4B,YA389A
FZ4B,UIM2RSLT
HP650M,SGD6BR
HP650M,PL400B
HP650M,SHD1R
HP650M,SGASA204CR
HP650M,SGD4BR
HP650M,EECT400
HP650M,KRSC46HPBO
HP650M,ECHDD012A
HP650M,CTB8174
HP650M,PH3050BR
SEPDIESELADDA,FXK11
SEPDIESELADDA,FXK6
SEPDIESELADDA,47ACF
SEPDIESELADDA,SGD2BR
SEPDIESELADDA,SGD8BR
SEPDIESELADDA,EECT400
SEPDIESELADDA,KRSC46HPBO
SEPDIESELADDA,ECHDD012A
SEPDIESELADDA,CTB8174
SEPDIESELADDA,PH3050BR
SEPKCAMETPOTA,SGD8BR
SEPKCAMETPOTA,PPC103A
SEPKCAMETPOTA,SIMM150A
SEPKCAMETPOTA,SIMM220
SEPKCAMETPOTA,PPC4A
SEPKCAMETPOTA,EECT400
SEPKCAMETPOTA,KRSC46HPBO
SEPKCAMETPOTA,ECHDD012A
SEPKCAMETPOTA,CTB8174
SEPKCAMETPOTA,PH3050BR
SDMEXT19K,TMBS8A
SDMEXT19K,GMB3042
SDMEXT19K,AWMCG1600B
SDMEXT19K,SDMT20D
SDMEXT19K,SDMT10D
SDMEXT19K,SDMT25D
SDMEXT19K,CTQ838DB
SDMEXT19K,BLPBTWKIT
SDMEXT19K,BTWS
SDMEXT19K,CTS561BITSET
GA295,PT5C
GA295,AW1015DHK
GA295,9100GSM
GA295,AWM110DHK
GA295,FA12LE
GA295,AC5C
GA295,TPM16
GA295,TPM16EM
GA295,DB129C
GA295,FB360C
GMB3041,TFM7530B
GMB3041,131TMPB
GMB3041,206AFSP
GMB3041,SEPSTARTERA
GMB3041,GM3046
GMB3041,TM10G
GMB3041,SSDMR4BR
GMB3041,SOSG01BKCL01
GMB3041,CTB8174
GMB3041,PH3050BR
SEPPMSER,TMXK2
SEPPMSER,PWCS7ACF
SEPPMSER,PL400B
SEPPMSER,FHLF80A
SEPPMSER,SIMM240
SEPPMSER,EECT400
SEPPMSER,KRSC46HPBO
SEPPMSER,ECHDD012A
SEPPMSER,CTB8174
SEPPMSER,PH3050BR
SEPPROK1PCA,SIMM230
SEPPROK1PCA,GFAT1E
SEPPROK1PCA,TMXK60
SEPPROK1PCA,SIMM240
SEPPROK1PCA,SIMM150A
SEPPROK1PCA,EECT400
SEPPROK1PCA,KRSC46HPBO
SEPPROK1PCA,ECHDD012A
SEPPROK1PCA,CTB8174
SEPPROK1PCA,PH3050BR
E1020,MSKM10
E1020,MTEE6
E1020,RTD48
E1020,TF528D
E1020,TW421
E1020,208EPIT
E1020,SAG03S20
E1020,RTEMPB7
E1020,ACT413A
E1020,EEBM600
ASTFUN19KIT,VAC201
ASTFUN19KIT,YA9350B
ASTFUN19KIT,VSC4KT
ASTFUN19KIT,SBT26
ASTFUN19KIT,OFC14KT
ASTFUN19KIT,LIL59000
ASTFUN19KIT,KAERNADD6RD
ASTFUN19KIT,BTCP400
ASTFUN19KIT,TDG2
ASTFUN19KIT,MSKM10
BLPPKM5-7,FX1
BLPPKM5-7,SGDP31IRBR
BLPPKM5-7,SGD4BR
BLPPKM5-7,SGDX80BR
BLPPKM5-7,SRPCR4700
BLPPKM5-7,EECT400
BLPPKM5-7,KRSC46HPBO
BLPPKM5-7,ECHDD012A
BLPPKM5-7,CTB8174
BLPPKM5-7,PH3050BR
BLPSM148,BLPSM1412
BLPSM148,BLPSM1413
BLPSM148,BLPSM144
BLPSM148,BLPSM146
BLPSM148,BLPSM149
BLPSM148,BLPSM1411
BLPSM148,KRSC46HPBO
BLPSM148,ECHDD012A
BLPSM148,PH3050BR
BLPSM148,CTB8174
BLPT148,BLPT1415
BLPT148,BLPT1420
BLPT148,BLPT1425
BLPT148,BLPT149
BLPT148,BLPT147
BLPT148,BLPT146
BLPT148,BLPT1427
BLPT148,BLPT1410
BLPT148,EECT400
BLPT148,KRSC46HPBO
BLPT149,BLPT1427
BLPT149,BLPT1425
BLPT149,BLPT1420
BLPT149,BLPT147
BLPT149,BLPT146
BLPT149,BLPT148
BLPT149,BLPT1410
BLPT149,EECT400
BLPT149,KRSC46HPBO
BLPT149,ECHDD012A
BLPTE1224,BLPTE145
BLPTE1224,BLPTE147
BLPTE1224,BLPTE148
BLPTE1224,BLPTE1222
BLPTE1224,BLPTE1220
BLPTE1224,BLPTE1218
BLPTE1224,BLPTE144
BLPTE1224,BLPTE146
BLPTE1224,EECT400
BLPTE1224,KRSC46HPBO
BLPTL148,BLPTL1415
BLPTL148,BLPTL1427
BLPTL148,BLPTL3840
BLPTL148,BLPTL146
BLPTL148,BLPTL147
BLPTL148,BLPTL149
BLPTL148,BLPTL1410
BLPTL148,BLPTL3850
BLPTL148,EECT400
BLPTL148,KRSC46HPBO
BLPTS1430,PWCS7ACF
BLPTS1430,SGASA204CR
BLPTS1430,BLPHSM1410
BLPTS1430,BLPTS1425
BLPTS1430,BLPTS1420
BLPTS1430,BLPTS1415
BLPTS1430,BLPTS1410
BLPTS1430,RTD48
BLPTS1430,EECT400
BLPTS1430,KRSC46HPBO
BDGPL300HG,HCP10
BDGPL300HG,490CF
BDGPL300HG,SRPCR107
BDGPL300HG,YA824C
BDGPL300HG,912AEP
BDGPL300HG,ECHDD012A
BDGPL300HG,CTB8174
BDGPL300HG,PH3050BR
BDGPL300HG,YA1175KIT
BDGPL300HG,YA1050B
BLPH1234,47ACF
BLPH1234,SPBS12AR
BLPH1234,TMU8B
BLPH1234,SGDP42IRBR
BLPH1234,SGASA204CR
BLPH1234,EECT400
BLPH1234,KRSC46HPBO
BLPH1234,ECHDD012A
BLPH1234,CTB8174
BLPH1234,PH3050BR
BLPH386,BLPH3814
BLPH386,BLPH3838
BLPH386,BLPH3810
BLPH386,BLPH389
BLPH386,BLPH387
BLPH386,BLPH388
BLPH386,BLPH38732
BLPH386,BLPH38516
BLPH386,KRSC46HPBO
BLPH386,ECHDD012A
BLPHS1414,TW301
BLPHS1414,SA16E
BLPHS1414,PPB30AK
BLPHS1414,BLPH1219
BLPHS1414,SN25A
BLPHS1414,EEPV503
BLPHS1414,210EFTAMY
BLPHS1414,PGP50
BLPHS1414,TWM28
BLPHS1414,RULER601
SRES306,SRES22
SRES306,SRES18
SRES306,SRES28
SRES306,208FRDHM
SRES306,208FRDH
SRES306,EECT424HD
SRES306,A277
SRES306,L872RM
SRES306,SHN36
SRES306,490CF
TF1124B,PPB816A
TF1124B,SGDTX90BR
TF1124B,SGDTX315BR
TF1124B,TF1127B
TF1124B,TFM7530B
TF1124B,EXDL10A
TF1124B,HBBT16
TF1124B,FB307RNB
TF1124B,SGTT4B
TF1124B,KRSC46HPBO
TF5A,TBS200A
TF5A,2004BSKA
TF5A,BTK5
TF5A,AWMG9-7
TF5A,TC15A
TF5A,EECT424HD
TF5A,UPTM65K
TF5A,CTB8174
TF5A,PH3050BR
TF5A,YA4000B
TFTFM932A,SGHBF500A
TFTFM932A,MSKM10
TFTFM932A,BEXD10A
TFTFM932A,GCP10
TFTFM932A,BLPPB704
TFTFM932A,MSK10
TFTFM932A,PWZ5
TFTFM932A,CAL6V
TFTFM932A,PLRK30
TFTFM932A,VWB8B
SRES22,SRES306
SRES22,208FRDHM
SRES22,208FRDH
SRES22,SRES18
SRES22,SRES28
SRES22,SRES26
SRES22,SRES20
SRES22,SRES24
SRES22,ECHDD012A
SRES22,CTB8174
OFWHD2,SGD4BR
OFWHD2,OFWHD2
OFWHD2,BLPTHC87
OFWHD2,OFWHD1
OFWHD2,OFW3
OFWHD2,OFW4KT
OFWHD2,SIMM230
OFWHD2,EECT400
OFWHD2,KRSC46HPBO
OFWHD2,ECHDD012A
PH1038,FB336
PH1038,HCP48BCF
PH1038,HBBT16
PH1038,PH1050
PH1038,PHG1055BK
PH1038,PPCL60BK
PH1038,RADKITULTRA
PH1038,ACT51234A
PH1038,VWB8B
PH1038,L872RM
TB50C,47ACF
TB50C,SGD8BR
TB50C,SGD4BR
TB50C,SPBS18AR
TB50C,SIMM230
TB50C,T72
TB50C,FXK3
TB50C,SPBS8AR
TB50C,TMXK2
TB50C,FXK6
TDTDM117B,ATECHFSET02R
TDTDM117B,FB361A
TDTDM117B,SOXRR707A
TDTDM117B,EXDL10A
TDTDM117B,DB129C
TDTDM117B,EXD35A
TDTDM117B,OXRM710A
TDTDM117B,A277
TDTDM117B,EEPV500
TDTDM117B,HBBT16
TD9902C,PPC208A
TD9902C,120STTM
TD9902C,PPC204A
TD9902C,TDM99117C
TD9902C,PPC210A
TD9902C,IPL36C
TD9902C,PPCS60BK
TD9902C,PPB30AK
TD9902C,KRSC46HPBO
TD9902C,ECHDD012A
PK500A,T72FOD
PK500A,BLPPB704
PK500A,HBPT24
PK500A,UTV614A
PK500A,14V
PK500A,UTV615A
PK500A,BF775C-A
PK500A,AT118
PK500A,AT4101
PK500A,PH3050BR
PK52A,PPB826A
PK52A,DB121C
PK52A,AWMEF8K
PK52A,YA450B
PK52A,AWS13
PK52A,AWMG9
PK52A,SEPPROCORE2A
PK52A,MTTL300
PK52A,AT4135
PK52A,AT4124
TF275A,LP404
TF275A,AWP120
TF275A,PHG1055BK
TF275A,TC15A
TF275A,TBS200A
TF275A,R404
TF275A,ACT1290A
TF275A,PW18C
TF275A,ECHDD012A
TF275A,EECT200
R2630C,FHLF80A
R2630C,FXK11
R2630C,PWCS7ACF
R2630C,SIMM150A
R2630C,SIMM190
R2630C,EECT400
R2630C,KRSC46HPBO
R2630C,ECHDD012A
R2630C,CTB8174
R2630C,PH3050BR
MSKM10,E1020
MSKM10,EXD35A
MSKM10,PBMP703A
MSKM10,MSK10
MSKM10,CJ2001P
MSKM10,A50A
MSKM10,208EFTABMY
MSKM10,ASTFUN19KIT
MSKM10,YA4000B
MSKM10,SVTSRAD272U
OFC14KT,LSR1500
OFC14KT,OFSKIT
OFC14KT,ASTFUN19KIT
OFC14KT,BCS70A
OFC14KT,BTCW800
OFC14KT,YA9350B
OFC14KT,TIF160
OFC14KT,CAL6EBR
OFC14KT,SVTA9100
OFC14KT,VAC201
OFCA2,LSR1500
OFCA2,BTCW800
OFCA2,S3624
OFCA2,OFSKIT
OFCA2,OFCADPTR
OFCA2,A129
OFCA2,PH3050BR
OFCA2,YAKS42
OFCA2,BTG8
OFCA2,TPGDL2000
PBMA5R,PBMA5
PBMA5R,PBMMA5
PBMA5R,PBMMB5
PBMA5R,PBMMA5R
PBMA5R,PBMMB5R
PBMA5R,PBMA5O
PBMA5R,EECT400
PBMA5R,KRSC46HPBO
PBMA5R,ECHDD012A
PBMA5R,CTB8174
PBMMA5R,PBMMB5
PBMMA5R,PBMMS5
PBMMA5R,PBMMA5G
PBMMA5R,PBMMB5R
PBMMA5R,PBMMS5R
PBMMA5R,PBMMA5
PBMMA5R,PBMA5R
PBMMA5R,PBMA5
PBMMA5R,ECHDD012A
PBMMA5R,CTB8174
RBM1213SC,FHLF80A
RBM1213SC,SPBS18AR
RBM1213SC,SIMM150A
RBM1213SC,SRPCR4700
RBM1213SC,TMXK2
RBM1213SC,EECT400
RBM1213SC,KRSC46HPBO
RBM1213SC,ECHDD012A
RBM1213SC,CTB8174
RBM1213SC,PH3050BR
R3436A,SIMM200
R3436A,T72
R3436A,TMXK2
R3436A,SIMM170
R3436A,FU8A
R3436A,EECT400
R3436A,KRSC46HPBO
R3436A,ECHDD012A
R3436A,CTB8174
R3436A,PH3050BR
KA2422SETPJJ,FM14
KA2422SETPJJ,FM12
KA2422SETPJJ,FM10
KA2422SETPJJ,SW141A
KA2422SETPJJ,SW181A
KA2422SETPJJ,FM19
KA2422SETPJJ,SW241
KA2422SETPJJ,FM15
KA2422SETPJJ,SW221
KA2422SETPJJ,FM18
SWG10S1245,PPC4A
SWG10S1245,SGASA204CR
SWG10S1245,SIMM160A
SWG10S1245,ATECH3FR300B
SWG10S1245,PL400B
SWG10S1245,SGD4BR
SWG10S1245,GFAT1E
SWG10S1245,SPBS704AR
SWG10S1245,FXK3
SWG10S1245,SIMM230
UPTLP2,F261
UPTLP2,F281
UPTLP2,F081
UPTLP2,UIM2RSLT
UPTLP2,UIM2LT
UPTLP2,GLASS50R
UPTLP2,TDG1
UPTLP2,ECHDD012A
UPTLP2,OFW4KT
UPTLP2,F101
UTV618A,FXK3
UTV618A,SGDP42IRBR
UTV618A,91ACP
UTV618A,TMU8B
UTV618A,SIMM170
UTV618A,EECT400
UTV618A,KRSC46HPBO
UTV618A,ECHDD012A
UTV618A,CTB8174
UTV618A,PH3050BR
YA6160,8R
YA6160,10MA
YA6160,SHLF80A
YA6160,SHCP1B
YA6160,ASGP2BR
YA6160,SGHBF500A
YA6160,EECT400
YA6160,SGA1710BR
YA6160,SGHF616BR
YA6160,CTB8174
WTG8A,XS2024A
WTG8A,SGDEL10ESD
WTG8A,XS1416A
WTG8A,ATKIFL
WTG8A,10R
WTG8A,GA98A
WTG8A,AW1013DK
WTG8A,8HR
WTG8A,EECT400
WTG8A,KRSC46HPBO
TPMB25EMORG,911ACF
TPMB25EMORG,SDDDM1AR
TPMB25EMORG,EECT400
TPMB25EMORG,TPMB25EMGRN
TPMB25EMORG,FB316B
TPMB25EMORG,PHP1A
TPMB25EMORG,UTK150
TPMB25EMORG,PL330ACF
TPMB25EMORG,29ACF
TPMB25EMORG,FB336
KRA1421PC,SRPCR4700
KRA1421PC,A2A
KRA1421PC,SGD6BR
KRA1421PC,SIMM230
KRA1421PC,PPC4A
KRA1421PC,BLPTHC87
KRA1421PC,T72
KRA1421PC,PPC816B
KRA1421PC,SIMM200
KRA1421PC,ATECH3FR300B
KRA1421POT,SGDP42IRBR
KRA1421POT,SGD6BR
KRA1421POT,SHD1R
KRA1421POT,SIMM230
KRA1421POT,SIMM220
KRA1421POT,PPC816B
KRA1421POT,BLPTHC87
KRA1421POT,SGD2BR
KRA1421POT,SPBS8AR
KRA1421POT,SGDX80BR
VGP12509,VGP12406
VGP12509,A159
VGP12509,AWMEF8K
VGP12509,VGP12808
VGP12509,VGP12418
VGP12509,VGP12412
VGP12509,PKB52A
VGP12509,YA1050B
VGP12509,PTC250
VGP12509,PTGR100
YA7646,TMU8B
YA7646,SIMM210
YA7646,FXK3
YA7646,SHD1R
YA7646,SPBS12AR
YA7646,EECT400
YA7646,KRSC46HPBO
YA7646,ECHDD012A
YA7646,CTB8174
YA7646,PH3050BR
YA4050B,YA4274A
YA4050B,A129
YA4050B,OFC14KT
YA4050B,YA4250
YA4050B,OFSKIT
YA4050B,S3624
YA4050B,YA4275
YA4050B,MTTL310
YA4050B,PGP50
YA4050B,RTEMP8
SAG03S20,IM1PT
SAG03S20,210FRHMA
SAG03S20,309SIMYA
SAG03S20,PTR72
SAG03S20,PTGR100
SAG03S20,VWB8B
SAG03S20,YA105013
SAG03S20,MG325
SAG03S20,PTC250
SAG03S20,210EFTXRY
XDHF605,TMU121A
XDHF605,TMU101A
XDHF605,TMU141A
XDHF605,TMU161A
XDHF605,XDHFM606K1
XDHF605,KRSC46HPBO
XDHF605,ECHDD012A
XDHF605,CTB8174
XDHF605,PH3050BR
XDHF605,A277
222SFFS,SEPPROCORE1A
222SFFS,120STTM
222SFFS,SOEXM9
222SFFS,SEPPROCORE2A
222SFFS,AT4124
222SFFS,ACT1290A
222SFFS,AT4135
222SFFS,PK52A
222SFFS,PTIM5
222SFFS,212EFTAY
FRW10,RBYAM605
FRW10,F80MP
FRW10,208EFTAMXSY
FRW10,SEPIMMSIMMA
FRW10,QD3RN350A
FRW10,AWCGT500
FRW10,CTB8174
FRW10,PH3050BR
FRW10,ACT407
FRW10,CAL6EBR
HBBD24G,SEPPREMETA
HBBD24G,SEPAMTSETA
HBBD24G,PRH57A
HBBD24G,PK23A
HBBD24G,317AMMPC
HBBD24G,117TMM
HBBD24G,UIM225
HBBD24G,LP10WR
HBBD24G,ECHDD012A
HBBD24G,CTB8174
FKF80A,TK72
FKF80A,FCF72
FKF80A,UPTM65K
FKF80A,TKF72
FKF80A,FK80
FKF80A,FZ80
FKF80A,EECT400
FKF80A,KRSC46HPBO
FKF80A,ECHDD012A
FKF80A,CTB8174
HBFE48O,2050
HBFE48O,HBFE103
HBFE48O,BTC7B
HBFE48O,HBFE24
HBFE48O,AT4124
HBFE48O,PK52A
HBFE48O,PPB826A
HBFE48O,SR40K
HBFE48O,PH3050BR
HBFE48O,DB129C
S8,TW401
S8,TWM26
S8,206AFSA
S8,218AFP
S8,TWM25
S8,TWM31
S8,ECHDD012A
S8,CTB8174
S8,PH3050BR
S8,AT4135
ECSPH271,EEJP201MBKA-NA
ECSPH271,KAERNADD6RD
ECSPH271,AWPBX10
ECSPH271,PLRK30
ECSPH271,PPCSG710
ECSPH271,MS3000
ECSPH271,PTM30
ECSPH271,CJ2001P
ECSPH271,VWB8B
ECSPH271,PBMP703A
TMMDS8,TMMDS10
TMMDS8,TMMDS11
TMMDS8,TMMDS12
TMMDS8,TMMDS5
TMMDS8,TMMDS5.5
TMMDS8,TMMDS13
TMMDS8,TMMDS6
TMMDS8,EECT400
TMMDS8,KRSC46HPBO
TMMDS8,ECHDD012A
TM410,TM5
TM410,ATKIFL
TM410,XS1012A
TM410,TM412
TM410,TM408
TM410,XS2024A
TM410,XS1416A
TM410,EECT400
TM410,KRSC46HPBO
TM410,ECHDD012A
SIMM110A,IMM100A
SIMM110A,IMM120A
SIMM110A,IMM110A
SIMM110A,SIMM100A
SIMM110A,SIMM120A
SIMM110A,SIMM130A
SIMM110A,EECT400
SIMM110A,KRSC46HPBO
SIMM110A,ECHDD012A
SIMM110A,CTB8174
TMUSM13A,111TMUSMA
TMUSM13A,106TMUSMA
TMUSM13A,207IPSFM
TMUSM13A,OFC7374-14
TMUSM13A,206SFSUM
TMUSM13A,206FSUMA
TMUSM13A,209FUMY
TMUSM13A,208EFTABMY
TMUSM13A,DBTB121
TMUSM13A,KRSC46HPBO
106TMUSMA,106TMUSA
106TMUSMA,103TMXKLA
106TMUSMA,206AFSA
106TMUSMA,206FSUMA
106TMUSMA,OFC7374-14
106TMUSMA,DBTB121
106TMUSMA,207IPSFM
106TMUSMA,FZ7A
106TMUSMA,EEPV509
106TMUSMA,CT825DB
SGTT1B,SGTT110B
SGTT1B,SGTT5B
SGTT1B,SGTT7B
SGTT1B,SGTT9B
SGTT1B,SGTT2B
SGTT1B,SGTT8B
SGTT1B,SGTT10B
SGTT1B,SGTT3B
SGTT1B,YA1175KIT
SGTT1B,YAKS42
MTTL7005PK,SFSM7
MTTL7005PK,SIMM290
MTTL7005PK,SS5A
MTTL7005PK,MTTL433
MTTL7005PK,MTTL750
MTTL7005PK,YA1175KIT
MTTL7005PK,OFW4
MTTL7005PK,SFSM21
MTTL7005PK,SFSM20
MTTL7005PK,FTX60E
AWTXL8-T30,F80
AWTXL8-T30,47ACF
AWTXL8-T30,SGD4BR
AWTXL8-T30,SPBS12AR
AWTXL8-T30,A2A
AWTXL8-T30,EECT400
AWTXL8-T30,KRSC46HPBO
AWTXL8-T30,ECHDD012A
AWTXL8-T30,CTB8174
AWTXL8-T30,PH3050BR
AWML5D,SIMM230
AWML5D,SGD4BR
AWML5D,BLPTHC87
AWML5D,SIMM200
AWML5D,PPC816B
AWML5D,EECT400
AWML5D,KRSC46HPBO
AWML5D,ECHDD012A
AWML5D,CTB8174
AWML5D,PH3050BR
211FY,SEPAMTSETA
211FY,F101
211FY,F261
211FY,211SFY
211FY,214SFY
211FY,AWEF6K
211FY,AW1013DK
211FY,10SSD
211FY,EECT400
211FY,KRSC46HPBO
SGAS102BR,SGA1712BR
SGAS102BR,AWCG1600B
SGAS102BR,PTM30
SGAS102BR,SGA1714B
SGAS102BR,SGA102BR
SGAS102BR,SGA1713B
SGAS102BR,PBMA5R
SGAS102BR,KRSC46HPBO
SGAS102BR,ECHDD012A
SGAS102BR,CTB8174
SSFP1,SSF1
SSFP1,SSFP2
SSFP1,SEPAMTSETA
SSFP1,PKN9
SSFP1,SGDE220ESD
SSFP1,SGDE230ESD
SSFP1,EECT400
SSFP1,KRSC46HPBO
SSFP1,ECHDD012A
SSFP1,CTB8174
TBS100,SGDP42IRBR
TBS100,FXK11
TBS100,FXK6
TBS100,BLPTHC87
TBS100,SIMM200
TBS100,EECT400
TBS100,KRSC46HPBO
TBS100,ECHDD012A
TBS100,CTB8174
TBS100,PH3050BR
TDTDM500B,REX25C
TDTDM500B,TFTFM932A
TDTDM500B,CJ2001P
TDTDM500B,TDM99117C
TDTDM500B,BFCRM712A
TDTDM500B,EXD35A
TDTDM500B,BJP1
TDTDM500B,SVTSRAD272U
TDTDM500B,EECT900
TDTDM500B,FB336
LSR2503,SHD1R
LSR2503,47ACF
LSR2503,SIMM150A
LSR2503,SIMM170
LSR2503,GFAT1E
LSR2503,EECT400
LSR2503,KRSC46HPBO
LSR2503,ECHDD012A
LSR2503,CTB8174
LSR2503,PH3050BR
LSRM2000,S3624
LSRM2000,312SIMM
LSRM2000,STARTERSET5
LSRM2000,TPGDL2000
LSRM2000,SOEXM705
LSRM2000,TQSG3F250
LSRM2000,BTG8
LSRM2000,PT850
LSRM2000,KRSC326FPBO
LSRM2000,CAL6EBR
OFC93-15,A2A
OFC93-15,47ACF
OFC93-15,SIMM200
OFC93-15,SPBS704AR
OFC93-15,FX1
OFC93-15,EECT400
OFC93-15,KRSC46HPBO
OFC93-15,ECHDD012A
OFC93-15,CTB8174
OFC93-15,PH3050BR
OFW4KT,SW341
OFW4KT,SGD155CR
OFW4KT,PPCD70BK
OFW4KT,OFWHD3KT
OFW4KT,SGD153BR
OFW4KT,309SIMYA
OFW4KT,FZ7A
OFW4KT,ECFLD030
OFW4KT,PH3050BR
OFW4KT,FB303B
PPC5A,MS800
PPC5A,SW421
PPC5A,AW1015DHK
PPC5A,PPC210A
PPC5A,TWM31
PPC5A,CTB8174
PPC5A,PH3050BR
PPC5A,AT4135
PPC5A,AT4124
PPC5A,EECT424HD
PPK15,PPN4050
PPK15,SG4ASABR
PPK15,SG5ASABR
PPK15,SSF1
PPK15,SSFP1
PPK15,CTB8174
PPK15,PH3050BR
PPK15,UTK150
PPK15,YA105013
PPK15,MTEE6
RBPK5,BLPT1427
RBPK5,BLPT3850
RBPK5,BLPT3840
RBPK5,BLPH14732
RBPK5,BLPH14964
RBPK5,BLPH14316
RBPK5,BLPH1414
RBPK5,BLPH14532
RBPK5,BLPH3838
RBPK5,BLPH124
RC980,FAML6E
RC980,SA16E
RC980,FABLM5E
RC980,HD6529
RC980,FRX181
RC980,FA12LE
RC980,KAC1224TCA
RC980,PH3050BR
RC980,TPM16EM
RC980,RTEMPB7
R2426C,R810C
R2426C,TMUS181A
R2426C,106TMUSA
R2426C,R2830C
R2426C,R2022C
R2426C,R1618C
R2426C,R1011C
R2426C,R1214C
R2426C,EECT400
R2426C,KRSC46HPBO
CT9080DB,CTB185
CT9080DB,CTB8187
CT9080DB,CTINF9010
CT9080DB,CTC131A
CT9080DB,CTR867AK2
CT9080DB,YA438B
CT9080DB,BLPTE3816
CT9080DB,BLPTE3814
CT9080DB,BLPTE3812
CT9080DB,BLPTE3810
CDR4P63L3DB,SGD2BR
CDR4P63L3DB,ATECH3FR300B
CDR4P63L3DB,SGD6BR
CDR4P63L3DB,TMXK4
CDR4P63L3DB,SGDP42IRBR
CDR4P63L3DB,PPC4A
CDR4P63L3DB,SIMM200
CDR4P63L3DB,TMU8B
CDR4P63L3DB,FXK11
CDR4P63L3DB,SHD1R
KRSC46HPJK,SIMM350
KRSC46HPJK,SIMM290
KRSC46HPJK,ECFLD030
KRSC46HPJK,PKNC150
KRSC46HPJK,UPTM65K
KRSC46HPJK,317AMMPC
KRSC46HPJK,305SIMMY
KRSC46HPJK,BOERM712
KRSC46HPJK,MG725A
KRSC46HPJK,309SIMYA
CSA12CG,S9704KR
CSA12CG,TW461
CSA12CG,RC980
CSA12CG,PKNC200
CSA12CG,SS5A
CSA12CG,OC5A
CSA12CG,218AFSP
CSA12CG,RTEMPB7
CSA12CG,TF5A
CSA12CG,GA460B
CSA12CO,S9704KR
CSA12CO,TW461
CSA12CO,RC980
CSA12CO,PKNC200
CSA12CO,SS5A
CSA12CO,OC5A
CSA12CO,218AFSP
CSA12CO,RTEMPB7
CSA12CO,TF5A
CSA12CO,GA460B
CSA14CG,CSA12CR
CSA14CG,CSSD50R
CSA14CG,AW1020DK
CSA14CG,AWM140DK
CSA14CG,CSSD1R
CSA14CG,CTB8174
CSA14CG,PH3050BR
CSA14CG,GA296B
CSA14CG,FB360C
CSA14CG,ECFB200BL
A98M,2003LN
A98M,313TWYA
A98M,LSR1000EXT
A98M,IMX32B
A98M,A98A
A98M,YAKS42
A98M,PPCSG710
A98M,BTG8
A98M,JCK7DBL
A98M,LSR1580
CTR827HVDB,SPBS704AR
CTR827HVDB,SPBS12AR
CTR827HVDB,SIMM170
CTR827HVDB,SIMM150A
CTR827HVDB,FHLF80A
CTR827HVDB,PPC4A
CTR827HVDB,SGDP42IRBR
CTR827HVDB,SGD4BR
CTR827HVDB,SGD2BR
CTR827HVDB,SGDP31IRBR
THLF72,THLLF72
THLF72,SH80A
THLF72,FHLLF80
THLF72,FHLF80A
THLF72,SHLF80A
THLF72,THLL72
THLF72,SHX80B
THLF72,103TMXKLA
THLF72,CTB8174
THLF72,PH3050BR
SGDE225ESD,SGDEP21ESD
SGDE225ESD,AOGMHC
SGDE225ESD,PKN9
SGDE225ESD,SGDEP20ESD
SGDE225ESD,SGDE220ESD
SGDE225ESD,SGDE215ESD
SGDE225ESD,SGDEP200ESD
SGDE225ESD,EECT400
SGDE225ESD,KRSC46HPBO
SGDE225ESD,ECHDD012A
EFPADFLENSA,SGDP31IRBR
EFPADFLENSA,SIMM160A
EFPADFLENSA,SPBS704AR
EFPADFLENSA,SGD8BR
EFPADFLENSA,47ACF
EFPADFLENSA,FXK11
EFPADFLENSA,ATECH2FR125B
EFPADFLENSA,SIMM190
EFPADFLENSA,SGDP42IRBR
EFPADFLENSA,SIMM210
FADH704CG,FADH6C
FADH704CG,FADH8C
FADH704CG,FADH10C
FADH704CG,120STTM
FADH704CG,THL72
FADH704CG,FHR80
FADH704CG,103UFTS
FADH704CG,SH80A
FADH704CG,EECT400
FADH704CG,KRSC46HPBO
SHDP63IRG,SHDX60R
SHDP63IRG,LDH362
SHDP63IRG,LDH342
SHDP63IRG,SHD6R
SHDP63IRG,SHDP42IRR
SHDP63IRG,SHDP31IRR
SHDP63IRG,SHD2R
SHDP63IRG,SHD4R
SHDP63IRG,PG160
SHDP63IRG,CTB8174
IMSLE200,207IMFLE
IMSLE200,STX60E
IMSLE200,OXKRM705
IMSLE200,IMFLE80A
IMSLE200,IMFLE120A
IMSLE200,IMSLEPL240
IMSLE200,XLE605
IMSLE200,WHM1
IMSLE200,KRSC46HPBO
IMSLE200,ECHDD012A
GLOVE900LO,GLOVEORIGPLUSL
GLOVE900LO,GLASS50R
GLOVE900LO,SOSG01BKCL01
GLOVE900LO,GLOVE1100L
GLOVE900LO,GLOVE505RL
GLOVE900LO,GLOVE309L
GLOVE900LO,GLOVE300BL
GLOVE900LO,OFC14KT
GLOVE900LO,CTB8187
GLOVE900LO,PHP1A
GLOVE900XXG,GLOVEORIGPLUSL
GLOVE900XXG,GLASS50R
GLOVE900XXG,SOSG01BKCL01
GLOVE900XXG,GLOVE1100L
GLOVE900XXG,GLOVE505RL
GLOVE900XXG,GLOVE309L
GLOVE900XXG,GLOVE300BL
GLOVE900XXG,OFC14KT
GLOVE900XXG,CTB8187
GLOVE900XXG,PHP1A
KRA2407PC,TESLASTUKIT
KRA2407PC,DPT7A
KRA2407PC,S6103A
KRA2407PC,TMM16
KRA2407PC,BOERM22
KRA2407PC,BOERM21
KRA2407PC,131TMPB
KRA2407PC,14V
KRA2407PC,GA243
KRA2407PC,PPCL60BK
S9704RHS,S9706KRA
S9704RHS,PK23A
S9704RHS,PRH57A
S9704RHS,FADH12C
S9704RHS,BHS7A
S9704RHS,FB360C
S9704RHS,TPM16
S9704RHS,KRA2007FPBO
S9704RHS,OC5A
S9704RHS,FB303B
TMMD8,111TMMDY
TMMD8,TMMD9
TMMD8,TMMD5.5
TMMD8,TMMD7
TMMD8,TMMD12
TMMD8,TMMD11
TMMD8,TMMD5
TMMD8,TMMD6
TMMD8,ECHDD012A
TMMD8,CTB8174
TMP23E,TMP22E
TMP23E,TMC104E
TMP23E,TMC106E
TMP23E,TM82
TMP23E,TMC105E
TMP23E,EECT400
TMP23E,KRSC46HPBO
TMP23E,ECHDD012A
TMP23E,CTB8174
TMP23E,PH3050BR
SHDP31IRG,SHD1R
SHDP31IRG,10R
SHDP31IRG,GA98A
SHDP31IRG,SHD4R
SHDP31IRG,SHDP42IRR
SHDP31IRG,SHD2R
SHDP31IRG,SHD6R
SHDP31IRG,SHDP63IRR
SHDP31IRG,ECHDD012A
SHDP31IRG,CTB8174
SHDP31IRR,SHD1R
SHDP31IRR,10R
SHDP31IRR,GA98A
SHDP31IRR,SHD4R
SHDP31IRR,SHDP42IRR
SHDP31IRR,SHD2R
SHDP31IRR,SHD6R
SHDP31IRR,SHDP63IRR
SHDP31IRR,ECHDD012A
SHDP31IRR,CTB8174
FABLM5E,FA12LE
FABLM5E,FAML6E
FABLM5E,SA16E
FABLM5E,FRX181
FABLM5E,HD6529
FABLM5E,ECHDD012A
FABLM5E,CTB8174
FABLM5E,PH3050BR
FABLM5E,TPM16EM
FABLM5E,BB9008
XO605,XOM605
XO605,XB605A
XO605,OEXS709B
XO605,XBM605A
XO605,110ETMAY
XO605,KRSC46HPBO
XO605,ECHDD012A
XO605,CTB8174
XO605,PH3050BR
XO605,TB50WC
SGASA104BR,SGHBF500A
SGASA104BR,SG7ASABR
SGASA104BR,SG4ASHBR
SGASA104BR,SGDXL80BR
SGASA104BR,SR80A
SGASA104BR,PHP2A
SGASA104BR,PPK15
SGASA104BR,KAERNADD6RD
SGASA104BR,ECHDD012A
SGASA104BR,CTB8174
AWT30A,SGD8BR
AWT30A,SGD4BR
AWT30A,TMU8B
AWT30A,SGASA204CR
AWT30A,SRPCR4700
AWT30A,EECT400
AWT30A,KRSC46HPBO
AWT30A,ECHDD012A
AWT30A,CTB8174
AWT30A,PH3050BR
GLOVE505RM,SHDP31IRR
GLOVE505RM,SHD4R
GLOVE505RM,SHDP42IRR
GLOVE505RM,SOSG01BKCL01
GLOVE505RM,GLOVE900LR
GLOVE505RM,GLOVE1100L
GLOVE505RM,GLOVE300BL
GLOVE505RM,GLOVEORIGPLUSL
GLOVE505RM,UIM2FL
GLOVE505RM,UPT2FL
SIMM150A,SIMM180
SIMM150A,SIMM140A
SIMM150A,312SIMM
SIMM150A,SIMM160A
SIMM150A,SIMM100A
SIMM150A,SIMM110A
SIMM150A,EECT400
SIMM150A,KRSC46HPBO
SIMM150A,ECHDD012A
SIMM150A,CTB8174
PDR5000AG,PTGR100
PDR5000AG,MG1250
PDR5000AG,PTGR110
PDR5000AG,PTR2505
PDR5000AG,PTC250
PDR5000AG,PTGR450
PDR5000AG,OXIM7B
PDR5000AG,PK50A
PDR5000AG,OXIM6B
PDR5000AG,AT4124
IM320,IM280
IM320,IM260
IM320,SIM320
IM320,IM240
IM320,IM300
IM320,KRSC46HPBO
IM320,ECHDD012A
IM320,CTB8174
IM320,PH3050BR
IM320,YA438B
KRA6210FPC,KRA2411PBO
KRA6210FPC,PBMP703A
KRA6210FPC,PH3050BR
KRA6210FPC,ATECH3FR300B
KRA6210FPC,ATECH2FR125B
KRA6210FPC,91ACP
KRA6210FPC,TMXK60
KRA6210FPC,96ACF
KRA6210FPC,SHD1R
KRA6210FPC,SGDP42IRBR
KRA6210FPJK,KRA2411PBO
KRA6210FPJK,PBMP703A
KRA6210FPJK,PH3050BR
KRA6210FPJK,ATECH3FR300B
KRA6210FPJK,ATECH2FR125B
KRA6210FPJK,FX1
KRA6210FPJK,SPBS18AR
KRA6210FPJK,FXK3
KRA6210FPJK,TMU8B
KRA6210FPJK,SIMM230
BJP1,BEXD10A
BJP1,TDTDM500B
BJP1,BOERM704
BJP1,PBMA5
BJP1,PBMMA5R
BJP1,LDT40
BJP1,PBMA5R
BJP1,SWR1A
BJP1,SVTS272A
BJP1,PH1050
BST103R,131A
BST103R,B3404B
BST103R,B1356E
BST103R,SPRG625R
BST103R,BT11
BST103R,CTB8174
BST103R,PH3050BR
BST103R,AT4135
BST103R,FB336
BST103R,EECT200
AWCGT25,AWCGT27
AWCGT25,SGD8BR
AWCGT25,SPBS12AR
AWCGT25,ATECH3FR300B
AWCGT25,TMXK2
AWCGT25,EECT400
AWCGT25,KRSC46HPBO
AWCGT25,ECHDD012A
AWCGT25,CTB8174
AWCGT25,PH3050BR
AWXL13-7/64,SGDP42IRBR
AWXL13-7/64,FHLF80A
AWXL13-7/64,PL400B
AWXL13-7/64,SGD6BR
AWXL13-7/64,FX1
AWXL13-7/64,EECT400
AWXL13-7/64,KRSC46HPBO
AWXL13-7/64,ECHDD012A
AWXL13-7/64,CTB8174
AWXL13-7/64,PH3050BR
BOERM12,BOERM12
BOERM12,SIM220
BOERM12,SIM300
BOERM12,BOERM14
BOERM12,BOERM17
BOERM12,BOERM10
BOERM12,BOERM8
BOERM12,BOERM19
BOERM12,EECT400
BOERM12,KRSC46HPBO
BP24B,UTV614A
BP24B,14V
BP24B,BF775C-A
BP24B,VGP12412
BP24B,UTV615A
BP24B,CTB8174
BP24B,PH3050BR
BP24B,BLP18HVLP
BP24B,AT425R
BP24B,VWB5B
TPGDL2000HD,SIM160A
TPGDL2000HD,SIM180A
TPGDL2000HD,SIM220
TPGDL2000HD,304IMX
TPGDL2000HD,OFWHD3KT
TPGDL2000HD,313SIMA
TPGDL2000HD,312SIMM
TPGDL2000HD,OFW4KT
TPGDL2000HD,SIM340
TPGDL2000HD,SIM380
UTV614A,BOER708
UTV614A,T72FOD
UTV614A,F80FOD
UTV614A,UTV615A
UTV614A,14V
UTV614A,BF775C-A
UTV614A,PK500A
UTV614A,AT118
UTV614A,BP24B
UTV614A,CTB8174
VSC4KT-1,SIMM190
VSC4KT-1,96ACF
VSC4KT-1,TMXK4
VSC4KT-1,GFAT1E
VSC4KT-1,PPC816B
VSC4KT-1,EECT400
VSC4KT-1,KRSC46HPBO
VSC4KT-1,ECHDD012A
VSC4KT-1,CTB8174
VSC4KT-1,PH3050BR
YA4250,YA4274A
YA4250,YA4275
YA4250,B260A
YA4250,YA4050B
YA4250,SRP2A
YA4250,AT4101
YA4250,ACT83A
YA4250,PG160
YA4250,TIF160
YA4250,TPGIF1600A
YA1050B,A159
YA1050B,ACT83A
YA1050B,PPC20LB
YA1050B,YA105013
YA1050B,OC5A
YA1050B,SW421
YA1050B,RXS605B
YA1050B,VGP12412
YA1050B,218AFP
YA1050B,OEX42B
YA109C,VGP12406
YA109C,SEPABODYADD
YA109C,SEPUAUTOBODYA
YA109C,GA243
YA109C,VGP12418
YA109C,VGP22418
YA109C,BLP15HVLP
YA109C,PK50A
YA109C,UTK100
YA109C,AT408
ECARN052,MAGMAT
ECARN052,SHP2KT
ECARN052,BTG8
ECARN052,SGA1711BR
ECARN052,SGA1710BR
ECARN052,SGA1712BR
ECARN052,PBN1
ECARN052,SGA174BR
ECARN052,SGA175BR
ECARN052,SGA1713B
ECF35,AW1013DK
ECF35,AD8C
ECF35,13ELECTBP14KIT
ECF35,30SSD
ECF35,AWEF6K
ECF35,SWM261
ECF35,SWM271
ECF35,AWMEF8K
ECF35,SWM251
ECF35,AWL1010DK
ECSPH271O-L,PWCS7ACF
ECSPH271O-L,SPBS8AR
ECSPH271O-L,SGASA204CR
ECSPH271O-L,ECSPH271G-L
ECSPH271O-L,ECPRA072
ECSPH271O-L,SH80A
ECSPH271O-L,SHL80A
ECSPH271O-L,CTB8174
ECSPH271O-L,FHLX80B
ECSPH271O-L,RTD48
AD6C,AD12C
AD6C,SWM301
AD6C,14V
AD6C,AD8C
AD6C,AD10C
AD6C,S9724RHS
AD6C,PPC905B
AD6C,PH3050BR
AD6C,RULER601
AD6C,KRA2407PBO
ATI590RGK-4X,OEX10B
ATI590RGK-4X,110STMDY
ATI590RGK-4X,SF261
ATI590RGK-4X,SW361
ATI590RGK-4X,SW321
ATI590RGK-4X,214SFY
ATI590RGK-4X,211FCOA
ATI590RGK-4X,SW341
ATI590RGK-4X,EECT400
ATI590RGK-4X,KRSC46HPBO
BLPPKTX5-T45,SPBS12AR
BLPPKTX5-T45,ATECH3FR300B
BLPPKTX5-T45,SIMM190
BLPPKTX5-T45,FXK3
BLPPKTX5-T45,91ACP
BLPPKTX5-T45,EECT400
BLPPKTX5-T45,KRSC46HPBO
BLPPKTX5-T45,ECHDD012A
BLPPKTX5-T45,CTB8174
BLPPKTX5-T45,PH3050BR
BLPPKTX5-T47,SHD1R
BLPPKTX5-T47,SIMM200
BLPPKTX5-T47,SIMM180
BLPPKTX5-T47,SGDP42IRBR
BLPPKTX5-T47,SIMM210
BLPPKTX5-T47,EECT400
BLPPKTX5-T47,KRSC46HPBO
BLPPKTX5-T47,ECHDD012A
BLPPKTX5-T47,CTB8174
BLPPKTX5-T47,PH3050BR
BLPT1425,BLPT1415
BLPT1425,BLPT1410
BLPT1425,BLPT148
BLPT1425,BLPT1427
BLPT1425,BLPT1420
BLPT1425,BLPT146
BLPT1425,EECT400
BLPT1425,KRSC46HPBO
BLPT1425,ECHDD012A
BLPT1425,CTB8174
BLPTL147,BLPTL1410
BLPTL147,BLPTL3840
BLPTL147,BLPTL1425
BLPTL147,BLPTL146
BLPTL147,BLPTL148
BLPTL147,BLPTL149
BLPTL147,BLPTL1427
BLPTL147,EECT400
BLPTL147,KRSC46HPBO
BLPTL147,ECHDD012A
BLPH1210,BLPH389
BLPH1210,BLPH38732
BLPH1210,BLPH388
BLPH1210,BLPHL145
BLPH1210,BLPHL146
BLPH1210,BLPHL387
BLPH1210,BLPHL3810
BLPH1210,BLPHL388
BLPH1210,EECT400
BLPH1210,KRSC46HPBO
BLPH1258,SRPCR4700
BLPH1258,SGD8BR
BLPH1258,BLPTHC87
BLPH1258,SPBS704AR
BLPH1258,96ACF
BLPH1258,EECT400
BLPH1258,KRSC46HPBO
BLPH1258,ECHDD012A
BLPH1258,CTB8174
BLPH1258,PH3050BR
BLPH1414,BLPH3838
BLPH1414,BLPH126
BLPH1414,BLPH124
BLPH1414,BLPH14732
BLPH1414,BLPH14964
BLPH1414,BLPH1418
BLPH1414,BLPH14316
BLPH1414,BLPH14532
BLPH1414,EECT400
BLPH1414,KRSC46HPBO
LIL81200,GSAF1F
LIL81200,GFAT1E
LIL81200,A2A
LIL81200,SRP3B
LIL81200,SRP400B
LIL81200,1206GS
LIL81200,GLAS1F
LIL81200,TA3
LIL81200,EECT400
LIL81200,KRSC46HPBO
GLOVEORIGPLUSL,GLOVE309L
GLOVEORIGPLUSL,GLOVE300BL
GLOVEORIGPLUSL,GLOVE1100L
GLOVEORIGPLUSL,SOSG01BKCL01
GLOVEORIGPLUSL,GLASS90BYEAR
GLOVEORIGPLUSL,HSPD16
GLOVEORIGPLUSL,SFSM21
GLOVEORIGPLUSL,OXIM6B
GLOVEORIGPLUSL,AWMBPH9
GLOVEORIGPLUSL,AWBPH13
SEPACTEST,SPBS18AR
SEPACTEST,SPBS12AR
SEPACTEST,SIMM150A
SEPACTEST,GFAT1E
SEPACTEST,BLPTHC87
SEPACTEST,TPGDL2000
SEPACTEST,KRSC46HPBO
SEPACTEST,ECHDD012A
SEPACTEST,CTB8174
SEPACTEST,PH3050BR
SGDP63IRBG,AWM110DHK
SGDP63IRBG,PK52A
SGDP63IRBG,OEXM7B
SGDP63IRBG,SGDP64IRBR
SGDP63IRBG,TPM16GRN
SGDP63IRBG,PPB826A
SGDP63IRBG,AT4124
SGDP63IRBG,SRP3A
SGDP63IRBG,212EFTAY
SGDP63IRBG,ACT73A
SEPHDSETAOBA,PT5C
SEPHDSETAOBA,FA12LE
SEPHDSETAOBA,KAC1224TCA
SEPHDSETAOBA,PPCD70BK
SEPHDSETAOBA,317MSPC
SEPHDSETAOBA,114ATMP
SEPHDSETAOBA,OEX709B
SEPHDSETAOBA,EECT400
SEPHDSETAOBA,KRSC46HPBO
SEPHDSETAOBA,ECHDD012A
SEPKCAMETPCA,SIMM240
SEPKCAMETPCA,SPBS704AR
SEPKCAMETPCA,FXK11
SEPKCAMETPCA,GFAT1E
SEPKCAMETPCA,SIMM170
SEPKCAMETPCA,EECT400
SEPKCAMETPCA,KRSC46HPBO
SEPKCAMETPCA,ECHDD012A
SEPKCAMETPCA,CTB8174
SEPKCAMETPCA,PH3050BR
SEPMG31KA,MG325
SEPMG31KA,214IMFMYA
SEPMG31KA,214SIMFMYA
SEPMG31KA,S6112
SEPMG31KA,B1467A
SEPMG31KA,S6110A
SEPMG31KA,S6111
SEPMG31KA,BT11
SEPMG31KA,EECT400
SEPMG31KA,KRSC46HPBO
SEPPMINP,GFAT1E
SEPPMINP,SPBS12AR
SEPPMINP,47ACF
SEPPMINP,96ACF
SEPPMINP,SPBS18AR
SEPPMINP,EECT400
SEPPMINP,KRSC46HPBO
SEPPMINP,ECHDD012A
SEPPMINP,CTB8174
SEPPMINP,PH3050BR
SEPPREENTRY,SGD8BR
SEPPREENTRY,PPC103A
SEPPREENTRY,PPC820B
SEPPREENTRY,SIMM200
SEPPREENTRY,SGDP31IRBR
SEPPREENTRY,EECT400
SEPPREENTRY,KRSC46HPBO
SEPPREENTRY,ECHDD012A
SEPPREENTRY,CTB8174
SEPPREENTRY,PH3050BR
SEPPREHDA,FXK3
SEPPREHDA,PPC820B
SEPPREHDA,SGASA204CR
SEPPREHDA,SIMM150A
SEPPREHDA,SIMM210
SEPPREHDA,EECT400
SEPPREHDA,KRSC46HPBO
SEPPREHDA,ECHDD012A
SEPPREHDA,CTB8174
SEPPREHDA,PH3050BR
SEPPROK1PCMA,SIMM220
SEPPROK1PCMA,PL400B
SEPPROK1PCMA,PPC4A
SEPPROK1PCMA,TMXK60
SEPPROK1PCMA,TMXK2
SEPPROK1PCMA,EECT400
SEPPROK1PCMA,KRSC46HPBO
SEPPROK1PCMA,ECHDD012A
SEPPROK1PCMA,CTB8174
SEPPROK1PCMA,PH3050BR
SEPU38TWA,SPBS704AR
SEPU38TWA,TA360
SEPU38TWA,QD2R100A
SEPU38TWA,QD3R250A
SEPU38TWA,QD1R200A
SEPU38TWA,GSAF1F
SEPU38TWA,F80
SEPU38TWA,EECT400
SEPU38TWA,KRSC46HPBO
SEPU38TWA,ECHDD012A
SNA-TBP14,13ELECTBP14KIT
SNA-TBP14,LBUK1
SNA-TBP14,GLOVE300BL
SNA-TBP14,R404
SNA-TBP14,ECHDG052
SNA-TBP14,TPMB25EM
SNA-TBP14,ECF35
SNA-TBP14,UTK100
SNA-TBP14,AWP120
SNA-TBP14,PWCS9ACF
SS5A,20SSD
SS5A,VO2628B
SS5A,VO1416B
SS5A,XS2024A
SS5A,TB40C
SS5A,XS1416A
SS5A,KRSC46HPBO
SS5A,ECHDD012A
SS5A,CTB8174
SS5A,PH3050BR
TB20AC,BF620C
TB20AC,SDMT25D
TB20AC,SDMT10D
TB20AC,VO806B
TB20AC,RULER600
TB20AC,EARPLUGBAND
TB20AC,ECPNG032
TB20AC,FB302A
TB20AC,SGDTX50BR
TB20AC,DS809K
OFC86-16,IMM170A
OFC86-16,IMM190
OFC86-16,SIMM170
OFC86-16,IMM180
OFC86-16,IMM210
OFC86-16,IMM240
OFC86-16,IMM160A
OFC86-16,IMM150A
OFC86-16,EECT400
OFC86-16,KRSC46HPBO
OFW4,BTC3A
OFW4,AW1020DK
OFW4,SWM301
OFW4,OFW3
OFW4,OFW1
OFW4,OFW2
OFW4,ITHE100
OFW4,SWM291
OFW4,PGP120
OFW4,MTTL300
PKRS1,FTX60E
PKRS1,GA243
PKRS1,HBBD8
PKRS1,RULER6
PKRS1,VGP12418
PKRS1,14V
PKRS1,ACT83A
PKRS1,DB121C
PKRS1,AT408
PKRS1,PDR3000A
PBMMA5,PBMMS5R
PBMMA5,PBMMB5R
PBMMA5,PBMA5R
PBMMA5,PBMMS5
PBMMA5,PBMMB5
PBMMA5,PBMMA5R
PBMMA5,PBMA5
PBMMA5,EECT400
PBMMA5,KRSC46HPBO
PBMMA5,ECHDD012A
PBMMB5G,PBMMA5O
PBMMB5G,PBMMS5R
PBMMB5G,PBMMB5R
PBMMB5G,PBMMS5G
PBMMB5G,PBMMA5G
PBMMB5G,PBMMB5O
PBMMB5G,PBMMS5O
PBMMB5G,ECHDD012A
PBMMB5G,CTB8174
PBMMB5G,PH3050BR
PK50A,BF775C-A
PK50A,14V
PK50A,DPT7A
PK50A,GA243
PK50A,OXIM7B
PK50A,BLP18HVLP
PK50A,AT425R
PK50A,PDR3000A
PK50A,VWB5B
PK50A,BLP15HVLP
PTIM5,PT5C
PTIM5,SGDMRC4-TM4
PTIM5,SGDMRC44B
PTIM5,F4LBK
PTIM5,RULER6
PTIM5,AT4124
PTIM5,OEX11B
PTIM5,PH3050BR
PTIM5,AT4135
PTIM5,ACT1290A
RBYAM605,RBYA605
RBYAM605,AT700F
RBYAM605,SR80A
RBYAM605,TECH3FR250
RBYAM605,FRW10
RBYAM605,XLE605
RBYAM605,PTR2505
RBYAM605,TIF160
RBYAM605,DBBPT13
RBYAM605,ECFD0102
R2022C,R810C
R2022C,R1011C
R2022C,R1618SC
R2022C,R2428C
R2022C,R2426C
R2022C,R2830C
R2022C,R1618C
R2022C,R1214C
R2022C,EECT400
R2022C,KRSC46HPBO
R2428C,R2428C
R2428C,R2426C
R2428C,R1011C
R2428C,R2022C
R2428C,R1618C
R2428C,R1214C
R2428C,R810C
R2428C,R2830C
R2428C,EECT400
R2428C,KRSC46HPBO
R2830C,TMUS181A
R2830C,106TMUSA
R2830C,TMUS141A
R2830C,R2426C
R2830C,R2022C
R2830C,R1618C
R2830C,R1214C
R2830C,R810C
R2830C,EECT400
R2830C,KRSC46HPBO
KACKMCFIBER1,MAGSTRIP
KACKMCFIBER1,MAGDISH
KACKMCFIBER1,MAGMAT
KACKMCFIBER1,KACKFLTCLNR
KACKMCFIBER1,MAGMICRO
KACKMCFIBER1,CLRPW75
KACKMCFIBER1,MAGMINI
KACKMCFIBER1,YA389A
KACKMCFIBER1,FZ4B
KACKMCFIBER1,UKBU10
US710,TMXK2
US710,SGASA204CR
US710,TMU8B
US710,PPC4A
US710,GFAT1E
US710,EECT400
US710,KRSC46HPBO
US710,ECHDD012A
US710,CTB8174
US710,PH3050BR
UTV617A,UTV616A
UTV617A,BLPXZNM389
UTV617A,BLPTORX1410
UTV617A,PBN500
UTV617A,QD1RN25B
UTV617A,YA1050B
UTV617A,AT109
UTV617A,CTS561BITSET
UTV617A,PTB32K
UTV617A,DBBPT13
VSC4KT,HCP10
VSC4KT,PWZ0A
VSC4KT,BTCP400
VSC4KT,ASTFUN19KIT
VSC4KT,TR108
VSC4KT,TDG2
VSC4KT,S61112
VSC4KT,QDTPMS
VSC4KT,LSR1500
VSC4KT,ACT73A
XDSG606K1,VGP104
XDSG606K1,A159
XDSG606K1,SGDXL80BR
XDSG606K1,VGP12808
XDSG606K1,VGP12418
XDSG606K1,VGP12412
XDSG606K1,VGP12406
XDSG606K1,PKB52A
XDSG606K1,EECT400
XDSG606K1,KRSC46HPBO
