item_sku,rec_sku
TMMS7,TMMS5
TMMS7,TMMS6
TMMS7,TMMS9
TMMS7,TMMS5.5
TMMS7,TMMS11
TMMS7,TMS16
TMMS7,TMS14
TMMS7,TMS12
TMMS7,TMS11
TMMS7,TMS10
FTX40E,FTX27E
FTX40E,FTX30E
FTX40E,FTX47E
FTX40E,FTX55E
FTX40E,TTX8E
FTX40E,FTX45E
FTX40E,FTX50E
FTX40E,TTX10E
FTX40E,TTX15E
FTX40E,FBSM325
HBBD16,222SFFSFR
HBBD16,TD1040A
HBBD16,TDM100A
HBBD16,UPT35R
HBBD16,224SFFSMFR
HBBD16,PK52A
HBBD16,PPB826A
HBBD16,DB121C
HBBD16,YA249
HBBD16,TPMA25EM
STMM5.5,STMM9
STMM5.5,STMM6
STMM5.5,STMM14
STMM5.5,STMM11
STMM5.5,STMM12
STMM5.5,STMM5
STMM5.5,STM16
STMM5.5,STM14
STMM5.5,STM12
STMM5.5,STM11
AWTEFTP11K,SPBS704AR
AWTEFTP11K,BLPTHC87
AWTEFTP11K,TMXK2
AWTEFTP11K,T72
AWTEFTP11K,SIMM170
AWTEFTP11K,EECT400
AWTEFTP11K,KRSC46HPBO
AWTEFTP11K,ECHDD012A
AWTEFTP11K,CTB8174
AWTEFTP11K,PH3050BR
TPMB25,BHS7A
TPMB25,340SSDP
TPMB25,FBBA325
TPMB25,10SSD
TPMB25,ECPNG032R
TPMB25,222AFSP
TPMB25,OFW3
TPMB25,SN25A
TPMB25,FB303B
TPMB25,SWM111A
TMR4R,YA249
TMR4R,2004BSKA
TMR4R,BTC10
TMR4R,208CCP
TMR4R,BTC3A
TMR4R,PK53A
TMR4R,TMS4E
TMR4R,AT4101
TMR4R,FX18
TMR4R,FX24A
TMXM114,TMC109A
TMXM114,CTNN13KF
TMXM114,TMBS8A
TMXM114,GMB3042
TMXM114,PBMB5R
TMXM114,PBMS5R
TMXM114,TMUS81A
TMXM114,TMUS121A
TMXM114,CTB8174
TMXM114,TMUS101A
IPDLM17A,IPSM21
IPDLM17A,IPSM18
IPDLM17A,IPSM15
IPDLM17A,IPLM22C
IPDLM17A,IPL38C
IPDLM17A,IPTMM8A
IPDLM17A,IPTMM15A
IPDLM17A,IPTMM12A
IPDLM17A,IPTMM13A
IPDLM17A,IPTMM14A
R404,AD8B
R404,R1618SC
R404,AWMG9-7
R404,SEPPT850KA
R404,TF275A
R404,TC15A
R404,BTC10
R404,CJ92
R404,ACT413A
R404,GA3645A
SR80A,AB3042
SR80A,BLP7
SR80A,CT861K2
SR80A,CTS561BITXL
SR80A,EEDM604F
SR80A,FSM201
SR80A,FSM211
SR80A,FSM221
SR80A,IMM320
SR80A,KDT3729
SFSM11,SFSM9
SFSM11,SFSM16
SFSM11,SFSM18
SFSM11,SFSM19
SFSM11,SFSM17
SFSM11,SFS101
SFSM11,SFS081
SFSM11,SGA173BG
SFSM11,UPT35R
SFSM11,FADH12B
SGA173BR,SGA1711BR
SGA173BR,SGA1712BR
SGA173BR,SGA1710BR
SGA173BR,SGA174BR
SGA173BR,SGA175BR
SGA173BR,FLX80B
SGA173BR,PH3050BR
SGA173BR,EC-USB-C-3A
SGA173BR,KRA2007FPBO
SGA173BR,TPM16
313TWYA,BHS7A
313TWYA,TWM31
313TWYA,TWM29
313TWYA,313TSYA
313TWYA,TS121A
313TWYA,TS141A
313TWYA,TS161A
313TWYA,TS181A
313TWYA,TS201
313TWYA,TS221
FHR80G,THR72
FHR80G,SH80A
FHR80G,FHOF80A
FHR80G,THL72
FHR80G,THRLX72
FHR80G,FSS241
FHR80G,FSS221
FHR80G,FSS201
FHR80G,FSS101
FHR80G,FSS081
F80,FLX80B
F80,FXWP1
F80,FXWP6
F80,EC-USB-C-3A
F80,AWM110DHK
F80,206EAU
F80,317MSPC
F80,317AMMPC
F80,PK53A
F80,PH3050BR
SIMM170,SIMM250
SIMM170,SIMM270
SIMM170,SIMM160A
SIMM170,SIMM130A
SIMM170,SIMM150A
SIMM170,SIMM110A
SIMM170,SIMM100A
SIMM170,ECHDD012A
SIMM170,CTB8174
SIMM170,PH3050BR
SHD4O,SHD8R
SHD4O,SHDP31IRR
SHD4O,SHD2R
SHD4O,SHD6R
SHD4O,SHDP42IRR
SHD4O,SHDP63IRR
SHD4O,PG160
SHD4O,ECFB200BL
SHD4O,S9706KMAG
SHD4O,SHDP22IRR
SGD6BG,SGD2BR
SGD6BG,SGDP31IRBR
SGD6BG,SGDP42IRBR
SGD6BG,SGDP63IRBR
SGD6BG,SGD8BR
SGD6BG,MTTL300
SGD6BG,ACT83A
SGD6BG,SHDP22IRR
SGD6BG,FB303B
SGD6BG,SEPIMMSIMM
FM10,FM8
FM10,FM9
FM10,FM11
FM10,FM16
FM10,FM19
FM10,FM18
FM10,FM15
FM10,SFM12
FM10,SFM11
FM10,SFM10
AWBMXL9,AWBXL13
AWBMXL9,AWBPH13
AWBMXL9,317MPC
AWBMXL9,BHS13A
AWBMXL9,205IPF
AWBMXL9,SFS121
AWBMXL9,FB316B
AWBMXL9,SW121A
AWBMXL9,MAGDISH
AWBMXL9,JT13B
CGRS865K2,CTB8174
CGRS865K2,LN47ACF
CGRS865K2,SPBS704AR
CGRS865K2,SGD4BR
CGRS865K2,SPBS8AR
CGRS865K2,FXK6
CGRS865K2,91ACP
CGRS865K2,SPBS12AR
CGRS865K2,ATECH3FR300B
CGRS865K2,SPBS18AR
KAC1224TCA,ADHW8A
KAC1224TCA,AEM444
KAC1224TCA,AEM5530
KAC1224TCA,AEM6530
KAC1224TCA,AN850811B
KAC1224TCA,HDM1236
KAC1224TCA,LP10WC
KAC1224TCA,S7100
KAC1224TCA,VO3234B
KAC1224TCA,XO2022
FTA35,STA35
FTA35,TTA35
FTA35,SRES28
FTA35,208FRDH
FTA35,FRDH101
FTA35,FRDH121
FTA35,FRDH201
FTA35,FRDH221
FTA35,FRDH141
FTA35,FRDH161
GLASS50R,222SFFSFR
GLASS50R,TD1040A
GLASS50R,TDM100A
GLASS50R,224SFFSMFR
GLASS50R,340SSDP
GLASS50R,AT4124
GLASS50R,10SSD
GLASS50R,PK52A
GLASS50R,AT4135
GLASS50R,ACT1290A
SHDX80G,AWM110DHK
SHDX80G,TPMB10
SHDX80G,TPM16
SHDX80G,AC5C
SHDX80G,EC-USB-C-3A
SHDX80G,2004BSKA
SHDX80G,FB360C
SHDX80G,KRA2007FPBO
SHDX80G,PK53A
SHDX80G,MAGML300L-S2016
VO806B,CTTOTEAO
VO806B,KRA4059FPBO
VO806B,SWM291
VO806B,107ATMPB
VO806B,SWM281
VO806B,TPMA10
VO806B,SWM301
VO806B,ST50A
VO806B,PT5CBL
VO806B,RULER600
PTGR110,PTGR100
PTGR110,PTC250
PTGR110,PDR3000A
PTGR110,PTGR450
PTGR110,307ESAY
PTGR110,SA10E
PTGR110,SA12E
PTGR110,SA14E
PTGR110,SA18E
PTGR110,SA20E
TW181A,TW121A
TW181A,TW161A
TW181A,TW201
TW181A,TW221
TW181A,TW241
TW181A,TS201
TW181A,TS181A
TW181A,TS161A
TW181A,TS141A
TW181A,TS121A
TA27,SPBS12AR
TA27,ATECH2FR125B
TA27,SRPCR3800
TA27,PPC105LA
TA27,PPC4A
TA27,SPBS24AR
TA27,SPBS8AR
TA27,SIMM180
TA27,PPC103A
TA27,SGASA204CR
F80MP,TRSLF72
F80MP,FZ80
F80MP,RAF80A
F80MP,FRW10
F80MP,TXM72
F80MP,RTM5
F80MP,RTM13
F80MP,RTM12
F80MP,RTM11
F80MP,RTM10
KRA2422PWZ,KRWT2411
KRA2422PWZ,KWSN2455AST
KRA2422PWZ,SRPCR4700O
KRA2422PWZ,SEPAMTSET
KRA2422PWZ,KWSP2455ABL
KRA2422PWZ,PG160
KRA2422PWZ,EFPHANNIBALB
KRA2422PWZ,UPT35R
KRA2422PWZ,ACT1370
KRA2422PWZ,SEPPREHD
FM18,FM8
FM18,FM9
FM18,FM16
FM18,FM11
FM18,FM19
FM18,FM15
FM18,FM17
FM18,SFM12
FM18,SFM11
FM18,SFM10
CSSD1G,CSSD50R
CSSD1G,PKWSS53A
CSSD1G,CSA14CR
CSSD1G,PKNC300
CSSD1G,FB307RNB
CSSD1G,SGAS102BG
CSSD1G,SGAS1713BG
CSSD1G,SGAS1714BG
CSSD1G,SVTS264
CSSD1G,FB336
AWCGT7,SGD6BR
AWCGT7,SIMM240
AWCGT7,SIMM150A
AWCGT7,F80
AWCGT7,PPC4A
AWCGT7,EECT400
AWCGT7,KRSC46HPBO
AWCGT7,ECHDD012A
AWCGT7,CTB8174
AWCGT7,PH3050BR
BRHC2PK,YA832A
BRHC2PK,S6111
BRHC2PK,BCS70A
BRHC2PK,ACT407
BRHC2PK,ECUHD218
BRHC2PK,BTCP400
BRHC2PK,PBFT50R
BRHC2PK,S6112
BRHC2PK,EEBC30A12V
BRHC2PK,MAGMAT
FMAS,PPC205A
FMAS,SIMM240
FMAS,T72
FMAS,SHD4R
FMAS,SPBS18AR
FMAS,EECT400
FMAS,KRSC46HPBO
FMAS,ECHDD012A
FMAS,CTB8174
FMAS,PH3050BR
TMA4E,5CF
TMA4E,ASG185BR
TMA4E,ATECHMS80M
TMA4E,CCY21508
TMA4E,DANTG70
TMA4E,FSNSS-508-BO
TMA4E,JHW30012
TMA4E,KNX8111250
TMA4E,KNX8603125
TMA4E,KNX8603150
BB9008KIT,A2A
BB9008KIT,91ACP
BB9008KIT,TMXK2
BB9008KIT,SIMM180
BB9008KIT,SIMM240
BB9008KIT,SPBS12AR
BB9008KIT,FXK6
BB9008KIT,SHD1R
BB9008KIT,BLPTHC87
BB9008KIT,FX1
A3042,A3046
A3042,CAL6EBR
A3042,BTK7A
A3042,B1458C
A3042,B1467A
A3042,S6112
A3042,CTQ838DB
A3042,CTS561BITSET
A3042,SEPIMMSIMM
A3042,BTG8
CTR817GK2,PPC4A
CTR817GK2,PPC103A
CTR817GK2,FXK11
CTR817GK2,F80
CTR817GK2,TMU8B
CTR817GK2,SIMM200
CTR817GK2,SRPCR3800
CTR817GK2,SGDP42IRBR
CTR817GK2,SHD1R
CTR817GK2,T72
F081,F261
F081,F281
F081,F101
F081,XS2024A
F081,F221
F081,ECHDD012A
F081,CTB8174
F081,PH3050BR
F081,ASG185BR
F081,5CF
210FRXM,BTCP2SA
210FRXM,PBMP703A
210FRXM,VS26B
210FRXM,VS28B
210FRXM,VS30B
210FRXM,VS32B
210FRXM,VS34B
210FRXM,VS36B
210FRXM,VS40B
210FRXM,VS814A
QD1R200A,R1618SC
QD1R200A,BPPC1878
QD1R200A,QD2R1000A
QD1R200A,RTEMPB7
QD1R200A,GA3645A
QD1R200A,SS5A
QD1R200A,RC980
QD1R200A,SEPU38TW
QD1R200A,310SIMMADDON
QD1R200A,EEPV503
TNF72,TZERO
TNF72,TN72
TNF72,TMR4
TNF72,BLPBTWKIT
TNF72,TX72
TNF72,XO1214
TNF72,XO1618
TNF72,XO1820
TNF72,XO2226
TNF72,XO2428
QD2RN100A,QD1RN25B
QD2RN100A,QD3RN350A
QD2RN100A,EEPV503
QD2RN100A,FAMXS10E
QD2RN100A,FAMXS7E
QD2RN100A,FAMXS8E
QD2RN100A,FAMXS9E
QD2RN100A,TMAMXS3E
QD2RN100A,TMAMXS4E
QD2RN100A,TMAMXS5E
PL5ESWIRESTRIP,PTM30
PL5ESWIRESTRIP,SGTT110B
PL5ESWIRESTRIP,SGTT8B
PL5ESWIRESTRIP,SGTT9B
PL5ESWIRESTRIP,SGTT1B
PL5ESWIRESTRIP,OXIM11B
PL5ESWIRESTRIP,OXIM10B
PL5ESWIRESTRIP,AT2050
PL5ESWIRESTRIP,YA1175KIT
PL5ESWIRESTRIP,JCW62R
TW361,TW121A
TW361,TW201
TW361,TW221
TW361,TW261
TW361,TW141A
TW361,TS201
TW361,TS181A
TW361,TS161A
TW361,TS141A
TW361,TS121A
KRSC4130PBO,TMU8B
KRSC4130PBO,GFAT1E
KRSC4130PBO,ATECH2FR125B
KRSC4130PBO,SIMM170
KRSC4130PBO,BLPTHC87
KRSC4130PBO,SPBS24AR
KRSC4130PBO,SIMM240
KRSC4130PBO,SPBS8AR
KRSC4130PBO,SRPCR3800
KRSC4130PBO,FXK3
314SCOA,IPL38C
314SCOA,312IPL
314SCOA,IPL26C
314SCOA,IPL32C
314SCOA,IPL16C
314SCOA,FCOM14A
314SCOA,FCOM10A
314SCOA,FCOM11A
314SCOA,FCOM12A
314SCOA,FCOM13A
VWB4B,AWM12D
VWB4B,14V
VWB4B,AT425R
VWB4B,BF775C-A
VWB4B,BLP18HVLP
VWB4B,PK50A
VWB4B,TPMA25EM
VWB4B,DB121C
VWB4B,OEXM9B
VWB4B,OEXM8B
SGDX40BR,RBM1011SC
SGDX40BR,PKWLR53A
SGDX40BR,RTEMPB7
SGDX40BR,SS5A
SGDX40BR,TW461
SGDX40BR,RC980
SGDX40BR,CAL6EA
SGDX40BR,TB10A
SGDX40BR,MTTL300
SGDX40BR,EEPV503
FHLL80,THLL72
FHLL80,SHLL80A
FHLL80,FHL80
FHLL80,SHL80A
FHLL80,FHBF80A
FHLL80,OEXLM14B
FHLL80,OEXLM13B
FHLL80,OEXLM12B
FHLL80,OEXLM11B
FHLL80,OEXLM10B
TMMS8,TMMS5
TMMS8,TMMS6
TMMS8,TMMS5.5
TMMS8,TMMS9
TMMS8,TMMS7
TMMS8,TMS16
TMMS8,TMS14
TMMS8,TMS12
TMMS8,TMS11
TMMS8,TMS10
SRPCR107,PPC715BK
SRPCR107,PWZ4
SRPCR107,SRP2A
SRPCR107,BDGPL300HG
SRPCR107,SRP1C
SRPCR107,SRP2B
SRPCR107,SRP400B
SRPCR107,SRP5C
SRPCR107,PPC824C
SRPCR107,PPC112
FHNF100,SIMM220
FHNF100,FXK3
FHNF100,TMXK60
FHNF100,PPC106LA
FHNF100,SPBS24AR
FHNF100,EECT400
FHNF100,KRSC46HPBO
FHNF100,ECHDD012A
FHNF100,CTB8174
FHNF100,PH3050BR
14V12,BF775C-A
14V12,6T
14V12,8MA
14V12,SGHF614BR
14V12,SGHF615BR
14V12,SGHBF500A
14V12,SGHF616BR
14V12,8R
14V12,10MA
14V12,PH3050BR
EEJP1224,312IMMS
EEJP1224,IMMS150
EEJP1224,IMMS160
EEJP1224,IMMS170
EEJP1224,IMMS180
EEJP1224,IMMS190
EEJP1224,IMMS200
EEJP1224,IMMS210
EEJP1224,IMMS220
EEJP1224,IMMS230
AWS13-8,ATECH3FR300B
AWS13-8,SIMM180
AWS13-8,SGD4BR
AWS13-8,96ACF
AWS13-8,BLPTHC87
AWS13-8,EECT400
AWS13-8,KRSC46HPBO
AWS13-8,ECHDD012A
AWS13-8,CTB8174
AWS13-8,PH3050BR
110TMY,BHS7A
110TMY,110STMY
110TMY,PG160
110TMY,EFPHANNIBALB
110TMY,STM11
110TMY,STM12
110TMY,STM14
110TMY,STM16
110TMY,STM18
110TMY,STM6
YA4608,FU8A
YA4608,SPBS8AR
YA4608,PL400B
YA4608,PPC4A
YA4608,SIMM240
YA4608,SPBS24AR
YA4608,A2A
YA4608,SPBS18AR
YA4608,PPC105LA
YA4608,F80
212IMFYA,210IMFSYA
212IMFYA,IMFS10A
212IMFYA,IMFS12A
212IMFYA,IMFS14A
212IMFYA,IMFS16
212IMFYA,IMFS18
212IMFYA,IMFS20
212IMFYA,IMFS22
212IMFYA,IMFS24
212IMFYA,IMFS26
HBFE48G,UPT35R
HBFE48G,GA3645A
HBFE48G,HBFE24
HBFE48G,PPB826A
HBFE48G,SR40K
HBFE48G,HBFE32
HBFE48G,PK52A
HBFE48G,DB129C
HBFE48G,FBBA325
HBFE48G,TR107AR
SGDEP20ESD,5CF
SGDEP20ESD,ASG185BR
SGDEP20ESD,ATECHMS80M
SGDEP20ESD,CCY21508
SGDEP20ESD,DANTG70
SGDEP20ESD,FSNSS-508-BO
SGDEP20ESD,JHW30012
SGDEP20ESD,KNX8111250
SGDEP20ESD,KNX8603125
SGDEP20ESD,KNX8603150
PBMB5G,PBMS5R
PBMB5G,PBMA5R
PBMB5G,PBMA5G
PBMB5G,PBMMA5G
PBMB5G,PBMA5
PBMB5G,RULER601
PBMB5G,FB336
PBMB5G,KAPL10RD
PBMB5G,ECHDF042
PBMB5G,ECPNH012
KRSC326FPJJ,AD10B
KRSC326FPJJ,9100GSM
KRSC326FPJJ,SEPHDSETAOB
KRSC326FPJJ,FA12LE
KRSC326FPJJ,FRX181
KRSC326FPJJ,GF22
KRSC326FPJJ,KAC1224TCA
KRSC326FPJJ,HD6529
KRSC326FPJJ,SEPIMMSIMM
KRSC326FPJJ,TW481
PCSG816,PCSG820
PCSG816,PPSG106
PCSG816,PPSG205
PCSG816,PPSG203
PCSG816,PPSG4
PCSG816,ECHDD012A
PCSG816,CTB8174
PCSG816,PH3050BR
PCSG816,TMXK80
PCSG816,SGDMRC4-80
9100GSO,FA12LE
9100GSO,KAC1224TCA
9100GSO,GF22
9100GSO,FRX181
9100GSO,HD6529
9100GSO,FABL6E
9100GSO,FABL5E
9100GSO,FABL12E
9100GSO,FABL10E
9100GSO,SEPHDSETAOB
SGDMRC108A,DPT7A
SGDMRC108A,S6103A
SGDMRC108A,S9538A
SGDMRC108A,S9614A
SGDMRC108A,14V
SGDMRC108A,PH3050BR
SGDMRC108A,OC5A
SGDMRC108A,TPMA25EM
SGDMRC108A,PDR3000A
SGDMRC108A,KRA2407PBO
CSA8CR,TPMB10
CSA8CR,FLX80B
CSA8CR,FA12LE
CSA8CR,SEPHDSETAOB
CSA8CR,317MSPC
CSA8CR,PRH57A
CSA8CR,AC5C
CSA8CR,GF22
CSA8CR,EC-USB-C-3A
CSA8CR,MAGML300L-S2016
AWBMCG1602,SGD4BR
AWBMCG1602,TMXK4
AWBMCG1602,SPBS704AR
AWBMCG1602,SIMM210
AWBMCG1602,FU8A
AWBMCG1602,EECT400
AWBMCG1602,KRSC46HPBO
AWBMCG1602,ECHDD012A
AWBMCG1602,CTB8174
AWBMCG1602,PH3050BR
XS67A,XS2024A
XS67A,XS1012A
XS67A,XS1416A
XS67A,XS1820A
XS67A,XS1618A
XS67A,EECT400
XS67A,KRSC46HPBO
XS67A,ECHDD012A
XS67A,CTB8174
XS67A,PH3050BR
EECT400BL,GA236C
EECT400BL,SPBS24A
EECT400BL,AWM110DHK
EECT400BL,TPM16
EECT400BL,AC5C
EECT400BL,EC-USB-C-3A
EECT400BL,2004BSKA
EECT400BL,KRA2007FPBO
EECT400BL,FB360C
EECT400BL,OC5A
EECT400O,GA236C
EECT400O,SPBS24A
EECT400O,AWM110DHK
EECT400O,TPM16
EECT400O,AC5C
EECT400O,EC-USB-C-3A
EECT400O,2004BSKA
EECT400O,KRA2007FPBO
EECT400O,FB360C
EECT400O,OC5A
AWMG9-3,SGD2BR
AWMG9-3,A2A
AWMG9-3,ATECH2FR125B
AWMG9-3,GFAT1E
AWMG9-3,FXK11
AWMG9-3,EECT400
AWMG9-3,KRSC46HPBO
AWMG9-3,ECHDD012A
AWMG9-3,CTB8174
AWMG9-3,PH3050BR
PKN4,PPC4A
PKN4,SIMM170
PKN4,GFAT1E
PKN4,PPC106LA
PKN4,SGD2BR
PKN4,EECT400
PKN4,KRSC46HPBO
PKN4,ECHDD012A
PKN4,CTB8174
PKN4,PH3050BR
KRA4114FPBO,KRA4107FPBO
KRA4114FPBO,KRA4813FPBO
KRA4114FPBO,F12LB
KRA4114FPBO,206AFXW
KRA4114FPBO,SGDX60BR
KRA4114FPBO,112TMMY
KRA4114FPBO,HBBD24
KRA4114FPBO,F80
KRA4114FPBO,T72
KRA4114FPBO,PL400B
PBN11,PBN10
PBN11,PPC103A
PBN11,SPBS704AR
PBN11,SGDP31IRBR
PBN11,SIMM210
PBN11,EECT400
PBN11,KRSC46HPBO
PBN11,ECHDD012A
PBN11,CTB8174
PBN11,PH3050BR
PBN12,TWM17
PBN12,TWM18
PBN12,TMMDS10
PBN12,TWM21
PBN12,TWM23
PBN12,EECT400
PBN12,KRSC46HPBO
PBN12,ECHDD012A
PBN12,CTB8174
PBN12,PH3050BR
AWCGT40,AWCGT45
AWCGT40,AWCGT30
AWCGT40,AWCGT27
AWCGT40,AWCGT500
AWCGT40,AWCG1600B
AWCGT40,EECT400
AWCGT40,KRSC46HPBO
AWCGT40,ECHDD012A
AWCGT40,CTB8174
AWCGT40,PH3050BR
AWMXL10-2,PL400B
AWMXL10-2,SGD4BR
AWMXL10-2,GFAT1E
AWMXL10-2,47ACF
AWMXL10-2,91ACP
AWMXL10-2,EECT400
AWMXL10-2,KRSC46HPBO
AWMXL10-2,ECHDD012A
AWMXL10-2,CTB8174
AWMXL10-2,PH3050BR
KRA4008FPBO,OEXM80B
KRA4008FPBO,S9704KA
KRA4008FPBO,FS221
KRA4008FPBO,FS241
KRA4008FPBO,FS121
KRA4008FPBO,FS141
KRA4008FPBO,FS181
KRA4008FPBO,FS201
KRA4008FPBO,SFS121
KRA4008FPBO,SFS141
KRA4008FPCM,OEXM80B
KRA4008FPCM,S9704KA
KRA4008FPCM,FS221
KRA4008FPCM,FS241
KRA4008FPCM,FS121
KRA4008FPCM,FS141
KRA4008FPCM,FS181
KRA4008FPCM,FS201
KRA4008FPCM,SFS121
KRA4008FPCM,SFS141
CTGR-CW50,SPBS18AR
CTGR-CW50,PPC4A
CTGR-CW50,SGD2BR
CTGR-CW50,SGDX80BR
CTGR-CW50,A2A
CTGR-CW50,PPC106LA
CTGR-CW50,SGD8BR
CTGR-CW50,SIMM170
CTGR-CW50,96ACF
CTGR-CW50,TMXK4
317MPC,R1618SC
317MPC,GA3645A
317MPC,218AFP
317MPC,FB307D
317MPC,SW421
317MPC,222SFFSFR
317MPC,SEPPROCORE1A
317MPC,TD1040A
317MPC,TDM100A
317MPC,AT4124
218AFP,GA3645
218AFP,R1618SC
218AFP,GA3645A
218AFP,FB307D
218AFP,317MPC
218AFP,SW421
218AFP,AWM140DK
218AFP,SRP3A
218AFP,FS14B
218AFP,ACT413A
BTK5,SGA173BO
BTK5,YA249
BTK5,PKNC125C2
BTK5,FB303B
BTK5,BTC10
BTK5,TF5A
BTK5,208CCP
BTK5,2004BSKA
BTK5,FADH12B
BTK5,AC5C
SL80A,AWEF6K
SL80A,218AFSP
SL80A,AWMEF8K
SL80A,PKNC200
SL80A,SGA173BO
SL80A,SWM261
SL80A,TMMD14
SL80A,TR107AR
SL80A,TMMD13
SL80A,TB10A
KRSC2460POT7,LP404
KRSC2460POT7,SPBS704AR
KRSC2460POT7,PL400B
KRSC2460POT7,SPBS24AR
KRSC2460POT7,SPBS8AR
KRSC2460POT7,SPBS12AR
KRSC2460POT7,SPBS18AR
KRSC2460POT7,87BCF
KRSC2460POT7,47ACF
KRSC2460POT7,SGASA204CR
TMXK60,TMXK80
TMXK60,XS2024A
TMXK60,XS1416A
TMXK60,XS1820A
TMXK60,XS1618A
TMXK60,XS1012A
TMXK60,KRSC46HPBO
TMXK60,ECHDD012A
TMXK60,CTB8174
TMXK60,PH3050BR
206ESSPKPLG2,AT5500
206ESSPKPLG2,OFSKIT
206ESSPKPLG2,A129
206ESSPKPLG2,A106
206ESSPKPLG2,A127
206ESSPKPLG2,S3624
206ESSPKPLG2,RTSM13
206ESSPKPLG2,RTSM12
206ESSPKPLG2,RTSM11
206ESSPKPLG2,RTSM10
TMMD11,TMMD13
TMMD11,TMMD14
TMMD11,TMMD12
TMMD11,TMMD5
TMMD11,TMMD9
TMMD11,TMMD6
TMMD11,TMMD5.5
TMMD11,STMMD12
TMMD11,STMMD11
TMMD11,STMMD10
TMU141A,5CF
TMU141A,ASG185BR
TMU141A,ATECHMS80M
TMU141A,CCY21508
TMU141A,DANTG70
TMU141A,FSNSS-508-BO
TMU141A,JHW30012
TMU141A,KNX8111250
TMU141A,KNX8603125
TMU141A,KNX8603150
SLX80A,UPT35G
SLX80A,UIM225GR
SLX80A,309SIMYA
SLX80A,SRPCR105G
SLX80A,MG725AG
SLX80A,SGA173BG
SLX80A,RTEMPB7
SLX80A,SS5A
SLX80A,IM220
SLX80A,IM120A
SW201,SW121A
SW201,SW141A
SW201,SW221
SW201,SW261
SW201,SW241
SW201,SW181A
SW201,S141A
SW201,S121A
SW201,FB322
SW201,FB307D
TL72,112RTA
TL72,WTRW9K
TL72,BTWSMPK
TL72,110ETMAY
TL72,XO605
TL72,UIM225RD
TL72,214SFY
TL72,PPB30AK
TL72,TR107AR
TL72,FLX80B
91ACP,KAPL10RD
91ACP,96ACF
91ACP,87BCF
91ACP,AWM110DHK
91ACP,317MSPC
91ACP,FA12LE
91ACP,AC5C
91ACP,TPM16EM
91ACP,FB360C
91ACP,MAGML300L-S2016
PALMRAT,GM3046
PALMRAT,FZ80
PALMRAT,EEDMDVA
PALMRAT,STX70E
PALMRAT,PLRK30
PALMRAT,HD6529
PALMRAT,AWBSGM800A
PALMRAT,XLE1820
PALMRAT,XLE1416
PALMRAT,XLE1012A
FHR80,THR72
FHR80,SH80A
FHR80,FHOF80A
FHR80,THL72
FHR80,THRLX72
FHR80,FSS241
FHR80,FSS221
FHR80,FSS201
FHR80,FSS101
FHR80,FSS081
112TMMDSY,224SFFSMFR
112TMMDSY,BCS70A
112TMMDSY,OEXM707B
112TMMDSY,111STMMDY
112TMMDSY,STMMD10
112TMMDSY,STMMD11
112TMMDSY,STMMD12
112TMMDSY,STMMD13
112TMMDSY,STMMD14
112TMMDSY,STMMD5
SFSM21,AB3042
SFSM21,BLP7
SFSM21,CT861K2
SFSM21,CTS561BITXL
SFSM21,EEDM604F
SFSM21,FSM201
SFSM21,FSM211
SFSM21,FSM221
SFSM21,IMM320
SFSM21,KDT3729
AWTR8-2,SPBS8AR
AWTR8-2,SIMM220
AWTR8-2,SIMM150A
AWTR8-2,SGDP31IRBR
AWTR8-2,FX1
AWTR8-2,EECT400
AWTR8-2,KRSC46HPBO
AWTR8-2,ECHDD012A
AWTR8-2,CTB8174
AWTR8-2,PH3050BR
IPL16C,IPL26C
IPL16C,IPL32C
IPL16C,IPL34C
IPL16C,IPL38C
IPL16C,IPL22C
IPL16C,PH3050BR
IPL16C,IPF20C
IPL16C,IPF18C
IPL16C,IPF16C
IPL16C,IPF14C
ACTUVINJKTB,SRPCR4700
ACTUVINJKTB,ATECH2FR125B
ACTUVINJKTB,A2A
ACTUVINJKTB,TMU8B
ACTUVINJKTB,TMXK4
ACTUVINJKTB,91ACP
ACTUVINJKTB,SIMM160A
ACTUVINJKTB,SPBS12AR
ACTUVINJKTB,SGDP31IRBR
ACTUVINJKTB,SPBS18AR
SIM200,SIM220
SIM200,SIM160A
SIM200,SIM180A
SIM200,SIM320
SIM200,SIM300
SIM200,PH3050BR
SIM200,YA438B
SIM200,UPT35G
SIM200,UPT35R
SIM200,SRPCR4700O
SGDMRC4A,SGDMRC4-80
SGDMRC4A,SGDMRC1A
SGDMRC4A,SDMT15D
SGDMRC4A,SDM211B
SGDMRC4A,SDM221IRB
SGDMRC4A,SDM222IRB
SGDMRC4A,SDM400A
SGDMRC4A,SGDMRC4-TM4
SGDMRC4A,BTWSMPK
SGDMRC4A,SGDMRCE44
SGDEL10ESD,XS2024A
SGDEL10ESD,XS1416A
SGDEL10ESD,XS1820A
SGDEL10ESD,XS1012A
SGDEL10ESD,XS2226A
SGDEL10ESD,EECT400
SGDEL10ESD,KRSC46HPBO
SGDEL10ESD,ECHDD012A
SGDEL10ESD,CTB8174
SGDEL10ESD,PH3050BR
AWXL13-5/32,PPC105LA
AWXL13-5/32,SIMM180
AWXL13-5/32,ATECH2FR125B
AWXL13-5/32,FXK3
AWXL13-5/32,SGD4BR
AWXL13-5/32,EECT400
AWXL13-5/32,KRSC46HPBO
AWXL13-5/32,ECHDD012A
AWXL13-5/32,CTB8174
AWXL13-5/32,PH3050BR
OEX11B,5CF
OEX11B,ASG185BR
OEX11B,ATECHMS80M
OEX11B,CCY21508
OEX11B,DANTG70
OEX11B,FSNSS-508-BO
OEX11B,JHW30012
OEX11B,KNX8111250
OEX11B,KNX8603125
OEX11B,KNX8603150
PBN5,PBN1
PBN5,BLPHSM145
PBN5,BLPHSM148
PBN5,BLPHL3810
PBN5,BLPHL388
PBN5,PH3050BR
PBN5,XLE56
PBN5,XLE1820
PBN5,XLE1416
PBN5,XLE1012A
PBN15,PBN10
PBN15,PBN500
PBN15,SPBS8AR
PBN15,SPBS18AR
PBN15,SPBS24AR
PBN15,SG3ASACR
PBN15,SG3ASH45CR
PBN15,SG3ASH90CR
PBN15,SG3ASHCR
PBN15,PH3050BR
95ACF,SGCP1CR
95ACF,XDH810B
95ACF,FDS101
95ACF,FDS121
95ACF,FDS141
95ACF,FDS161
95ACF,FDS181
95ACF,FU12B
95ACF,FU14B
95ACF,XDH1214A
MAGDISHGR,MAGTRAY
MAGDISHGR,MAGMICRO
MAGDISHGR,MAGMINI
MAGDISHGR,MAGMAT
MAGDISHGR,MAGSTRIP
MAGDISHGR,PLRK21
MAGDISHGR,KAERNADD6RD
MAGDISHGR,KACKMCFIBER1
MAGDISHGR,PTM2
MAGDISHGR,UPT65
MAGDISHHV,MAGTRAY
MAGDISHHV,MAGMICRO
MAGDISHHV,MAGMINI
MAGDISHHV,MAGMAT
MAGDISHHV,MAGSTRIP
MAGDISHHV,PLRK21
MAGDISHHV,KAERNADD6RD
MAGDISHHV,KACKMCFIBER1
MAGDISHHV,PTM2
MAGDISHHV,UPT65
111TMMDY,111STMMDY
111TMMDY,STMMD10
111TMMDY,STMMD11
111TMMDY,STMMD12
111TMMDY,STMMD13
111TMMDY,STMMD14
111TMMDY,STMMD5
111TMMDY,STMMD5.5
111TMMDY,STMMD6
111TMMDY,STMMD7
HBBD8,AB3042
HBBD8,BLP7
HBBD8,CT861K2
HBBD8,CTS561BITXL
HBBD8,EEDM604F
HBBD8,FSM201
HBBD8,FSM211
HBBD8,FSM221
HBBD8,IMM320
HBBD8,KDT3729
TMX1,TMXK80
TMX1,TMXK110
TMX1,TMXK4
TMX1,TMXK60
TMX1,TMXK2
TMX1,206AFX
TMX1,TMA2E
TMX1,FX18
TMX1,FX24A
TMX1,SXK8
AWM7D,PL400B
AWM7D,SRPCR3800
AWM7D,FHLF80A
AWM7D,SIMM210
AWM7D,SPBS704AR
AWM7D,EECT400
AWM7D,KRSC46HPBO
AWM7D,ECHDD012A
AWM7D,CTB8174
AWM7D,PH3050BR
1210B,TWM31
1210B,TWM29
1210B,TWM28
1210B,311IMFSY
1210B,IMFS120
1210B,IMFS140
1210B,IMFS160
1210B,IMFS180
1210B,IMFS200
1210B,IMFS220
IPSM18,IPSM15
IPSM18,IPSM21
IPSM18,IPSM22
IPSM18,IPDLM13A
IPSM18,207IPSFM
IPSM18,IPSFM11A
IPSM18,KRSC46HPBO
IPSM18,ECHDD012A
IPSM18,CTB8174
IPSM18,PH3050BR
FB307RNB,AWM140DK
FB307RNB,GA3645A
FB307RNB,TF1127B
FB307RNB,TF1124B
FB307RNB,AT4124
FB307RNB,FB336
FB307RNB,AD12C
FB307RNB,PKNC300
FB307RNB,AT4135
FB307RNB,218AFP
212FMY,GA236C
212FMY,SPBS24A
212FMY,AWEF6K
212FMY,340SSDP
212FMY,TPM16EM
212FMY,218AFSP
212FMY,212SFMY
212FMY,SFM12
212FMY,SFM11
212FMY,SFM10
SRPCR105,SW421
SRPCR105,SPBS12A
SRPCR105,TR107AR
SRPCR105,TW461
SRPCR105,SRP3A
SRPCR105,GA296B
SRPCR105,BOERM712
SRPCR105,SGDP64IRBR
SRPCR105,MG725A
SRPCR105,310SIMMADDON
KRA2422PBO,KRWT2411
KRA2422PBO,KWSN2455AST
KRA2422PBO,SRPCR4700O
KRA2422PBO,SEPAMTSET
KRA2422PBO,KWSP2455ABL
KRA2422PBO,PG160
KRA2422PBO,EFPHANNIBALB
KRA2422PBO,UPT35R
KRA2422PBO,ACT1370
KRA2422PBO,SEPPREHD
PPC110A,PPC112
PPC110A,PPC824C
PPC110A,PPC828C
PPC110A,PPC210A
PPC110A,ADHW8A
PPC110A,AEM444
PPC110A,AEM5530
PPC110A,AEM6530
PPC110A,AN850811B
PPC110A,HDM1236
TWM26,TWM29
TWM26,TWM31
TWM26,TWM28
TWM26,TW461
TWM26,TWM25
TWM26,FS14B
TWM26,EFPHANNIBALB
TWM26,ACT413A
TWM26,GA3645A
TWM26,EEBM600
AW8D,AW4-1/2D
AW8D,AW4D
AW8D,AW6D
AW8D,AW7D
AW8D,AW12D
AW8D,TS161A
AW8D,TS141A
AW8D,TS121A
AW8D,RULER602
AW8D,GLASS30BK
AWS13-4,SHDP42IRR
AWS13-4,AWBCG1608
AWS13-4,AWBCG1612
AWS13-4,A2A
AWS13-4,SPBS8AR
AWS13-4,EECT400
AWS13-4,KRSC46HPBO
AWS13-4,ECHDD012A
AWS13-4,CTB8174
AWS13-4,PH3050BR
SPBS704AG,FLX80B
SPBS704AG,317AMMPC
SPBS704AG,UIM225
SPBS704AG,PK23A
SPBS704AG,UPT35
SPBS704AG,BTC7B
SPBS704AG,CTB8174
SPBS704AG,PH3050BR
SPBS704AG,DB129C
SPBS704AG,PL400BG
BF555,BLP13HVLP
BF555,BLP18HVLP
BF555,BLP14HVLP
BF555,PSO4625
BF555,PTGR110
BF555,208EPIT
BF555,F42E
BF555,F52E
BF555,F62E
BF555,FP42E
KCP1422POT,KWSP2455AST
KCP1422POT,KWSN2455ABL
KCP1422POT,KWSN2455AST
KCP1422POT,KWSP2455ABL
KCP1422POT,KRWT2411
KCP1422POT,UPT35R
KCP1422POT,SR40K
KCP1422POT,BTC7B
KCP1422POT,OXIM7B
KCP1422POT,AWMG9
OXIM8B,OXIM9B
OXIM8B,OXIM7B
OXIM8B,OXIM6B
OXIM8B,XB1214A
OXIM8B,XB1618A
OXIM8B,XB2022A
OXIM8B,XB2426A
OXIM8B,XB2830A
OXIM8B,XB605A
OXIM8B,XBM1012A
QDTPMS,FBM320
QDTPMS,BCS70A
QDTPMS,GLASS30BK
QDTPMS,FADH12B
QDTPMS,PGP120
QDTPMS,ECPNG032
QDTPMS,VSC4KT
QDTPMS,GA3200
QDTPMS,JCK8
QDTPMS,MTEE6
SGD4BG,59CF
SGD4BG,EECT110-AC
SGD4BG,HCLSB16
SGD4BG,HSG325
SGD4BG,SGDDP42IRBR
SGD4BG,TL900LA
SGD4BG,SGD6BR
SGD4BG,SGD2BR
SGD4BG,SGD8BR
SGD4BG,SGDP31IRBR
KRSC430APBO1,AD12B
KRSC430APBO1,S9704KMAG
KRSC430APBO1,OXIM6B
KRSC430APBO1,YA249
KRSC430APBO1,AWMBPH9
KRSC430APBO1,KRSC323PBO
KRSC430APBO1,STMM4
KRSC430APBO1,SEPPREMET
KRSC430APBO1,YA2019
KRSC430APBO1,SEPPREHD
IM120A,IM220
IM120A,IM140A
IM120A,IM160A
IM120A,IM180A
IM120A,IM320
IM120A,PH3050BR
IM120A,UIM225GR
IM120A,214SIMDFMYA
IM120A,YA438B
IM120A,UPT35G
FS121,FS081
FS121,FS101
FS121,FS261
FS121,FS281
FS121,FS241
FS121,FS221
FS121,FS141
FS121,FS181
FS121,FS201
FS121,UPT35R
PPC108A,PPC104LA
PPC108A,PPC110LA
PPC108A,PPC112
PPC108A,PPC824C
PPC108A,PPC828C
PPC108A,PPC208A
PPC108A,PPC204A
PPC108A,PPC210A
PPC108A,RXS14B
PPC108A,RXS12B
TRF72,SR80A
TRF72,FR80
TRF72,TR72
TRF72,FF80A
TRF72,L872
TRF72,LDH362
TRF72,RTM13
TRF72,RTM12
TRF72,RTM11
TRF72,RTM10
VO1012B,XS2024A
VO1012B,VO1820B
VO1012B,XS1012A
VO1012B,XS1416A
VO1012B,XS1820A
VO1012B,EECT400
VO1012B,KRSC46HPBO
VO1012B,ECHDD012A
VO1012B,CTB8174
VO1012B,PH3050BR
HBFE24G,FA12LE
HBFE24G,FRX181
HBFE24G,GF22
HBFE24G,KAC1224TCA
HBFE24G,TW481
HBFE24G,AD10B
HBFE24G,FTXB27E
HBFE24G,ACT83A
HBFE24G,BB9008
HBFE24G,FB303B
HBFE24O,FA12LE
HBFE24O,FRX181
HBFE24O,GF22
HBFE24O,KAC1224TCA
HBFE24O,TW481
HBFE24O,AD10B
HBFE24O,FTXB27E
HBFE24O,ACT83A
HBFE24O,BB9008
HBFE24O,FB303B
SGDTX90BO,TR107AR
SGDTX90BO,ACT73A
SGDTX90BO,SGDP64IRBR
SGDTX90BO,SRP3A
SGDTX90BO,JCW62R
SGDTX90BO,ACT413A
SGDTX90BO,GA3645A
SGDTX90BO,OEXM7B
SGDTX90BO,FBBA325
SGDTX90BO,YA339A
TM72,TL72FOD
TM72,TXM72
TM72,FC72
TM72,TRX72
TM72,TN72
TM72,EEDMDVA
TM72,MAGMINI
TM72,TMXKL60A
TM72,TMXKL114A
TM72,TMXKL240A
SRPCR112,BLPPB704
SRPCR112,307ESAY
SRPCR112,SA10E
SRPCR112,SA12E
SRPCR112,SA14E
SRPCR112,SA18E
SRPCR112,SA20E
SRPCR112,SA24E
SRPCR112,SRP1C
SRPCR112,SRP2B
EXDL10A,RTEMPB7
EXDL10A,TDM117B
EXDL10A,SS5A
EXDL10A,EEPV503
EXDL10A,RC980
EXDL10A,CAL6EA
EXDL10A,CSA12CR
EXDL10A,S9711KA
EXDL10A,TB10A
EXDL10A,MTTL300
IMM130A,IMM110A
IMM130A,IMM120A
IMM130A,IMM100A
IMM130A,IMM140A
IMM130A,IMM160A
IMM130A,KRSC46HPBO
IMM130A,ECHDD012A
IMM130A,CTB8174
IMM130A,PH3050BR
IMM130A,YA438B
PPB816A,PPB408A
PPB816A,PPB612A
PPB816A,YA450B
PPB816A,FB303B
PPB816A,SN25A
PPB816A,AWL1010DK
PPB816A,222AFSP
PPB816A,ACT1370
PPB816A,TR107AR
PPB816A,OFW3
ATECH2FR125B,TFM7530B
ATECH2FR125B,QD3RN350A
ATECH2FR125B,SEPIMMSIMM
ATECH2FR125B,ATECH3FR300B
ATECH2FR125B,TWM27
ATECH2FR125B,SGD153BR
ATECH2FR125B,FAMXS9E
ATECH2FR125B,FAMXS8E
ATECH2FR125B,FAMXS7E
ATECH2FR125B,FAMXS10E
AWBSG10A,SIMM160A
AWBSG10A,TMXK4
AWBSG10A,PL400B
AWBSG10A,SGD2BR
AWBSG10A,SPBS8AR
AWBSG10A,EECT400
AWBSG10A,KRSC46HPBO
AWBSG10A,ECHDD012A
AWBSG10A,CTB8174
AWBSG10A,PH3050BR
AWBSG12A,F80
AWBSG12A,SIMM180
AWBSG12A,SIMM150A
AWBSG12A,SGD4BR
AWBSG12A,47ACF
AWBSG12A,EECT400
AWBSG12A,KRSC46HPBO
AWBSG12A,ECHDD012A
AWBSG12A,CTB8174
AWBSG12A,PH3050BR
PKNC075,GAJ12A
PKNC075,GLASS50R
PKNC075,SGA173BR
PKNC075,SW321
PKNC075,SW221
PKNC075,SW201
PKNC075,KRSC46HPBO
PKNC075,ECHDD012A
PKNC075,CTB8174
PKNC075,PH3050BR
AWBCG1607,91ACP
AWBCG1607,SGD8BR
AWBCG1607,SGDP31IRBR
AWBCG1607,A2A
AWBCG1607,T72
AWBCG1607,EECT400
AWBCG1607,KRSC46HPBO
AWBCG1607,ECHDD012A
AWBCG1607,CTB8174
AWBCG1607,PH3050BR
86EP,912AEP
86EP,612AEP
86EP,A36A
86EP,YA4250
86EP,EPC160
86EP,RTM13
86EP,RTM12
86EP,915CP
86EP,RTM11
86EP,RTM10
TMMS14,TMMS5
TMMS14,TMMS9
TMMS14,TMMS12
TMMS14,TMMS6
TMMS14,TMMS5.5
TMMS14,TMS16
TMMS14,TMS14
TMMS14,TMS12
TMMS14,TMS11
TMMS14,TMS10
FHBF80AG,FHOF80A
FHBF80AG,TRSLF72
FHBF80AG,PLRK30
FHBF80AG,311IMFSY
FHBF80AG,IMFS120
FHBF80AG,IMFS140
FHBF80AG,IMFS160
FHBF80AG,IMFS180
FHBF80AG,IMFS200
FHBF80AG,IMFS220
STMD9,TPMC25GRN
STMD9,SGCP1CR
STMD9,XDH810B
STMD9,XS2024A
STMD9,FDS101
STMD9,FDS121
STMD9,FDS141
STMD9,FDS161
STMD9,FDS181
STMD9,FU12B
HBBD32G,PKNC150
HBBD32G,UPTM65K
HBBD32G,SOEX38
HBBD32G,305SIMMY
HBBD32G,414AHD
HBBD32G,CTB8174
HBBD32G,PH3050BR
HBBD32G,CTC131A
HBBD32G,SOEX34
HBBD32G,L872
TA54,TA32A
TA54,CTB8174
TA54,96ACF
TA54,SIMM150A
TA54,PPC4A
TA54,SPBS704AR
TA54,PPC105LA
TA54,SIMM210
TA54,TMU8B
TA54,SGD2BR
S321,S121A
S321,S141A
S321,S161A
S321,S181A
S321,S201
S321,S221
S321,S241
S321,S301
S321,S341
S321,S361
KRSC326FPES,AD10B
KRSC326FPES,9100GSM
KRSC326FPES,SEPHDSETAOB
KRSC326FPES,FA12LE
KRSC326FPES,FRX181
KRSC326FPES,GF22
KRSC326FPES,KAC1224TCA
KRSC326FPES,HD6529
KRSC326FPES,SEPIMMSIMM
KRSC326FPES,TW481
KRSC326FPJK,AD10B
KRSC326FPJK,9100GSM
KRSC326FPJK,SEPHDSETAOB
KRSC326FPJK,FA12LE
KRSC326FPJK,FRX181
KRSC326FPJK,GF22
KRSC326FPJK,KAC1224TCA
KRSC326FPJK,HD6529
KRSC326FPJK,SEPIMMSIMM
KRSC326FPJK,TW481
PWZ3A,PWZ5
PWZ3A,PWZ0A
PWZ3A,PWZ4
PWZ3A,PWZ1A
PWZ3A,PWZ2A
PWZ3A,OXIM6SB
PWZ3A,OXIM5SB
PWZ3A,VWB8B
PWZ3A,OXIM4SB
PWZ3A,OXIM55SB
SGDMRC108AG,DPT7A
SGDMRC108AG,S6103A
SGDMRC108AG,S9538A
SGDMRC108AG,S9614A
SGDMRC108AG,14V
SGDMRC108AG,PH3050BR
SGDMRC108AG,OC5A
SGDMRC108AG,TPMA25EM
SGDMRC108AG,PDR3000A
SGDMRC108AG,KRA2407PBO
SDM400A,SGDMRC1A
SDM400A,SGDMRC4-TM4
SDM400A,SGDMRC4-80
SDM400A,SGDMRC4A
SDM400A,DPT7A
SDM400A,S6103A
SDM400A,R2426C
SDM400A,ECHDD012A
SDM400A,CTB8174
SDM400A,PH3050BR
915CF,415CF
915CF,AWPBX10
915CF,BEXD10A
915CF,ECHDG052
915CF,BDGPL412HG
915CF,AWBSG800A
915CF,VWB8B
915CF,TMXKL60A
915CF,TMXKL240A
915CF,TMXKL114A
SIMM180,SIMM250
SIMM180,SIMM270
SIMM180,SIMM160A
SIMM180,SIMM150A
SIMM180,SIMM130A
SIMM180,SIMM110A
SIMM180,SIMM100A
SIMM180,ECHDD012A
SIMM180,CTB8174
SIMM180,PH3050BR
PL305ACFG,SIMM190
PL305ACFG,SPBS24AR
PL305ACFG,SPBS18AR
PL305ACFG,SGD4BR
PL305ACFG,SIMM210
PL305ACFG,EECT400
PL305ACFG,KRSC46HPBO
PL305ACFG,ECHDD012A
PL305ACFG,CTB8174
PL305ACFG,PH3050BR
RXS605B,FADH10B
RXS605B,OC5A
RXS605B,RXSM10B
RXS605B,RXSM11B
RXS605B,RXSM12B
RXS605B,RXSM13B
RXS605B,RXSM14B
RXS605B,RXSM605B
RXS605B,PKWSS53A
RXS605B,GA460B
PL330ACF,PL803A
PL330ACF,HBBD56
PL330ACF,84CF
PL330ACF,SGD146BR
PL330ACF,SGD4160BR
PL330ACF,SGD480BR
PL330ACF,SGDP122BR
PL330ACF,SGDP61BR
PL330ACF,SGDP82BR
PL330ACF,SGDXL80BR
AWTXL8-T20,SGDP31IRBR
AWTXL8-T20,47ACF
AWTXL8-T20,FX1
AWTXL8-T20,SIMM200
AWTXL8-T20,BLPTHC87
AWTXL8-T20,EECT400
AWTXL8-T20,KRSC46HPBO
AWTXL8-T20,ECHDD012A
AWTXL8-T20,CTB8174
AWTXL8-T20,PH3050BR
PKN13,FXK11
PKN13,FHLF80A
PKN13,SIMM190
PKN13,FXK3
PKN13,SGASA204CR
PKN13,EECT400
PKN13,KRSC46HPBO
PKN13,ECHDD012A
PKN13,CTB8174
PKN13,PH3050BR
SOEXM170,SOEXM120
SOEXM170,SOEXM150
SOEXM170,SOEXM140
SOEXM170,SOEXM130
SOEXM170,SOEXM100
SOEXM170,EECT400
SOEXM170,KRSC46HPBO
SOEXM170,ECHDD012A
SOEXM170,CTB8174
SOEXM170,PH3050BR
AWTXL8-T40,SGDP42IRBR
AWTXL8-T40,SGASA204CR
AWTXL8-T40,47ACF
AWTXL8-T40,T72
AWTXL8-T40,SIMM220
AWTXL8-T40,EECT400
AWTXL8-T40,KRSC46HPBO
AWTXL8-T40,ECHDD012A
AWTXL8-T40,CTB8174
AWTXL8-T40,PH3050BR
IPL34C,IPL26C
IPL34C,IPL32C
IPL34C,IPL16C
IPL34C,IPL38C
IPL34C,IPL40C
IPL34C,CTB8174
IPL34C,PH3050BR
IPL34C,IPF18C
IPL34C,IPF16C
IPL34C,IPF14C
PBN500,AWCGT500
PBN500,QD3RN350A
PBN500,BOERM21
PBN500,TWM27
PBN500,208EFTAMXSY
PBN500,SEPIMMSIMM
PBN500,FAMXS9E
PBN500,FAMXS10E
PBN500,FAMXS7E
PBN500,FAMXS8E
AWMCG1605B,TMXK60
AWMCG1605B,SPBS24AR
AWMCG1605B,47ACF
AWMCG1605B,SIMM240
AWMCG1605B,T72
AWMCG1605B,EECT400
AWMCG1605B,KRSC46HPBO
AWMCG1605B,ECHDD012A
AWMCG1605B,CTB8174
AWMCG1605B,PH3050BR
AWMCG1606B,SPBS18AR
AWMCG1606B,T72
AWMCG1606B,PPC106LA
AWMCG1606B,SGDP42IRBR
AWMCG1606B,SPBS8AR
AWMCG1606B,EECT400
AWMCG1606B,KRSC46HPBO
AWMCG1606B,ECHDD012A
AWMCG1606B,CTB8174
AWMCG1606B,PH3050BR
AWMEF6K,10HR
AWMEF6K,BP20B
AWMEF6K,CHN410
AWMEF6K,GA111D
AWMEF6K,MT501C
AWMEF6K,R40B
AWMEF6K,SP32E
AWMEF6K,YA3080
AWMEF6K,AWTEF8K
AWMEF6K,SPBS24A
AWMXL10-6,SPBS704AR
AWMXL10-6,91ACP
AWMXL10-6,A2A
AWMXL10-6,SHD1R
AWMXL10-6,SGD2BR
AWMXL10-6,EECT400
AWMXL10-6,KRSC46HPBO
AWMXL10-6,ECHDD012A
AWMXL10-6,CTB8174
AWMXL10-6,PH3050BR
CTR867AK2,CT9010K2
CTR867AK2,CT9080K2
CTR867AK2,LSR1150
CTR867AK2,LSR2000
CTR867AK2,CT825DB
CTR867AK2,LSR1250
CTR867AK2,CTR861AK2
CTR867AK2,CTB8174
CTR867AK2,IMM250
CTR867AK2,312IMM
GLASS70BYEAR,YA427B
GLASS70BYEAR,ECHDF042
GLASS70BYEAR,SDDDM1AR
GLASS70BYEAR,ECHDD012A
GLASS70BYEAR,EECT400
GLASS70BYEAR,SHD2R
GLASS70BYEAR,SHDP31IRR
GLASS70BYEAR,SHD4R
GLASS70BYEAR,SHDP42IRR
GLASS70BYEAR,87BCF
GLOVE300BL,GLOVE400M
GLOVE300BL,GLOVE505RL
GLOVE300BL,GLOVEORIGPLUSL
GLOVE300BL,GLOVE309L
GLOVE300BL,JT17A
GLOVE300BL,GLOVE900LR
GLOVE300BL,CTINF9010
GLOVE300BL,CTSG861DB
GLOVE300BL,IND25HAT
GLOVE300BL,BCS70A
206SFSUM,206FSUMA
206SFSUM,FSUM10A
206SFSUM,FSUM12A
206SFSUM,FSUM13A
206SFSUM,FSUM14A
206SFSUM,FSUM15A
206SFSUM,FSUM17A
206SFSUM,111TMUSMA
206SFSUM,TMUSM5A
206SFSUM,TMUSM6A
218AFSP,PKNC200
218AFSP,AWSGM800A
218AFSP,10R
218AFSP,TW381
218AFSP,AW1015DHK
218AFSP,S201
218AFSP,S181A
218AFSP,S161A
218AFSP,S121A
218AFSP,S141A
SDMT20D,SDM11A
SDMT20D,SDM215C
SDMT20D,SDM251IRC
SDMT20D,SDM252IRB
SDMT20D,SDM253IRC
SDMT20D,SDM2704D
SDMT20D,SDM2705D
SDMT20D,SDM2706D
SDMT20D,SDM2707D
SDMT20D,SDMT27D
LDH442,LDH362
LDH442,L872
LDH442,LDH482
LDH442,LDH462
LDH442,LDH342
LDH442,LDH402
LDH442,SFS261
LDH442,SFS101
LDH442,SFS081
LDH442,FADH12B
SOXRRM710A,AWCGT500
SOXRRM710A,SOXRR707
SOXRRM710A,QD3RN350A
SOXRRM710A,SOXRR12A
SOXRRM710A,SOXRR22A
SOXRRM710A,SOXRR707A
SOXRRM710A,FAMXS10E
SOXRRM710A,FAMXS7E
SOXRRM710A,FAMXS8E
SOXRRM710A,FAMXS9E
EECT200,UIM225RD
EECT200,TMX140A
EECT200,310IMMYA
EECT200,QDTPMS
EECT200,GLASS30BK
EECT200,OEXM9B
EECT200,OEXM8B
EECT200,YA2020
EECT200,309SIMYA
EECT200,EECT424HD
SXK11,SXK8
SXK11,SXK5
SXK11,SX2
SXK11,SXK3
SXK11,SN18B
SXK11,FADH12B
SXK11,FB303B
SXK11,SWM111A
SXK11,PH3050BR
SXK11,SW121A
KRSC2460PC7,LP404
KRSC2460PC7,SPBS704AR
KRSC2460PC7,PL400B
KRSC2460PC7,SPBS24AR
KRSC2460PC7,SPBS8AR
KRSC2460PC7,SPBS12AR
KRSC2460PC7,SPBS18AR
KRSC2460PC7,87BCF
KRSC2460PC7,47ACF
KRSC2460PC7,SGASA204CR
OXIM7B,OXIM9B
OXIM7B,OXIM8B
OXIM7B,BLPT1255
OXIM7B,OXIM6B
OXIM7B,BLPH389
OXIM7B,GA460B
OXIM7B,AT4135
OXIM7B,AT4124
OXIM7B,TPMA10
OXIM7B,PDR5000A
HBBD16G,222SFFSFR
HBBD16G,TD1040A
HBBD16G,TDM100A
HBBD16G,UPT35R
HBBD16G,224SFFSMFR
HBBD16G,PK52A
HBBD16G,PPB826A
HBBD16G,DB121C
HBBD16G,YA249
HBBD16G,TPMA25EM
STMM10,STMM9
STMM10,STMM14
STMM10,STMM6
STMM10,STMM12
STMM10,STMM11
STMM10,STMM13
STMM10,STM14
STMM10,STM12
STMM10,STM11
STMM10,STM10
DS809K,10R
DS809K,GA98A
DS809K,BF620C
DS809K,AW1013DK
DS809K,AD12B
DS809K,8HR
DS809K,VO2426B
DS809K,VO2022B
DS809K,GLASS30BK
DS809K,PT5CBL
DB121C,SRPCR4700O
DB121C,UPT35R
DB121C,AWM12D
DB121C,14V
DB121C,TPMA25EM
DB121C,HR-26
DB121C,VWB5B
DB121C,BF775C-A
DB121C,VGP12418
DB121C,PPB826A
TMC106E,XS2024A
TMC106E,XS1416A
TMC106E,XS1820A
TMC106E,XS1012A
TMC106E,XS2226A
TMC106E,EECT400
TMC106E,KRSC46HPBO
TMC106E,ECHDD012A
TMC106E,CTB8174
TMC106E,PH3050BR
FAM8E,FAM10E
FAM8E,FAM4E
FAM8E,FAM5E
FAM8E,FAM6E
FAM8E,FAM7E
FAM8E,FAM9E
FAM8E,FAM11E
FAM8E,FAM12E
FAM8E,FAM13E
FAM8E,FAM14E
AWP120,59CF
AWP120,EECT110-AC
AWP120,HCLSB16
AWP120,HSG325
AWP120,SGDDP42IRBR
AWP120,TL900LA
AWP120,ECF35
AWP120,SNA-TBP14
AWP120,TPMC25
AWP120,GA3645A
388ACF,PKN90
388ACF,AWTR8
388ACF,AWMXL10
388ACF,VO806B
388ACF,PKNC150
388ACF,DBTB121
388ACF,VO2830B
388ACF,VO2426B
388ACF,VO2022B
388ACF,915CP
KRSC323PC,PK500A
KRSC323PC,SEPPREMETA
KRSC323PC,FLX80B
KRSC323PC,SN15B
KRSC323PC,IM1PT
KRSC323PC,KRSC430APBO1
KRSC323PC,SDM11A
KRSC323PC,SDM215C
KRSC323PC,SDM251IRC
KRSC323PC,SDM252IRB
KRSC323PJJ,PK500A
KRSC323PJJ,SEPPREMETA
KRSC323PJJ,FLX80B
KRSC323PJJ,SN15B
KRSC323PJJ,IM1PT
KRSC323PJJ,KRSC430APBO1
KRSC323PJJ,SDM11A
KRSC323PJJ,SDM215C
KRSC323PJJ,SDM251IRC
KRSC323PJJ,SDM252IRB
AWS13-7,VS807B
AWS13-7,VS12B
AWS13-7,VS14B
AWS13-7,VS16B
AWS13-7,VS18B
AWS13-7,VS20B
AWS13-7,VS22B
AWS13-7,VS24B
AWS13-7,61CF
AWS13-7,SRPCR7000
91ACPO,KAPL10RD
91ACPO,96ACF
91ACPO,87BCF
91ACPO,AWM110DHK
91ACPO,317MSPC
91ACPO,FA12LE
91ACPO,AC5C
91ACPO,TPM16EM
91ACPO,FB360C
91ACPO,MAGML300L-S2016
1650,650
1650,2050
1650,1250
1650,AC5C
1650,AWM110DHK
1650,FB303B
1650,OC5A
1650,GA3645A
1650,TPM16
1650,EC-USB-C-3A
SWM281,SWM291
SWM281,SWM301
SWM281,SWM261
SWM281,SWM251
SWM281,SWM271
SWM281,SA20E
SWM281,SA18E
SWM281,SA14E
SWM281,SA12E
SWM281,SA10E
GLOVE309M,GLOVE503CLA
GLOVE309M,GLOVEORIGPLUSL
GLOVE309M,YA427B
GLOVE309M,GLOVE1100L
GLOVE309M,EFPHANNIBALB
GLOVE309M,SN15B
GLOVE309M,CTTOTEA
GLOVE309M,SEPPT850K
GLOVE309M,L62
GLOVE309M,GA3200
MG1250G,JHWR-17
MG1250G,JHWRC-75
MG1250G,425IMM
MG1250G,IMM172A
MG1250G,IMM182A
MG1250G,IMM192A
MG1250G,IMM202A
MG1250G,IMM212A
MG1250G,IMM222A
MG1250G,IMM232A
TPM16EM,EC-USB-C-3A
TPM16EM,AWM110DHK
TPM16EM,AC5C
TPM16EM,2004BSKA
TPM16EM,DBF1/16C
TPM16EM,DBF5/32C
TPM16EM,KRA2007FPBO
TPM16EM,DBF1/8C
TPM16EM,DBF3/32C
TPM16EM,FB360C
AT411A,224SFFSMFR
AT411A,BF775C-A
AT411A,JT17A
AT411A,A159
AT411A,OEXM707B
AT411A,A161B
AT411A,FSS141
AT411A,FSS121
AT411A,FSS181
AT411A,FSS161
BB71171,PPC103A
BB71171,SGDP31IRBR
BB71171,FU8A
BB71171,SPBS18AR
BB71171,SRPCR3800
BB71171,SIMM200
BB71171,47ACF
BB71171,PPC4A
BB71171,SIMM240
BB71171,F80
S9724RHS,SWM301
S9724RHS,SWM261
S9724RHS,SWM271
S9724RHS,AD6C
S9724RHS,FTX60E
S9724RHS,SGDMRC1A
S9724RHS,PGP50
S9724RHS,TMAM2.5E
S9724RHS,TMAM2E
S9724RHS,TMAM3E
808CF,5CF
808CF,ASG185BR
808CF,ATECHMS80M
808CF,CCY21508
808CF,DANTG70
808CF,FSNSS-508-BO
808CF,JHW30012
808CF,KNX8111250
808CF,KNX8603125
808CF,KNX8603150
EEBC30A12V,EEJP201MBKA-NA
EEBC30A12V,EEBM600
EEBC30A12V,CTINF9010
EEBC30A12V,SVTSRAD272U
EEBC30A12V,SVTS264
EEBC30A12V,RADKITULTRA
EEBC30A12V,103TMXKLA
EEBC30A12V,VSC4KT
EEBC30A12V,PHP2A
EEBC30A12V,BRHC2PK
AWTR8-5,SIMM160A
AWTR8-5,TMXK60
AWTR8-5,F80
AWTR8-5,SGD4BR
AWTR8-5,SPBS12AR
AWTR8-5,EECT400
AWTR8-5,KRSC46HPBO
AWTR8-5,ECHDD012A
AWTR8-5,CTB8174
AWTR8-5,PH3050BR
RULER600,CTTOTEAO
RULER600,US712
RULER600,FADH6B
RULER600,MTTL310
RULER600,AD8B
RULER600,FBSM325
RULER600,AWM140DK
RULER600,FB307D
RULER600,107ATMPB
RULER600,PKRS1
KRA4810FPCM,KRA4107FPBO
KRA4810FPCM,KRA4813FPBO
KRA4810FPCM,STM11
KRA4810FPCM,STM12
KRA4810FPCM,STM14
KRA4810FPCM,STM16
KRA4810FPCM,STM18
KRA4810FPCM,STM6
KRA4810FPCM,STM7
KRA4810FPCM,STM8
KRA4810FPJK,KRA4107FPBO
KRA4810FPJK,KRA4813FPBO
KRA4810FPJK,STM11
KRA4810FPJK,STM12
KRA4810FPJK,STM14
KRA4810FPJK,STM16
KRA4810FPJK,STM18
KRA4810FPJK,STM6
KRA4810FPJK,STM7
KRA4810FPJK,STM8
KRA4810FPOT,KRA4107FPBO
KRA4810FPOT,KRA4813FPBO
KRA4810FPOT,STM11
KRA4810FPOT,STM12
KRA4810FPOT,STM14
KRA4810FPOT,STM16
KRA4810FPOT,STM18
KRA4810FPOT,STM6
KRA4810FPOT,STM7
KRA4810FPOT,STM8
CDR4P44L3DB,SIMM190
CDR4P44L3DB,PL400B
CDR4P44L3DB,SPBS8AR
CDR4P44L3DB,SGASA204CR
CDR4P44L3DB,SIMM210
CDR4P44L3DB,TMXK60
CDR4P44L3DB,FXK6
CDR4P44L3DB,47ACF
CDR4P44L3DB,ATECH2FR125B
CDR4P44L3DB,A2A
AWTPEF10K,FXK4
AWTPEF10K,FXK8
AWTPEF10K,FX1
AWTPEF10K,FXK11
AWTPEF10K,TMXK2
AWTPEF10K,KRSC46HPBO
AWTPEF10K,ECHDD012A
AWTPEF10K,SHDP22IRR
AWTPEF10K,CTB8174
AWTPEF10K,PH3050BR
KRA2406BPWZ,SGD4BR
KRA2406BPWZ,91ACP
KRA2406BPWZ,SPBS18AR
KRA2406BPWZ,ATECH3FR300B
KRA2406BPWZ,SGD2BR
KRA2406BPWZ,ATECH2FR125B
KRA2406BPWZ,TMXK4
KRA2406BPWZ,SPBS24AR
KRA2406BPWZ,BLPTHC87
KRA2406BPWZ,SPBS704AR
SN25A,BLPHS1414
SN25A,FB303B
SN25A,ACT1370
SN25A,222AFSP
SN25A,SWM111A
SN25A,SWM101A
SN25A,ECHDD012A
SN25A,CTB8174
SN25A,PH3050BR
SN25A,ACT83A
AWS13-11,SRPCR3800
AWS13-11,SGD2BR
AWS13-11,SGDP31IRBR
AWS13-11,PPC103A
AWS13-11,PPC106LA
AWS13-11,EECT400
AWS13-11,KRSC46HPBO
AWS13-11,ECHDD012A
AWS13-11,CTB8174
AWS13-11,PH3050BR
WELDIGNPHNTM,PPC105LA
WELDIGNPHNTM,SGDP31IRBR
WELDIGNPHNTM,PL400B
WELDIGNPHNTM,SIMM220
WELDIGNPHNTM,ATECH3FR300B
WELDIGNPHNTM,TMXK2
WELDIGNPHNTM,FX1
WELDIGNPHNTM,SPBS18AR
WELDIGNPHNTM,PPC103A
WELDIGNPHNTM,SPBS24AR
PTC250,SAG03S12
PTC250,SDG10S25F
PTC250,PTGR450
PTC250,PSO4525
PTC250,PDR5000A
PTC250,PT338HV
PTC250,VGP22418
PTC250,VGP12406
PTC250,VGP22412
PTC250,VGP12808
IPLM16C,IPLM11C
IPLM16C,IPLM12C
IPLM16C,IPLM10C
IPLM16C,IPLM13C
IPLM16C,IPL26C
IPLM16C,PH3050BR
IPLM16C,DR1615MASF
IPLM16C,DR1420MASF
IPLM16C,DR1415MASF
IPLM16C,DR1412MASF
AWT100KA,AW1013DK
AWT100KA,AWM110DK
AWT100KA,S6110A
AWT100KA,B1461
AWT100KA,SFM10
AWT100KA,SFM11
AWT100KA,SFM12
AWT100KA,SFM13
AWT100KA,SFM14
AWT100KA,SFM15
TWM32,TWM31
TWM32,TWM30
TWM32,TWM29
TWM32,TWM28
TWM32,TW461
TWM32,FABLM4E
TWM32,FABLM10E
TWM32,AD10B
TWM32,SEPSTARTER
TWM32,EEBM600
OEXM8B,OEXM9B
OEXM8B,AWM12D
OEXM8B,FB303B
OEXM8B,OEXM7B
OEXM8B,SN25A
OEXM8B,222AFSP
OEXM8B,TPMA12
OEXM8B,UIM225RD
OEXM8B,VWB5B
OEXM8B,ACT83A
PG160,EFPHANNIBALB
PG160,ECARL032BLK
PG160,BP8B
PG160,TWM26
PG160,FB302A
PG160,TWM25
PG160,PK53A
PG160,S6106KA
PG160,TR107A
PG160,8HR
S281,S121A
S281,S141A
S281,S161A
S281,S181A
S281,S201
S281,S221
S281,S241
S281,S301
S281,S341
S281,S361
IM180A,IM120A
IM180A,IM220
IM180A,IM160A
IM180A,IM140A
IM180A,IM200
IM180A,PH3050BR
IM180A,UIM225GR
IM180A,214SIMDFMYA
IM180A,YA438B
IM180A,UPT35G
211SFY,GA236C
211SFY,FADH6B
211SFY,SPBS24A
211SFY,AWEF6K
211SFY,PT5CBL
211SFY,107ATMPB
211SFY,TWM31
211SFY,SWM261
211SFY,PH3050BR
211SFY,PG160
SHDP42IRO,SHD8R
SHDP42IRO,5CF
SHDP42IRO,ASG185BR
SHDP42IRO,ATECHMS80M
SHDP42IRO,CCY21508
SHDP42IRO,DANTG70
SHDP42IRO,FSNSS-508-BO
SHDP42IRO,JHW30012
SHDP42IRO,KNX8111250
SHDP42IRO,KNX8603125
SF101,SF081
SF101,SF191
SF101,SF301
SF101,SF321
SF101,SF261
SF101,SF281
SF101,SF181
SF101,SF121
SF101,SF161
SF101,FADH6B
ECHDF042G,ECPNJ032
ECHDF042G,PBFT50R
ECHDF042G,GLOVE300BL
ECHDF042G,ECPNI032R
ECHDF042G,ECPNH012
ECHDF042G,UIM2RSLT
ECHDF042G,ECARL032R
ECHDF042G,CTNN13KF
ECHDF042G,GA265A
ECHDF042G,CT825DB
208EPIT,TW441
208EPIT,TW461
208EPIT,TW421
208EPIT,RTEMPB7
208EPIT,S9711KA
208EPIT,EEPV503
208EPIT,SS5A
208EPIT,TB10A
208EPIT,AD10B
208EPIT,CAL6EA
KRA2422PDG,KRWT2411
KRA2422PDG,KWSN2455AST
KRA2422PDG,SRPCR4700O
KRA2422PDG,SEPAMTSET
KRA2422PDG,KWSP2455ABL
KRA2422PDG,PG160
KRA2422PDG,EFPHANNIBALB
KRA2422PDG,UPT35R
KRA2422PDG,ACT1370
KRA2422PDG,SEPPREHD
SHDX60G,414AHD
SHDX60G,PKNC150
SHDX60G,UPTM65K
SHDX60G,L872
SHDX60G,LDH362
SHDX60G,LDH342
SHDX60G,ECHDD012A
SHDX60G,CTB8174
SHDX60G,PH3050BR
SHDX60G,AT5500
SPBS704AO,FLX80B
SPBS704AO,317AMMPC
SPBS704AO,UIM225
SPBS704AO,PK23A
SPBS704AO,UPT35
SPBS704AO,BTC7B
SPBS704AO,CTB8174
SPBS704AO,PH3050BR
SPBS704AO,DB129C
SPBS704AO,PL400BG
CTS861MGDB,SRPCR4700
CTS861MGDB,PPC106LA
CTS861MGDB,SIMM240
CTS861MGDB,SIMM160A
CTS861MGDB,TMXK4
CTS861MGDB,SPBS12AR
CTS861MGDB,SGD2BR
CTS861MGDB,FXK6
CTS861MGDB,SGD4BR
CTS861MGDB,SPBS704AR
210FCOMA,211FCOA
210FCOMA,FCO12A
210FCOMA,FCO14A
210FCOMA,FCO16A
210FCOMA,FCO18A
210FCOMA,FCO20A
210FCOMA,FCO22A
210FCOMA,FCO24A
210FCOMA,FCO26A
210FCOMA,FCO28A
CTPP861DB,SIMM200
CTPP861DB,SPBS12AR
CTPP861DB,PPC105LA
CTPP861DB,F80
CTPP861DB,47ACF
CTPP861DB,96ACF
CTPP861DB,SIMM220
CTPP861DB,SIMM160A
CTPP861DB,SIMM240
CTPP861DB,SPBS24AR
AWT40A,47ACF
AWT40A,SIMM210
AWT40A,SPBS704AR
AWT40A,PPC106LA
AWT40A,SIMM180
AWT40A,EECT400
AWT40A,KRSC46HPBO
AWT40A,ECHDD012A
AWT40A,CTB8174
AWT40A,PH3050BR
YA4280,VSG9R
YA4280,BF710B
YA4280,BF712B
YA4280,PSO4512
YA4280,YA109C
YA4280,VGP22418
YA4280,GA243
YA4280,BLP15HVLP
YA4280,PK50A
YA4280,A159
TECH2FR100,TECH3FR250
TECH2FR100,TECH1FR240
TECH2FR100,QD1R50A
TECH2FR100,QD3250A
TECH2FR100,110TMSY
TECH2FR100,TMS10
TECH2FR100,TMS11
TECH2FR100,TMS12
TECH2FR100,TMS14
TECH2FR100,TMS16
AT351,TMU8B
AT351,BLPTHC87
AT351,SRPCR4700
AT351,SPBS704AR
AT351,ATECH2FR125B
AT351,SRPCR3800
AT351,SGD8BR
AT351,A2A
AT351,SPBS18AR
AT351,SGD6BR
MAGMATG,MAGMINI
MAGMATG,MAGSTRIP
MAGMATG,MAGMICRO
MAGMATG,MAGTRAY
MAGMATG,MRB12B
MAGMATG,KASS13
MAGMATG,MAGDISH
MAGMATG,PLRK30
MAGMATG,KACKMCFIBER1
MAGMATG,AWBSG800A
PPB1001A,340SSDP
PPB1001A,PT5CBL
PPB1001A,AD8B
PPB1001A,10SSD
PPB1001A,DS806AK
PPB1001A,FADH10B
PPB1001A,SPBS12A
PPB1001A,OC5A
PPB1001A,YA2020
PPB1001A,218AFP
SG7ASABR,SG4ASHBR
SG7ASABR,SG4ASABR
SG7ASABR,SG5ASABR
SG7ASABR,PPK15
SG7ASABR,SGD146BR
SG7ASABR,SGD4160BR
SG7ASABR,SGD480BR
SG7ASABR,SGDP122BR
SG7ASABR,SGDP61BR
SG7ASABR,SGDP82BR
SGRHT6BR,SHP2KT
SGRHT6BR,SHCP1B
SGRHT6BR,PHP2A
SGRHT6BR,SVTS264
SGRHT6BR,SGA1714B
SGRHT6BR,SGA102BR
SGRHT6BR,RADKITULTRA
SGRHT6BR,SGD480BR
SGRHT6BR,SGD4160BR
SGRHT6BR,SGD146BR
SF121,SF081
SF121,SF191
SF121,SF301
SF121,SF321
SF121,5CF
SF121,ASG185BR
SF121,ATECHMS80M
SF121,CCY21508
SF121,DANTG70
SF121,FSNSS-508-BO
S9711KA,S9718KA
S9711KA,S9716KA
S9711KA,MTTL310
S9711KA,S9714MK
S9711KA,S9724RHS
S9711KA,TWM30
S9711KA,TWM32
S9711KA,TFM7530B
S9711KA,PL307ACFO
S9711KA,RTEMPB7
TMBS8A,SDM212B
TMBS8A,SDM214C
TMBS8A,SDM223IRB
TMBS8A,SDM11A
TMBS8A,SDM215C
TMBS8A,SDM251IRC
TMBS8A,SDM252IRB
TMBS8A,SDM253IRC
TMBS8A,SDM2704D
TMBS8A,SDM2705D
STMD11,TPMC25GRN
STMD11,SGCP1CR
STMD11,XDH810B
STMD11,XS2024A
STMD11,FDS101
STMD11,FDS121
STMD11,FDS141
STMD11,FDS161
STMD11,FDS181
STMD11,FU12B
FHLX80BO,THRLX72
FHLX80BO,THLX72
FHLX80BO,THLLF72
FHLX80BO,SHLX80A
FHLX80BO,SHX80B
FHLX80BO,SXWP8
FHLX80BO,SXWP5
FHLX80BO,SXWP3
FHLX80BO,SXWP2
FHLX80BO,SXWP11
SGD4120BR,SGD146BR
SGD4120BR,SGD4160BR
SGD4120BR,SGD480BR
SGD4120BR,SGDP122BR
SGD4120BR,SGDP61BR
SGD4120BR,SGDP82BR
SGD4120BR,SGDP162BR
SGD4120BR,PT10C
SGD4120BR,SGDP242BR
SGD4120BR,SGDXXL20BR
PPC103A,PPC812B
PPC103A,PPC112
PPC103A,PPC824C
PPC103A,PPC828C
PPC103A,PPC1A
PPC103A,PPC105LA
PPC103A,PPC203A
PPC103A,PPC206A
PPC103A,PPC205A
PPC103A,UPT35R
SFSM19,SFSM18
SFSM19,SFSM11
SFSM19,SFSM16
SFSM19,SFSM17
SFSM19,SFSM9
SFSM19,SFS101
SFSM19,SFS081
SFSM19,SGA173BG
SFSM19,UPT35R
SFSM19,FADH12B
110TMSY,211FSSY
110TMSY,FSS081
110TMSY,FSS101
110TMSY,FSS201
110TMSY,FSS221
110TMSY,FSS241
110TMSY,FSS261
110TMSY,FSS281
110TMSY,FSS141
110TMSY,FSS121
AWSGT30A,SGD4BR
AWSGT30A,FX1
AWSGT30A,SGDP42IRBR
AWSGT30A,PPC106LA
AWSGT30A,TMXK60
AWSGT30A,EECT400
AWSGT30A,KRSC46HPBO
AWSGT30A,ECHDD012A
AWSGT30A,CTB8174
AWSGT30A,PH3050BR
AWBCG1612,AWBCG1608
AWBCG1612,AWBCG1610
AWBCG1612,SGDP42IRBR
AWBCG1612,SIMM160A
AWBCG1612,SIMM210
AWBCG1612,EECT400
AWBCG1612,KRSC46HPBO
AWBCG1612,ECHDD012A
AWBCG1612,CTB8174
AWBCG1612,PH3050BR
SHLF80AG,FHLLF80
SHLF80AG,THLF72
SHLF80AG,FHLF80A
SHLF80AG,THLLF72
SHLF80AG,FHBF80A
SHLF80AG,IMMS190
SHLF80AG,IMMS180
SHLF80AG,IMMS150
SHLF80AG,IMMS160
SHLF80AG,IMMS170
S6112,B1458C
S6112,B1467A
S6112,S8184
S6112,B1461
S6112,B3404B
S6112,S9704KMAG
S6112,CAL6EBR
S6112,FBM320
S6112,GA460B
S6112,OC5A
AWL14D,FHLF80A
AWL14D,GFAT1E
AWL14D,SGASA204CR
AWL14D,BLPTHC87
AWL14D,PPC4A
AWL14D,EECT400
AWL14D,KRSC46HPBO
AWL14D,ECHDD012A
AWL14D,CTB8174
AWL14D,PH3050BR
CAL6DA,TR107AO
CAL6DA,FB322
CAL6DA,AWL1010DK
CAL6DA,TWM31
CAL6DA,TWM29
CAL6DA,1210B
CAL6DA,GA1D
CAL6DA,AD6C
CAL6DA,TWM28
CAL6DA,AW1013DK
ATECH3FR250B,FLX80B
ATECH3FR250B,PK23A
ATECH3FR250B,207EFAMY
ATECH3FR250B,PRH57A
ATECH3FR250B,S9704KA
ATECH3FR250B,317AMMPC
ATECH3FR250B,PH3050BR
ATECH3FR250B,CTR861K2
ATECH3FR250B,BTC10
ATECH3FR250B,YA249
OEXLM710B,OEXL12B
OEXLM710B,OEXL14B
OEXLM710B,OEXL16B
OEXLM710B,OEXL18B
OEXLM710B,OEXL20B
OEXLM710B,OEXL22B
OEXLM710B,OEXL24B
OEXLM710B,OEXL707B
OEXLM710B,OEXM10B
OEXLM710B,OEXM11B
TPMB25EM,59CF
TPMB25EM,EECT110-AC
TPMB25EM,HCLSB16
TPMB25EM,HSG325
TPMB25EM,SGDDP42IRBR
TPMB25EM,TL900LA
TPMB25EM,222SFFSFR
TPMB25EM,TD1040A
TPMB25EM,TDM100A
TPMB25EM,10HR
TF72,FF80A
TF72,SF80A
TF72,FLF80A
TF72,TPGIF1600A
TF72,TLLF72
TF72,TMX140A
TF72,FCF72
TF72,STMMD11
TF72,STMMD10
TF72,AT118
KRSC326FPBO,AD10B
KRSC326FPBO,9100GSM
KRSC326FPBO,SEPHDSETAOB
KRSC326FPBO,FA12LE
KRSC326FPBO,FRX181
KRSC326FPBO,GF22
KRSC326FPBO,KAC1224TCA
KRSC326FPBO,HD6529
KRSC326FPBO,SEPIMMSIMM
KRSC326FPBO,TW481
SXK5,SXK8
SXK5,SXK11
SXK5,SXK3
SXK5,SX2
SXK5,SN18B
SXK5,FB303B
SXK5,222AFSP
SXK5,TWM13A
SXK5,TWM12A
SXK5,SW121A
SGA1711BR,SGA1712BR
SGA1711BR,SGA174BR
SGA1711BR,SGA175BR
SGA1711BR,SGA1710BR
SGA1711BR,SGA173BR
SGA1711BR,SGD480BR
SGA1711BR,SGD4160BR
SGA1711BR,SGD146BR
SGA1711BR,SVTS264
SGA1711BR,RADKITULTRA
THLLF72G,FHLLF80
THLLF72G,FHLX80B
THLLF72G,THLL72
THLLF72G,SHLX80A
THLLF72G,FHOF80A
THLLF72G,XOM1011
THLLF72G,TMUSM9A
THLLF72G,TMUSM7A
THLLF72G,TMUSM6A
THLLF72G,TMUSM5A
SGTT2B,SGTT9B
SGTT2B,SGTT1B
SGTT2B,SGTT8B
SGTT2B,SGTT10B
SGTT2B,SGTT3B
SGTT2B,YA1175KIT
SGTT2B,YAKS42
SGTT2B,MTTL800
SGTT2B,ACT407
SGTT2B,ACT413A
SGTT7B,SGTT8B
SGTT7B,SGTT9B
SGTT7B,SGTT1B
SGTT7B,SGTT2B
SGTT7B,SGTT3B
SGTT7B,YA1175KIT
SGTT7B,YAKS42
SGTT7B,MTTL800
SGTT7B,ACT407
SGTT7B,ACT413A
YA4190DIS,PBFT50R
YA4190DIS,IM1PT
YA4190DIS,CTB8174
YA4190DIS,CTC772A
YA4190DIS,LN46ACFG
YA4190DIS,PTGR100
YA4190DIS,D020MASF
YA4190DIS,D1012MASF
YA4190DIS,D1015MASF
YA4190DIS,D1115MASF
EEFI500ACORE,SRPCR3800
EEFI500ACORE,SGDP31IRBR
EEFI500ACORE,T72
EEFI500ACORE,SPBS12AR
EEFI500ACORE,A2A
EEFI500ACORE,SIMM220
EEFI500ACORE,FXK6
EEFI500ACORE,SGASA204CR
EEFI500ACORE,ATECH2FR125B
EEFI500ACORE,SGD4BR
IPL40C,IPL42C
IPL40C,IPL38C
IPL40C,IPL34C
IPL40C,312IPL
IPL40C,IPL26C
IPL40C,CTB8174
IPL40C,PH3050BR
IPL40C,SRPCR7000
IPL40C,SRPCR7090
IPL40C,SRPCR3890
AW2D,SIMM180
AW2D,SGD4BR
AW2D,PPC103A
AW2D,96ACF
AW2D,SGD8BR
AW2D,EECT400
AW2D,KRSC46HPBO
AW2D,ECHDD012A
AW2D,CTB8174
AW2D,PH3050BR
AW3-1/2D,47ACF
AW3-1/2D,A2A
AW3-1/2D,FXK3
AW3-1/2D,SIMM240
AW3-1/2D,F80
AW3-1/2D,EECT400
AW3-1/2D,KRSC46HPBO
AW3-1/2D,ECHDD012A
AW3-1/2D,CTB8174
AW3-1/2D,PH3050BR
AWMEF10K,AWEF11K
AWMEF10K,SSDMR4BR
AWMEF10K,F4LB
AWMEF10K,SGDMRC44B
AWMEF10K,LN46ACF
AWMEF10K,KRSC46HPBO
AWMEF10K,ECHDD012A
AWMEF10K,CTB8174
AWMEF10K,PH3050BR
AWMEF10K,SHDP22IRR
AWM110DK,DBBPC21
AWM110DK,TPM16EM
AWM110DK,FA12LE
AWM110DK,SEPHDSETAOB
AWM110DK,GF22
AWM110DK,FRX181
AWM110DK,TW481
AWM110DK,KAC1224TCA
AWM110DK,AD10B
AWM110DK,SGA173BO
AWMCG1604B,SPBS704AR
AWMCG1604B,FHLF80A
AWMCG1604B,SHD1R
AWMCG1604B,BLPTHC87
AWMCG1604B,SGDP31IRBR
AWMCG1604B,EECT400
AWMCG1604B,KRSC46HPBO
AWMCG1604B,ECHDD012A
AWMCG1604B,CTB8174
AWMCG1604B,PH3050BR
AWMXL10-4,SIMM220
AWMXL10-4,TMXK2
AWMXL10-4,SPBS24AR
AWMXL10-4,TMXK4
AWMXL10-4,T72
AWMXL10-4,EECT400
AWMXL10-4,KRSC46HPBO
AWMXL10-4,ECHDD012A
AWMXL10-4,CTB8174
AWMXL10-4,PH3050BR
BLP14HVLP,BLP13HVLP
BLP14HVLP,BLP18HVLP
BLP14HVLP,BF555
BLP14HVLP,PSO4625
BLP14HVLP,AT109
BLP14HVLP,UTS105A
BLP14HVLP,PBN500
BLP14HVLP,ECHDD012A
BLP14HVLP,ATECH3FR300B
BLP14HVLP,BLPTHC87
CT9038DB,PPC103A
CT9038DB,F80
CT9038DB,SGDX80BR
CT9038DB,SPBS18AR
CT9038DB,BLPTHC87
CT9038DB,T72
CT9038DB,SGD8BR
CT9038DB,FHLF80A
CT9038DB,SPBS8AR
CT9038DB,SIMM200
CTINF9010,CTB185
CTINF9010,CTSG861DB
CTINF9010,CTC131A
CTINF9010,CTDFL861
CTINF9010,CTB8187
CTINF9010,EEJP201MBKA-NA
CTINF9010,JCW62R
CTINF9010,210RAFSMA
CTINF9010,RFSM10
CTINF9010,RFSM12
AWL3D,SPBS12AR
AWL3D,TMXK60
AWL3D,SGD6BR
AWL3D,SIMM180
AWL3D,SIMM170
AWL3D,EECT400
AWL3D,KRSC46HPBO
AWL3D,ECHDD012A
AWL3D,CTB8174
AWL3D,PH3050BR
TMA4.5E,TMA7E
TMA4.5E,5CF
TMA4.5E,ASG185BR
TMA4.5E,ATECHMS80M
TMA4.5E,CCY21508
TMA4.5E,DANTG70
TMA4.5E,FSNSS-508-BO
TMA4.5E,JHW30012
TMA4.5E,KNX8111250
TMA4.5E,KNX8603125
CSSD50G,CSSD1R
CSSD50G,PKNC300
CSSD50G,CSA14CR
CSSD50G,AWPBX10
CSSD50G,SGRHT6BG
CSSD50G,SGAS102BG
CSSD50G,SGAS1713BG
CSSD50G,SGAS1714BG
CSSD50G,SGAS1713BR
CSSD50G,RADKITULTRA
CTR869GDB,PPC105LA
CTR869GDB,SIMM150A
CTR869GDB,FXK6
CTR869GDB,PPC4A
CTR869GDB,SGD2BR
CTR869GDB,SGDP31IRBR
CTR869GDB,ATECH2FR125B
CTR869GDB,SIMM240
CTR869GDB,FX1
CTR869GDB,SIMM160A
CTS561BITSET,AB3042
CTS561BITSET,BLP7
CTS561BITSET,CT861K2
CTS561BITSET,CTS561BITXL
CTS561BITSET,EEDM604F
CTS561BITSET,FSM201
CTS561BITSET,FSM211
CTS561BITSET,FSM221
CTS561BITSET,IMM320
CTS561BITSET,KDT3729
SPBS8AR,SPBS24AR
SPBS8AR,SPBS12AR
SPBS8AR,SPBS18AR
SPBS8AR,SOEX38
SPBS8AR,PKNC150
SPBS8AR,KRSC46HPBO
SPBS8AR,ECHDD012A
SPBS8AR,CTB8174
SPBS8AR,PH3050BR
SPBS8AR,PL400BG
THLX72,FHLX80B
THLX72,SHX80B
THLX72,THLL72
THLX72,FHOF80A
THLX72,SHLX80A
THLX72,SIMTMM15
THLX72,SIMTMM11
THLX72,SIMTMM12
THLX72,SIMTMM13
THLX72,SIMTMM14
THNF72,340SSDP
THNF72,10SSD
THNF72,AWM110DHK
THNF72,FH80MP
THNF72,AW1015DHK
THNF72,RULER600
THNF72,PGP120
THNF72,TMXKL60A
THNF72,TMXKL114A
THNF72,TMXKL240A
S3624,A129
S3624,A106
S3624,A127
S3624,GAX36
S3624,YA8610B
S3624,TWM27
S3624,SEPIMMSIMM
S3624,S9718KA
S3624,FADH12B
S3624,BTG8
SGDMRC103A,TZERO
SGDMRC103A,SGDMRC11A
SGDMRC103A,BTWSMPK
SGDMRC103A,WTG10A
SGDMRC103A,BLPBTWSET
SGDMRC103A,SDM253IRC
SGDMRC103A,SDM252IRB
SGDMRC103A,SDM11A
SGDMRC103A,SDM215C
SGDMRC103A,SDM251IRC
SOEX26,SOEX10
SOEX26,SOEX28
SOEX26,SOEX12
SOEX26,SOEX14
SOEX26,SOEX16
SOEX26,SOEX18
SOEX26,SOEX20
SOEX26,SOEX22
SOEX26,SOEX24
SOEX26,SOEX38
TMM10,TMM9
TMM10,TMM6
TMM10,TMM12
TMM10,TMM11
TMM10,TMM13
TMM10,ECHDD012A
TMM10,CTB8174
TMM10,PH3050BR
TMM10,FADH12B
TMM10,STMM9
SHDP63IRR,SHD6R
SHDP63IRR,SHDP31IRR
SHDP63IRR,SHD2R
SHDP63IRR,SHDP42IRR
SHDP63IRR,SHD4R
SHDP63IRR,PG160
SHDP63IRR,L872
SHDP63IRR,PH3050BR
SHDP63IRR,EFPHANNIBALB
SHDP63IRR,ECFB200BL
FADH8C,FADH6C
FADH8C,FADH10C
FADH8C,FADH12C
FADH8C,SGRHT6BG
FADH8C,PKNC300
FADH8C,LN46ACFG
FADH8C,AWSG800A
FADH8C,XLE1416
FADH8C,PH3050BG
FADH8C,XLE1012A
TWM28,BLPHS1414
TWM28,TWM29
TWM28,TWM31
TWM28,TW461
TWM28,TWM26
TWM28,IMFS180
TWM28,IMFS160
TWM28,IMFS140
TWM28,IMFS120
TWM28,EEBM600
CTC772A,CTB8174
CTC772A,CTR861HVW2
CTC772A,CTR861GMW2
CTC772A,CTSG861DB
CTC772A,CTDFL861
CTC772A,CTLMAG-BOOTM
CTC772A,CTR861DB
CTC772A,CT825DB
CTC772A,BDGPL300HG
CTC772A,ECARL032R
IMM210,IMM250
IMM210,IMM270
IMM210,IMM200
IMM210,IMM230
IMM210,IMM220
IMM210,IMM240
IMM210,IMM110A
IMM210,ECHDD012A
IMM210,CTB8174
IMM210,PH3050BR
TWM19,TWM12A
TWM19,TWM13A
TWM19,TWM14A
TWM19,TWM15A
TWM19,TWM16
TWM19,TWM10A
TWM19,TWM11A
TWM19,TWM17
TWM19,TWM18
TWM19,TWM23
TWM24,TWM23
TWM24,TWM22
TWM24,TWM20
TWM24,TWM21
TWM24,TWM12A
TWM24,TWM13A
TWM24,TWM14A
TWM24,TWM15A
TWM24,TWM16
TWM24,TWM18
MS6A,SGDP42IRBR
MS6A,SIMM190
MS6A,SIMM170
MS6A,FX1
MS6A,SGDP31IRBR
MS6A,EECT400
MS6A,KRSC46HPBO
MS6A,ECHDD012A
MS6A,CTB8174
MS6A,PH3050BR
EFPBLACKICE,PPC105LA
EFPBLACKICE,SIMM150A
EFPBLACKICE,SGDX80BR
EFPBLACKICE,SPBS8AR
EFPBLACKICE,PPC4A
EFPBLACKICE,A2A
EFPBLACKICE,PPC106LA
EFPBLACKICE,SPBS12AR
EFPBLACKICE,FX1
EFPBLACKICE,GFAT1E
PWCS7ACFG,KAPL10RD
PWCS7ACFG,PWCH7
PWCS7ACFG,PWCHHD7
PWCS7ACFG,UPT35R
PWCS7ACFG,FLX80B
PWCS7ACFG,EC-USB-C-3A
PWCS7ACFG,AWM110DHK
PWCS7ACFG,PK52A
PWCS7ACFG,AC5C
PWCS7ACFG,TPM16
SIM360,SIM400
SIM360,SIM340
SIM360,SIM380
SIM360,SRPCR4700O
SIM360,SIM160A
SIM360,SIM180A
SIM360,CTB8174
SIM360,PH3050BR
SIM360,YA438B
SIM360,UPT35R
SWM121A,SWM131A
SWM121A,SWM161
SWM121A,SWM151A
SWM121A,SWM191
SWM121A,SWM141A
SWM121A,KRSC46HPBO
SWM121A,ECHDD012A
SWM121A,CTB8174
SWM121A,PH3050BR
SWM121A,FB303B
TMM6,TMM9
TMM6,TMM11
TMM6,TMM12
TMM6,TMM5
TMM6,TMM13
TMM6,ECHDD012A
TMM6,CTB8174
TMM6,PH3050BR
TMM6,FADH12B
TMM6,STMM9
PBMP16A,PBMP8A
PBMP16A,PBMP12A
PBMP16A,HBBD56
PBMP16A,CSSD1R
PBMP16A,PHP1A
PBMP16A,CTB8174
PBMP16A,A277
PBMP16A,PH3050BR
PBMP16A,SOXRR22A
PBMP16A,SOXRR12A
PBMS5O,PBMA5
PBMS5O,PBMA5G
PBMS5O,PBMB5O
PBMS5O,PBMA5O
PBMS5O,PBMA5R
PBMS5O,RKBJP
PBMS5O,BJP1-13B
PBMS5O,FBBA325
PBMS5O,MTTL300
PBMS5O,SPBS12A
FM12,FM8
FM12,FM9
FM12,FM11
FM12,FM18
FM12,FM16
FM12,FM19
FM12,FM17
FM12,SFM12
FM12,SFM11
FM12,SFM10
EEDM503D,BHS7A
EEDM503D,SGA173BO
EEDM503D,PKNC125C2
EEDM503D,PTGR450
EEDM503D,MTTL700
EEDM503D,AC5C
EEDM503D,KRA2007FPBO
EEDM503D,EFPHANNIBALB
EEDM503D,9100AGMO
EEDM503D,2005BSKA
AD8C,AD6C
AD8C,AD12C
AD8C,1512B
AD8C,AD10C
AD8C,ACT1290A
AD8C,TPMA25EM
AD8C,DB129C
AD8C,AC5C
AD8C,ACT83A
AD8C,AT109
SF201,SF081
SF201,SF191
SF201,SF301
SF201,SF321
SF201,5CF
SF201,ASG185BR
SF201,ATECHMS80M
SF201,CCY21508
SF201,DANTG70
SF201,FSNSS-508-BO
214SFY,112RTA
214SFY,AWL1010DK
214SFY,30SSD
214SFY,WTRW9K
214SFY,BTWSMPK
214SFY,110ETMAY
214SFY,XO605
214SFY,CTB8174
214SFY,PH3050BR
214SFY,FLX80B
TMMS5,TMMS5.5
TMMS5,TMMS9
TMMS5,TMMS6
TMMS5,TMMS11
TMMS5,TMMS12
TMMS5,TMS16
TMMS5,TMS14
TMMS5,TMS12
TMMS5,TMS11
TMMS5,TMS10
AWCG1624B,AWCG1620B
AWCG1624B,AWCG1600B
AWCG1624B,AWCGT40
AWCG1624B,AWCGT30
AWCG1624B,AWCGT27
AWCG1624B,EECT400
AWCG1624B,KRSC46HPBO
AWCG1624B,ECHDD012A
AWCG1624B,CTB8174
AWCG1624B,PH3050BR
KRSC430APCM7,SEPPREMETA
KRSC430APCM7,SEPPREMET
KRSC430APCM7,FLX80B
KRSC430APCM7,SEPPRECOMB
KRSC430APCM7,SEPSTARTER
KRSC430APCM7,YA2019
KRSC430APCM7,PK23A
KRSC430APCM7,317AMMPC
KRSC430APCM7,UIM225
KRSC430APCM7,117TMM
KRSC430APWZ7,SEPPREMETA
KRSC430APWZ7,SEPPREMET
KRSC430APWZ7,FLX80B
KRSC430APWZ7,SEPPRECOMB
KRSC430APWZ7,SEPSTARTER
KRSC430APWZ7,YA2019
KRSC430APWZ7,PK23A
KRSC430APWZ7,317AMMPC
KRSC430APWZ7,UIM225
KRSC430APWZ7,117TMM
SPBS18AG,SPBS24AR
SPBS18AG,SPBS8AR
SPBS18AG,SPBS12AR
SPBS18AG,SOEX38
SPBS18AG,AWMG9
SPBS18AG,CTB8174
SPBS18AG,PH3050BR
SPBS18AG,FB300A
SPBS18AG,PPC812B
SPBS18AG,FBBA325
KRSC343PC,RULER600
KRSC343PC,C0900A
KRSC343PC,DS1010A
KRSC343PC,DS1212A
KRSC343PC,DS809K
KRSC343PC,DS88A
KRSC343PC,WTG8A
KRSC343PC,DS2224A
KRSC343PC,HBFE16
KRSC343PC,DS1516A
JCW80ABL,JCW62R
JCW80ABL,VAC201
JCW80ABL,MRB12B
JCW80ABL,BL1B
JCW80ABL,ASTFUN19KIT
JCW80ABL,KASS13
JCW80ABL,310SWMYA
JCW80ABL,PW18C
JCW80ABL,AT118
JCW80ABL,YA427B
KRA2007FPC,9100AGMO
KRA2007FPC,SEPPREATV
KRA2007FPC,TPM16
KRA2007FPC,AWM110DHK
KRA2007FPC,EC-USB-C-3A
KRA2007FPC,AC5C
KRA2007FPC,BLPH389
KRA2007FPC,BLPH124
KRA2007FPC,2004BSKA
KRA2007FPC,BLPH125
KRA2055FPCM,US712
KRA2055FPCM,AW1020DK
KRA2055FPCM,AWM140DK
KRA2055FPCM,TPMA10
KRA2055FPCM,OFW4
KRA2055FPCM,222AFSMP
KRA2055FPCM,ITHE100
KRA2055FPCM,FB360C
KRA2055FPCM,YA160A
KRA2055FPCM,MTTL300
BTC8A,BT101
BTC8A,BL1B
BTC8A,ACT73A
BTC8A,UKBU10
BTC8A,SBT26
BTC8A,ASTFUN19KIT
BTC8A,GA460B
BTC8A,AT118
BTC8A,AF102
BTC8A,DB129C
110STMDY,112RTA
110STMDY,PT5CBL
110STMDY,107ATMPB
110STMDY,211SFY
110STMDY,SF081
110STMDY,SF261
110STMDY,SF281
110STMDY,SF101
110STMDY,CTB8174
110STMDY,PH3050BR
8HR,XS2024A
8HR,XS1416A
8HR,XS1820A
8HR,XS1012A
8HR,XS2226A
8HR,EECT400
8HR,KRSC46HPBO
8HR,ECHDD012A
8HR,CTB8174
8HR,PH3050BR
CDR4P44K3DB,PPC106LA
CDR4P44K3DB,SPBS8AR
CDR4P44K3DB,FXK6
CDR4P44K3DB,TMXK60
CDR4P44K3DB,FXK3
CDR4P44K3DB,PPC103A
CDR4P44K3DB,96ACF
CDR4P44K3DB,T72
CDR4P44K3DB,SPBS24AR
CDR4P44K3DB,SRPCR3800
CDR4P63L3K2,SGD4BR
CDR4P63L3K2,SIMM210
CDR4P63L3K2,SGDP31IRBR
CDR4P63L3K2,SPBS8AR
CDR4P63L3K2,TMXK2
CDR4P63L3K2,SRPCR3800
CDR4P63L3K2,96ACF
CDR4P63L3K2,91ACP
CDR4P63L3K2,SRPCR4700
CDR4P63L3K2,PPC103A
SFSM20,AB3042
SFSM20,BLP7
SFSM20,CT861K2
SFSM20,CTS561BITXL
SFSM20,EEDM604F
SFSM20,FSM201
SFSM20,FSM211
SFSM20,FSM221
SFSM20,IMM320
SFSM20,KDT3729
SHD2G,SHD8R
SHD2G,5CF
SHD2G,ASG185BR
SHD2G,ATECHMS80M
SHD2G,CCY21508
SHD2G,DANTG70
SHD2G,FSNSS-508-BO
SHD2G,JHW30012
SHD2G,KNX8111250
SHD2G,KNX8603125
L8112A,L872
L8112A,LDH362
L8112A,LDH342
L8112A,LDH402
L8112A,LDH442
L8112A,LDH462
L8112A,SFS101
L8112A,SFS081
L8112A,310SIMMADDON
L8112A,FADH12B
CTSG861DB,CTCO861K2
CTSG861DB,CTINF9010
CTSG861DB,EECS150
CTSG861DB,CTB185
CTSG861DB,EEJP201MBKA-NA
CTSG861DB,MTTL700
CTSG861DB,CTC131A
CTSG861DB,CTC772A
CTSG861DB,210AFLEY
CTSG861DB,FLE160A
SW261,SW121A
SW261,SW221
SW261,SW141A
SW261,SW181A
SW261,SW161A
SW261,SW241
SW261,S141A
SW261,S121A
SW261,FB322
SW261,FB307D
209TFSMYA,DPT7A
209TFSMYA,S6103A
209TFSMYA,S9538A
209TFSMYA,S9614A
209TFSMYA,SEPIMMSIMMA
209TFSMYA,TMAMXS3E
209TFSMYA,FAMXS9E
209TFSMYA,FAMXS8E
209TFSMYA,FAMXS7E
209TFSMYA,FAMXS10E
FLLF80,TLLF72
FLLF80,SLL80A
FLLF80,FF80A
FLLF80,SF80A
FLLF80,SLX80A
FLLF80,OXIM14B
FLLF80,OXIM13B
FLLF80,OXIM12B
FLLF80,OXIM11B
FLLF80,OXIM10B
THLF72G,FHLF80A
THLF72G,SHLF80A
THLF72G,THLL72
THLF72G,SHX80B
THLF72G,103TMXKLA
THLF72G,TMXKL114A
THLF72G,TMXKL240A
THLF72G,TMXKL60A
THLF72G,FX24A
THLF72G,FX18
SAM19E,SAM10E
SAM19E,SAM12E
SAM19E,SAM14E
SAM19E,SAM17E
SAM19E,SAM6E
SAM19E,SAM8E
SAM19E,ADHW8A
SAM19E,AEM444
SAM19E,AEM5530
SAM19E,AEM6530
F181,5CF
F181,ASG185BR
F181,ATECHMS80M
F181,CCY21508
F181,DANTG70
F181,FSNSS-508-BO
F181,JHW30012
F181,KNX8111250
F181,KNX8603125
F181,KNX8603150
TM83A,S6137E
TM83A,S6138E
TM83A,S6139
TM83A,TM64
TM83A,TM85
TM83A,XS2024A
TM83A,XS1416A
TM83A,XS1820A
TM83A,TM84
TM83A,XS1012A
TMM4.5,STMM4.5
TMM4.5,TMMS4.5
TMM4.5,TMMS4
TMM4.5,STMM4
TMM4.5,TMM16
TMM4.5,EECT400
TMM4.5,KRSC46HPBO
TMM4.5,ECHDD012A
TMM4.5,CTB8174
TMM4.5,PH3050BR
KHP415PWZ,SGDX80BR
KHP415PWZ,F80
KHP415PWZ,47ACF
KHP415PWZ,SGASA204CR
KHP415PWZ,SPBS18AR
KHP415PWZ,SIMM190
KHP415PWZ,FU8A
KHP415PWZ,SGD2BR
KHP415PWZ,SGD4BR
KHP415PWZ,FXK11
EEDM504F,340SSDP
EEDM504F,KRSC323POT
EEDM504F,10SSD
EEDM504F,TPMA10
EEDM504F,9100AGMO
EEDM504F,AWM110DHK
EEDM504F,AWEF9K
EEDM504F,AW1020DK
EEDM504F,KRA2007FPBO
EEDM504F,FB360C
GLOVE1100M,GLOVE400M
GLOVE1100M,GLOVE505RL
GLOVE1100M,GLOVE309L
GLOVE1100M,SOSG01BKCL01
GLOVE1100M,XS1214A
GLOVE1100M,GLOVE300BL
GLOVE1100M,ATKIFL
GLOVE1100M,XS2024A
GLOVE1100M,GLOVEORIGPLUSL
GLOVE1100M,XS1416A
GLOVE900XLB,GLOVE900LG
GLOVE900XLB,GLOVE505RL
GLOVE900XLB,OXRM710
GLOVE900XLB,GLOVE300BL
GLOVE900XLB,YA427B
GLOVE900XLB,GLOVE309L
GLOVE900XLB,GLOVE1100L
GLOVE900XLB,TB50W
GLOVE900XLB,YA9350B
GLOVE900XLB,AWMCG1600B
JCW62R,SGDP64IRBG
JCW62R,TR107AR
JCW62R,BPPC1878
JCW62R,SRP3A
JCW62R,46ACFG
JCW62R,ACT73A
JCW62R,SGDP64IRBR
JCW62R,GA3645A
JCW62R,96ACFG
JCW62R,ACT413A
KRA2407PDG,AB3042
KRA2407PDG,BLP7
KRA2407PDG,CT861K2
KRA2407PDG,CTS561BITXL
KRA2407PDG,EEDM604F
KRA2407PDG,FSM201
KRA2407PDG,FSM211
KRA2407PDG,FSM221
KRA2407PDG,IMM320
KRA2407PDG,KDT3729
312CF,49ACF
312CF,911ACF
312CF,PL803A
312CF,86EP
312CF,912AEP
312CF,915CP
312CF,490CF
312CF,SGD480BR
312CF,SGD4160BR
312CF,SGD146BR
GLOVE307M,GFAT1E
GLOVE307M,FXK11
GLOVE307M,SGD6BR
GLOVE307M,SPBS18AR
GLOVE307M,91ACP
GLOVE307M,SHD1R
GLOVE307M,PPC105LA
GLOVE307M,PL400B
GLOVE307M,A2A
GLOVE307M,SIMM150A
GLOVE307XX,TMXK4
GLOVE307XX,FHLF80A
GLOVE307XX,SGD8BR
GLOVE307XX,SIMM240
GLOVE307XX,SIMM170
GLOVE307XX,GFAT1E
GLOVE307XX,FX1
GLOVE307XX,SIMM210
GLOVE307XX,SPBS18AR
GLOVE307XX,SGD2BR
SIMM220,SIMM250
SIMM220,SIMM270
SIMM220,SIMM230
SIMM220,SIMM240
SIMM220,SIMM200
SIMM220,SIMM160A
SIMM220,SIMM210
SIMM220,ECHDD012A
SIMM220,CTB8174
SIMM220,PH3050BR
PPK300,5CF
PPK300,ASG185BR
PPK300,ATECHMS80M
PPK300,CCY21508
PPK300,DANTG70
PPK300,FSNSS-508-BO
PPK300,JHW30012
PPK300,KNX8111250
PPK300,KNX8603125
PPK300,KNX8603150
SWM241,SWM221
SWM241,SWM231
SWM241,SWM201
SWM241,SWM211
SWM241,SWM161
SWM241,KRSC46HPBO
SWM241,ECHDD012A
SWM241,CTB8174
SWM241,PH3050BR
SWM241,FB303B
ECFD0102,LDT8
ECFD0102,DBBPT13
ECFD0102,ECPRA072
ECFD0102,RBYAM605
ECFD0102,ECHDD012AR
ECFD0102,EEDM503D
ECFD0102,BDGPL300HG
ECFD0102,ECARL032R
ECFD0102,312IMMS
ECFD0102,IMMS150
PKNC301,USS103
PKNC301,PKNC300
PKNC301,HBPT24
PKNC301,PPB408A
PKNC301,PPB612A
PKNC301,PPB30AK
PKNC301,PPB816A
PKNC301,FB336
PKNC301,PH3050BR
PKNC301,PPC812B
AWEF6M6K,AWEF9K
AWEF6M6K,BHM9A
AWEF6M6K,GLASS50R
AWEF6M6K,PWCS7ACF
AWEF6M6K,112TMMY
AWEF6M6K,HBFE32
AWEF6M6K,SG3ASH90CR
AWEF6M6K,SG3ASH45CR
AWEF6M6K,SG3ASACR
AWEF6M6K,SHDP22IRR
YA4616,PPC105LA
YA4616,TMXK2
YA4616,ATECH3FR300B
YA4616,SGD8BR
YA4616,SIMM180
YA4616,47ACF
YA4616,FXK6
YA4616,SPBS18AR
YA4616,SPBS24AR
YA4616,SGDX80BR
SF221,SF081
SF221,SF191
SF221,SF301
SF221,SF321
SF221,5CF
SF221,ASG185BR
SF221,ATECHMS80M
SF221,CCY21508
SF221,DANTG70
SF221,FSNSS-508-BO
KRA2411PC,KRA6210FPBO
KRA2411PC,BHS7A
KRA2411PC,EFPHANNIBALB
KRA2411PC,KRWT2411
KRA2411PC,KWSN2455AST
KRA2411PC,PG160
KRA2411PC,AWM140DK
KRA2411PC,PTGR450
KRA2411PC,SEPPREHD
KRA2411PC,TWM26
KRA2411PDC,KRA6210FPBO
KRA2411PDC,BHS7A
KRA2411PDC,EFPHANNIBALB
KRA2411PDC,KRWT2411
KRA2411PDC,KWSN2455AST
KRA2411PDC,PG160
KRA2411PDC,AWM140DK
KRA2411PDC,PTGR450
KRA2411PDC,SEPPREHD
KRA2411PDC,TWM26
AWT8A,SGD8BR
AWT8A,SPBS12AR
AWT8A,FXK3
AWT8A,SRPCR4700
AWT8A,SGDP42IRBR
AWT8A,EECT400
AWT8A,KRSC46HPBO
AWT8A,ECHDD012A
AWT8A,CTB8174
AWT8A,PH3050BR
AWMEF8K,AWEF6K
AWMEF8K,PKB52A
AWMEF8K,SWM261
AWMEF8K,SWM251
AWMEF8K,SWM271
AWMEF8K,CTB8174
AWMEF8K,PH3050BR
AWMEF8K,SW121A
AWMEF8K,TPMA12
AWMEF8K,ECF35
SGD155CR,SGD153BR
SGD155CR,FZ7A
SGD155CR,USS103
SGD155CR,RTEMP8
SGD155CR,EETL500
SGD155CR,EEPV500
SGD155CR,EEPV509
SGD155CR,PTIM5
SGD155CR,120STTM
SGD155CR,YA4000B
SIMM360,SIMM350
SIMM360,SIMM340
SIMM360,SIMM290
SIMM360,SIMM300
SIMM360,YA450B
SIMM360,FB303B
SIMM360,SIMM320
SIMM360,TWM11A
SIMM360,TWM10A
SIMM360,ACT83A
ACT925,ACTUVPROKT
ACT925,ACT51234A
ACT925,ACTR4151A
ACT925,RTEMP8
ACT925,MTTL700
ACT925,DBCL15/32CSF
ACT925,DBCL13/32CSF
ACT925,DBCL1/2CSF
ACT925,DBCL1/8CSF
ACT925,DBCL11/32CSF
GA296B,AB3042
GA296B,BLP7
GA296B,CT861K2
GA296B,CTS561BITXL
GA296B,EEDM604F
GA296B,FSM201
GA296B,FSM211
GA296B,FSM221
GA296B,IMM320
GA296B,KDT3729
QD3R150A,BTK5
QD3R150A,QD1R50A
QD3R150A,S6110A
QD3R150A,131A
QD3R150A,B1461
QD3R150A,GLASS30BK
QD3R150A,EEPV509
QD3R150A,EECT400
QD3R150A,FX24A
QD3R150A,FX18
FRX181,ADHW8A
FRX181,AEM444
FRX181,AEM5530
FRX181,AEM6530
FRX181,AN850811B
FRX181,HDM1236
FRX181,LP10WC
FRX181,S7100
FRX181,VO3234B
FRX181,XO2022
AW6D,AW4-1/2D
AW6D,AW4D
AW6D,AW7D
AW6D,AW8D
AW6D,AW12D
AW6D,TS161A
AW6D,TS141A
AW6D,TS121A
AW6D,RULER602
AW6D,GLASS30BK
SDMT10D,SDM11A
SDMT10D,SDM215C
SDMT10D,SDM251IRC
SDMT10D,SDM252IRB
SDMT10D,SDM253IRC
SDMT10D,SDM2704D
SDMT10D,SDM2705D
SDMT10D,SDM2706D
SDMT10D,SDM2707D
SDMT10D,SDMT27D
SA16E,SA10E
SA16E,SA12E
SA16E,SA14E
SA16E,SA18E
SA16E,SA20E
SA16E,SA24E
SA16E,ADHW8A
SA16E,AEM444
SA16E,AEM5530
SA16E,AEM6530
KRSC430APQD7,SEPPREMETA
KRSC430APQD7,SEPPREMET
KRSC430APQD7,FLX80B
KRSC430APQD7,SEPPRECOMB
KRSC430APQD7,SEPSTARTER
KRSC430APQD7,YA2019
KRSC430APQD7,PK23A
KRSC430APQD7,317AMMPC
KRSC430APQD7,UIM225
KRSC430APQD7,117TMM
PWCS9ACFG,PWCH7
PWCS9ACFG,PWCHHD7
PWCS9ACFG,59CF
PWCS9ACFG,EECT110-AC
PWCS9ACFG,HCLSB16
PWCS9ACFG,HSG325
PWCS9ACFG,SGDDP42IRBR
PWCS9ACFG,TL900LA
PWCS9ACFG,ECF35
PWCS9ACFG,SNA-TBP14
SPBS18A,SPBS24AR
SPBS18A,SPBS8AR
SPBS18A,SPBS12AR
SPBS18A,SOEX38
SPBS18A,AWMG9
SPBS18A,CTB8174
SPBS18A,PH3050BR
SPBS18A,FB300A
SPBS18A,PPC812B
SPBS18A,FBBA325
PH3050BRCH4,PHG1055BK
PH3050BRCH4,PTC250
PH3050BRCH4,PTGR100
PH3050BRCH4,MG1250
PH3050BRCH4,VWB8B
PH3050BRCH4,PTGR110
PH3050BRCH4,RADKITULTRA
PH3050BRCH4,IPL24C
PH3050BRCH4,IPL30C
PH3050BRCH4,IPL22C
BLP13HVLP,BLP14HVLP
BLP13HVLP,BF555
BLP13HVLP,BLP18HVLP
BLP13HVLP,PSO4625
BLP13HVLP,AT475A
BLP13HVLP,BLP15HVLP
BLP13HVLP,AT425R
BLP13HVLP,HR-26
BLP13HVLP,UTS105A
BLP13HVLP,AT109
GLOVE502BLB,BLPTL146
GLOVE502BLB,BLPTL148
GLOVE502BLB,BLPTL149
GLOVE502BLB,BLPTL1410
GLOVE502BLB,BLPTL1427
GLOVE502BLB,BLPTL1415
GLOVE502BLB,BLPTL3840
GLOVE502BLB,QD1RN25B
GLOVE502BLB,QD3RN350A
GLOVE502BLB,SL80A
A127,A129
A127,A106
A127,S3624
A127,YA8610B
A127,S3625
A127,FBM320
A127,OFCA2
A127,S9706KA
A127,S9718KA
A127,S9716KA
GF22,ADHW8A
GF22,AEM444
GF22,AEM5530
GF22,AEM6530
GF22,AN850811B
GF22,HDM1236
GF22,LP10WC
GF22,S7100
GF22,VO3234B
GF22,XO2022
AWCG1610B,SRPCR3800
AWCG1610B,SPBS24AR
AWCG1610B,47ACF
AWCG1610B,SIMM200
AWCG1610B,TMXK2
AWCG1610B,EECT400
AWCG1610B,KRSC46HPBO
AWCG1610B,ECHDD012A
AWCG1610B,CTB8174
AWCG1610B,PH3050BR
BOERM24,BOERM22
BOERM24,BOERM21
BOERM24,BOERM712
BOERM24,IMX32B
BOERM24,SOXRRM11A
BOERM24,SOXRRM12A
BOERM24,SOXRRM13A
BOERM24,SOXRRM14A
BOERM24,SOXRRM15A
BOERM24,SOXRRM16A
BTCP500,SEPIMMSIMM
BTCP500,BTG8
BTCP500,SEPIMMSIMMA
BTCP500,TWM27
BTCP500,LSR1450
BTCP500,LSRM2000
BTCP500,LSR1580
BTCP500,TDG1
BTCP500,TQFR250E
BTCP500,CAL6EBR
CT9100K2,47ACF
CT9100K2,SGD2BR
CT9100K2,SGD4BR
CT9100K2,SIMM210
CT9100K2,SIMM190
CT9100K2,FU8A
CT9100K2,FXK3
CT9100K2,SPBS24AR
CT9100K2,FXK11
CT9100K2,SGDX80BR
XS1012A,XS2024A
XS1012A,XS1416A
XS1012A,XS1820A
XS1012A,XS2226A
XS1012A,XS1618A
XS1012A,EECT400
XS1012A,KRSC46HPBO
XS1012A,ECHDD012A
XS1012A,CTB8174
XS1012A,PH3050BR
XS1214A,XS2024A
XS1214A,XS1416A
XS1214A,XS1820A
XS1214A,XS1618A
XS1214A,XS1012A
XS1214A,EECT400
XS1214A,KRSC46HPBO
XS1214A,ECHDD012A
XS1214A,CTB8174
XS1214A,PH3050BR
KRSC46HPBO,SGA173BG
KRSC46HPBO,PKNC150
KRSC46HPBO,UPTM65K
KRSC46HPBO,317AMMPC
KRSC46HPBO,YA8610B
KRSC46HPBO,305SIMMY
KRSC46HPBO,SRPCR105G
KRSC46HPBO,BOERM712
KRSC46HPBO,MG725A
KRSC46HPBO,309SIMYA
KRSC46HPJJ,SGA173BG
KRSC46HPJJ,PKNC150
KRSC46HPJJ,UPTM65K
KRSC46HPJJ,317AMMPC
KRSC46HPJJ,YA8610B
KRSC46HPJJ,305SIMMY
KRSC46HPJJ,SRPCR105G
KRSC46HPJJ,BOERM712
KRSC46HPJJ,MG725A
KRSC46HPJJ,309SIMYA
86ACF,XS1820A
86ACF,XS2024A
86ACF,XS1416A
86ACF,XS1618A
86ACF,XS1012A
86ACF,KRSC46HPBO
86ACF,ECHDD012A
86ACF,CTB8174
86ACF,PH3050BR
86ACF,RULER602
SGDX80BR,XS2024A
SGDX80BR,XS1416A
SGDX80BR,XS1820A
SGDX80BR,XS1618A
SGDX80BR,XS1012A
SGDX80BR,KRSC46HPBO
SGDX80BR,ECHDD012A
SGDX80BR,CTB8174
SGDX80BR,PH3050BR
SGDX80BR,RULER6
CSA14CR,2420A
CSA14CR,AW1020DK
CSA14CR,AWM140DK
CSA14CR,SPBS12A
CSA14CR,207EFTXY
CSA14CR,310IMMYA
CSA14CR,FB360C
CSA14CR,TMMD13
CSA14CR,ECFB200BL
CSA14CR,FB300A
CSSD50R,CSSD1R
CSSD50R,PKNC300
CSSD50R,CSA14CR
CSSD50R,AWPBX10
CSSD50R,SGRHT6BG
CSSD50R,SGAS102BG
CSSD50R,SGAS1713BG
CSSD50R,SGAS1714BG
CSSD50R,SGAS1713BR
CSSD50R,RADKITULTRA
210AFLEY,US712
210AFLEY,FBSM325
210AFLEY,FB322
210AFLEY,AW1020DK
210AFLEY,FTX60E
210AFLEY,AWMEF7K
210AFLEY,PKNG90
210AFLEY,GLASS30BK
210AFLEY,ITHE100
210AFLEY,S9706KMAG
SW341,SW121A
SW341,SW141A
SW341,SW261
SW341,SW221
SW341,SW181A
SW341,SW161A
SW341,ECHDD012A
SW341,CTB8174
SW341,PH3050BR
SW341,SGD155CG
SVSM807A,OEXM10B
SVSM807A,OEXM11B
SVSM807A,OEXM12B
SVSM807A,OEXM13B
SVSM807A,OEXM14B
SVSM807A,OEXM15B
SVSM807A,OEXM16B
SVSM807A,OEXM17B
SVSM807A,OEXM18B
SVSM807A,OEXM19B
112RTSMA,XDLRM11A
112RTSMA,210RAFSMA
112RTSMA,RFSM10
112RTSMA,RFSM12
112RTSMA,RFSM13
112RTSMA,RFSM14
112RTSMA,RFSM15
112RTSMA,RFSM16
112RTSMA,RFSM17
112RTSMA,RFSM18
THNF72O,340SSDP
THNF72O,10SSD
THNF72O,AWM110DHK
THNF72O,FH80MP
THNF72O,AW1015DHK
THNF72O,RULER600
THNF72O,PGP120
THNF72O,TMXKL60A
THNF72O,TMXKL114A
THNF72O,TMXKL240A
PT850G,ACT1370
PT850G,PKNC125C2
PT850G,SEPIMMSIMM
PT850G,PTGR450
PT850G,PT338
PT850G,QD3RN350A
PT850G,PGP50
PT850G,222AFSP
PT850G,LSR1450
PT850G,AWCGT500
KHP415PBO,PPC103A
KHP415PBO,PPC106LA
KHP415PBO,SRPCR3800
KHP415PBO,PL400B
KHP415PBO,ATECH3FR300B
KHP415PBO,FXK3
KHP415PBO,47ACF
KHP415PBO,SGDP42IRBR
KHP415PBO,FXK6
KHP415PBO,SPBS24AR
GLOVE900LB,GLOVE900LG
GLOVE900LB,GLOVE505RL
GLOVE900LB,OXRM710
GLOVE900LB,GLOVE300BL
GLOVE900LB,YA427B
GLOVE900LB,GLOVE309L
GLOVE900LB,GLOVE1100L
GLOVE900LB,TB50W
GLOVE900LB,YA9350B
GLOVE900LB,AWMCG1600B
PT338,BLPPB704
PT338,PTR2505
PT338,PTR2500
PT338,TPMB25EMGRN
PT338,PT850
PT338,PTC250
PT338,CTQ838DB
PT338,112SIMTMM
PT338,SIMTMM11
PT338,SIMTMM12
TMMD9,TMMD11
TMMD9,TMMD13
TMMD9,TMMD14
TMMD9,TMMD12
TMMD9,TMMD5
TMMD9,TMMD7
TMMD9,TMMD6
TMMD9,STMMD12
TMMD9,STMMD11
TMMD9,STMMD10
TMMDS5.5,TMMDS5
TMMDS5.5,TMMDS6
TMMDS5.5,TMMDS7
TMMDS5.5,TMMDS11
TMMDS5.5,TMMDS12
TMMDS5.5,STMMD14
TMMDS5.5,STMMD13
TMMDS5.5,STMMD12
TMMDS5.5,STMMD11
TMMDS5.5,STMMD10
TA18B,TA32A
TA18B,SGDP42IRBR
TA18B,TMXK60
TA18B,SIMM150A
TA18B,PPC103A
TA18B,ATECH3FR300B
TA18B,SPBS18AR
TA18B,SGD8BR
TA18B,SIMM200
TA18B,96ACF
PPC820B,PPC812B
PPC820B,PPC112
PPC820B,PPC824C
PPC820B,PPC828C
PPC820B,PPC1A
PPC820B,XS2024A
PPC820B,XS1416A
PPC820B,XS1820A
PPC820B,PPC203A
PPC820B,PH3050BR
SX24,SX20
SX24,303SXWKL
SX24,SXWKL3
SX24,SXWKL5
SX24,SXWKL8
SX24,BRUTUS3R300
SX24,IPL38C
SX24,208AFX
SX24,FX18
SX24,FX24A
TTX30E,TTX40E
TTX30E,TTX27E
TTX30E,S9704KMAG
TTX30E,PPCS60BK
TTX30E,TPGIF1600A
TTX30E,HSPD16
TTX30E,S9706KMAG
TTX30E,FTX60E
TTX30E,MRB5B
TTX30E,AT5500
SF261,SF081
SF261,SF191
SF261,SF301
SF261,SF321
SF261,SF281
SF261,SF101
SF261,SF181
SF261,SF121
SF261,SF161
SF261,FADH6B
YA4615,FX1
YA4615,TMU8B
YA4615,SGD6BR
YA4615,T72
YA4615,SRPCR4700
YA4615,SIMM210
YA4615,SGD4BR
YA4615,SGDP31IRBR
YA4615,SIMM180
YA4615,SIMM190
ECPRD068B,A2A
ECPRD068B,SRPCR4700
ECPRD068B,SIMM240
ECPRD068B,TMXK2
ECPRD068B,TMU8B
ECPRD068B,SGDP42IRBR
ECPRD068B,FXK6
ECPRD068B,47ACF
ECPRD068B,SPBS704AR
ECPRD068B,FU8A
AWMEFBH10K,AWTEFBH11K
AWMEFBH10K,AWEFBH11K
AWMEFBH10K,R404
AWMEFBH10K,LBUK1
AWMEFBH10K,RBYA605
AWMEFBH10K,BHM9A
AWMEFBH10K,SG3ASHCR
AWMEFBH10K,SG3ASH90CR
AWMEFBH10K,SG3ASACR
AWMEFBH10K,SG3ASH45CR
AWMG9-2,PPC103A
AWMG9-2,TMXK4
AWMG9-2,GFAT1E
AWMG9-2,SIMM170
AWMG9-2,SRPCR3800
AWMG9-2,EECT400
AWMG9-2,KRSC46HPBO
AWMG9-2,ECHDD012A
AWMG9-2,CTB8174
AWMG9-2,PH3050BR
FL80,GA236C
FL80,SPBS24A
FL80,SR40K
FL80,SL80A
FL80,AT700F
FL80,BTC7B
FL80,TB10A
FL80,111TMMDY
FL80,TMMD13
FL80,TMMD14
KRA4107FPJK,KRA4114FPBO
KRA4107FPJK,KRA4810FPBO
KRA4107FPJK,BLPBSS40
KRA4107FPJK,SEPSTARTER
KRA4107FPJK,S9706KMAG
KRA4107FPJK,SEPPRECOMB
KRA4107FPJK,FB360C
KRA4107FPJK,SWM111A
KRA4107FPJK,SWM101A
KRA4107FPJK,AW1013DK
208AFX,305ASX
208AFX,SXK8
208AFX,SX20
208AFX,206SFSUM
208AFX,SFSUM12
208AFX,SFSUM13
208AFX,SFSUM14
208AFX,SFSUM15
208AFX,SFSUM17
208AFX,103TMXKLA
KCP2422PC,KWSN2455ABL
KCP2422PC,KRWT2411
KCP2422PC,KWSP2455ABL
KCP2422PC,KWSP2455AST
KCP2422PC,KWSN2455AST
KCP2422PC,SEPPREHD
KCP2422PC,FB300A
KCP2422PC,CT9080
KCP2422PC,OEXM6B
KCP2422PC,SEPPRECOMB
KCP2422PDG,KWSN2455ABL
KCP2422PDG,KRWT2411
KCP2422PDG,KWSP2455ABL
KCP2422PDG,KWSP2455AST
KCP2422PDG,KWSN2455AST
KCP2422PDG,SEPPREHD
KCP2422PDG,FB300A
KCP2422PDG,CT9080
KCP2422PDG,OEXM6B
KCP2422PDG,SEPPRECOMB
FS241,FS081
FS241,FS101
FS241,FS261
FS241,FS281
FS241,FS221
FS241,FS121
FS241,FS141
FS241,FS181
FS241,FS201
FS241,UPT35R
AW5D,AW4-1/2D
AW5D,AW4D
AW5D,AW6D
AW5D,AW7D
AW5D,AW8D
AW5D,TS161A
AW5D,TS141A
AW5D,TS121A
AW5D,RULER602
AW5D,GLASS30BK
AWBSGM3A,SGD2BR
AWBSGM3A,SGD4BR
AWBSGM3A,SGASA204CR
AWBSGM3A,SGDP31IRBR
AWBSGM3A,TMXK4
AWBSGM3A,EECT400
AWBSGM3A,KRSC46HPBO
AWBSGM3A,ECHDD012A
AWBSGM3A,CTB8174
AWBSGM3A,PH3050BR
KRSC430APBO7,SEPPREMETA
KRSC430APBO7,SEPPREMET
KRSC430APBO7,FLX80B
KRSC430APBO7,SEPPRECOMB
KRSC430APBO7,SEPSTARTER
KRSC430APBO7,YA2019
KRSC430APBO7,PK23A
KRSC430APBO7,317AMMPC
KRSC430APBO7,UIM225
KRSC430APBO7,117TMM
KRSC343PJJ,RULER600
KRSC343PJJ,C0900A
KRSC343PJJ,DS1010A
KRSC343PJJ,DS1212A
KRSC343PJJ,DS809K
KRSC343PJJ,DS88A
KRSC343PJJ,WTG8A
KRSC343PJJ,DS2224A
KRSC343PJJ,HBFE16
KRSC343PJJ,DS1516A
F4LBK,XS2024A
F4LBK,XS1416A
F4LBK,XS1820A
F4LBK,XS1618A
F4LBK,XS1012A
F4LBK,KRSC46HPBO
F4LBK,ECHDD012A
F4LBK,CTB8174
F4LBK,PH3050BR
F4LBK,FADH6B
JCW80AG,JCW62R
JCW80AG,VAC201
JCW80AG,MRB12B
JCW80AG,BL1B
JCW80AG,ASTFUN19KIT
JCW80AG,KASS13
JCW80AG,310SWMYA
JCW80AG,PW18C
JCW80AG,AT118
JCW80AG,YA427B
GLOVE502BXXB,BLPTL146
GLOVE502BXXB,BLPTL148
GLOVE502BXXB,BLPTL149
GLOVE502BXXB,BLPTL1410
GLOVE502BXXB,BLPTL1427
GLOVE502BXXB,BLPTL1415
GLOVE502BXXB,BLPTL3840
GLOVE502BXXB,QD1RN25B
GLOVE502BXXB,QD3RN350A
GLOVE502BXXB,SL80A
612AEP,912AEP
612AEP,86EP
612AEP,490CF
612AEP,908CF
612AEP,PPN4050
612AEP,915CP
612AEP,XO2226
612AEP,XO1820
612AEP,XO1618
612AEP,XO1214
10R,218AFSP
10R,PKNC200
10R,GA98A
10R,AW1013DK
10R,8HR
10R,AD12B
10R,DS1010A
10R,C0900A
10R,YA249
10R,FB303B
BOERM19,BOERM14
BOERM19,BOERM18
BOERM19,BOERM10
BOERM19,BOERM8
BOERM19,BOERM17
BOERM19,EECT400
BOERM19,KRSC46HPBO
BOERM19,ECHDD012A
BOERM19,CTB8174
BOERM19,PH3050BR
BP32B,BHS7A
BP32B,222AFSP
BP32B,SN25A
BP32B,FB303B
BP32B,YA450B
BP32B,OEXM9B
BP32B,OEXM8B
BP32B,ACT83A
BP32B,PTGR450
BP32B,EFPHANNIBALB
BTC3A,YA249
BTC3A,GA236C
BTC3A,US712
BTC3A,SPBS24A
BTC3A,BTC10
BTC3A,208CCP
BTC3A,FB322
BTC3A,BLPH389
BTC3A,BLPH124
BTC3A,AT700F
ECSPL052,SGDMRC4A
ECSPL052,SDM252C
ECSPL052,SDMT20D
ECSPL052,SDMT10D
ECSPL052,SDMT25D
ECSPL052,SDM251C
ECSPL052,TM408
ECSPL052,TM412
ECSPL052,TM65
ECSPL052,TM410
ACT1370,SN25A
ACT1370,FB303B
ACT1370,222AFSP
ACT1370,SWM111A
ACT1370,SWM101A
ACT1370,OEXM9B
ACT1370,PH3050BR
ACT1370,ACT83A
ACT1370,FB300A
ACT1370,TPMA12
ATI590SMKSP1,STMD9
ATI590SMKSP1,STMD6
ATI590SMKSP1,STMD11
ATI590SMKSP1,STMD7
ATI590SMKSP1,STMD14
ATI590SMKSP1,EECT400
ATI590SMKSP1,KRSC46HPBO
ATI590SMKSP1,ECHDD012A
ATI590SMKSP1,CTB8174
ATI590SMKSP1,PH3050BR
BLPSM1413,BLPSM149
BLPSM1413,BLPSM1411
BLPSM1413,BLPSM146
BLPSM1413,BLPSM147
BLPSM1413,BLPSM145
BLPSM1413,SG3ASHCR
BLPSM1413,SG3ASH90CR
BLPSM1413,SG3ASH45CR
BLPSM1413,SG3ASACR
BLPSM1413,SHDP22IRR
BLPT1427,BLPT148
BLPT1427,BLPT146
BLPT1427,BLPH14732
BLPT1427,BLPT1420
BLPT1427,BLPT1415
BLPT1427,EECT400
BLPT1427,KRSC46HPBO
BLPT1427,ECHDD012A
BLPT1427,CTB8174
BLPT1427,PH3050BR
BLPT1430,BLPT1427
BLPT1430,BLPT1425
BLPT1430,BLPH14964
BLPT1430,BLPT148
BLPT1430,BLPT146
BLPT1430,EECT400
BLPT1430,KRSC46HPBO
BLPT1430,ECHDD012A
BLPT1430,CTB8174
BLPT1430,PH3050BR
BLPT146,BLPT147
BLPT146,BLPT149
BLPT146,BLPT148
BLPT146,BLPT1410
BLPT146,BLPT1427
BLPT146,EECT400
BLPT146,KRSC46HPBO
BLPT146,ECHDD012A
BLPT146,CTB8174
BLPT146,PH3050BR
BLPT3850,BLPT1255
BLPT3850,BLPT3845
BLPT3850,BLPH38732
BLPT3850,BLPH38516
BLPT3850,BLPT3840
BLPT3850,EECT400
BLPT3850,KRSC46HPBO
BLPT3850,ECHDD012A
BLPT3850,CTB8174
BLPT3850,PH3050BR
BLPTE1218,BLPTE1220
BLPTE1218,BLPTE1222
BLPTE1218,BLPTE1224
BLPTE1218,BLPTE146
BLPTE1218,BLPTE144
BLPTE1218,ECHDD012A
BLPTE1218,CTB8174
BLPTE1218,PH3050BR
BLPTE1218,87BCF
BLPTE1218,SHDP22IRR
BLPTE1222,BLPTE1224
BLPTE1222,BLPTE1220
BLPTE1222,BLPTE1218
BLPTE1222,BLPTE144
BLPTE1222,BLPTE145
BLPTE1222,EECT400
BLPTE1222,KRSC46HPBO
BLPTE1222,ECHDD012A
BLPTE1222,CTB8174
BLPTE1222,PH3050BR
BLPTE147,BLPTE145
BLPTE147,BLPTE144
BLPTE147,BLPTE146
BLPTE147,BLPTE148
BLPTE147,BLPTE1222
BLPTE147,EECT400
BLPTE147,KRSC46HPBO
BLPTE147,ECHDD012A
BLPTE147,CTB8174
BLPTE147,PH3050BR
BLPTE3814,BLPTE3816
BLPTE3814,BLPTE3812
BLPTE3814,BLPTE3810
BLPTE3814,YA438B
BLPTE3814,SEPPROK12PC
BLPTE3814,OXIM6B
BLPTE3814,214SIMDFMYA
BLPTE3814,SEPPROK12PBO
BLPTE3814,BLPTE144
BLPTE3814,SEPPROK12POT
BLPTE3816,BLPTE3814
BLPTE3816,BLPTE3812
BLPTE3816,BLPTE3810
BLPTE3816,YA438B
BLPTE3816,SEPPROK12PC
BLPTE3816,OXIM6B
BLPTE3816,214SIMDFMYA
BLPTE3816,SEPPROK12PBO
BLPTE3816,BLPTE1218
BLPTE3816,SEPPROK12POT
BLPTL1427,BLPTL146
BLPTL1427,BLPTL147
BLPTL1427,BLPTL148
BLPTL1427,BLPTL149
BLPTL1427,BLPTL1260
BLPTL1427,EECT400
BLPTL1427,KRSC46HPBO
BLPTL1427,ECHDD012A
BLPTL1427,CTB8174
BLPTL1427,PH3050BR
BLPTS1425,BLPTS1420
BLPTS1425,BLPTS1430
BLPTS1425,BLPTS1415
BLPTS1425,BLPTS1410
BLPTS1425,BLPHSM1410
BLPTS1425,PH3050BR
BLPTS1425,SG3ASHCR
BLPTS1425,SG3ASH90CR
BLPTS1425,SG3ASH45CR
BLPTS1425,SG3ASACR
BDGPL410HG,BDGPL412HG
BDGPL410HG,BDGPL411HG
BDGPL410HG,EEDMDVA
BDGPL410HG,HSPD16
BDGPL410HG,LIL59000
BDGPL410HG,REX13C
BDGPL410HG,XDHF1214
BDGPL410HG,XDHF1618
BDGPL410HG,XDHF2024
BDGPL410HG,XDHF2226
BDGPL412HG,BDGPL410HG
BDGPL412HG,BDGPL411HG
BDGPL412HG,LIL59000
BDGPL412HG,XDHF1214
BDGPL412HG,XDHF1618
BDGPL412HG,XDHF2024
BDGPL412HG,XDHF2226
BDGPL412HG,XDHF605
BDGPL412HG,XDHF810
BDGPL412HG,XFR1012
BFCR708A,BFCRM712A
BFCR708A,XFRR1012
BFCR708A,XFRR1416
BFCR708A,XFRR1822
BFCR708A,XFRR2024
BFCR708A,XFRR704
BFCR708A,XLE1012A
BFCR708A,XLE1416
BFCR708A,XLE1820
BFCR708A,XLE56
BLPH12916,91ACP
BLPH12916,PPC103A
BLPH12916,F80
BLPH12916,SIMM220
BLPH12916,96ACF
BLPH12916,EECT400
BLPH12916,KRSC46HPBO
BLPH12916,ECHDD012A
BLPH12916,CTB8174
BLPH12916,PH3050BR
BLPHL38732,SGD8BR
BLPHL38732,PL400B
BLPHL38732,SGASA204CR
BLPHL38732,PPC105LA
BLPHL38732,96ACF
BLPHL38732,EECT400
BLPHL38732,KRSC46HPBO
BLPHL38732,ECHDD012A
BLPHL38732,CTB8174
BLPHL38732,PH3050BR
BLPHL388,BLPHL3810
BLPHL388,BLPHL387
BLPHL388,SPBS12AR
BLPHL388,BLPHL145
BLPHL388,BLPHL144
BLPHL388,EECT400
BLPHL388,KRSC46HPBO
BLPHL388,ECHDD012A
BLPHL388,CTB8174
BLPHL388,PH3050BR
AOGMHC,MAGMICROHV
AOGMHC,SW321
AOGMHC,SW221
AOGMHC,SW301
AOGMHC,SW281
AOGMHC,SW141A
AOGMHC,ECHDD012A
AOGMHC,CTB8174
AOGMHC,PH3050BR
AOGMHC,SEPSTARTER
ATKBFL,VO1820B
ATKBFL,VO2628B
ATKBFL,VO1012B
ATKBFL,VO1416B
ATKBFL,VO3032B
ATKBFL,PH3050BR
ATKBFL,TM64
ATKBFL,S6139
ATKBFL,S6138E
ATKBFL,S6137E
BLPHSM148,BLPHSM1410
BLPHSM148,BLPHSM145
BLPHSM148,BLPHSM146
BLPHSM148,BLPTS1420
BLPHSM148,BLPTS1415
BLPHSM148,EECT400
BLPHSM148,KRSC46HPBO
BLPHSM148,ECHDD012A
BLPHSM148,CTB8174
BLPHSM148,PH3050BR
BLPPB704,PWZ5
BLPPB704,A36A
BLPPB704,GCP10
BLPPB704,PK500A
BLPPB704,PTR2500
BLPPB704,ACT51234A
BLPPB704,PPC905B
BLPPB704,PPC828C
BLPPB704,PPC824C
BLPPB704,PPC112
BLPT1255,BLPT1260
BLPT1255,BLPH1418
BLPT1255,BLPH14732
BLPT1255,BLPT3850
BLPT1255,BLPH14316
BLPT1255,CTB8174
BLPT1255,PH3050BR
BLPT1255,PSO4625
BLPT1255,AT4135
BLPT1255,AT4124
BLPTE1220,BLPTE1218
BLPTE1220,BLPTE1222
BLPTE1220,BLPTE1224
BLPTE1220,BLPTE144
BLPTE1220,BLPTE145
BLPTE1220,EECT400
BLPTE1220,KRSC46HPBO
BLPTE1220,ECHDD012A
BLPTE1220,CTB8174
BLPTE1220,PH3050BR
BLPTE3810,BLPTE3816
BLPTE3810,BLPTE3814
BLPTE3810,BLPTE3812
BLPTE3810,YA438B
BLPTE3810,SEPPROK12PC
BLPTE3810,214SIMDFMYA
BLPTE3810,OXIM6B
BLPTE3810,SEPPROK12PBO
BLPTE3810,BLPTE1220
BLPTE3810,SEPPROK12POT
BLPTL1255,BLPTL3850
BLPTL1255,BLPTL3840
BLPTL1255,BLPTL3845
BLPTL1255,BLPTL1415
BLPTL1255,BLPTL1425
BLPTL1255,EECT400
BLPTL1255,KRSC46HPBO
BLPTL1255,ECHDD012A
BLPTL1255,CTB8174
BLPTL1255,PH3050BR
BLPXZNM389,BLPBSS40
BLPXZNM389,AWCGT500
BLPXZNM389,BLPTORX1410
BLPXZNM389,QD3RN350A
BLPXZNM389,FAMXS10E
BLPXZNM389,FAMXS7E
BLPXZNM389,FAMXS8E
BLPXZNM389,FAMXS9E
BLPXZNM389,TMAMXS3E
BLPXZNM389,TMAMXS4E
BLPBSS40,SGRHT2BG
BLPBSS40,BLPXZNM389
BLPBSS40,KRA4107FPBO
BLPBSS40,ATECHFSET02DT
BLPBSS40,ATECHFSET02G
BLPBSS40,XLE1012A
BLPBSS40,XLE1416
BLPBSS40,XLE1820
BLPBSS40,XLE56
BLPBSS40,XLE605
BLPH1212,SRPCR4700
BLPH1212,F80
BLPH1212,TMXK60
BLPH1212,SPBS704AR
BLPH1212,TMXK4
BLPH1212,EECT400
BLPH1212,KRSC46HPBO
BLPH1212,ECHDD012A
BLPH1212,CTB8174
BLPH1212,PH3050BR
BLPH124,BLPH125
BLPH124,BLPH126
BLPH124,BLPH14732
BLPH124,BLPH14316
BLPH124,BLPH1418
BLPH124,KRSC46HPBO
BLPH124,ECHDD012A
BLPH124,CTB8174
BLPH124,PH3050BR
BLPH124,KRA2007FPBO
BLPH1425,SIMM240
BLPH1425,96ACF
BLPH1425,SGDP42IRBR
BLPH1425,SPBS8AR
BLPH1425,TMXK60
BLPH1425,EECT400
BLPH1425,KRSC46HPBO
BLPH1425,ECHDD012A
BLPH1425,CTB8174
BLPH1425,PH3050BR
BLPH3810,BLPH388
BLPH3810,BLPH389
BLPH3810,BLPHL3810
BLPH3810,BLPH387
BLPH3810,BLPH38516
BLPH3810,TS201
BLPH3810,TS181A
BLPH3810,TS161A
BLPH3810,TS141A
BLPH3810,TS121A
BLPHS1438,SHD1R
BLPHS1438,SGD2BR
BLPHS1438,TMXK4
BLPHS1438,SIMM170
BLPHS1438,PPC4A
BLPHS1438,EECT400
BLPHS1438,KRSC46HPBO
BLPHS1438,ECHDD012A
BLPHS1438,CTB8174
BLPHS1438,PH3050BR
CTTOTEAC,FXK11
CTTOTEAC,GFAT1E
CTTOTEAC,PPC4A
CTTOTEAC,PPC103A
CTTOTEAC,BLPTHC87
CTTOTEAC,F80
CTTOTEAC,SPBS18AR
CTTOTEAC,SGD4BR
CTTOTEAC,FXK3
CTTOTEAC,47ACF
BLPPKS5-1/4,T72
BLPPKS5-1/4,SPBS18AR
BLPPKS5-1/4,FXK11
BLPPKS5-1/4,ATECH3FR300B
BLPPKS5-1/4,SPBS704AR
BLPPKS5-1/4,EECT400
BLPPKS5-1/4,KRSC46HPBO
BLPPKS5-1/4,ECHDD012A
BLPPKS5-1/4,CTB8174
BLPPKS5-1/4,PH3050BR
BLPSM144,BLPSM145
BLPSM144,BLPSM146
BLPSM144,BLPSM149
BLPSM144,BLPSM1411
BLPSM144,BLPSM147
BLPSM144,PH3050BR
BLPSM144,SG3ASHCR
BLPSM144,SG3ASH90CR
BLPSM144,SG3ASH45CR
BLPSM144,SG3ASACR
BLPT1410,BLPT149
BLPT1410,BLPT146
BLPT1410,BLPT147
BLPT1410,BLPT148
BLPT1410,BLPT1415
BLPT1410,KRSC46HPBO
BLPT1410,ECHDD012A
BLPT1410,CTB8174
BLPT1410,PH3050BR
BLPT1410,87BCF
BLPT3845,BLPT3840
BLPT3845,BLPH38516
BLPT3845,BLPH3814
BLPT3845,BLPT3850
BLPT3845,BLPH3838
BLPT3845,EECT400
BLPT3845,KRSC46HPBO
BLPT3845,ECHDD012A
BLPT3845,CTB8174
BLPT3845,PH3050BR
BLPTL3840,BLPTL3845
BLPTL3840,BLPTL3850
BLPTL3840,BLPTL1255
BLPTL3840,BLPTL146
BLPTL3840,BLPTL147
BLPTL3840,PH3050BR
BLPTL3840,SG3ASHCR
BLPTL3840,SG3ASH90CR
BLPTL3840,SG3ASH45CR
BLPTL3840,SG3ASACR
BLPTS1410,BLPTS1420
BLPTS1410,BLPTS1415
BLPTS1410,BLPTS1425
BLPTS1410,BLPTS1430
BLPTS1410,BLPHSM146
BLPTS1410,ECHDD012A
BLPTS1410,CTB8174
BLPTS1410,PH3050BR
BLPTS1410,FAM10E
BLPTS1410,EEPV500
BLPH1217,BLPH1214
BLPH1217,BLPH1219
BLPH1217,EEPV500
BLPH1217,207EFAMY
BLPH1217,FAM10E
BLPH1217,FAM4E
BLPH1217,FAM5E
BLPH1217,FAM6E
BLPH1217,FAM7E
BLPH1217,FAM9E
LBUK1,RBM1011SC
LBUK1,AD10C
LBUK1,AWEFBH11K
LBUK1,UKBU10
LBUK1,PG160
LBUK1,ECFB200BL
LBUK1,LP7R
LBUK1,AW1015DHK
LBUK1,AD10B
LBUK1,PPCD70BK
GA53A,TPMC25GRN
GA53A,FDS101
GA53A,FDS121
GA53A,FDS141
GA53A,FDS161
GA53A,FDS181
GA53A,FU12B
GA53A,FU14B
GA53A,XDH1214A
GA53A,XDH1618A
GLOVEORIGPLUSXXL,PL400B
GLOVEORIGPLUSXXL,ATECH3FR300B
GLOVEORIGPLUSXXL,FHLF80A
GLOVEORIGPLUSXXL,SGASA204CR
GLOVEORIGPLUSXXL,SPBS12AR
GLOVEORIGPLUSXXL,96ACF
GLOVEORIGPLUSXXL,SIMM170
GLOVEORIGPLUSXXL,SGD4BR
GLOVEORIGPLUSXXL,FXK6
GLOVEORIGPLUSXXL,SRPCR3800
HD6529,ADHW8A
HD6529,AEM444
HD6529,AEM5530
HD6529,AEM6530
HD6529,AN850811B
HD6529,HDM1236
HD6529,LP10WC
HD6529,S7100
HD6529,VO3234B
HD6529,XO2022
SOXRRM704ISS,SOXRR702A
SOXRRM704ISS,SOXRR12A
SOXRRM704ISS,SOXRR22A
SOXRRM704ISS,SOXRR707A
SOXRRM704ISS,TMXW1
SOXRRM704ISS,TMXWK110
SOXRRM704ISS,TMXWK2
SOXRRM704ISS,TMXWK4
SOXRRM704ISS,TMXWK60
SOXRRM704ISS,TMXWK80
SOXRRM710,AWCGT500
SOXRRM710,SOXRR707
SOXRRM710,QD3RN350A
SOXRRM710,SOXRR12A
SOXRRM710,SOXRR22A
SOXRRM710,SOXRR707A
SOXRRM710,FAMXS10E
SOXRRM710,FAMXS7E
SOXRRM710,FAMXS8E
SOXRRM710,FAMXS9E
GA98A,XS2024A
GA98A,XS1416A
GA98A,XS1820A
GA98A,XS1012A
GA98A,XS2226A
GA98A,EECT400
GA98A,KRSC46HPBO
GA98A,ECHDD012A
GA98A,CTB8174
GA98A,PH3050BR
SBT26,YA9350B
SBT26,LIL59000
SBT26,LDT8
SBT26,CAL6EBR
SBT26,BTC8A
SBT26,ASTFUN19KIT
SBT26,CJ2001P
SBT26,ACT1290A
SBT26,XLE1416
SBT26,XLE1012A
JT17A,AT411
JT17A,BF775C-A
JT17A,224SFFSMFR
JT17A,14V
JT17A,OEXM707B
JT17A,A159
JT17A,PT10C
JT17A,A161B
JT17A,AD6C
JT17A,PHT5
LDT8,YA450B
LDT8,LDT3730
LDT8,DPT7A
LDT8,S6103A
LDT8,S9538A
LDT8,S9614A
LDT8,DBTB121
LDT8,EEPV500
LDT8,ACT407
LDT8,ECFD0102
LDTM3812,VO1416B
LDTM3812,VO1012B
LDTM3812,VO1820B
LDTM3812,VO2224B
LDTM3812,VO3032B
LDTM3812,EECT400
LDTM3812,KRSC46HPBO
LDTM3812,ECHDD012A
LDTM3812,CTB8174
LDTM3812,PH3050BR
LIL59000,SBT26
LIL59000,OC5A
LIL59000,RXS12B
LIL59000,RXS14B
LIL59000,RXS16B
LIL59000,RXS18B
LIL59000,RXS20B
LIL59000,RXS605B
LIL59000,ASTFUN19KIT
LIL59000,LP5WR
SEPABODYADD,PSO4625
SEPABODYADD,PTC250
SEPABODYADD,AT475A
SEPABODYADD,HR-26
SEPABODYADD,UTS105A
SEPABODYADD,AT109
SEPABODYADD,DB121C
SEPABODYADD,VGP12418
SEPABODYADD,VGP12808
SEPABODYADD,VGP12406
SEPAMTSETA,TB50WC
SEPAMTSETA,VO1820B
SEPAMTSETA,VO2628B
SEPAMTSETA,VO1012B
SEPAMTSETA,VO1416B
SEPAMTSETA,VO3032B
SEPAMTSETA,ECHDD012A
SEPAMTSETA,CTTOTEAO
SEPAMTSETA,CTB8174
SEPAMTSETA,PH3050BR
SEPAUTOADDA,91ACP
SEPAUTOADDA,T72
SEPAUTOADDA,SPBS24AR
SEPAUTOADDA,FHLF80A
SEPAUTOADDA,F80
SEPAUTOADDA,EECT400
SEPAUTOADDA,KRSC46HPBO
SEPAUTOADDA,ECHDD012A
SEPAUTOADDA,CTB8174
SEPAUTOADDA,PH3050BR
SEPPROK1POTA,FX1
SEPPROK1POTA,96ACF
SEPPROK1POTA,FHLF80A
SEPPROK1POTA,SGDX80BR
SEPPROK1POTA,TMU8B
SEPPROK1POTA,EECT400
SEPPROK1POTA,KRSC46HPBO
SEPPROK1POTA,ECHDD012A
SEPPROK1POTA,CTB8174
SEPPROK1POTA,PH3050BR
SEPU12TWA,QD1R200A
SEPU12TWA,QD2R100A
SEPU12TWA,F80
SEPU12TWA,S8184
SEPU12TWA,S6112
SEPU12TWA,KRSC46HPBO
SEPU12TWA,ECHDD012A
SEPU12TWA,SEPU12TW
SEPU12TWA,CTB8174
SEPU12TWA,PH3050BR
SRES28,SRES22
SRES28,SRES18
SRES28,SRES26
SRES28,SRES20
SRES28,SRES24
SRES28,FRDHM18
SRES28,FRDHM16
SRES28,FRDHM13
SRES28,FRDHM14
SRES28,FRDHM15
SSR7,SSM5A
SSR7,BLPBTW6
SSR7,REX13C
SSR7,SS5A
SSR7,HBBD8
SSR7,FCO18A
SSR7,FCO16A
SSR7,FCO14A
SSR7,RULER6
SSR7,FCO12A
TBS200A,TF275A
TBS200A,TC15A
TBS200A,TF528D
TBS200A,TF5A
TBS200A,AVSNP01160
TBS200A,RXFS810B
TBS200A,RXFS2426B
TBS200A,RXFS2022B
TBS200A,RXFS1618B
TBS200A,RXFS1214B
LSR1000EXT,LSR1510
LSR1000EXT,LSR1520
LSR1000EXT,LSR1530
LSR1000EXT,LSR1540
LSR1000EXT,LSR1550
LSR1000EXT,LSR1150
LSR1000EXT,LSR1580
LSR1000EXT,LSR1450
LSR1000EXT,LSR1250
LSR1000EXT,SN25A
OFC7374-14,106TMUSMA
OFC7374-14,SEPPRECOMB
OFC7374-14,SGD153BR
OFC7374-14,FZ7A
OFC7374-14,TMUSM8A
OFC7374-14,TMUSM11A
OFC7374-14,BHS13A
OFC7374-14,EEPV509
OFC7374-14,FA4.5E
OFC7374-14,EEPV500
PBMA5,PBMMA5
PBMA5,PBMMA5R
PBMA5,PBMA5G
PBMA5,PBMA5R
PBMA5,PBMS5R
PBMA5,SG3ASH90CR
PBMA5,SG3ASH45CR
PBMA5,SG3ASACR
PBMA5,RKBJP
PBMA5,BJP1-13B
PBMMB5,PBMMS5
PBMMB5,PBMMA5
PBMMB5,PBMMB5O
PBMMB5,PBMMA5O
PBMMB5,PBMMS5O
PBMMB5,IPFM12C
PBMMB5,CTR867AK2
PBMMB5,ECHDD012A
PBMMB5,ECHDF042
PBMMB5,KAPL10RD
PK23A,GA236C
PK23A,FLX80B
PK23A,SPBS24A
PK23A,FADH12B
PK23A,207EFAMY
PK23A,AD12C
PK23A,PRH57A
PK23A,S9704KA
PK23A,97ACFG
PK23A,AD12B
PK70,BTCP400
PK70,SRP1C
PK70,SRP2B
PK70,SRP400B
PK70,SRP5C
PK70,PK53A
PK70,YA339A
PK70,SIMM320
PK70,IMMS160
PK70,IMMS150
PPK20,TMXK60
PPK20,SGASA204CR
PPK20,FXK6
PPK20,SGD4BR
PPK20,SIMM170
PPK20,EECT400
PPK20,KRSC46HPBO
PPK20,ECHDD012A
PPK20,CTB8174
PPK20,PH3050BR
R3032C,SGD2BR
R3032C,SPBS18AR
R3032C,SGD4BR
R3032C,SIMM190
R3032C,A2A
R3032C,EECT400
R3032C,KRSC46HPBO
R3032C,ECHDD012A
R3032C,CTB8174
R3032C,PH3050BR
SAG10S18,PH3050BR
SAG10S18,AWCGT40
SAG10S18,AWCGT27
SAG10S18,AWCGT500
SAG10S18,PTR2505
SAG10S18,AWCG1600B
SAG10S18,AWMCG1600B
SAG10S18,PTC250
SAG10S18,PTGR450
SAG10S18,PTGR100
KWSN2455ABL,AWMEF8K
KWSN2455ABL,KCP1422PBO
KWSN2455ABL,KCP2422PBO
KWSN2455ABL,BTC7B
KWSN2455ABL,SR40K
KWSN2455ABL,TB10A
KWSN2455ABL,TF5A
KWSN2455ABL,111TMMDY
KWSN2455ABL,TMMD13
KWSN2455ABL,TMMD14
SOXRR702,SOXRR702A
SOXRR702,FA12LE
SOXRR702,GF22
SOXRR702,FRX181
SOXRR702,KAC1224TCA
SOXRR702,TW481
SOXRR702,FABL5E
SOXRR702,FABL12E
SOXRR702,FABL10E
SOXRR702,112RTA
SRPCR3800,SRPCR7000
SRPCR3800,SRPCR7090
SRPCR3800,SRPCR7045
SRPCR3800,SRPCR9045
SRPCR3800,SRPCR9090
SRPCR3800,SRPCR3890
SRPCR3800,SRPCR3845
SRPCR3800,SRPCR4745
SRPCR3800,SRPCR4790
SRPCR3800,SRPCR9000
SSF1,5CF
SSF1,ASG185BR
SSF1,ATECHMS80M
SSF1,CCY21508
SSF1,DANTG70
SSF1,FSNSS-508-BO
SSF1,JHW30012
SSF1,KNX8111250
SSF1,KNX8603125
SSF1,KNX8603150
SRES18,SRES22
SRES18,SRES28
SRES18,SRES26
SRES18,SRES20
SRES18,SRES24
SRES18,FRDHM18
SRES18,FRDHM13
SRES18,FRDHM14
SRES18,FRDHM15
SRES18,FRDHM16
TB40C,FDS101
TB40C,FDS121
TB40C,FDS141
TB40C,FDS161
TB40C,FDS181
TB40C,FU12B
TB40C,FU14B
TB40C,XDH1214A
TB40C,XDH1618A
TB40C,SGCP1CR
TES8B,PTGR100HV
TES8B,R2022C
TES8B,R2830C
TES8B,R2426C
TES8B,R2428C
TES8B,R1214C
TES8B,ECHDD012A
TES8B,PH3050BR
TES8B,TMUS101A
TES8B,CTB8174
LSR1250,LSR1150
LSR1250,SN25A
LSR1250,FB303B
LSR1250,VGP104
LSR1250,222AFSP
LSR1250,ACT1370
LSR1250,SGA173BO
LSR1250,CTB8174
LSR1250,PH3050BR
LSR1250,ACT83A
MS800,SW421
MS800,SEPPROK12POT
MS800,SEPPROK12PWZ
MS800,PPB826A
MS800,MS400A
MS800,AT4124
MS800,PK52A
MS800,PPC5A
MS800,AT4135
MS800,MRB5B
PKWLR53A,PGP120
PKWLR53A,CTR862DB
PKWLR53A,FB361A
PKWLR53A,SOEXM9
PKWLR53A,SGD304BR
PKWLR53A,SGD306BR
PKWLR53A,SGDP300BR
PKWLR53A,SGDP301BR
PKWLR53A,SGDX40BR
PKWLR53A,JCK7DBL
PBMMS5R,PBMMA5R
PBMMS5R,PBMMB5R
PBMMS5R,PBMMS5O
PBMMS5R,PBMMS5G
PBMMS5R,PBMA5R
PBMMS5R,ECHDD012A
PBMMS5R,CTB8174
PBMMS5R,PH3050BR
PBMMS5R,SGDMRC1A
PBMMS5R,FB336
PK53A,340SSDP
PK53A,AWM110DHK
PK53A,TPM16
PK53A,EC-USB-C-3A
PK53A,FB303B
PK53A,AC5C
PK53A,10SSD
PK53A,SN25A
PK53A,KRA2007FPBO
PK53A,FB360C
PWZ5,PWZ4
PWZ5,BLPPB704
PWZ5,PWZ3A
PWZ5,PWZ0A
PWZ5,RTEMP8
PWZ5,PWZ1A
PWZ5,SRPCR3845
PWZ5,VWB8B
PWZ5,MG1250
PWZ5,MTTL800
R1214C,R2428C
R1214C,R2022C
R1214C,R2830C
R1214C,R1618C
R1214C,R2426C
R1214C,DS1615A
R1214C,DS1516A
R1214C,TMUS81A
R1214C,TMUS121A
R1214C,TMUS101A
R3840A,SRPCR3800
R3840A,SGD4BR
R3840A,SGD2BR
R3840A,96ACF
R3840A,T72
R3840A,EECT400
R3840A,KRSC46HPBO
R3840A,ECHDD012A
R3840A,CTB8174
R3840A,PH3050BR
CTR881DB,TMXK4
CTR881DB,SGD2BR
CTR881DB,TMXK60
CTR881DB,GFAT1E
CTR881DB,SGD4BR
CTR881DB,SIMM190
CTR881DB,SPBS24AR
CTR881DB,SPBS8AR
CTR881DB,SIMM200
CTR881DB,FHLF80A
FSLF80,PKNG90
FSLF80,AWMEF7K
FSLF80,TRSLF72
FSLF80,AD6C
FSLF80,S9706KMAG
FSLF80,FTX60E
FSLF80,ITHE100
FSLF80,FLE180A
FSLF80,FLE100A
FSLF80,FLE160A
SHP253438,FXK4
SHP253438,FXK8
SHP253438,FX1
SHP253438,FXK11
SHP253438,TMXK2
SHP253438,FXK3
SHP253438,FXK6
SHP253438,SHDP22IRR
SHP253438,SHD1R
SHP253438,96ACF
TDM99117C,DR030ASF
TDM99117C,DR031ASF
TDM99117C,DR032ASF
TDM99117C,DR033ASF
TDM99117C,DR035ASF
TDM99117C,DR036ASF
TDM99117C,DR037ASF
TDM99117C,DR040ASF
TDM99117C,DR042ASF
TDM99117C,DR043ASF
MS1300,TR108
MS1300,TDG2
MS1300,LP404
MS1300,SHLF80A
MS1300,SHLX80A
MS1300,TA3
MS1300,SG3ASH90CR
MS1300,SG3ASH45CR
MS1300,SG3ASACR
MS1300,87BCF
OFWHD1,OFWHD2
OFWHD1,OFW3
OFWHD1,OFW4KT
OFWHD1,AD10B
OFWHD1,ECFB200BL
OFWHD1,PWC48
OFWHD1,LP7R
OFWHD1,ECHDD012A
OFWHD1,CTB8174
OFWHD1,PH3050BR
PHP3A,PHP2A
PHP3A,PHP1A
PHP3A,S9724RHS
PHP3A,SWM301
PHP3A,SGRHT6BG
PHP3A,SWM271
PHP3A,SVTS264
PHP3A,ACT413A
PHP3A,ACTR4151A
PHP3A,RTEMP8
PBFT60R,PBFT50R
PBFT60R,PBMMS5R
PBFT60R,PBMB5R
PBFT60R,PWCS7ACF
PBFT60R,SPBS12AR
PBFT60R,SG3ASHCR
PBFT60R,SG3ASH90CR
PBFT60R,SG3ASH45CR
PBFT60R,SG3ASACR
PBFT60R,87BCF
PBMMS5O,PBMMB5O
PBMMS5O,PBMMA5O
PBMMS5O,PBMA5O
PBMMS5O,PBMMS5G
PBMMS5O,PBMMS5R
PBMMS5O,SOXRRM10A
PBMMS5O,TPGDL2000
PBMMS5O,ATECH3F300VR
PBMMS5O,ATECH2F125VR
PBMMS5O,ECHDF042
PKN90,AWTR8
PKN90,AWMXL10
PKN90,PKNC150
PKN90,PKN500
PKN90,PPK300
PKN90,JT13B
PKN90,PPC812B
PKN90,EEDM525F
PKN90,TDG1
PKN90,KRSC326FPBO
RBM1213C,RBM1415C
RBM1213C,RBM1011C
RBM1213C,RBM1618C
RBM1213C,RBM1719C
RBM1213C,RBM78SC
RBM1213C,OXIM7SB
RBM1213C,OXIM6SB
RBM1213C,OXIM5SB
RBM1213C,OXIM55SB
RBM1213C,OXIM4SB
R3640SA,FXK11
R3640SA,47ACF
R3640SA,SGD6BR
R3640SA,SIMM180
R3640SA,SGDP42IRBR
R3640SA,EECT400
R3640SA,KRSC46HPBO
R3640SA,ECHDD012A
R3640SA,CTB8174
R3640SA,PH3050BR
YA4618,SPBS18AR
YA4618,SRPCR3800
YA4618,SGDX80BR
YA4618,47ACF
YA4618,SRPCR4700
YA4618,SIMM220
YA4618,SIMM160A
YA4618,F80
YA4618,SGDP31IRBR
YA4618,ATECH3FR300B
SDG10S25F,PDR3000A
SDG10S25F,PTC250
SDG10S25F,VWB8B
SDG10S25F,PSO4625
SDG10S25F,SLL80A
SDG10S25F,PTGR110
SDG10S25F,312IMMS
SDG10S25F,IMMS150
SDG10S25F,IMMS160
SDG10S25F,IMMS170
TTA35,STA35
TTA35,FTA35
TTA35,208FRDH
TTA35,FRDH101
TTA35,FRDH121
TTA35,FRDH201
TTA35,FRDH221
TTA35,FRDH141
TTA35,FRDH161
TTA35,FRDH181
VGP12418,HR-26
VGP12418,VGP12509
VGP12418,VGP12406
VGP12418,VGP12412
VGP12418,VGP12808
VGP12418,AT408
VGP12418,YA109C
VGP12418,PSO4625
VGP12418,DB121C
VGP12418,TPMA25EM
SDG03S25,MG725A
SDG03S25,PHG1055BK
SDG03S25,PH3050BR
SDG03S25,SIMM200
SDG03S25,SIMM110A
SDG03S25,SIMM100A
SDG03S25,SIMM130A
SDG03S25,SIMM120A
SDG03S25,SIMM140A
SDG03S25,SIMM180
UPTM65K,SPBS36BR
UPTM65K,PKNC150
UPTM65K,SOEX38
UPTM65K,414AHD
UPTM65K,305SIMMY
UPTM65K,YA4275
UPTM65K,TWM11A
UPTM65K,FADH12B
UPTM65K,TWM10A
UPTM65K,L872
VSC4KT-4,PL400B
VSC4KT-4,ATECH3FR300B
VSC4KT-4,FU8A
VSC4KT-4,TMU8B
VSC4KT-4,SGDP42IRBR
VSC4KT-4,EECT400
VSC4KT-4,KRSC46HPBO
VSC4KT-4,ECHDD012A
VSC4KT-4,CTB8174
VSC4KT-4,PH3050BR
XDLR705A,XDLRM10A
XDLR705A,XDLRM13A
XDLR705A,XDLRM15A
XDLR705A,XDLRM17A
XDLR705A,XDLRM19A
XDLR705A,XDLRM705K2A
XDLR705A,XDLRM12A
XDLR705A,XDLRM14A
XDLR705A,XDLRM16A
XDLR705A,XDLRM18A
XDLRM705K1A,XDLRM10A
XDLRM705K1A,XDLRM13A
XDLRM705K1A,XDLRM15A
XDLRM705K1A,XDLRM17A
XDLRM705K1A,XDLRM19A
XDLRM705K1A,XDLRM705K2A
XDLRM705K1A,XDLR12A
XDLRM705K1A,XDLR14A
XDLRM705K1A,XDLR16A
XDLRM705K1A,XDLR18A
XDSGM607K1,XDSGM16O
XDSGM607K1,XDSGM17O
XDSGM607K1,XDSGM18O
XDSGM607K1,XDSGM19O
XDSGM607K1,XDSGM21O
XDSGM607K1,XDSGM22O
XDSGM607K1,XDSGM24O
XDSGM607K1,XDSGM607K1O
XDSGM607K1,XDSGM16G
XDSGM607K1,XDSGM17G
UTS105A,DBBPC21
UTS105A,AWM12D
UTS105A,QD3RN350A
UTS105A,AWCGT500
UTS105A,BOERM18
UTS105A,HR-26
UTS105A,VWB5B
UTS105A,VGP12418
UTS105A,FAMXS10E
UTS105A,FAMXS7E
VGP22412,VGP22418
VGP22412,VGP12418
VGP22412,VGP12406
VGP22412,VGP12412
VGP22412,VGP12808
VGP22412,TPMA25EM
VGP22412,8MA
VGP22412,6T
VGP22412,PTC250
VGP22412,ECPNG032
VGP22418,VSG9R
VGP22418,ECARA052A
VGP22418,GA243
VGP22418,YA109C
VGP22418,PK50A
VGP22418,VGP22412
VGP22418,A159
VGP22418,PSO4525
VGP22418,EARPLUGBAND
VGP22418,JT13B
SHLL80AO,FHLL80
SHLL80AO,THLL72
SHLL80AO,SH80A
SHLL80AO,ATECH4RS600
SHLL80AO,FHL80
SHLL80AO,SIMTMM13
SHLL80AO,SIMTMM12
SHLL80AO,SIMTMM11
SHLL80AO,FX24A
SHLL80AO,FX18
SRP3B,SRP1C
SRP3B,SRP2B
SRP3B,SRP5C
SRP3B,SN25A
SRP3B,FB303B
SRP3B,ACT1370
SRP3B,222AFSP
SRP3B,SWM111A
SRP3B,SWM101A
SRP3B,ACT83A
TMM12,TMM9
TMM12,TMM6
TMM12,TMM11
TMM12,TMM14
TMM12,TMM13
TMM12,ECHDD012A
TMM12,CTB8174
TMM12,PH3050BR
TMM12,FADH12B
TMM12,STMM9
TPM16GRN,FDS101
TPM16GRN,FDS121
TPM16GRN,FDS141
TPM16GRN,FDS161
TPM16GRN,FDS181
TPM16GRN,FU12B
TPM16GRN,FU14B
TPM16GRN,XDH1214A
TPM16GRN,XDH1618A
TPM16GRN,XS2024A
ECPNH012UV,ACTUVLITE4
ECPNH012UV,ECPNJ032
ECPNH012UV,ECPNH012
ECPNH012UV,EECR5A
ECPNH012UV,GLOVE300BL
ECPNH012UV,GA265A
ECPNH012UV,312IPLM
ECPNH012UV,IPLM11C
ECPNH012UV,IPLM10C
ECPNH012UV,IPLM12C
206AFSA,GA3645A
206AFSA,FB307D
206AFSA,TWM31
206AFSA,TWM29
206AFSA,R1618SC
206AFSA,1210B
206AFSA,TWM26
206AFSA,FSUM13A
206AFSA,FSUM12A
206AFSA,FSUM10A
207IPSFM,IPSM21
207IPSFM,IPSM18
207IPSFM,IPSM15
207IPSFM,206SFSUM
207IPSFM,SFSUM12
207IPSFM,SFSUM13
207IPSFM,SFSUM14
207IPSFM,SFSUM15
207IPSFM,SFSUM17
207IPSFM,106IPTMMA
IPDLM16A,IPSM21
IPDLM16A,IPSM18
IPDLM16A,IPSM15
IPDLM16A,IPLM22C
IPDLM16A,IPL38C
IPDLM16A,IPTMM8A
IPDLM16A,IPTMM15A
IPDLM16A,IPTMM12A
IPDLM16A,IPTMM13A
IPDLM16A,IPTMM14A
AWBSG20A,SIMM240
AWBSG20A,SPBS18AR
AWBSG20A,SGDP42IRBR
AWBSG20A,SGD2BR
AWBSG20A,TMXK4
AWBSG20A,EECT400
AWBSG20A,KRSC46HPBO
AWBSG20A,ECHDD012A
AWBSG20A,CTB8174
AWBSG20A,PH3050BR
OEXM300B,OEXM290B
OEXM300B,OEXM320B
OEXM300B,OEXM260B
OEXM300B,OEXM270B
OEXM300B,OEXM250B
OEXM300B,FAML8E
OEXM300B,FAML7E
OEXM300B,FAML5E
OEXM300B,FAML4E
OEXM300B,FAML10E
EETL500,SVTS263A
EETL500,SGD155CR
EETL500,EEPV500
EETL500,VWB8B
EETL500,EEPV509
EETL500,EEPV503
EETL500,SGD153BR
EETL500,SGTT110B
EETL500,SGTT8B
EETL500,SGTT9B
XDLRM11A,XDLRM12A
XDLRM11A,XDLRM14A
XDLRM11A,XDLRM16A
XDLRM11A,XDLRM18A
XDLRM11A,XDLRM10A
XDLRM11A,XDLRM13A
XDLRM11A,XDLRM15A
XDLRM11A,XDLRM17A
XDLRM11A,XDLRM19A
XDLRM11A,XDLRM705K2A
206ESSPKPLG,S9716KA
206ESSPKPLG,BTCP2SA
206ESSPKPLG,XFRRM1214
206ESSPKPLG,XFRRM1315
206ESSPKPLG,XFRRM1618
206ESSPKPLG,XFRRM1719
206ESSPKPLG,XFRRM705
206ESSPKPLG,XFRRM810
206ESSPKPLG,FAM11E
206ESSPKPLG,FAM12E
120STTM,222SFFSFR
120STTM,TD1040A
120STTM,TDM100A
120STTM,SEPPROCORE2A
120STTM,224SFFSMFR
120STTM,AT4124
120STTM,PTIM5
120STTM,PK52A
120STTM,AT4135
120STTM,FAM11E
AWL4-1/2D,SGD8BR
AWL4-1/2D,SGD4BR
AWL4-1/2D,91ACP
AWL4-1/2D,SGASA204CR
AWL4-1/2D,ATECH2FR125B
AWL4-1/2D,EECT400
AWL4-1/2D,KRSC46HPBO
AWL4-1/2D,ECHDD012A
AWL4-1/2D,CTB8174
AWL4-1/2D,PH3050BR
KRBC100ABFI,SEPPREMET
KRBC100ABFI,TMXK60
KRBC100ABFI,TMXK2
KRBC100ABFI,KRA2411PBO
KRBC100ABFI,PBMP703A
KRBC100ABFI,PH3050BR
KRBC100ABFI,ATECH3FR300B
KRBC100ABFI,ATECH2FR125B
KRBC100ABFI,SPBS24AR
KRBC100ABFI,PPC816B
EEPV509,SGD155CG
EEPV509,SGD153BR
EEPV509,EEPV500
EEPV509,FZ7A
EEPV509,EEPV503
EEPV509,SGD155CR
EEPV509,210EFTXRY
EEPV509,FTXR27E
EEPV509,FTXR30E
EEPV509,FTXR40E
SPBS24AO,SPBS8AR
SPBS24AO,SPBS12AR
SPBS24AO,SPBS18AR
SPBS24AO,309SIMYA
SPBS24AO,BTC7B
SPBS24AO,CTB8174
SPBS24AO,PH3050BR
SPBS24AO,TB10A
SPBS24AO,DB129C
SPBS24AO,PL400BG
AD12C,AD8C
AD12C,FB307D
AD12C,AWM140DK
AD12C,AD6C
AD12C,GA3645A
AD12C,AD10C
AD12C,PL307ACFO
AD12C,AT4124
AD12C,YA2019
AD12C,97ACFG
OXIM9B,OXIM8B
OXIM9B,OXIM7B
OXIM9B,OXIM6B
OXIM9B,XB1214A
OXIM9B,XB1618A
OXIM9B,XB2022A
OXIM9B,XB2426A
OXIM9B,XB2830A
OXIM9B,XB605A
OXIM9B,XBM1012A
RD8,MTEE6
RD8,VWB8B
RD8,FZ80
RD8,RADKITULTRA
RD8,RTD48
RD8,QDTPMS
RD8,ACT73A
RD8,RBYAM605
RD8,E1020
RD8,DB129C
FB302A,TPMC25GRN
FB302A,FDS101
FB302A,FDS121
FB302A,FDS141
FB302A,FDS161
FB302A,FDS181
FB302A,FU12B
FB302A,FU14B
FB302A,XDH1214A
FB302A,XDH1618A
SHD4G,SHD8R
SHD4G,SHDP31IRR
SHD4G,SHD2R
SHD4G,SHD6R
SHD4G,SHDP42IRR
SHD4G,SHDP63IRR
SHD4G,PG160
SHD4G,ECFB200BL
SHD4G,S9706KMAG
SHD4G,SHDP22IRR
ITHE100,US712
ITHE100,OFW4
ITHE100,PKNG90
ITHE100,AWMEF7K
ITHE100,PL307ACFO
ITHE100,FBM320
ITHE100,BHS7A
ITHE100,KRA2055FPBO
ITHE100,AW1020DK
ITHE100,BCS70A
GLOVE600M,S9704KMAG
GLOVE600M,AWMBPH9
GLOVE600M,GLOVE505RL
GLOVE600M,AWBPH13
GLOVE600M,OXIM6B
GLOVE600M,SFSM21
GLOVE600M,GLOVE309L
GLOVE600M,HSPD16
GLOVE600M,STMM4
GLOVE600M,S9706KMAG
GLOVE600XL,S9704KMAG
GLOVE600XL,AWMBPH9
GLOVE600XL,GLOVE505RL
GLOVE600XL,AWBPH13
GLOVE600XL,OXIM6B
GLOVE600XL,SFSM21
GLOVE600XL,GLOVE309L
GLOVE600XL,HSPD16
GLOVE600XL,STMM4
GLOVE600XL,S9706KMAG
AWXL13-3/16,TMXK2
AWXL13-3/16,FHLF80A
AWXL13-3/16,SIMM170
AWXL13-3/16,96ACF
AWXL13-3/16,SPBS18AR
AWXL13-3/16,EECT400
AWXL13-3/16,KRSC46HPBO
AWXL13-3/16,ECHDD012A
AWXL13-3/16,CTB8174
AWXL13-3/16,PH3050BR
SGT4BR,S6110A
SGT4BR,FB303B
SGT4BR,FLX80B
SGT4BR,S6118A
SGT4BR,2004BSKA
SGT4BR,AC5C
SGT4BR,AWM110DHK
SGT4BR,FADH12B
SGT4BR,TPM16
SGT4BR,KRA2007FPBO
SHDX80R,AWM110DHK
SHDX80R,TPMB10
SHDX80R,TPM16
SHDX80R,AC5C
SHDX80R,EC-USB-C-3A
SHDX80R,2004BSKA
SHDX80R,FB360C
SHDX80R,KRA2007FPBO
SHDX80R,PK53A
SHDX80R,MAGML300L-S2016
AWM2-1/2D,FU8A
AWM2-1/2D,FX1
AWM2-1/2D,PPC105LA
AWM2-1/2D,TMXK4
AWM2-1/2D,PPC106LA
AWM2-1/2D,EECT400
AWM2-1/2D,KRSC46HPBO
AWM2-1/2D,ECHDD012A
AWM2-1/2D,CTB8174
AWM2-1/2D,PH3050BR
IPLM24C,IPLM11C
IPLM24C,IPLM10C
IPLM24C,IPLM12C
IPLM24C,IPLM15C
IPLM24C,IPLM18C
IPLM24C,EECT400
IPLM24C,KRSC46HPBO
IPLM24C,ECHDD012A
IPLM24C,CTB8174
IPLM24C,PH3050BR
AWSGM800A,218AFSP
AWSGM800A,AWSG800A
AWSGM800A,PKNC200
AWSGM800A,AWSGT800A
AWSGM800A,10R
AWSGM800A,S201
AWSGM800A,S181A
AWSGM800A,S161A
AWSGM800A,S141A
AWSGM800A,S121A
FADH704CO,AD8C
FADH704CO,AD12C
FADH704CO,XDSGM607K1G
FADH704CO,AD6C
FADH704CO,AD10C
FADH704CO,PH3050BR
FADH704CO,XDSGM17O
FADH704CO,XDSGM16O
FADH704CO,FB307D
FADH704CO,ECF35
TMMD10,TMMD9
TMMD10,TMMD12
TMMD10,TMMD11
TMMD10,TMMD13
TMMD10,TMMD14
TMMD10,IMTMM10
TMMD10,YTMMS10
TMMD10,TMMD5
TMMD10,TMMD7
TMMD10,STMMD10
OEX10B,5CF
OEX10B,ASG185BR
OEX10B,ATECHMS80M
OEX10B,CCY21508
OEX10B,DANTG70
OEX10B,FSNSS-508-BO
OEX10B,JHW30012
OEX10B,KNX8111250
OEX10B,KNX8603125
OEX10B,KNX8603150
MAGDISH10,MAGTRAY
MAGDISH10,MAGMICRO
MAGDISH10,MAGMINI
MAGDISH10,MAGMAT
MAGDISH10,MAGSTRIP
MAGDISH10,PLRK21
MAGDISH10,KAERNADD6RD
MAGDISH10,KACKMCFIBER1
MAGDISH10,PTM2
MAGDISH10,UPT65
TM61A,TPMC25GRN
TM61A,FDS101
TM61A,FDS121
TM61A,FDS141
TM61A,FDS161
TM61A,FDS181
TM61A,FU12B
TM61A,FU14B
TM61A,XDH1214A
TM61A,XDH1618A
213AFLEY,UTV617A
213AFLEY,FBM320
213AFLEY,UTV616A
213AFLEY,131TMPB
213AFLEY,QD1RN25B
213AFLEY,SEPPREMETA
213AFLEY,S9706KMAG
213AFLEY,FAM11E
213AFLEY,FAM12E
213AFLEY,FAM13E
RULER601,222SFFSFR
RULER601,TD1040A
RULER601,TDM100A
RULER601,SEPPROCORE2A
RULER601,PT5CBL
RULER601,224SFFSMFR
RULER601,SGHF616BO
RULER601,218AFSP
RULER601,AWL1010DK
RULER601,PKNC200
TMP22E,XS2024A
TMP22E,XS1416A
TMP22E,XS1820A
TMP22E,XS1012A
TMP22E,XS2226A
TMP22E,EECT400
TMP22E,KRSC46HPBO
TMP22E,ECHDD012A
TMP22E,CTB8174
TMP22E,PH3050BR
A159,S6103A
A159,S9538A
A159,S9614A
A159,ECARA052A
A159,VSG9R
A159,AT411
A159,BF710B
A159,BF712B
A159,PSO4512
A159,YA109C
S9714MKDEU,S9716KA
S9714MKDEU,S9718KA
S9714MKDEU,S9719KA
S9714MKDEU,S9720KA
S9714MKDEU,S9706KA
S9714MKDEU,FXKL6A
S9714MKDEU,S9711KA
S9714MKDEU,S9704KA
S9714MKDEU,110RTSMA
S9714MKDEU,A127
EECT424HD,TWM31
EECT424HD,TWM29
EECT424HD,AD8B
EECT424HD,1210B
EECT424HD,TF5A
EECT424HD,TWM28
EECT424HD,TMC105E
EECT424HD,311IMFSY
EECT424HD,IMFS120
EECT424HD,IMFS140
F161,5CF
F161,ASG185BR
F161,ATECHMS80M
F161,CCY21508
F161,DANTG70
F161,FSNSS-508-BO
F161,JHW30012
F161,KNX8111250
F161,KNX8603125
F161,KNX8603150
AWL6D,SGD2BR
AWL6D,SGD8BR
AWL6D,ATECH3FR300B
AWL6D,PPC105LA
AWL6D,SIMM190
AWL6D,EECT400
AWL6D,KRSC46HPBO
AWL6D,ECHDD012A
AWL6D,CTB8174
AWL6D,PH3050BR
ECHDF042,ECPNJ032
ECHDF042,PBFT50R
ECHDF042,GLOVE300BL
ECHDF042,ECPNI032R
ECHDF042,ECPNH012
ECHDF042,UIM2RSLT
ECHDF042,ECARL032R
ECHDF042,CTNN13KF
ECHDF042,GA265A
ECHDF042,CT825DB
ECHDF042B,ECPNJ032
ECHDF042B,PBFT50R
ECHDF042B,GLOVE300BL
ECHDF042B,ECPNI032R
ECHDF042B,ECPNH012
ECHDF042B,UIM2RSLT
ECHDF042B,ECARL032R
ECHDF042B,CTNN13KF
ECHDF042B,GA265A
ECHDF042B,CT825DB
PPC106A,PPC105LA
PPC106A,PPC812B
PPC106A,PPC104LA
PPC106A,PPC108LA
PPC106A,PPC110LA
PPC106A,PPC112
PPC106A,PPC824C
PPC106A,PPC828C
PPC106A,FDS101
PPC106A,FDS121
F101,F261
F101,F281
F101,F081
F101,F221
F101,F201
F101,SF321
F101,SF301
F101,SF191
F101,PT5CBL
F101,SF081
ECUHD218,BRHC2PK
ECUHD218,LSR1500
ECUHD218,LSR1510
ECUHD218,LSR1520
ECUHD218,LSR1530
ECUHD218,LSR1540
ECUHD218,LSR1550
ECUHD218,204FXKLA
ECUHD218,FXKL11A
ECUHD218,FXKL24A
OEXM9B,OEXM8B
OEXM9B,AWM12D
OEXM9B,FB303B
OEXM9B,OEXM7B
OEXM9B,SN25A
OEXM9B,222AFSP
OEXM9B,PH3050BR
OEXM9B,UIM225RD
OEXM9B,VWB5B
OEXM9B,ACT83A
AWT50A,FXK11
AWT50A,ATECH2FR125B
AWT50A,SIMM190
AWT50A,SPBS18AR
AWT50A,TMXK2
AWT50A,EECT400
AWT50A,KRSC46HPBO
AWT50A,ECHDD012A
AWT50A,CTB8174
AWT50A,PH3050BR
GAW1924,47ACF
GAW1924,F80
GAW1924,SGD2BR
GAW1924,SIMM170
GAW1924,SPBS8AR
GAW1924,EECT400
GAW1924,KRSC46HPBO
GAW1924,ECHDD012A
GAW1924,CTB8174
GAW1924,PH3050BR
KCP1422BCD,KWSP2455AST
KCP1422BCD,KWSN2455ABL
KCP1422BCD,KWSN2455AST
KCP1422BCD,KWSP2455ABL
KCP1422BCD,KRWT2411
KCP1422BCD,UPT35R
KCP1422BCD,SR40K
KCP1422BCD,BTC7B
KCP1422BCD,OXIM7B
KCP1422BCD,AWMG9
UTK100,59CF
UTK100,EECT110-AC
UTK100,HCLSB16
UTK100,HSG325
UTK100,SGDDP42IRBR
UTK100,TL900LA
UTK100,VSG9R
UTK100,ECF35
UTK100,ECARA052A
UTK100,SNA-TBP14
MS24A,PL400B
MS24A,SIMM190
MS24A,91ACP
MS24A,F80
MS24A,FU8A
MS24A,EECT400
MS24A,KRSC46HPBO
MS24A,ECHDD012A
MS24A,CTB8174
MS24A,PH3050BR
SGD4BO,59CF
SGD4BO,EECT110-AC
SGD4BO,HCLSB16
SGD4BO,HSG325
SGD4BO,SGDDP42IRBR
SGD4BO,TL900LA
SGD4BO,SGD6BR
SGD4BO,SGD2BR
SGD4BO,SGD8BR
SGD4BO,SGDP31IRBR
AWSGT27A,BLPTL1427
AWSGT27A,TMMS11
AWSGT27A,TMMS9
AWSGT27A,TMMS6
AWSGT27A,TMMS5.5
AWSGT27A,EECT400
AWSGT27A,KRSC46HPBO
AWSGT27A,ECHDD012A
AWSGT27A,CTB8174
AWSGT27A,PH3050BR
TA50,TA32A
TA50,TW221
TA50,TW281
TA50,TW161A
TA50,TW141A
TA50,TW181A
TA50,TW241
TA50,TW261
TA50,TW321
TA50,TW341
VAC201,ASTFUN19KIT
VAC201,YA832A
VAC201,YA427B
VAC201,ITHE100
VAC201,BTCP400
VAC201,JCW80AR
VAC201,PWZ4
VAC201,SGD155CR
VAC201,SHP2KT
VAC201,OFC14KT
DBHS13,DBHM9
DBHS13,AWTPH8
DBHS13,AWTR8
DBHS13,AWXL13
DBHS13,UIM2RSLT
DBHS13,SDM11A
DBHS13,SDM215C
DBHS13,SDM251IRC
DBHS13,SDM252IRB
DBHS13,SDM253IRC
SIM280,SIM160A
SIM280,SIM180A
SIM280,SIM220
SIM280,SIM200
SIM280,SIM320
SIM280,PH3050BR
SIM280,YA438B
SIM280,UPT35G
SIM280,UPT35R
SIM280,SRPCR4700O
TR117O,WHM1
TR117O,SDMV208
TR117O,GA358B
TR117O,PTM2
TR117O,TR108
TR117O,TSKT100A
TR117O,TSKT65A
TR117O,TSKT120A
TR117O,PGP120
TR117O,YA105013
TLLF72,5CF
TLLF72,ASG185BR
TLLF72,ATECHMS80M
TLLF72,CCY21508
TLLF72,DANTG70
TLLF72,FSNSS-508-BO
TLLF72,JHW30012
TLLF72,KNX8111250
TLLF72,KNX8603125
TLLF72,KNX8603150
PPC204A,PPC112
PPC204A,PPC824C
PPC204A,PPC828C
PPC204A,PPC208A
PPC204A,PPC210A
PPC204A,AWEF6K
PPC204A,PPC104LA
PPC204A,PPC108LA
PPC204A,OC5A
PPC204A,EFPHANNIBALB
SFSM16,SFSM18
SFSM16,SFSM9
SFSM16,SFSM12
SFSM16,SFSM8
SFSM16,SFSM11
SFSM16,SFS101
SFSM16,SFS081
SFSM16,SGA173BG
SFSM16,UPT35R
SFSM16,FADH12B
THRLX72,FHOF80A
THRLX72,THR72
THRLX72,FHLX80B
THRLX72,SHX80B
THRLX72,FHR80
THRLX72,STMMD14
THRLX72,STMMD13
THRLX72,STMMD12
THRLX72,STMMD11
THRLX72,STMMD10
SRPCR4700,SRPCR7000
SRPCR4700,SRPCR7090
SRPCR4700,SRPCR7045
SRPCR4700,SRPCR9045
SRPCR4700,SRPCR9090
SRPCR4700,SRPCR3890
SRPCR4700,SRPCR3845
SRPCR4700,SRPCR4745
SRPCR4700,SRPCR4790
SRPCR4700,SRPCR9000
FHLX80BG,THRLX72
FHLX80BG,THLX72
FHLX80BG,THLLF72
FHLX80BG,SHLX80A
FHLX80BG,SHX80B
FHLX80BG,SXWP8
FHLX80BG,SXWP5
FHLX80BG,SXWP3
FHLX80BG,SXWP2
FHLX80BG,SXWP11
OEXM6B,US712
OEXM6B,OEXM7B
OEXM6B,OEXM9B
OEXM6B,AWM12D
OEXM6B,OEXM8B
OEXM6B,FB303B
OEXM6B,TR107AR
OEXM6B,FBBA325
OEXM6B,TB10A
OEXM6B,SGA173BO
SGTT4B,SGTT2B
SGTT4B,SGTT9B
SGTT4B,SGTT10B
SGTT4B,SGTT1B
SGTT4B,SGTT7B
SGTT4B,MTTL800
SGTT4B,YAKS42
SGTT4B,YA1175KIT
SGTT4B,FB307RNB
SGTT4B,ACT413A
14V,BF775C-A
14V,AWM12D
14V,VWB5B
14V,UTV614A
14V,GA243
14V,AT425R
14V,DPT7A
14V,BLP18HVLP
14V,PDR3000A
14V,TPMA25EM
PKNC300,PKNC301
PKNC300,PKB500A
PKNC300,USS103
PKNC300,PTM30
PKNC300,PK500A
PKNC300,FB336
PKNC300,FB307RNB
PKNC300,PPC828C
PKNC300,PPC112
PKNC300,PPC824C
HBBD24O,FLX80B
HBBD24O,UPT35R
HBBD24O,112RTA
HBBD24O,PK23A
HBBD24O,317AMMPC
HBBD24O,117TMM
HBBD24O,UIM225
HBBD24O,LP10WR
HBBD24O,DB121C
HBBD24O,WTRW9K
TW421,TW461
TW421,TW441
TW421,TWM28
TW421,EEBM600
TW421,TWM26
TW421,TW481
TW421,FUM14A
TW421,FUM13A
TW421,FUM12A
TW421,FUM10A
TMA3E,TMA2E
TMA3E,5CF
TMA3E,ASG185BR
TMA3E,ATECHMS80M
TMA3E,CCY21508
TMA3E,DANTG70
TMA3E,FSNSS-508-BO
TMA3E,JHW30012
TMA3E,KNX8111250
TMA3E,KNX8603125
EFP2WFLAME,PPC106LA
EFP2WFLAME,TMXK2
EFP2WFLAME,SHD1R
EFP2WFLAME,SIMM220
EFP2WFLAME,FXK3
EFP2WFLAME,SIMM200
EFP2WFLAME,SIMM190
EFP2WFLAME,FU8A
EFP2WFLAME,SPBS12AR
EFP2WFLAME,SGDP31IRBR
TDG1,222SFFSFR
TDG1,TD1040A
TDG1,TDM100A
TDG1,340SSDP
TDG1,FBSM325
TDG1,224SFFSMFR
TDG1,10SSD
TDG1,TR107AR
TDG1,FBM320
TDG1,SGA173BO
KRSC326FPCM,AD10B
KRSC326FPCM,9100GSM
KRSC326FPCM,SEPHDSETAOB
KRSC326FPCM,FA12LE
KRSC326FPCM,FRX181
KRSC326FPCM,GF22
KRSC326FPCM,KAC1224TCA
KRSC326FPCM,HD6529
KRSC326FPCM,SEPIMMSIMM
KRSC326FPCM,TW481
212FSMSY,211FSSY
212FSMSY,FSS081
212FSMSY,FSS101
212FSMSY,FSS201
212FSMSY,FSS221
212FSMSY,FSS241
212FSMSY,FSS261
212FSMSY,FSS281
212FSMSY,FSS141
212FSMSY,FSS121
SWM211,SWM221
SWM211,SWM231
SWM211,SWM201
SWM211,SWM241
SWM211,SWM161
SWM211,KRSC46HPBO
SWM211,ECHDD012A
SWM211,CTB8174
SWM211,PH3050BR
SWM211,FB303B
SGTT6B,SGTT9B
SGTT6B,SGTT1B
SGTT6B,SGTT2B
SGTT6B,SGTT5B
SGTT6B,SGTT7B
SGTT6B,YA1175KIT
SGTT6B,YAKS42
SGTT6B,MTTL800
SGTT6B,ACT407
SGTT6B,ACT413A
EECT400,GA236C
EECT400,SPBS24A
EECT400,AWM110DHK
EECT400,TPM16
EECT400,AC5C
EECT400,EC-USB-C-3A
EECT400,2004BSKA
EECT400,KRA2007FPBO
EECT400,FB360C
EECT400,OC5A
TW241,TW121A
TW241,TW201
TW241,TW221
TW241,TW161A
TW241,TW141A
TW241,TS201
TW241,TS181A
TW241,TS161A
TW241,TS141A
TW241,TS121A
IPL42C,IPL40C
IPL42C,IPL38C
IPL42C,IPL34C
IPL42C,IPL36C
IPL42C,IPL22C
IPL42C,EECT400
IPL42C,KRSC46HPBO
IPL42C,ECHDD012A
IPL42C,CTB8174
IPL42C,PH3050BR
AWMCG1610B,SGD2BR
AWMCG1610B,SIMM200
AWMCG1610B,PL400B
AWMCG1610B,SGD4BR
AWMCG1610B,A2A
AWMCG1610B,EECT400
AWMCG1610B,KRSC46HPBO
AWMCG1610B,ECHDD012A
AWMCG1610B,CTB8174
AWMCG1610B,PH3050BR
CTR814DB,BLPTHC87
CTR814DB,T72
CTR814DB,SGD8BR
CTR814DB,SGASA204CR
CTR814DB,GFAT1E
CTR814DB,SIMM170
CTR814DB,TMU8B
CTR814DB,A2A
CTR814DB,SGD4BR
CTR814DB,96ACF
CTR862DB,PKWLR53A
CTR862DB,CTSG861DB
CTR862DB,EECR5A
CTR862DB,CT9010K2
CTR862DB,LIL59000
CTR862DB,PGP120
CTR862DB,CT9080K2
CTR862DB,JCW62R
CTR862DB,KAPL10RD
CTR862DB,PL1000START
CTR867AGK2,CT9010K2
CTR867AGK2,CT9080K2
CTR867AGK2,LSR1150
CTR867AGK2,LSR2000
CTR867AGK2,CT825DB
CTR867AGK2,LSR1250
CTR867AGK2,CTR861AK2
CTR867AGK2,CTB8174
CTR867AGK2,IMM250
CTR867AGK2,312IMM
AW14D,FHLF80A
AW14D,SGD8BR
AW14D,SIMM170
AW14D,91ACP
AW14D,FXK3
AW14D,EECT400
AW14D,KRSC46HPBO
AW14D,ECHDD012A
AW14D,CTB8174
AW14D,PH3050BR
317AMMPC,UPT35G
317AMMPC,FLX80B
317AMMPC,TPM16
317AMMPC,AWM110DHK
317AMMPC,EC-USB-C-3A
317AMMPC,SGA173BG
317AMMPC,206EAU
317AMMPC,AC5C
317AMMPC,117TMM
317AMMPC,UIM225GR
CT9050DB,91ACP
CT9050DB,SIMM190
CT9050DB,FXK11
CT9050DB,SIMM160A
CT9050DB,ATECH2FR125B
CT9050DB,TMU8B
CT9050DB,SIMM200
CT9050DB,SGD6BR
CT9050DB,GFAT1E
CT9050DB,SPBS8AR
CTNN13KF,TMC109A
CTNN13KF,ECSPN108
CTNN13KF,DBH7B
CTNN13KF,PBMA5G
CTNN13KF,CTLMAG-BOOTM
CTNN13KF,TMXM114
CTNN13KF,YA4190DIS
CTNN13KF,IND25HAT
CTNN13KF,R404
CTNN13KF,SDMT10D
2005BSKA,AD8B
2005BSKA,SGA173BO
2005BSKA,PKNC125C2
2005BSKA,SEPPT850KA
2005BSKA,OC5A
2005BSKA,FTX60E
2005BSKA,R404
2005BSKA,AF102
2005BSKA,PGP120
2005BSKA,RXS12B
CDR4P44K3K2,GFAT1E
CDR4P44K3K2,SGD4BR
CDR4P44K3K2,TMXK60
CDR4P44K3K2,FXK3
CDR4P44K3K2,SIMM210
CDR4P44K3K2,SGD6BR
CDR4P44K3K2,91ACP
CDR4P44K3K2,SIMM180
CDR4P44K3K2,SGD2BR
CDR4P44K3K2,TMU8B
AT2050,AWM12D
AT2050,VWB5B
AT2050,AT425R
AT2050,14V
AT2050,BF775C-A
AT2050,AT700F
AT2050,BLP18HVLP
AT2050,SWM301
AT2050,AT118
AT2050,AT5500
SHD2O,SHD8R
SHD2O,5CF
SHD2O,ASG185BR
SHD2O,ATECHMS80M
SHD2O,CCY21508
SHD2O,DANTG70
SHD2O,FSNSS-508-BO
SHD2O,JHW30012
SHD2O,KNX8111250
SHD2O,KNX8603125
47ACF,KAPL10RD
47ACF,87BCF
47ACF,96ACF
47ACF,91ACP
47ACF,97ACF
47ACF,PKNC150
47ACF,SEPIMMSIMM
47ACF,TMM4
47ACF,PGP120
47ACF,ACT83A
STMM15,STMM5
STMM15,STMM9
STMM15,STMM14
STMM15,STMM6
STMM15,STMM11
STMM15,STMM13
STMM15,CTB8174
STMM15,PH3050BR
STMM15,SEPIMMSIMM
STMM15,FADH12B
HBBD56O,HBBD8
HBBD56O,PBMP703A
HBBD56O,PL330ACF
HBBD56O,ACT51234A
HBBD56O,PTM2
HBBD56O,49ACF
HBBD56O,HBBD16
HBBD56O,PPC828C
HBBD56O,PPC824C
HBBD56O,PPC112
THLX72G,FHLX80B
THLX72G,SHX80B
THLX72G,THLL72
THLX72G,FHOF80A
THLX72G,SHLX80A
THLX72G,SIMTMM15
THLX72G,SIMTMM11
THLX72G,SIMTMM12
THLX72G,SIMTMM13
THLX72G,SIMTMM14
TMD7,XS2024A
TMD7,5CF
TMD7,ASG185BR
TMD7,ATECHMS80M
TMD7,CCY21508
TMD7,DANTG70
TMD7,FSNSS-508-BO
TMD7,JHW30012
TMD7,KNX8111250
TMD7,KNX8603125
TMM15,TMM5
TMM15,TMM4
TMM15,TMM9
TMM15,TMM6
TMM15,TMM14
TMM15,PH3050BR
TMM15,STMM9
TMM15,SEPIMMSIMM
TMM15,AD10B
TMM15,FADH12B
IPSM21,IPSM18
IPSM21,IPSM22
IPSM21,IPSM15
IPSM21,IPDLM13A
IPSM21,IPLM22C
IPSM21,KRSC46HPBO
IPSM21,IPSFM11A
IPSM21,ECHDD012A
IPSM21,CTB8174
IPSM21,PH3050BR
IPSM22,IPSM21
IPSM22,IPSM18
IPSM22,IPSM15
IPSM22,IPLM22C
IPSM22,IPLM24C
IPSM22,IPFM13C
IPSM22,IPFM12C
IPSM22,CT9010K2
IPSM22,IPSFM11A
IPSM22,TMUSM8A
GLOVE900XLR,GLOVE900LG
GLOVE900XLR,GLOVE505RL
GLOVE900XLR,OXRM710
GLOVE900XLR,GLOVE300BL
GLOVE900XLR,YA427B
GLOVE900XLR,GLOVE309L
GLOVE900XLR,GLOVE1100L
GLOVE900XLR,TB50W
GLOVE900XLR,YA9350B
GLOVE900XLR,AWMCG1600B
PWCS7ACF,KAPL10RD
PWCS7ACF,PWCH7
PWCS7ACF,PWCHHD7
PWCS7ACF,UPT35R
PWCS7ACF,FLX80B
PWCS7ACF,EC-USB-C-3A
PWCS7ACF,AWM110DHK
PWCS7ACF,PK52A
PWCS7ACF,AC5C
PWCS7ACF,TPM16
BCT1050,BST103R
BCT1050,BTK7A
BCT1050,MTEE6
BCT1050,B1458C
BCT1050,B1467A
BCT1050,S6112
BCT1050,FB336
BCT1050,PPC112
BCT1050,PPC828C
BCT1050,PPC824C
TMMD12,TMMD11
TMMD12,TMMD13
TMMD12,TMMD14
TMMD12,TMMD5
TMMD12,TMMD9
TMMD12,TMMD6
TMMD12,TMMD5.5
TMMD12,STMMD12
TMMD12,STMMD11
TMMD12,STMMD10
PBMS5G,PBMA5
PBMS5G,PBMA5G
PBMS5G,PBMB5O
PBMS5G,PBMA5O
PBMS5G,PBMA5R
PBMS5G,RKBJP
PBMS5G,BJP1-13B
PBMS5G,FBBA325
PBMS5G,MTTL300
PBMS5G,SPBS12A
XFRM705,XFR1012
XFRM705,XFR1416
XFRM705,XFR1822
XFRM705,XFR2024
XFRM705,XFR704
XFRM705,OXKRM15
XFRM705,OXKRM16
XFRM705,OXKRM17
XFRM705,OXKRM18
XFRM705,OXKRM19
206AFX,222SFFSFR
206AFX,TD1040A
206AFX,TDM100A
206AFX,224SFFSMFR
206AFX,ACT1370
206AFX,106BTMX
206AFX,TMXK80
206AFX,120STTM
206AFX,AT4124
206AFX,AT4135
SF241,SF081
SF241,SF191
SF241,SF301
SF241,SF321
SF241,5CF
SF241,ASG185BR
SF241,ATECHMS80M
SF241,CCY21508
SF241,DANTG70
SF241,FSNSS-508-BO
AWCGT8,SIMM170
AWCGT8,91ACP
AWCGT8,FHLF80A
AWCGT8,SIMM200
AWCGT8,SGDP42IRBR
AWCGT8,EECT400
AWCGT8,KRSC46HPBO
AWCGT8,ECHDD012A
AWCGT8,CTB8174
AWCGT8,PH3050BR
AWSGTRP20A,SPBS24AR
AWSGTRP20A,SGD6BR
AWSGTRP20A,ATECH3FR300B
AWSGTRP20A,T72
AWSGTRP20A,ATECH2FR125B
AWSGTRP20A,EECT400
AWSGTRP20A,KRSC46HPBO
AWSGTRP20A,ECHDD012A
AWSGTRP20A,CTB8174
AWSGTRP20A,PH3050BR
ECPRD068O,SGD4BR
ECPRD068O,GFAT1E
ECPRD068O,SRPCR4700
ECPRD068O,F80
ECPRD068O,SGASA204CR
ECPRD068O,PL400B
ECPRD068O,SPBS24AR
ECPRD068O,PPC105LA
ECPRD068O,TMXK2
ECPRD068O,SIMM150A
AWSG24A,AWSG20A
AWSG24A,AWSG800A
AWSG24A,SWM221
AWSG24A,SWM201
AWSG24A,SWM231
AWSG24A,EECT400
AWSG24A,KRSC46HPBO
AWSG24A,ECHDD012A
AWSG24A,CTB8174
AWSG24A,PH3050BR
AWS13,222SFFSFR
AWS13,TD1040A
AWS13,TDM100A
AWS13,AWMG9
AWS13,SRPCR4700O
AWS13,AWM12D
AWS13,UPT35R
AWS13,224SFFSMFR
AWS13,PK52A
AWS13,DB121C
AW4-1/2D,AW4D
AW4-1/2D,AW6D
AW4-1/2D,AW7D
AW4-1/2D,AW8D
AW4-1/2D,AW12D
AW4-1/2D,TS161A
AW4-1/2D,TS141A
AW4-1/2D,TS121A
AW4-1/2D,RULER602
AW4-1/2D,GLASS30BK
LP10R,US712
LP10R,SGD155CG
LP10R,LP7R
LP10R,AW1020DK
LP10R,KRSC326FBCD
LP10R,LP5WR
LP10R,TPMA10
LP10R,LP6LN
LP10R,KRA2055FPBO
LP10R,FTXR27E
112TMMSY,TMMS4
112TMMSY,TMMS4.5
112TMMSY,110TMSY
112TMMSY,TMS10
112TMMSY,TMS11
112TMMSY,TMS12
112TMMSY,TMS14
112TMMSY,TMS16
112TMMSY,TMS18
112TMMSY,TMS6
KRA4107FPOT,KRA4114FPBO
KRA4107FPOT,KRA4810FPBO
KRA4107FPOT,BLPBSS40
KRA4107FPOT,SEPSTARTER
KRA4107FPOT,S9706KMAG
KRA4107FPOT,SEPPRECOMB
KRA4107FPOT,FB360C
KRA4107FPOT,SWM111A
KRA4107FPOT,SWM101A
KRA4107FPOT,AW1013DK
KRA4107FPWZ,KRA4114FPBO
KRA4107FPWZ,KRA4810FPBO
KRA4107FPWZ,BLPBSS40
KRA4107FPWZ,SEPSTARTER
KRA4107FPWZ,S9706KMAG
KRA4107FPWZ,SEPPRECOMB
KRA4107FPWZ,FB360C
KRA4107FPWZ,SWM111A
KRA4107FPWZ,SWM101A
KRA4107FPWZ,AW1013DK
208EFAY,ADHW8A
208EFAY,AEM444
208EFAY,AEM5530
208EFAY,AEM6530
208EFAY,AN850811B
208EFAY,HDM1236
208EFAY,LP10WC
208EFAY,S7100
208EFAY,VO3234B
208EFAY,XO2022
KCP2422PCM,KWSN2455ABL
KCP2422PCM,KRWT2411
KCP2422PCM,KWSP2455ABL
KCP2422PCM,KWSP2455AST
KCP2422PCM,KWSN2455AST
KCP2422PCM,SEPPREHD
KCP2422PCM,FB300A
KCP2422PCM,CT9080
KCP2422PCM,OEXM6B
KCP2422PCM,SEPPRECOMB
BK3000-55A,SGD4BR
BK3000-55A,SPBS24AR
BK3000-55A,SPBS12AR
BK3000-55A,PL400B
BK3000-55A,SGDP31IRBR
BK3000-55A,SIMM150A
BK3000-55A,TMU8B
BK3000-55A,91ACP
BK3000-55A,SPBS8AR
BK3000-55A,SRPCR3800
CTRS761AK2,CT9080K2
CTRS761AK2,ECPRA072
CTRS761AK2,OXIM9B
CTRS761AK2,OXIM8B
CTRS761AK2,OXIM6B
CTRS761AK2,BLPT1255
CTRS761AK2,PK50A
CTRS761AK2,TPMA10
CTRS761AK2,BF710B
CTRS761AK2,BF712B
PGP120,US712
PGP120,DBBPC21
PGP120,340SSDP
PGP120,CTTOTEAO
PGP120,10SSD
PGP120,PKWLR53A
PGP120,AD8B
PGP120,R1618SC
PGP120,TR107AO
PGP120,SW421
AWCG1607B,SIMM200
AWCG1607B,TMXK2
AWCG1607B,SGDP42IRBR
AWCG1607B,SIMM170
AWCG1607B,ATECH2FR125B
AWCG1607B,EECT400
AWCG1607B,KRSC46HPBO
AWCG1607B,ECHDD012A
AWCG1607B,CTB8174
AWCG1607B,PH3050BR
AWCG1614B,PL400B
AWCG1614B,GFAT1E
AWCG1614B,SPBS18AR
AWCG1614B,91ACP
AWCG1614B,PPC106LA
AWCG1614B,EECT400
AWCG1614B,KRSC46HPBO
AWCG1614B,ECHDD012A
AWCG1614B,CTB8174
AWCG1614B,PH3050BR
KRSC430APJK7,SEPPREMETA
KRSC430APJK7,SEPPREMET
KRSC430APJK7,FLX80B
KRSC430APJK7,SEPPRECOMB
KRSC430APJK7,SEPSTARTER
KRSC430APJK7,YA2019
KRSC430APJK7,PK23A
KRSC430APJK7,317AMMPC
KRSC430APJK7,UIM225
KRSC430APJK7,117TMM
KRA4059FPBO,VO806B
KRA4059FPBO,107ATMPB
KRA4059FPBO,TPMA10
KRA4059FPBO,VO2022B
KRA4059FPBO,VO2426B
KRA4059FPBO,VO2830B
KRA4059FPBO,ST50A
KRA4059FPBO,VO1214B
KRA4059FPBO,VO1618B
KRA4059FPBO,VO810B
KRSC343PES,RULER600
KRSC343PES,C0900A
KRSC343PES,DS1010A
KRSC343PES,DS1212A
KRSC343PES,DS809K
KRSC343PES,DS88A
KRSC343PES,WTG8A
KRSC343PES,DS2224A
KRSC343PES,HBFE16
KRSC343PES,DS1516A
FB336ORG,FB307RNB
FB336ORG,GA3634A
FB336ORG,MTEE6
FB336ORG,PKNC300
FB336ORG,208FRDHM
FB336ORG,FRDHM13
FB336ORG,FRDHM14
FB336ORG,FRDHM15
FB336ORG,FRDHM16
FB336ORG,FRDHM18
212EFTAY,222SFFSFR
212EFTAY,TD1040A
212EFTAY,TDM100A
212EFTAY,BLPHS1414
212EFTAY,SEPPROCORE2A
212EFTAY,224SFFSMFR
212EFTAY,MTTL310
212EFTAY,FB322
212EFTAY,AT4124
212EFTAY,210EFTAMY
BP12B,TPMC25GRN
BP12B,FDS101
BP12B,FDS121
BP12B,FDS141
BP12B,FDS161
BP12B,FDS181
BP12B,FU12B
BP12B,FU14B
BP12B,XDH1214A
BP12B,XDH1618A
BTG9,FBSM325
BTG9,PKRS1
BTG9,FBM320
BTG9,S9706KMAG
BTG9,FTX60E
BTG9,TDG2
BTG9,BF620C
BTG9,210AFLEY
BTG9,FLE160A
BTG9,FLE100A
E1025,AD10C
E1025,SAM19E
E1025,RC980
E1025,FABL10E
E1025,FABL12E
E1025,FABL5E
E1025,FABL6E
E1025,FABL7E
E1025,FABL8E
E1025,111TMUSMA
ECHDG052,BTCWSO16KT
ECHDG052,AWPBX10
ECHDG052,ECPNJ032
ECHDG052,R404
ECHDG052,915CF
ECHDG052,EECR5A
ECHDG052,GLOVE1100L
ECHDG052,JCW80AR
ECHDG052,SNA-TBP14
ECHDG052,BTCP400
ECSPM052,MAGMAT
ECSPM052,BTG8
ECSPM052,ECHDF042
ECSPM052,SGA1710BR
ECSPM052,SGRHT6BR
ECSPM052,SGA1711BR
ECSPM052,SGA1712BR
ECSPM052,SGA174BR
ECSPM052,SGA175BR
ECSPM052,46ACF
BLPHSM143,BLPTHC87
BLPHSM143,GFAT1E
BLPHSM143,PPC106LA
BLPHSM143,SGD8BR
BLPHSM143,SIMM180
BLPHSM143,EECT400
BLPHSM143,KRSC46HPBO
BLPHSM143,ECHDD012A
BLPHSM143,CTB8174
BLPHSM143,PH3050BR
BLPHSM146,BLPHSM145
BLPHSM146,BLPHL145
BLPHSM146,BLPHL144
BLPHSM146,BLPHSM148
BLPHSM146,BLPHL146
BLPHSM146,EECT400
BLPHSM146,KRSC46HPBO
BLPHSM146,ECHDD012A
BLPHSM146,CTB8174
BLPHSM146,PH3050BR
BLPPKS5-3/8,SRPCR4700
BLPPKS5-3/8,FU8A
BLPPKS5-3/8,A2A
BLPPKS5-3/8,TMXK4
BLPPKS5-3/8,FHLF80A
BLPPKS5-3/8,EECT400
BLPPKS5-3/8,KRSC46HPBO
BLPPKS5-3/8,ECHDD012A
BLPPKS5-3/8,CTB8174
BLPPKS5-3/8,PH3050BR
BLPPKTX5-T50,F80
BLPPKTX5-T50,A2A
BLPPKTX5-T50,PPC103A
BLPPKTX5-T50,SIMM150A
BLPPKTX5-T50,SIMM190
BLPPKTX5-T50,EECT400
BLPPKTX5-T50,KRSC46HPBO
BLPPKTX5-T50,ECHDD012A
BLPPKTX5-T50,CTB8174
BLPPKTX5-T50,PH3050BR
BLPTE145,BLPTE144
BLPTE145,BLPTE147
BLPTE145,BLPTE146
BLPTE145,BLPTE148
BLPTE145,BLPTE1222
BLPTE145,EECT400
BLPTE145,KRSC46HPBO
BLPTE145,ECHDD012A
BLPTE145,CTB8174
BLPTE145,PH3050BR
BLPTL3845,BLPTL1260
BLPTL3845,BLPTL3840
BLPTL3845,BLPTL3850
BLPTL3845,BLPTL1255
BLPTL3845,BLPTL1415
BLPTL3845,EECT400
BLPTL3845,KRSC46HPBO
BLPTL3845,ECHDD012A
BLPTL3845,CTB8174
BLPTL3845,PH3050BR
BLPTS1415,BLPTS1420
BLPTS1415,BLPTS1410
BLPTS1415,BLPTS1425
BLPTS1415,BLPTS1430
BLPTS1415,BLPHSM1410
BLPTS1415,PH3050BR
BLPTS1415,SG3ASHCR
BLPTS1415,SG3ASH90CR
BLPTS1415,SG3ASACR
BLPTS1415,SG3ASH45CR
BLPH38516,BLPH3814
BLPH38516,BLPH38732
BLPH38516,BLPH3838
BLPH38516,BLPH389
BLPH38516,BLPH387
BLPH38516,TS201
BLPH38516,TS181A
BLPH38516,TS161A
BLPH38516,TS141A
BLPH38516,TS121A
BLPH38732,BLPH3814
BLPH38732,BLPH38516
BLPH38732,BLPH3838
BLPH38732,BLPH387
BLPH38732,BLPH389
BLPH38732,EECT400
BLPH38732,KRSC46HPBO
BLPH38732,ECHDD012A
BLPH38732,CTB8174
BLPH38732,PH3050BR
BLPHL389,SIMM200
BLPHL389,SGD6BR
BLPHL389,SGASA204CR
BLPHL389,FU8A
BLPHL389,SIMM220
BLPHL389,EECT400
BLPHL389,KRSC46HPBO
BLPHL389,ECHDD012A
BLPHL389,CTB8174
BLPHL389,PH3050BR
FZ7A,OFC7374-14
FZ7A,SGD155CG
FZ7A,SGD153BR
FZ7A,FZ4B
FZ7A,RTEMPB7
FZ7A,SGD155CR
FZ7A,PL307ACFO
FZ7A,EEPV509
FZ7A,210EFTXRY
FZ7A,FTXR27E
GA294,SPBS24A
GA294,GA236C
GA294,10HR
GA294,BP20B
GA294,CHN410
GA294,GA111D
GA294,MT501C
GA294,R40B
GA294,SP32E
GA294,YA3080
SEPCOREA,SPBS8AR
SEPCOREA,PPC105LA
SEPCOREA,FU8A
SEPCOREA,SIMM230
SEPCOREA,FX1
SEPCOREA,EECT400
SEPCOREA,KRSC46HPBO
SEPCOREA,ECHDD012A
SEPCOREA,CTB8174
SEPCOREA,PH3050BR
SEPIMMSIMMA,SEPIMFMSIMFMA
SEPIMMSIMMA,KRSC326FBCD
SEPIMMSIMMA,QD3RN350A
SEPIMMSIMMA,TWM27
SEPIMMSIMMA,FAMXS10E
SEPIMMSIMMA,FAMXS7E
SEPIMMSIMMA,FAMXS8E
SEPIMMSIMMA,FAMXS9E
SEPIMMSIMMA,TMAMXS3E
SEPIMMSIMMA,TMAMXS4E
SEPPMACC,BLPTHC87
SEPPMACC,SGD2BR
SEPPMACC,SPBS704AR
SEPPMACC,PPC4A
SEPPMACC,SIMM210
SEPPMACC,TPGDL2000
SEPPMACC,EECT400
SEPPMACC,KRSC46HPBO
SEPPMACC,ECHDD012A
SEPPMACC,PH3050BR
SEPPT850KA,2005BSKA
SEPPT850KA,CJ92
SEPPT850KA,R404
SEPPT850KA,AF102
SEPPT850KA,AWM110DHK
SEPPT850KA,B260A
SEPPT850KA,RULER6
SEPPT850KA,EECT424HD
SEPPT850KA,PGP120
SEPPT850KA,BTC10
SOSGFLXCLR,ECFLK078
SOSGFLXCLR,FR80
SOSGFLXCLR,ECPNH012
SOSGFLXCLR,FB336
SOSGFLXCLR,91ACP
SOSGFLXCLR,47ACF
SOSGFLXCLR,SGD2BR
SOSGFLXCLR,SGD6BR
SOSGFLXCLR,SGDP31IRBR
SOSGFLXCLR,SGDP42IRBR
SRES20,SRES22
SRES20,SRES18
SRES20,SRES28
SRES20,SRES26
SRES20,SRES24
SRES20,FRDHM18
SRES20,FRDHM13
SRES20,FRDHM14
SRES20,FRDHM15
SRES20,FRDHM16
SSM5A,SSR7
SSM5A,AWCG1600B
SSM5A,SS5A
SSM5A,TWM26
SSM5A,TWM25
SSM5A,XO2428
SSM5A,XO1214
SSM5A,XO1618
SSM5A,XO1820
SSM5A,XO2226
TD2425A,TF528D
TD2425A,XO1214
TD2425A,XO1618
TD2425A,XO1820
TD2425A,XO2226
TD2425A,XO2428
TD2425A,XO605
TD2425A,305SXWP
TD2425A,SXWP11
TD2425A,SXWP2
TFY72,BLPBTW8
TFY72,XFR1012
TFY72,XFR1416
TFY72,XFR1822
TFY72,XFR2024
TFY72,XFR704
TFY72,FF80A
TFY72,103TMXKLA
TFY72,TMXKL114A
TFY72,TMXKL240A
T72FOD,TPMC25GRN
T72FOD,FDS101
T72FOD,FDS121
T72FOD,FDS141
T72FOD,FDS161
T72FOD,FDS181
T72FOD,FU12B
T72FOD,FU14B
T72FOD,XDH1214A
T72FOD,XDH1618A
LSR1150,LSR1250
LSR1150,SN25A
LSR1150,FB303B
LSR1150,222AFSP
LSR1150,ACT1370
LSR1150,SGA173BO
LSR1150,SWM111A
LSR1150,CTB8174
LSR1150,PH3050BR
LSR1150,ACT83A
MS400A,MS800
MS400A,UKBU10
MS400A,PKNC300
MS400A,PBMMS5R
MS400A,UIM2RSLT
MS400A,SRPCR4745
MS400A,KACKMCFIBER1
MS400A,SRPCR3845
MS400A,FB336
MS400A,SDD244
OFC65-14,TPGDL2000
OFC65-14,SPBS18AR
OFC65-14,FM12
OFC65-14,FM17
OFC65-14,FM16
OFC65-14,FM14
OFC65-14,ECHDD012A
OFC65-14,CTB8174
OFC65-14,PH3050BR
OFC65-14,FM8
OFC6567-14,TMU8B
OFC6567-14,F80
OFC6567-14,SGDP42IRBR
OFC6567-14,SIMM150A
OFC6567-14,SPBS12AR
OFC6567-14,EECT400
OFC6567-14,KRSC46HPBO
OFC6567-14,ECHDD012A
OFC6567-14,CTB8174
OFC6567-14,PH3050BR
OFCADPTR,OFCA2
OFCADPTR,SHBB24
OFCADPTR,44BCF
OFCADPTR,HJ44BCF
OFCADPTR,LN44BCF
OFCADPTR,PL344BCF
OFCADPTR,F10LD
OFCADPTR,THLX72
OFCADPTR,8MA
OFCADPTR,6T
PKWHD53A,RXFS2836B
PKWHD53A,GA460B
PKWHD53A,PWZ4
PKWHD53A,PPK300
PKWHD53A,HBPT24
PKWHD53A,HBBD8
PKWHD53A,FRHM13
PKWHD53A,FRHM12
PKWHD53A,FRHM11
PKWHD53A,FRHM10
PH1050,PH1038
PH1050,PH3050BHV
PH1050,VWB8B
PH1050,PHG1055BK
PH1050,CJ2001P
PH1050,BJP1
PH1050,BJP1-13B
PH1050,RKBJP
PH1050,IPL30C
PH1050,PBMP703A
PKB500A,USS103
PKB500A,PKNC300
PKB500A,HBBT16
PKB500A,SGDMRC11A
PKB500A,SGHF616BR
PKB500A,TMXW1
PKB500A,TMXWK110
PKB500A,TMXWK2
PKB500A,TMXWK4
PKB500A,TMXWK60
PWC52A,BTWSMPK
PWC52A,RBYA605
PWC52A,TTA35
PWC52A,TMMDS10
PWC52A,TMR4
PWC52A,OXI6B
PWC52A,OXI12B
PWC52A,OXI11B
PWC52A,OXI10B
PWC52A,SEPAMTSET
PWZ4,PWZ5
PWZ4,PWZ3A
PWZ4,PWZ0A
PWZ4,A36A
PWZ4,PKWHD53A
PWZ4,OXKRM17
PWZ4,OXKRM16
PWZ4,SVTA9100
PWZ4,OXKRM15
PWZ4,VAC201
RBM910C,RBM78C
RBM910C,RBM78SC
RBM910C,RBM1415C
RBM910C,RBM1618C
RBM910C,RBM1213C
RBM910C,PH3050BR
RBM910C,SG3ASHCR
RBM910C,SG3ASH90CR
RBM910C,SG3ASH45CR
RBM910C,SG3ASACR
R1012C,R1011C
R1012C,R1618C
R1012C,R1214C
R1012C,TK72
R1012C,110STMDY
R1012C,PH3050BR
R1012C,SG3ASHCR
R1012C,SG3ASH90CR
R1012C,SG3ASH45CR
R1012C,SG3ASACR
R810C,R2428C
R810C,R2022C
R810C,R1214C
R810C,R2426C
R810C,R2830C
R810C,SDM253IRC
R810C,SDM252IRB
R810C,SDM11A
R810C,SDM215C
R810C,SDM251IRC
KACKCAREKIT,IND25HAT
KACKCAREKIT,MAGDISH
KACKCAREKIT,KRSC46HPBO
KACKCAREKIT,AW028D
KACKCAREKIT,PTGR110HV
KACKCAREKIT,LDH482
KACKCAREKIT,LDH522
KACKCAREKIT,L122
KACKCAREKIT,L62
KACKCAREKIT,LDH602
YA4619,47ACF
YA4619,A2A
YA4619,PPC103A
YA4619,SIMM200
YA4619,FU8A
YA4619,SRPCR4700
YA4619,SPBS704AR
YA4619,SGDX80BR
YA4619,FX1
YA4619,TMXK4
KRA1421PCM,SIMM180
KRA1421PCM,TMXK60
KRA1421PCM,SGD2BR
KRA1421PCM,SPBS8AR
KRA1421PCM,FX1
KRA1421PCM,T72
KRA1421PCM,PPC4A
KRA1421PCM,96ACF
KRA1421PCM,FHLF80A
KRA1421PCM,SIMM240
UIM2LT,UPTLP2
UIM2LT,SDM252C
UIM2LT,ECPRM052
UIM2LT,UIM2RSLT
UIM2LT,BLPTL1425
UIM2LT,MTTL750
UIM2LT,BLPTL1430
UIM2LT,MRB10B
UIM2LT,YA389A
UIM2LT,TPMB25EMGRN
US711,SPBS18AR
US711,T72
US711,91ACP
US711,FXK3
US711,SRPCR3800
US711,EECT400
US711,KRSC46HPBO
US711,ECHDD012A
US711,CTB8174
US711,PH3050BR
YA4274A,AD8B
YA4274A,SN25A
YA4274A,FB303B
YA4274A,ACT1370
YA4274A,222AFSP
YA4274A,SWM111A
YA4274A,SWM101A
YA4274A,10HR
YA4274A,FBSM325
YA4274A,ACT83A
XDSG606K1O,FHLF80A
XDSG606K1O,BLPTHC87
XDSG606K1O,SPBS18AR
XDSG606K1O,SGASA204CR
XDSG606K1O,GFAT1E
XDSG606K1O,EECT400
XDSG606K1O,KRSC46HPBO
XDSG606K1O,ECHDD012A
XDSG606K1O,CTB8174
XDSG606K1O,PH3050BR
YA105013,SAG03S20
YA105013,YA1050B
YA105013,A50A
YA105013,S6111
YA105013,AT4101
YA105013,AT4124
YA105013,PHP2A
YA105013,RTEMPB7
YA105013,PWZ4
YA105013,VWB8B
YA339A,AWL1010DK
YA339A,R1618SC
YA339A,TR107AR
YA339A,AW1013DK
YA339A,107ATMPB
YA339A,OEX080B
YA339A,ACT73A
YA339A,GA3645A
YA339A,JCW62R
YA339A,ACT413A
IPF800B,SRPCR4700O
IPF800B,UPT35R
IPF800B,10SSD
IPF800B,TPMA25EM
IPF800B,DB121C
IPF800B,PKRS1
IPF800B,SR40K
IPF800B,PK52A
IPF800B,AWMG9
IPF800B,MTTL300
LDH522,LDH362
LDH522,L872
LDH522,LDH602
LDH522,LDH442
LDH522,LDH462
LDH522,LDH482
LDH522,SFS261
LDH522,SFS101
LDH522,SFS081
LDH522,FADH12B
GA3200B,UIM225RD
GA3200B,TMX140A
GA3200B,310IMMYA
GA3200B,QDTPMS
GA3200B,GLASS30BK
GA3200B,OEXM9B
GA3200B,OEXM8B
GA3200B,YA2020
GA3200B,309SIMYA
GA3200B,EECT424HD
KRSC2460PWZ7,LP404
KRSC2460PWZ7,SPBS704AR
KRSC2460PWZ7,PL400B
KRSC2460PWZ7,SPBS24AR
KRSC2460PWZ7,SPBS8AR
KRSC2460PWZ7,SPBS12AR
KRSC2460PWZ7,SPBS18AR
KRSC2460PWZ7,87BCF
KRSC2460PWZ7,47ACF
KRSC2460PWZ7,SGASA204CR
PL1000START,CTLMAG-BOOTM
PL1000START,SOXRR707
PL1000START,SVSM10A
PL1000START,SVSM11A
PL1000START,SVSM12A
PL1000START,SVSM13A
PL1000START,SVSM14A
PL1000START,SVSM15A
PL1000START,SVSM17A
PL1000START,SVSM807A
STMM13,STMM9
STMM13,STMM14
STMM13,STMM6
STMM13,STMM11
STMM13,STMM12
STMM13,STMM5.5
STMM13,STM14
STMM13,STM12
STMM13,STM11
STMM13,STM10
STMM6,STMM9
STMM6,STMM11
STMM6,STMM14
STMM6,STMM12
STMM6,STMM5
STMM6,STMM13
STMM6,STM16
STMM6,STM14
STMM6,STM12
STMM6,STM11
117TMM,FLX80B
117TMM,TPM16
117TMM,KRA2007FPBO
117TMM,317AMMPC
117TMM,EC-USB-C-3A
117TMM,AWM110DHK
117TMM,SEPIMMSIMM
117TMM,AC5C
117TMM,2004BSKA
117TMM,QD3RN350A
KRSC2460BCD7,LP404
KRSC2460BCD7,SPBS704AR
KRSC2460BCD7,PL400B
KRSC2460BCD7,SPBS24AR
KRSC2460BCD7,SPBS8AR
KRSC2460BCD7,SPBS12AR
KRSC2460BCD7,SPBS18AR
KRSC2460BCD7,87BCF
KRSC2460BCD7,47ACF
KRSC2460BCD7,SGASA204CR
SF80A,TF5A
SF80A,FB303B
SF80A,YA249
SF80A,STMM4
SF80A,FF80A
SF80A,10R
SF80A,ACT413A
SF80A,GA3645A
SF80A,TF72
SF80A,ACT73A
S9706KRA,FA12LE
S9706KRA,FRX181
S9706KRA,S9704KA
S9706KRA,GF22
S9706KRA,S9704KR
S9706KRA,FLX80B
S9706KRA,KRA2007FPBO
S9706KRA,EC-USB-C-3A
S9706KRA,FADH12B
S9706KRA,AD10B
OXIM707SBK,RBM78SC
OXIM707SBK,RBM1618C
OXIM707SBK,RBM1719C
OXIM707SBK,OXIM10B
OXIM707SBK,OXIM11B
OXIM707SBK,OXIM12B
OXIM707SBK,OXIM13B
OXIM707SBK,OXIM14B
OXIM707SBK,OXIM15B
OXIM707SBK,OXIM16B
ADCF8,5CF
ADCF8,ASG185BR
ADCF8,ATECHMS80M
ADCF8,CCY21508
ADCF8,DANTG70
ADCF8,FSNSS-508-BO
ADCF8,JHW30012
ADCF8,KNX8111250
ADCF8,KNX8603125
ADCF8,KNX8603150
KRA5311FPBO,PPC715BK
KRA5311FPBO,208EFAY
KRA5311FPBO,PPC208A
KRA5311FPBO,PPC204A
KRA5311FPBO,PPC104LA
KRA5311FPBO,PPC108LA
KRA5311FPBO,PPC3A
KRA5311FPBO,HBFE24
KRA5311FPBO,HBBD16
KRA5311FPBO,PPC812B
KRA5311FPOT,PPC715BK
KRA5311FPOT,208EFAY
KRA5311FPOT,PPC208A
KRA5311FPOT,PPC204A
KRA5311FPOT,PPC104LA
KRA5311FPOT,PPC108LA
KRA5311FPOT,PPC3A
KRA5311FPOT,HBFE24
KRA5311FPOT,HBBD16
KRA5311FPOT,PPC812B
208EFTAMXSY,AB3042
208EFTAMXSY,BLP7
208EFTAMXSY,CT861K2
208EFTAMXSY,CTS561BITXL
208EFTAMXSY,EEDM604F
208EFTAMXSY,FSM201
208EFTAMXSY,FSM211
208EFTAMXSY,FSM221
208EFTAMXSY,IMM320
208EFTAMXSY,KDT3729
HPR400,PPC105LA
HPR400,FHLF80A
HPR400,SIMM160A
HPR400,96ACF
HPR400,SIMM150A
HPR400,SGASA204CR
HPR400,SIMM190
HPR400,SIMM210
HPR400,PL400B
HPR400,SIMM180
YA389ABL,PLRK21
YA389ABL,KACKMCFIBER1
YA389ABL,FZ4B
YA389ABL,PLRK30
YA389ABL,UIM2LT
YA389ABL,BP8B
YA389ABL,DBBPT13
YA389ABL,MAGSTRIP
YA389ABL,OXRM10A
YA389ABL,OXRM11A
233FSMBFR,PBMS5PP
233FSMBFR,GA243
233FSMBFR,VGP12418
233FSMBFR,VGP12406
233FSMBFR,ECARA052A
233FSMBFR,SEPABODYADD
233FSMBFR,VSG9R
233FSMBFR,BF710B
233FSMBFR,BF712B
233FSMBFR,PSO4512
OEX38B,OEX42B
OEX38B,OEX44B
OEX38B,TW461
OEX38B,TW441
OEX38B,TW421
OEX38B,ECHDD012A
OEX38B,CTB8174
OEX38B,PH3050BR
OEX38B,PGP120
OEX38B,EEBM600
STX70E,ADHW8A
STX70E,AEM444
STX70E,AEM5530
STX70E,AEM6530
STX70E,AN850811B
STX70E,HDM1236
STX70E,LP10WC
STX70E,S7100
STX70E,VO3234B
STX70E,XO2022
AWL16D,FHLF80A
AWL16D,91ACP
AWL16D,SPBS24AR
AWL16D,BLPTHC87
AWL16D,ATECH2FR125B
AWL16D,EECT400
AWL16D,KRSC46HPBO
AWL16D,ECHDD012A
AWL16D,CTB8174
AWL16D,PH3050BR
CTDFL861,CTINF9010
CTDFL861,CTC772A
CTDFL861,PSO4625
CTDFL861,CTB8174
CTDFL861,PTGR110
CTDFL861,GLASS50R
CTDFL861,ECHDF042
CTDFL861,THLLF72
CTDFL861,110STMY
CTDFL861,TPGDL2000
110RTSMA,S9714MK
110RTSMA,LIL59000
110RTSMA,HD6529
110RTSMA,112TMMSY
110RTSMA,RC980
110RTSMA,FABL7E
110RTSMA,FABL6E
110RTSMA,FABL5E
110RTSMA,FABL12E
110RTSMA,FABL10E
210AFSP,PPK15
210AFSP,114ATMP
210AFSP,TM11
210AFSP,TM12
210AFSP,TM14
210AFSP,TM16
210AFSP,TM18
210AFSP,TM6
210AFSP,TM7
210AFSP,TM8
FADH704C,110ETMAY
FADH704C,210FCOMA
FADH704C,FCOM10A
FADH704C,FCOM11A
FADH704C,FCOM12A
FADH704C,FCOM13A
FADH704C,FCOM14A
FADH704C,FCOM15A
FADH704C,FCOM17A
FADH704C,FCOM19A
PIT120,FP22E
PIT120,FP32E
PIT120,F42E
PIT120,F52E
PIT120,F62E
PIT120,FP42E
PIT120,FPD22E
PIT120,FA12LE
PIT120,FRX181
PIT120,GF22
315IMMYA,UPT35G
315IMMYA,UIM225GR
315IMMYA,IM220
315IMMYA,IM120A
315IMMYA,IM180A
315IMMYA,IM320
315IMMYA,IM140A
315IMMYA,ECHDD012A
315IMMYA,CTB8174
315IMMYA,PH3050BR
AWMCG16025B,96ACF
AWMCG16025B,SGASA204CR
AWMCG16025B,SGDP42IRBR
AWMCG16025B,SGD4BR
AWMCG16025B,SPBS18AR
AWMCG16025B,EECT400
AWMCG16025B,KRSC46HPBO
AWMCG16025B,ECHDD012A
AWMCG16025B,CTB8174
AWMCG16025B,PH3050BR
TW221,TW121A
TW221,TW201
TW221,TW161A
TW221,TW141A
TW221,TW241
TW221,TS201
TW221,TS181A
TW221,TS161A
TW221,TS141A
TW221,TS121A
IM260,IM220
IM260,IM120A
IM260,IM160A
IM260,IM320
IM260,IM140A
IM260,PH3050BR
IM260,UIM225GR
IM260,214SIMDFMYA
IM260,YA438B
IM260,UPT35G
SIMM300,SIMM290
SIMM300,SIMM350
SIMM300,SIMM340
SIMM300,SIMM360
SIMM300,YA450B
SIMM300,FB303B
SIMM300,SIMM320
SIMM300,TWM11A
SIMM300,TWM10A
SIMM300,ACT83A
CTPSK185,LSRM2000
CTPSK185,LSR1580
CTPSK185,LSR1450
CTPSK185,LSR1000EXT
CTPSK185,SIMM230
CTPSK185,SIMM200
CTPSK185,SIMM240
CTPSK185,SIMM220
CTPSK185,SIMM160A
CTPSK185,SIMM150A
AWM9D,SGD2BR
AWM9D,PPC105LA
AWM9D,SPBS24AR
AWM9D,SPBS18AR
AWM9D,SGDP31IRBR
AWM9D,EECT400
AWM9D,KRSC46HPBO
AWM9D,ECHDD012A
AWM9D,CTB8174
AWM9D,PH3050BR
PCSG812,PPSG206
PCSG812,DBF1/16C
PCSG812,DBF5/32C
PCSG812,DBF1/8C
PCSG812,DBF3/32C
PCSG812,PPSG205
PCSG812,PPSG203
PCSG812,PCSG816
PCSG812,PCSG820
PCSG812,UIM225RD
AW2-1/2D,47ACF
AW2-1/2D,T72
AW2-1/2D,SIMM220
AW2-1/2D,FXK3
AW2-1/2D,SGASA204CR
AW2-1/2D,EECT400
AW2-1/2D,KRSC46HPBO
AW2-1/2D,ECHDD012A
AW2-1/2D,CTB8174
AW2-1/2D,PH3050BR
TM05,XS2024A
TM05,XS1416A
TM05,XS1820A
TM05,XS1012A
TM05,XS2226A
TM05,EECT400
TM05,KRSC46HPBO
TM05,ECHDD012A
TM05,CTB8174
TM05,PH3050BR
KRA4810FPWZ,KRA4107FPBO
KRA4810FPWZ,KRA4813FPBO
KRA4810FPWZ,STM11
KRA4810FPWZ,STM12
KRA4810FPWZ,STM14
KRA4810FPWZ,STM16
KRA4810FPWZ,STM18
KRA4810FPWZ,STM6
KRA4810FPWZ,STM7
KRA4810FPWZ,STM8
BT518,AD8B
BT518,BT1360
BT518,SEPPT850KA
BT518,BTGHD9
BT518,BT15
BT518,R404
BT518,PGP120
BT518,CJ92
BT518,BTC10
BT518,RKTAP
SGT4BG,S6110A
SGT4BG,FB303B
SGT4BG,FLX80B
SGT4BG,S6118A
SGT4BG,2004BSKA
SGT4BG,AC5C
SGT4BG,AWM110DHK
SGT4BG,FADH12B
SGT4BG,TPM16
SGT4BG,KRA2007FPBO
CDR861GDB,F80
CDR861GDB,SPBS12AR
CDR861GDB,SRPCR4700
CDR861GDB,SPBS24AR
CDR861GDB,GFAT1E
CDR861GDB,A2A
CDR861GDB,96ACF
CDR861GDB,FXK11
CDR861GDB,SIMM150A
CDR861GDB,SPBS18AR
312IPL,IPL40C
312IPL,312IPLM
312IPL,IPLM11C
312IPL,IPLM10C
312IPL,IPLM12C
312IPL,PH3050BR
312IPL,IPF20C
312IPL,IPF18C
312IPL,IPF16C
312IPL,IPF14C
AWS13-12,SGDP42IRBR
AWS13-12,SIMM180
AWS13-12,SPBS8AR
AWS13-12,F80
AWS13-12,A2A
AWS13-12,EECT400
AWS13-12,KRSC46HPBO
AWS13-12,ECHDD012A
AWS13-12,CTB8174
AWS13-12,PH3050BR
SWM291,SWM281
SWM291,SWM301
SWM291,SWM261
SWM291,SWM251
SWM291,SWM271
SWM291,SA20E
SWM291,SA18E
SWM291,SA14E
SWM291,SA12E
SWM291,SA10E
HBPT24,AB3042
HBPT24,BLP7
HBPT24,CT861K2
HBPT24,CTS561BITXL
HBPT24,EEDM604F
HBPT24,FSM201
HBPT24,FSM211
HBPT24,FSM221
HBPT24,IMM320
HBPT24,KDT3729
PH3045A,PPC103A
PH3045A,PPC106LA
PH3045A,SGD4BR
PH3045A,FXK3
PH3045A,SIMM160A
PH3045A,SGD2BR
PH3045A,SGASA204CR
PH3045A,SIMM240
PH3045A,A2A
PH3045A,SGDP31IRBR
313TSYA,AD8B
313TSYA,TTX40E
313TSYA,313TWYA
313TSYA,313TSMYA
313TSYA,TSM12A
313TSYA,TSM13A
313TSYA,TSM14A
313TSYA,TSM15A
313TSYA,TSM16
313TSYA,TSM17
TPMBM5,SEPHDSETAOB
TPMBM5,AWM110DK
TPMBM5,FA12LE
TPMBM5,KAC1224TCA
TPMBM5,GF22
TPMBM5,FRX181
TPMBM5,MAGML300L-S2016
TPMBM5,TW481
TPMBM5,HD6529
TPMBM5,317MSPC
AWS13-10,SIMM240
AWS13-10,SHD1R
AWS13-10,PPC103A
AWS13-10,ATECH2FR125B
AWS13-10,SRPCR4700
AWS13-10,EECT400
AWS13-10,KRSC46HPBO
AWS13-10,ECHDD012A
AWS13-10,CTB8174
AWS13-10,PH3050BR
SHLL80AG,FHLL80
SHLL80AG,THLL72
SHLL80AG,SH80A
SHLL80AG,ATECH4RS600
SHLL80AG,FHL80
SHLL80AG,SIMTMM13
SHLL80AG,SIMTMM12
SHLL80AG,SIMTMM11
SHLL80AG,FX24A
SHLL80AG,FX18
YA427BBLK,WELDIGNGRANITE
YA427BBLK,VGP104
YA427BBLK,GLASS70BYEAR
YA427BBLK,EFPHANNIBALB
YA427BBLK,VAC201
YA427BBLK,GLOVE309L
YA427BBLK,LP7WR
YA427BBLK,KACKMCFIBER1
YA427BBLK,B1356E
YA427BBLK,GA265A
IPL28C,IPL22C
IPL28C,IPL20C
IPL28C,IPL26C
IPL28C,IPL18C
IPL28C,IPL32C
IPL28C,KRSC46HPBO
IPL28C,ECHDD012A
IPL28C,CTB8174
IPL28C,PH3050BR
IPL28C,310SIMMADDON
222AFSMP,US712
222AFSMP,AW1020DK
222AFSMP,KRA2055FPBO
222AFSMP,TPMA10
222AFSMP,AWM140DK
222AFSMP,FBM320
222AFSMP,222AFSP
222AFSMP,YA160A
222AFSMP,144TMPB
222AFSMP,GA460B
FF80A,AB3042
FF80A,BLP7
FF80A,CT861K2
FF80A,CTS561BITXL
FF80A,EEDM604F
FF80A,FSM201
FF80A,FSM211
FF80A,FSM221
FF80A,IMM320
FF80A,KDT3729
OEXM290B,OEXM260B
OEXM290B,OEXM300B
OEXM290B,OEXM320B
OEXM290B,OEXM250B
OEXM290B,OEXM270B
OEXM290B,STMMD10
OEXM290B,TMAM3E
OEXM290B,TMAM2E
OEXM290B,TMAM2.5E
OEXM290B,AT700F
BEXD10A,REX25C
BEXD10A,312IPL
BEXD10A,IPL26C
BEXD10A,IPL32C
BEXD10A,IPL16C
BEXD10A,DBCL15/32CSF
BEXD10A,DBCL13/32CSF
BEXD10A,DBCL1/2CSF
BEXD10A,DBCL1/8CSF
BEXD10A,DBCL11/32CSF
AWMXL10-5,SGDP31IRBR
AWMXL10-5,A2A
AWMXL10-5,91ACP
AWMXL10-5,SGDX80BR
AWMXL10-5,GFAT1E
AWMXL10-5,EECT400
AWMXL10-5,KRSC46HPBO
AWMXL10-5,ECHDD012A
AWMXL10-5,CTB8174
AWMXL10-5,PH3050BR
KRA2422PJK,KRWT2411
KRA2422PJK,KWSN2455AST
KRA2422PJK,SRPCR4700O
KRA2422PJK,SEPAMTSET
KRA2422PJK,KWSP2455ABL
KRA2422PJK,PG160
KRA2422PJK,EFPHANNIBALB
KRA2422PJK,UPT35R
KRA2422PJK,ACT1370
KRA2422PJK,SEPPREHD
SLL80A,SN36
SLL80A,FLLF80
SLL80A,FL80
SLL80A,SL80A
SLL80A,OEX44B
SLL80A,OXIM7SB
SLL80A,OXIM4SB
SLL80A,OXIM55SB
SLL80A,OXIM5SB
SLL80A,OXIM6SB
PL1000STARTO,CTLMAG-BOOTM
PL1000STARTO,SOXRR707
PL1000STARTO,SVSM10A
PL1000STARTO,SVSM11A
PL1000STARTO,SVSM12A
PL1000STARTO,SVSM13A
PL1000STARTO,SVSM14A
PL1000STARTO,SVSM15A
PL1000STARTO,SVSM17A
PL1000STARTO,SVSM807A
FZ80,PALMRAT
FZ80,FSLF80
FZ80,ACT407
FZ80,JHWR-17
FZ80,JHWRC-75
FZ80,RD8
FZ80,FC72
FZ80,TMR4
FZ80,ACT51234A
FZ80,FB307RNB
SGDP162BR,SGD146BR
SGDP162BR,SGD4160BR
SGDP162BR,SGD480BR
SGDP162BR,SGDP122BR
SGDP162BR,SGDP61BR
SGDP162BR,SGDP82BR
SGDP162BR,SGD4120BR
SGDP162BR,RTEMPB7
SGDP162BR,SS5A
SGDP162BR,CAL6EA
RTD48,FA12LE
RTD48,FRX181
RTD48,GF22
RTD48,HD6529
RTD48,KAC1224TCA
RTD48,FABL6E
RTD48,FABL5E
RTD48,FABL12E
RTD48,FABL10E
RTD48,AD10B
TWM31,TWM29
TWM31,TWM28
TWM31,1210B
TWM31,TWM26
TWM31,TWM32
TWM31,IMFS200
TWM31,IMFS180
TWM31,IMFS160
TWM31,IMFS140
TWM31,IMFS120
AWT27A,TMXK2
AWT27A,SIMM160A
AWT27A,A2A
AWT27A,ATECH3FR300B
AWT27A,SGASA204CR
AWT27A,EECT400
AWT27A,KRSC46HPBO
AWT27A,ECHDD012A
AWT27A,CTB8174
AWT27A,PH3050BR
OXIM6B,YA438B
OXIM6B,OXIM7B
OXIM6B,BLPTE3816
OXIM6B,OXIM9B
OXIM6B,BLPTE3814
OXIM6B,BLPTE3812
OXIM6B,S9704KMAG
OXIM6B,SEPPROK12PC
OXIM6B,SEPPROK12PBO
OXIM6B,214SIMDFMYA
103UFTS,222SFFSFR
103UFTS,TD1040A
103UFTS,TDM100A
103UFTS,224SFFSMFR
103UFTS,AT4124
103UFTS,AT4135
103UFTS,PK52A
103UFTS,212EFTAY
103UFTS,120STTM
103UFTS,FX18
GLASS30R,AT411
GLASS30R,US712
GLASS30R,BHS7A
GLASS30R,PT5CBL
GLASS30R,BF775C-A
GLASS30R,JT17A
GLASS30R,YA2020
GLASS30R,TPMA10
GLASS30R,224SFFSMFR
GLASS30R,KRA4059FPBO
SWM251,SWM261
SWM251,SWM291
SWM251,SWM271
SWM251,SWM281
SWM251,AWEF6K
SWM251,EECT400
SWM251,KRSC46HPBO
SWM251,ECHDD012A
SWM251,CTB8174
SWM251,PH3050BR
ECUHD218HV,BRHC2PK
ECUHD218HV,LSR1500
ECUHD218HV,LSR1510
ECUHD218HV,LSR1520
ECUHD218HV,LSR1530
ECUHD218HV,LSR1540
ECUHD218HV,LSR1550
ECUHD218HV,204FXKLA
ECUHD218HV,FXKL11A
ECUHD218HV,FXKL24A
PTGR100G,PTGR110
PTGR100G,SAG03S12
PTGR100G,PTGR450
PTGR100G,PTC250
PTGR100G,VWB4B
PTGR100G,FZ80
PTGR100G,PBMP703A
PTGR100G,CJ2001P
PTGR100G,SVTS263A
PTGR100G,PK500A
SHD6R,SHD8R
SHD6R,SHD2R
SHD6R,SHDP31IRR
SHD6R,SHD4R
SHD6R,SHDP42IRR
SHD6R,SHDP63IRR
SHD6R,PG160
SHD6R,SHDP22IRR
SHD6R,S121A
SHD6R,S9706KMAG
ECPRA072O,ECFD0102
ECPRA072O,L872
ECPRA072O,LDH362
ECPRA072O,LDH342
ECPRA072O,LDH402
ECPRA072O,LDH442
ECPRA072O,LDH462
ECPRA072O,LDH422A
ECPRA072O,LDH482
ECPRA072O,LDH602
KRSC323PCM,PK500A
KRSC323PCM,SEPPREMETA
KRSC323PCM,FLX80B
KRSC323PCM,SN15B
KRSC323PCM,IM1PT
KRSC323PCM,KRSC430APBO1
KRSC323PCM,SDM11A
KRSC323PCM,SDM215C
KRSC323PCM,SDM251IRC
KRSC323PCM,SDM252IRB
HBFE16,AT411
HBFE16,30SSD
HBFE16,224SFFSMFR
HBFE16,JT17A
HBFE16,BF775C-A
HBFE16,OEXM707B
HBFE16,A3042
HBFE16,AT5500
HBFE16,MTEE6
HBFE16,CAL6EBR
IPLM13C,IPLM11C
IPLM13C,IPLM10C
IPLM13C,IPLM12C
IPLM13C,IPLM16C
IPLM13C,IPL26C
IPLM13C,PH3050BR
IPLM13C,DR1615MASF
IPLM13C,DR1420MASF
IPLM13C,DR1415MASF
IPLM13C,DR1412MASF
STMM5,STMM15
STMM5,STMM9
STMM5,STMM14
STMM5,STMM6
STMM5,STMM11
STMM5,STMM12
STMM5,PH3050BR
STMM5,SEPIMMSIMM
STMM5,FADH12B
STMM5,FB303B
KCP1422PCM,KWSP2455AST
KCP1422PCM,KWSN2455ABL
KCP1422PCM,KWSN2455AST
KCP1422PCM,KWSP2455ABL
KCP1422PCM,KRWT2411
KCP1422PCM,UPT35R
KCP1422PCM,SR40K
KCP1422PCM,BTC7B
KCP1422PCM,OXIM7B
KCP1422PCM,AWMG9
PTM2,PBMMB5G
PTM2,SGAS102BG
PTM2,SGAS1713BG
PTM2,SGAS1714BG
PTM2,PBMMS5
PTM2,PBMMA5R
PTM2,PBMMS5G
PTM2,MAGMICRO
PTM2,MRB10B
PTM2,ATECHFSET02G
PPSG106,PPSG105
PPSG106,PPSG206
PPSG106,PPSG103
PPSG106,PPSG205
PPSG106,PCSG820
PPSG106,ECHDD012A
PPSG106,CTB8174
PPSG106,PH3050BR
PPSG106,SGDMRC4-80
PPSG106,SGDMRC1A
A50A,A36A
A50A,1412A
A50A,MSKM10
A50A,PG160
A50A,STMM4
A50A,YA105013
A50A,SFM10
A50A,SFM11
A50A,SFM12
A50A,SFM13
QE2R100,SPBS24AR
QE2R100,96ACF
QE2R100,SGD8BR
QE2R100,SIMM160A
QE2R100,A2A
QE2R100,EECT400
QE2R100,KRSC46HPBO
QE2R100,ECHDD012A
QE2R100,CTB8174
QE2R100,PH3050BR
LDH562,LDH602
LDH562,LDH442
LDH562,LDH362
LDH562,L872
LDH562,LDH482
LDH562,LDH462
LDH562,SFS261
LDH562,SFS101
LDH562,SFS081
LDH562,FADH12B
TW481,ADHW8A
TW481,AEM444
TW481,AEM5530
TW481,AEM6530
TW481,AN850811B
TW481,HDM1236
TW481,LP10WC
TW481,S7100
TW481,VO3234B
TW481,XO2022
SGD6BO,SGD2BR
SGD6BO,SGDP31IRBR
SGD6BO,SGDP42IRBR
SGD6BO,SGDP63IRBR
SGD6BO,SGD8BR
SGD6BO,MTTL300
SGD6BO,ACT83A
SGD6BO,SHDP22IRR
SGD6BO,FB303B
SGD6BO,SEPIMMSIMM
SGD6BR,SGD2BR
SGD6BR,SGDP31IRBR
SGD6BR,SGDP42IRBR
SGD6BR,SGDP63IRBR
SGD6BR,SGD8BR
SGD6BR,MTTL300
SGD6BR,ACT83A
SGD6BR,SHDP22IRR
SGD6BR,FB303B
SGD6BR,SEPIMMSIMM
BLP10MHVLP,AT475A
BLP10MHVLP,BLP14HVLP
BLP10MHVLP,BLP18HVLP
BLP10MHVLP,BLP13HVLP
BLP10MHVLP,BLP15HVLP
BLP10MHVLP,HR-26
BLP10MHVLP,AT425R
BLP10MHVLP,BF555
BLP10MHVLP,PSO4625
BLP10MHVLP,UTS105A
AW3D,PPC106LA
AW3D,PPC4A
AW3D,SIMM190
AW3D,SGD8BR
AW3D,SGDP31IRBR
AW3D,EECT400
AW3D,KRSC46HPBO
AW3D,ECHDD012A
AW3D,CTB8174
AW3D,PH3050BR
PPSG103,PPSG105
PPSG103,PPSG206
PPSG103,PPSG106
PPSG103,PPSG205
PPSG103,PCSG820
PPSG103,SGDMRC1A
PPSG103,DS88A
PPSG103,DS1212A
PPSG103,DS1010A
PPSG103,C0900A
AW12D,AW4-1/2D
AW12D,AW4D
AW12D,AW6D
AW12D,AW7D
AW12D,AW8D
AW12D,TS161A
AW12D,TS141A
AW12D,TS121A
AW12D,RULER602
AW12D,GLASS30BK
TMM7,TMM6
TMM7,TMM9
TMM7,TMM11
TMM7,TMM12
TMM7,TMM5
TMM7,ECHDD012A
TMM7,CTB8174
TMM7,PH3050BR
TMM7,FADH12B
TMM7,STMM9
KRA4810FPJJ,KRA4107FPBO
KRA4810FPJJ,KRA4813FPBO
KRA4810FPJJ,STM11
KRA4810FPJJ,STM12
KRA4810FPJJ,STM14
KRA4810FPJJ,STM16
KRA4810FPJJ,STM18
KRA4810FPJJ,STM6
KRA4810FPJJ,STM7
KRA4810FPJJ,STM8
210EFTAMY,BLPHS1414
210EFTAMY,FB322
210EFTAMY,S9724RHS
210EFTAMY,BLPH1219
210EFTAMY,212EFTAY
210EFTAMY,SWM301
210EFTAMY,TMA2E
210EFTAMY,FLE180A
210EFTAMY,FLE100A
210EFTAMY,FLE160A
SGT4BO,S6110A
SGT4BO,FB303B
SGT4BO,FLX80B
SGT4BO,S6118A
SGT4BO,2004BSKA
SGT4BO,AC5C
SGT4BO,AWM110DHK
SGT4BO,FADH12B
SGT4BO,TPM16
SGT4BO,KRA2007FPBO
OFSKIT,YA8610B
OFSKIT,FBM320
OFSKIT,206ESSPKPLG2
OFSKIT,S9718KA
OFSKIT,OFCA2
OFSKIT,BCS70A
OFSKIT,S9716KA
OFSKIT,BTCW800
OFSKIT,BTCP2SA
OFSKIT,LSR1510
KRSC430APJK1,AD12B
KRSC430APJK1,S9704KMAG
KRSC430APJK1,OXIM6B
KRSC430APJK1,YA249
KRSC430APJK1,AWMBPH9
KRSC430APJK1,KRSC323PBO
KRSC430APJK1,STMM4
KRSC430APJK1,SEPPREMET
KRSC430APJK1,YA2019
KRSC430APJK1,SEPPREHD
IMFLE80A,IMSLE242A
IMFLE80A,IMFLE120A
IMFLE80A,IMSLEPL240
IMFLE80A,XLE1012A
IMFLE80A,XLE1416
IMFLE80A,XLE1820
IMFLE80A,XLE56
IMFLE80A,XLE605
IMFLE80A,XLE78
IMFLE80A,WHM1
SWR102,HCP10
SWR102,S9704KR
SWR102,SOEXM20
SWR102,SOEXM21
SWR102,SOEXM22
SWR102,SOEXM23
SWR102,SOEXM24
SWR102,SOEXM705
SWR102,IPFM12C
SWR102,IPFM13C
SGDMRC44B,TPMC25GRN
SGDMRC44B,SGCP1CR
SGDMRC44B,XDH810B
SGDMRC44B,FDS101
SGDMRC44B,FDS121
SGDMRC44B,FDS141
SGDMRC44B,FDS161
SGDMRC44B,FDS181
SGDMRC44B,FU12B
SGDMRC44B,FU14B
BT1360,BT15
BT1360,BT518
BT1360,131A
BT1360,HBBT16
BT1360,SDDDM1AR
BT1360,EECT400
BT1360,KRSC46HPBO
BT1360,ECHDD012A
BT1360,CTB8174
BT1360,PH3050BR
WELDIGNREDROCK,SGD2BR
WELDIGNREDROCK,SPBS8AR
WELDIGNREDROCK,SGDP31IRBR
WELDIGNREDROCK,SIMM180
WELDIGNREDROCK,FXK3
WELDIGNREDROCK,SIMM220
WELDIGNREDROCK,SHD1R
WELDIGNREDROCK,SIMM240
WELDIGNREDROCK,SIMM160A
WELDIGNREDROCK,TMXK2
MAGDISH,MAGTRAY
MAGDISH,MAGMICRO
MAGDISH,MAGMINI
MAGDISH,MAGMAT
MAGDISH,MAGSTRIP
MAGDISH,PLRK21
MAGDISH,KAERNADD6RD
MAGDISH,KACKMCFIBER1
MAGDISH,PTM2
MAGDISH,UPT65
HBFE24,FA12LE
HBFE24,FRX181
HBFE24,GF22
HBFE24,KAC1224TCA
HBFE24,TW481
HBFE24,AD10B
HBFE24,FTXB27E
HBFE24,ACT83A
HBFE24,BB9008
HBFE24,FB303B
SN24C,340SSDP
SN24C,YA450B
SN24C,BHS7A
SN24C,10SSD
SN24C,QD3RN350A
SN24C,SEPIMMSIMM
SN24C,TWM31
SN24C,FAMXS7E
SN24C,FAMXS10E
SN24C,SGA173BO
SRPCR107O,PPC715BK
SRPCR107O,PWZ4
SRPCR107O,SRP2A
SRPCR107O,BDGPL300HG
SRPCR107O,SRP1C
SRPCR107O,SRP2B
SRPCR107O,SRP400B
SRPCR107O,SRP5C
SRPCR107O,PPC824C
SRPCR107O,PPC112
IPL32C,IPL26C
IPL32C,IPL16C
IPL32C,IPL34C
IPL32C,IPL38C
IPL32C,IPL22C
IPL32C,PH3050BR
IPL32C,IPF20C
IPL32C,IPF18C
IPL32C,IPF16C
IPL32C,IPF14C
IM200,IM220
IM200,IM180A
IM200,IM120A
IM200,IM140A
IM200,IM160A
IM200,PH3050BR
IM200,UIM225GR
IM200,214SIMDFMYA
IM200,YA438B
IM200,UPT35G
SGDP42IRBR,SGDP31IRBR
SGDP42IRBR,SGD2BR
SGDP42IRBR,SGD6BR
SGDP42IRBR,SGDP63IRBR
SGDP42IRBR,SGD4BR
SGDP42IRBR,MTTL300
SGDP42IRBR,ACT83A
SGDP42IRBR,SHDP22IRR
SGDP42IRBR,FB303B
SGDP42IRBR,SEPIMMSIMM
TMR4O,S4
TMR4O,303SXWKL
TMR4O,SXWKL3
TMR4O,SXWKL5
TMR4O,SXWKL8
TMR4O,OXIM4SB
TMR4O,OXIM55SB
TMR4O,OXIM5SB
TMR4O,OXIM6SB
TMR4O,OXIM707SBK
206EFABLM,TFM7530B
206EFABLM,TWM30
206EFABLM,TWM32
206EFABLM,FABL10E
206EFABLM,FABL12E
206EFABLM,FABL5E
206EFABLM,FABL6E
206EFABLM,FABL7E
206EFABLM,FABL8E
206EFABLM,206EFABL
206FSUMA,TWM31
206FSUMA,206SFSUM
206FSUMA,SFSUM12
206FSUMA,SFSUM13
206FSUMA,SFSUM14
206FSUMA,SFSUM15
206FSUMA,SFSUM17
206FSUMA,TWM29
206FSUMA,SFSUM10
206FSUMA,206AFSA
GA358B,HR-26PKC
GA358B,PG160
GA358B,MAGMINI
GA358B,GA460B
GA358B,PTM2
GA358B,MAGMICRO
GA358B,PGP120
GA358B,TIF160
GA358B,TR117O
GA358B,AT4135
AWM19D,A2A
AWM19D,SGD6BR
AWM19D,PL400B
AWM19D,SIMM220
AWM19D,SPBS12AR
AWM19D,EECT400
AWM19D,KRSC46HPBO
AWM19D,ECHDD012A
AWM19D,CTB8174
AWM19D,PH3050BR
TDG2,BTG9
TDG2,BTG8
TDG2,VSC4KT
TDG2,TPGDL2000
TDG2,TR108
TDG2,QDTPMS
TDG2,A129
TDG2,OFSKIT
TDG2,TR107A
TDG2,FXWP1
TMC109A,DBH7B
TMC109A,CTNN13KF
TMC109A,TMXM114
TMC109A,TMBS8A
TMC109A,R404
TMC109A,SDMT20D
TMC109A,SDMT10D
TMC109A,ATECH3F300VR
TMC109A,ATECH2F125VR
TMC109A,ECHDD012A
CSSD1R,CSSD50R
CSSD1R,PKWSS53A
CSSD1R,CSA14CR
CSSD1R,PKNC300
CSSD1R,FB307RNB
CSSD1R,SGAS102BG
CSSD1R,SGAS1713BG
CSSD1R,SGAS1714BG
CSSD1R,SVTS264
CSSD1R,FB336
SW321,SW261
SW321,SW121A
SW321,SW281
SW321,SW221
SW321,SW141A
SW321,SW301
SW321,KRSC46HPBO
SW321,ECHDD012A
SW321,CTB8174
SW321,PH3050BR
PKN500,PSN500
PKN500,PKN90
PKN500,PPK300
PKN500,PKNC300
PKN500,AWMXL10
PKN500,SXWP11
PKN500,PGP50
PKN500,SOXRR702A
PKN500,PPB612A
PKN500,PPB408A
AWL10D,91ACP
AWL10D,SGASA204CR
AWL10D,FX1
AWL10D,TMXK4
AWL10D,SPBS24AR
AWL10D,EECT400
AWL10D,KRSC46HPBO
AWL10D,ECHDD012A
AWL10D,CTB8174
AWL10D,PH3050BR
AWL12D,PPC4A
AWL12D,SIMM150A
AWL12D,SPBS8AR
AWL12D,SGDP42IRBR
AWL12D,SPBS18AR
AWL12D,EECT400
AWL12D,KRSC46HPBO
AWL12D,ECHDD012A
AWL12D,CTB8174
AWL12D,PH3050BR
GLASS60BK,SIMM200
GLASS60BK,PPC4A
GLASS60BK,PPC106LA
GLASS60BK,ATECH2FR125B
GLASS60BK,SGD4BR
GLASS60BK,F80
GLASS60BK,96ACF
GLASS60BK,FXK6
GLASS60BK,47ACF
GLASS60BK,SPBS8AR
KRA4813FPCM,KRA4114FPBO
KRA4813FPCM,KRA4810FPBO
KRA4813FPCM,YA2019
KRA4813FPCM,ST50A
KRA4813FPCM,FB302A
KRA4813FPCM,YA900
KRA4813FPCM,BP8B
KRA4813FPCM,AD12C
KRA4813FPCM,TB40
KRA4813FPCM,QD3250A
A91F,TWM31
A91F,1210B
A91F,TWM29
A91F,FB322
A91F,FB307D
A91F,TR107AR
A91F,AW1020DK
A91F,2420A
A91F,IMFS120
A91F,ACT73A
ECPNI032R,ECPRM052
ECPNI032R,YA4250
ECPNI032R,ECPNJ032
ECPNI032R,ECPRL092
ECPNI032R,ECARL032R
ECPNI032R,ECFLD030
ECPNI032R,CTQ838DB
ECPNI032R,QD2R200A
ECPNI032R,AWSG800A
ECPNI032R,BLPSM1410
S4,303SXWKL
S4,SXWKL3
S4,SXWKL5
S4,SXWKL8
S4,TMS4E
S4,FSLF80
S4,TMR4
S4,F4LB
S4,OEX110B
S4,OEX100B
ASGP102BO,A161B
ASGP102BO,A177A
ASGP102BO,A179A
ASGP102BO,UTS105A
ASGP102BO,PSN500
ASGP102BO,EECT400
ASGP102BO,KRSC46HPBO
ASGP102BO,ECHDD012A
ASGP102BO,CTB8174
ASGP102BO,PH3050BR
ECARC041G,47ACF
ECARC041G,FX1
ECARC041G,FU8A
ECARC041G,SIMM240
ECARC041G,SGD6BR
ECARC041G,SPBS8AR
ECARC041G,TMXK2
ECARC041G,SIMM190
ECARC041G,SIMM210
ECARC041G,SIMM170
STMD16,TPMC25GRN
STMD16,SGCP1CR
STMD16,XDH810B
STMD16,XS2024A
STMD16,FDS101
STMD16,FDS121
STMD16,FDS141
STMD16,FDS161
STMD16,FDS181
STMD16,FU12B
SIMM120A,SIMM130A
SIMM120A,SIMM110A
SIMM120A,SIMM100A
SIMM120A,SIMM140A
SIMM120A,UPT35R
SIMM120A,SIMM160A
SIMM120A,KRSC46HPBO
SIMM120A,ECHDD012A
SIMM120A,CTB8174
SIMM120A,PH3050BR
SHDX60R,414AHD
SHDX60R,PKNC150
SHDX60R,UPTM65K
SHDX60R,L872
SHDX60R,LDH362
SHDX60R,LDH342
SHDX60R,ECHDD012A
SHDX60R,CTB8174
SHDX60R,PH3050BR
SHDX60R,AT5500
SGDXXL20BR,SGAS102BR
SGDXXL20BR,SGAS1713BR
SGDXXL20BR,SGAS1714BR
SGDXXL20BR,PTM30
SGDXXL20BR,103TMXKLA
SGDXXL20BR,TMXKL114A
SGDXXL20BR,TMXKL240A
SGDXXL20BR,TMXKL60A
SGDXXL20BR,204FXKLA
SGDXXL20BR,FXKL11A
305ASX,SX20
305ASX,208AFX
305ASX,FX18
305ASX,FX24A
305ASX,SX24
305ASX,313SWYA
305ASX,313TSYA
305ASX,TS121A
305ASX,TS141A
305ASX,TS161A
AWBMCG1603,AWBMCG1604
AWBMCG1603,SPBS24AR
AWBMCG1603,SGDX80BR
AWBMCG1603,SIMM190
AWBMCG1603,SIMM180
AWBMCG1603,EECT400
AWBMCG1603,KRSC46HPBO
AWBMCG1603,ECHDD012A
AWBMCG1603,CTB8174
AWBMCG1603,PH3050BR
SGA175BR,SGA1711BR
SGA175BR,SGA1712BR
SGA175BR,SGA174BR
SGA175BR,SGA1710BR
SGA175BR,SGA173BR
SGA175BR,SGD480BR
SGA175BR,SGD4160BR
SGA175BR,SGD146BR
SGA175BR,SVTS264
SGA175BR,RADKITULTRA
STA35,FTA35
STA35,TTA35
STA35,SRES26
STA35,208FRDH
STA35,FRDH101
STA35,FRDH121
STA35,FRDH201
STA35,FRDH221
STA35,FRDH141
STA35,FRDH161
TTX10E,TTX8E
TTX10E,TTX15E
TTX10E,TTX20E
TTX10E,TTX25E
TTX10E,FTX27E
TTX10E,FTX30E
TTX10E,FTX47E
TTX10E,FTX55E
TTX10E,FTX50E
TTX10E,FBSM325
TWM27,BLPHS1414
TWM27,TWM29
TWM27,TWM25
TWM27,TWM31
TWM27,TWM26
TWM27,FAMXS9E
TWM27,FAMXS8E
TWM27,FAMXS7E
TWM27,FAMXS10E
TWM27,SEPIMMSIMM
SPBS704A,FLX80B
SPBS704A,317AMMPC
SPBS704A,UIM225
SPBS704A,PK23A
SPBS704A,UPT35
SPBS704A,BTC7B
SPBS704A,CTB8174
SPBS704A,PH3050BR
SPBS704A,DB129C
SPBS704A,PL400BG
ECUHD218G,BRHC2PK
ECUHD218G,LSR1500
ECUHD218G,LSR1510
ECUHD218G,LSR1520
ECUHD218G,LSR1530
ECUHD218G,LSR1540
ECUHD218G,LSR1550
ECUHD218G,204FXKLA
ECUHD218G,FXKL11A
ECUHD218G,FXKL24A
OEX080B,107ATMPB
OEX080B,OEX100B
OEX080B,OEX110B
OEX080B,OEX120B
OEX080B,OEX140NADA
OEX080B,OEX160GSA
OEX080B,OEX180B
OEX080B,OEX200B
OEX080B,OEX220B
OEX080B,OEX240B
9100AGMO,KRA2007FPBO
9100AGMO,9100GSM
9100AGMO,SEPSTARTER
9100AGMO,SEPHDSETAOB
9100AGMO,AD10B
9100AGMO,FA12LE
9100AGMO,FRX181
9100AGMO,GF22
9100AGMO,KAC1224TCA
9100AGMO,SEPIMMSIMM
THLLF72,FHLLF80
THLLF72,FHLX80B
THLLF72,THLL72
THLLF72,SHLX80A
THLLF72,FHOF80A
THLLF72,XOM1011
THLLF72,TMUSM9A
THLLF72,TMUSM7A
THLLF72,TMUSM6A
THLLF72,TMUSM5A
B1356E,US712
B1356E,B1458C
B1356E,B1467A
B1356E,S6112
B1356E,BHS7A
B1356E,DB129C
B1356E,PGP50
B1356E,TB10A
B1356E,FBM320
B1356E,FB307D
LDH362,L872
LDH362,LDH342
LDH362,LDH402
LDH362,LDH442
LDH362,LDH462
LDH362,LDH422A
LDH362,SFS261
LDH362,SFS101
LDH362,SFS081
LDH362,FADH12B
TMD14,XS2024A
TMD14,5CF
TMD14,ASG185BR
TMD14,ATECHMS80M
TMD14,CCY21508
TMD14,DANTG70
TMD14,FSNSS-508-BO
TMD14,JHW30012
TMD14,KNX8111250
TMD14,KNX8603125
ECPRA072,ECFD0102
ECPRA072,L872
ECPRA072,LDH362
ECPRA072,LDH342
ECPRA072,LDH402
ECPRA072,LDH442
ECPRA072,LDH462
ECPRA072,LDH422A
ECPRA072,LDH482
ECPRA072,LDH602
CTB8174,CTC772A
CTB8174,CTR861DB
CTB8174,CTLMAG-BOOTM
CTB8174,CTC131A
CTB8174,CTB8187
CTB8174,CTSG861DB
CTB8174,CTB185
CTB8174,TMUSM11A
CTB8174,TMUSM8A
CTB8174,SVTSRAD272U
UTK150,UKBU10
UTK150,TMU181A
UTK150,SPBS12A
UTK150,BTC8A
UTK150,ECFLD030
UTK150,GA358B
UTK150,TB20AC
UTK150,TMU161A
UTK150,TIF160
UTK150,TMU141A
TMMDS13,TMMDS11
TMMDS13,TMMDS12
TMMDS13,TMMDS5
TMMDS13,TMMDS5.5
TMMDS13,TMMDS9
TMMDS13,STMMD14
TMMDS13,STMMD13
TMMDS13,STMMD12
TMMDS13,STMMD11
TMMDS13,STMMD10
JCK8,BHS7A
JCK8,FB303B
JCK8,222AFSP
JCK8,SN25A
JCK8,ACT1370
JCK8,OFW3
JCK8,OEXM9B
JCK8,PKNG90
JCK8,OEXM8B
JCK8,VGP104
SSDMR4BO,TPM16
SSDMR4BO,EC-USB-C-3A
SSDMR4BO,AWM110DHK
SSDMR4BO,AC5C
SSDMR4BO,GMB3041
SSDMR4BO,2004BSKA
SSDMR4BO,KRA2007FPBO
SSDMR4BO,FB360C
SSDMR4BO,SGA173BO
SSDMR4BO,224SFFSMFR
KRSC430APC1,AD12B
KRSC430APC1,S9704KMAG
KRSC430APC1,OXIM6B
KRSC430APC1,YA249
KRSC430APC1,AWMBPH9
KRSC430APC1,KRSC323PBO
KRSC430APC1,STMM4
KRSC430APC1,SEPPREMET
KRSC430APC1,YA2019
KRSC430APC1,SEPPREHD
SOEXM9,222SFFSFR
SOEXM9,TD1040A
SOEXM9,TDM100A
SOEXM9,340SSDP
SOEXM9,SOEXM8
SOEXM9,YA450B
SOEXM9,224SFFSMFR
SOEXM9,SEPPREATV
SOEXM9,AT4135
SOEXM9,AT4124
TW281,TW121A
TW281,TW201
TW281,TW241
TW281,TW221
TW281,TW161A
TW281,TS201
TW281,TS181A
TW281,TS161A
TW281,TS141A
TW281,TS121A
KRSC4130PWZ,SGD4BR
KRSC4130PWZ,SIMM200
KRSC4130PWZ,SIMM180
KRSC4130PWZ,PPC106LA
KRSC4130PWZ,SGDP42IRBR
KRSC4130PWZ,SPBS18AR
KRSC4130PWZ,SRPCR4700
KRSC4130PWZ,47ACF
KRSC4130PWZ,SPBS704AR
KRSC4130PWZ,F80
TMD6,XS2024A
TMD6,5CF
TMD6,ASG185BR
TMD6,ATECHMS80M
TMD6,CCY21508
TMD6,DANTG70
TMD6,FSNSS-508-BO
TMD6,JHW30012
TMD6,KNX8111250
TMD6,KNX8603125
SGDTX50BR,AWCGT500
SGDTX50BR,YA450B
SGDTX50BR,BOERM18
SGDTX50BR,QD3RN350A
SGDTX50BR,OFW1
SGDTX50BR,TF5A
SGDTX50BR,FAMXS9E
SGDTX50BR,FAMXS10E
SGDTX50BR,FAMXS7E
SGDTX50BR,FAMXS8E
FHLX80B,THRLX72
FHLX80B,THLX72
FHLX80B,THLLF72
FHLX80B,SHLX80A
FHLX80B,SHX80B
FHLX80B,SXWP8
FHLX80B,SXWP5
FHLX80B,SXWP3
FHLX80B,SXWP2
FHLX80B,SXWP11
SRPCR107G,PPC715BK
SRPCR107G,PWZ4
SRPCR107G,SRP2A
SRPCR107G,BDGPL300HG
SRPCR107G,SRP1C
SRPCR107G,SRP2B
SRPCR107G,SRP400B
SRPCR107G,SRP5C
SRPCR107G,PPC824C
SRPCR107G,PPC112
GFAT1E,GLA12B
GFAT1E,5CF
GFAT1E,ASG185BR
GFAT1E,ATECHMS80M
GFAT1E,CCY21508
GFAT1E,DANTG70
GFAT1E,FSNSS-508-BO
GFAT1E,JHW30012
GFAT1E,KNX8111250
GFAT1E,KNX8603125
TMMS12,TMMS5
TMMS12,TMMS14
TMMS12,TMMS9
TMMS12,TMMS5.5
TMMS12,TMMS11
TMMS12,TMS16
TMMS12,TMS14
TMMS12,TMS12
TMMS12,TMS11
TMMS12,TMS10
AWML10D,SRPCR3800
AWML10D,SRPCR4700
AWML10D,PPC4A
AWML10D,PL400B
AWML10D,ATECH2FR125B
AWML10D,EECT400
AWML10D,KRSC46HPBO
AWML10D,ECHDD012A
AWML10D,CTB8174
AWML10D,PH3050BR
AWTXL8-T25,SIMM160A
AWTXL8-T25,TMXK4
AWTXL8-T25,F80
AWTXL8-T25,91ACP
AWTXL8-T25,FXK6
AWTXL8-T25,EECT400
AWTXL8-T25,KRSC46HPBO
AWTXL8-T25,ECHDD012A
AWTXL8-T25,CTB8174
AWTXL8-T25,PH3050BR
KRA4114FPC,KRA4107FPBO
KRA4114FPC,KRA4813FPBO
KRA4114FPC,F12LB
KRA4114FPC,206AFXW
KRA4114FPC,SGDX60BR
KRA4114FPC,112TMMY
KRA4114FPC,HBBD24
KRA4114FPC,F80
KRA4114FPC,T72
KRA4114FPC,PL400B
KRA4114FPCM,KRA4107FPBO
KRA4114FPCM,KRA4813FPBO
KRA4114FPCM,F12LB
KRA4114FPCM,206AFXW
KRA4114FPCM,SGDX60BR
KRA4114FPCM,112TMMY
KRA4114FPCM,HBBD24
KRA4114FPCM,F80
KRA4114FPCM,T72
KRA4114FPCM,PL400B
IPLM14C,IPLM11C
IPLM14C,IPLM12C
IPLM14C,IPLM10C
IPLM14C,IPLM15C
IPLM14C,IPLM13C
IPLM14C,KRSC46HPBO
IPLM14C,ECHDD012A
IPLM14C,CTB8174
IPLM14C,PH3050BR
IPLM14C,310SIMMADDON
CAL6EA,RTEMPB7
CAL6EA,SS5A
CAL6EA,MTEE6
CAL6EA,RC980
CAL6EA,TW461
CAL6EA,S9711KA
CAL6EA,EEPV503
CAL6EA,CSA12CR
CAL6EA,MTTL300
CAL6EA,TB10A
BFCRM712A,BFCR708A
BFCRM712A,XLE1012A
BFCRM712A,XLE1416
BFCRM712A,XLE1820
BFCRM712A,XLE56
BFCRM712A,XLE605
BFCRM712A,XLE78
BFCRM712A,OXIM10B
BFCRM712A,OXIM11B
BFCRM712A,OXIM12B
212IMFMSYA,210IMFSYA
212IMFMSYA,IMFS10A
212IMFMSYA,IMFS12A
212IMFMSYA,IMFS14A
212IMFMSYA,IMFS16
212IMFMSYA,IMFS18
212IMFMSYA,IMFS20
212IMFMSYA,IMFS22
212IMFMSYA,IMFS24
212IMFMSYA,IMFS26
HBBD32O,PKNC150
HBBD32O,UPTM65K
HBBD32O,SOEX38
HBBD32O,305SIMMY
HBBD32O,414AHD
HBBD32O,CTB8174
HBBD32O,PH3050BR
HBBD32O,CTC131A
HBBD32O,SOEX34
HBBD32O,L872
AWL8D,PPC103A
AWL8D,SIMM160A
AWL8D,SGD4BR
AWL8D,SGDP31IRBR
AWL8D,SPBS18AR
AWL8D,EECT400
AWL8D,KRSC46HPBO
AWL8D,ECHDD012A
AWL8D,CTB8174
AWL8D,PH3050BR
KRA4008FPC,OEXM80B
KRA4008FPC,S9704KA
KRA4008FPC,FS221
KRA4008FPC,FS241
KRA4008FPC,FS121
KRA4008FPC,FS141
KRA4008FPC,FS181
KRA4008FPC,FS201
KRA4008FPC,SFS121
KRA4008FPC,SFS141
305ASXW,SX20
305ASXW,208AFX
305ASXW,FX18
305ASXW,FX24A
305ASXW,SX24
305ASXW,313SWYA
305ASXW,313TSYA
305ASXW,TS121A
305ASXW,TS141A
305ASXW,TS161A
AWBCG1620,AWBCG1624
AWBCG1620,FXK11
AWBCG1620,SIMM150A
AWBCG1620,SPBS704AR
AWBCG1620,TMXK4
AWBCG1620,EECT400
AWBCG1620,KRSC46HPBO
AWBCG1620,ECHDD012A
AWBCG1620,CTB8174
AWBCG1620,PH3050BR
FSS161,FSS081
FSS161,FSS101
FSS161,FSS201
FSS161,FSS221
FSS161,FSS241
FSS161,FSS261
FSS161,FSS281
FSS161,FHX80B
FSS161,HJ47ACF
FSS161,MPBS10AR
SGHBF500AO,BHS7A
SGHBF500AO,TFM7530B
SGHBF500AO,ST50A
SGHBF500AO,RTEMPB7
SGHBF500AO,PTGR450
SGHBF500AO,206AFSP
SGHBF500AO,YA2019
SGHBF500AO,AT4124
SGHBF500AO,MTTL300
SGHBF500AO,CAL6EA
GLOVE300BS,GLOVE400M
GLOVE300BS,GLOVE505RL
GLOVE300BS,GLOVEORIGPLUSL
GLOVE300BS,GLOVE309L
GLOVE300BS,JT17A
GLOVE300BS,GLOVE900LR
GLOVE300BS,CTINF9010
GLOVE300BS,CTSG861DB
GLOVE300BS,IND25HAT
GLOVE300BS,BCS70A
GLOVE300BXX,GLOVE400M
GLOVE300BXX,GLOVE505RL
GLOVE300BXX,GLOVEORIGPLUSL
GLOVE300BXX,GLOVE309L
GLOVE300BXX,JT17A
GLOVE300BXX,GLOVE900LR
GLOVE300BXX,CTINF9010
GLOVE300BXX,CTSG861DB
GLOVE300BXX,IND25HAT
GLOVE300BXX,BCS70A
SGA1714B,SGA1713B
SGA1714B,SGAS102BR
SGA1714B,SGAS1713BR
SGA1714B,SGAS1714BR
SGA1714B,206SFSUM
SGA1714B,SFSUM12
SGA1714B,SFSUM13
SGA1714B,SFSUM14
SGA1714B,SFSUM15
SGA1714B,SFSUM17
ACT2105,ACT1297
ACT2105,ACT407
ACT2105,ACT51234A
ACT2105,ACT1290A
ACT2105,ACT73A
ACT2105,LN47ACF
ACT2105,PL400B
ACT2105,96ACF
ACT2105,87BCF
ACT2105,91ACP
MAGMATXL,TMXK4
MAGMATXL,SIMM180
MAGMATXL,SHD1R
MAGMATXL,SGDX80BR
MAGMATXL,PL400B
MAGMATXL,PPC106LA
MAGMATXL,TMXK60
MAGMATXL,SPBS12AR
MAGMATXL,T72
MAGMATXL,PPC105LA
TMXK4,TMXK80
TMXK4,TPMC25GRN
TMXK4,FDS101
TMXK4,FDS121
TMXK4,FDS141
TMXK4,FDS161
TMXK4,FDS181
TMXK4,FU12B
TMXK4,FU14B
TMXK4,XDH1214A
STMD14,TPMC25GRN
STMD14,SGCP1CR
STMD14,XDH810B
STMD14,XS2024A
STMD14,FDS101
STMD14,FDS121
STMD14,FDS141
STMD14,FDS161
STMD14,FDS181
STMD14,FU12B
PPCD70BK,ADHW8A
PPCD70BK,AEM444
PPCD70BK,AEM5530
PPCD70BK,AEM6530
PPCD70BK,AN850811B
PPCD70BK,HDM1236
PPCD70BK,LP10WC
PPCD70BK,S7100
PPCD70BK,SEPHDSETAOBA
PPCD70BK,VO3234B
SHP10,SHP7
SHP10,PLRK30
SHP10,SHP2KT
SHP10,PHP2A
SHP10,VWB8B
SHP10,SGA1713B
SHP10,SGA102BR
SHP10,IPFM12C
SHP10,SVTSRAD272U
SHP10,FB336
LDH342,LDH362
LDH342,L872
LDH342,LDH402
LDH342,LDH442
LDH342,LDH462
LDH342,LDH422A
LDH342,SFS261
LDH342,SFS101
LDH342,SFS081
LDH342,FADH12B
AWMG9-9,BHS13A
AWMG9-9,SHDX60R
AWMG9-9,SHDP63IRR
AWMG9-9,LP404
AWMG9-9,TMXK80
AWMG9-9,106BTMX
AWMG9-9,SG3ASHCR
AWMG9-9,SG3ASH90CR
AWMG9-9,SG3ASH45CR
AWMG9-9,SG3ASACR
KRA4114FPJK,KRA4107FPBO
KRA4114FPJK,KRA4813FPBO
KRA4114FPJK,F12LB
KRA4114FPJK,206AFXW
KRA4114FPJK,SGDX60BR
KRA4114FPJK,112TMMY
KRA4114FPJK,HBBD24
KRA4114FPJK,F80
KRA4114FPJK,T72
KRA4114FPJK,PL400B
IPL38C,IPL26C
IPL38C,IPL32C
IPL38C,IPL16C
IPL38C,IPL34C
IPL38C,IPL40C
IPL38C,ECHDD012A
IPL38C,CTB8174
IPL38C,PH3050BR
IPL38C,SCO36
IPL38C,SCO34
112STMMY,117TMM
112STMMY,112TMMY
112STMMY,FLX80B
112STMMY,TPM16
112STMMY,120STTM
112STMMY,AC5C
112STMMY,2004BSKA
112STMMY,PH3050BR
112STMMY,KRA2007FPBO
112STMMY,EC-USB-C-3A
AWMCG1603B,SRPCR3800
AWMCG1603B,SGD6BR
AWMCG1603B,GFAT1E
AWMCG1603B,SGD2BR
AWMCG1603B,FX1
AWMCG1603B,EECT400
AWMCG1603B,KRSC46HPBO
AWMCG1603B,ECHDD012A
AWMCG1603B,CTB8174
AWMCG1603B,PH3050BR
AWMXL10-3,SRPCR3800
AWMXL10-3,SIMM210
AWMXL10-3,TMU8B
AWMXL10-3,SIMM200
AWMXL10-3,SIMM190
AWMXL10-3,EECT400
AWMXL10-3,KRSC46HPBO
AWMXL10-3,ECHDD012A
AWMXL10-3,CTB8174
AWMXL10-3,PH3050BR
BB9018KIT,SGD2BR
BB9018KIT,SIMM190
BB9018KIT,SHD1R
BB9018KIT,SIMM220
BB9018KIT,91ACP
BB9018KIT,SGDP31IRBR
BB9018KIT,TMXK4
BB9018KIT,FXK11
BB9018KIT,SRPCR4700
BB9018KIT,PPC105LA
212SFMY,GA236C
212SFMY,SPBS24A
212SFMY,TWM31
212SFMY,FB307D
212SFMY,TWM29
212SFMY,111STMMDY
212SFMY,STMMD10
212SFMY,STMMD11
212SFMY,STMMD12
212SFMY,STMMD13
29ACFG,RTEMPB7
29ACFG,SS5A
29ACFG,S9711KA
29ACFG,PWCS9ACFO
29ACFG,CSA12CR
29ACFG,RC980
29ACFG,CAL6EA
29ACFG,EEPV503
29ACFG,MTTL300
29ACFG,TB10A
BLP15HVLP,BF710B
BLP15HVLP,BF712B
BLP15HVLP,PSO4512
BLP15HVLP,ECARA052A
BLP15HVLP,YA109C
BLP15HVLP,BLP18HVLP
BLP15HVLP,A179A
BLP15HVLP,PK50A
BLP15HVLP,A159
BLP15HVLP,A161B
BLP18HVLP,AWM12D
BLP18HVLP,VWB5B
BLP18HVLP,BLP13HVLP
BLP18HVLP,BLP15HVLP
BLP18HVLP,BF555
BLP18HVLP,BLP14HVLP
BLP18HVLP,14V
BLP18HVLP,AT425R
BLP18HVLP,BF775C-A
BLP18HVLP,TPMA25EM
29ACF,RTEMPB7
29ACF,SS5A
29ACF,S9711KA
29ACF,PWCS9ACFO
29ACF,CSA12CR
29ACF,RC980
29ACF,CAL6EA
29ACF,EEPV503
29ACF,MTTL300
29ACF,TB10A
CT9050GDB,91ACP
CT9050GDB,SGDP42IRBR
CT9050GDB,SIMM150A
CT9050GDB,PPC4A
CT9050GDB,47ACF
CT9050GDB,A2A
CT9050GDB,TMXK2
CT9050GDB,SGDP31IRBR
CT9050GDB,PPC105LA
CT9050GDB,SPBS704AR
CT9080GK2,214SIMDFMYA
CT9080GK2,YA438B
CT9080GK2,BLPTE3816
CT9080GK2,BLPTE3814
CT9080GK2,BLPTE3812
CT9080GK2,BLPTE3810
CT9080GK2,OXIM6B
CT9080GK2,SEPIMMSIMMA
CT9080GK2,CT9010K2
CT9080GK2,CTB185
310SIMMYA,307SIM
310SIMMYA,320SIM
310SIMMYA,SEPPROK12PC
310SIMMYA,YA438B
310SIMMYA,214SIMDFMYA
310SIMMYA,310IMMYA
310SIMMYA,BLPTE3816
310SIMMYA,BLPTE3814
310SIMMYA,BLPTE3812
310SIMMYA,SPBS12A
AT425R,AWM12D
AT425R,VWB5B
AT425R,14V
AT425R,BF775C-A
AT425R,BLP18HVLP
AT425R,PK50A
AT425R,TPMA25EM
AT425R,A159
AT425R,PDR3000A
AT425R,DB121C
AWL4D,TMXK60
AWL4D,SIMM170
AWL4D,PL400B
AWL4D,PPC103A
AWL4D,SPBS8AR
AWL4D,EECT400
AWL4D,KRSC46HPBO
AWL4D,ECHDD012A
AWL4D,CTB8174
AWL4D,PH3050BR
222AFSP,BHS7A
222AFSP,SN25A
222AFSP,FB303B
222AFSP,ACT1370
222AFSP,SWM111A
222AFSP,SWM101A
222AFSP,CTB8174
222AFSP,PH3050BR
222AFSP,PTGR450
222AFSP,ACT83A
CTR825GDB,SIMM200
CTR825GDB,SIMM180
CTR825GDB,SIMM210
CTR825GDB,SGDP42IRBR
CTR825GDB,TMXK2
CTR825GDB,SGD4BR
CTR825GDB,PPC4A
CTR825GDB,FXK6
CTR825GDB,A2A
CTR825GDB,SGD6BR
SW401,XS2024A
SW401,SW381
SW401,XS1416A
SW401,XS1820A
SW401,XS1012A
SW401,EECT400
SW401,KRSC46HPBO
SW401,ECHDD012A
SW401,CTB8174
SW401,PH3050BR
AT109DGK,DBBPC21
AT109DGK,HR-26
AT109DGK,BHS7A
AT109DGK,VGP12418
AT109DGK,PSO4525
AT109DGK,AT408
AT109DGK,TTX27E
AT109DGK,PDR3000A
AT109DGK,AT425R
AT109DGK,BLP14HVLP
AT157R,SPBS8AR
AT157R,FX1
AT157R,T72
AT157R,ATECH3FR300B
AT157R,SIMM190
AT157R,SRPCR4700
AT157R,SRPCR3800
AT157R,SPBS24AR
AT157R,SIMM210
AT157R,SPBS704AR
13ELECTBP14KIT,R1618SC
13ELECTBP14KIT,R1214SC
13ELECTBP14KIT,R810SC
13ELECTBP14KIT,95ACFP
13ELECTBP14KIT,R2022C
13ELECTBP14KIT,SX20
13ELECTBP14KIT,CTB8174
13ELECTBP14KIT,PH3050BR
13ELECTBP14KIT,GA3645A
13ELECTBP14KIT,ACT413A
HCP1145,SEPPROCORE1A
HCP1145,SEPPROCORE2A
HCP1145,XDLRM705K2A
HCP1145,A106
HCP1145,A127
HCP1145,CTB8174
HCP1145,PH3050BR
HCP1145,TDM100A
HCP1145,TD1040A
HCP1145,S9714MKMAGA
110STMY,110TMY
110STMY,FADH12B
110STMY,FZ7A
110STMY,SGD155CG
110STMY,TW461
110STMY,SOEX707
110STMY,317MSPC
110STMY,TM14
110STMY,TM12
110STMY,TM11
CDR4P63K3K2,SGD4BR
CDR4P63K3K2,SPBS24AR
CDR4P63K3K2,PPC105LA
CDR4P63K3K2,T72
CDR4P63K3K2,SGASA204CR
CDR4P63K3K2,SPBS704AR
CDR4P63K3K2,TMXK2
CDR4P63K3K2,SGD6BR
CDR4P63K3K2,SIMM170
CDR4P63K3K2,F80
HBPT16,TPMC25GRN
HBPT16,FDS101
HBPT16,FDS121
HBPT16,FDS141
HBPT16,FDS161
HBPT16,FDS181
HBPT16,FU12B
HBPT16,FU14B
HBPT16,XDH1214A
HBPT16,XDH1618A
KRA6200FPCM,ACT51234A
KRA6200FPCM,IPL22C
KRA6200FPCM,IPL20C
KRA6200FPCM,IPL18C
KRA6200FPCM,IPL28C
KRA6200FPCM,IPL24C
KRA6200FPCM,IPL36C
KRA6200FPCM,IPL30C
KRA6200FPCM,ECSPH271
KRA6200FPCM,SGDTX310BR
XS2226A,XS2024A
XS2226A,XS1416A
XS2226A,XS1820A
XS2226A,XS1012A
XS2226A,XS1618A
XS2226A,EECT400
XS2226A,KRSC46HPBO
XS2226A,ECHDD012A
XS2226A,CTB8174
XS2226A,PH3050BR
CSA12C,218AFSP
CSA12C,FADH10B
CSA12C,OC5A
CSA12C,PKNC200
CSA12C,FB322
CSA12C,SS5A
CSA12C,RTEMPB7
CSA12C,TF5A
CSA12C,RXS12B
CSA12C,RXS14B
THNF72G,340SSDP
THNF72G,10SSD
THNF72G,AWM110DHK
THNF72G,FH80MP
THNF72G,AW1015DHK
THNF72G,RULER600
THNF72G,PGP120
THNF72G,TMXKL60A
THNF72G,TMXKL114A
THNF72G,TMXKL240A
RXFS2836B,FB307D
RXFS2836B,310SWMYA
RXFS2836B,PK50A
RXFS2836B,PKWHD53A
RXFS2836B,STMM4.5
RXFS2836B,TMM4.5
RXFS2836B,SA18E
RXFS2836B,SA14E
RXFS2836B,SA12E
RXFS2836B,SA10E
FXK11,FX18
FXK11,FX24A
FXK11,XS2024A
FXK11,XS1416A
FXK11,XS1820A
FXK11,XS1618A
FXK11,XS1012A
FXK11,ECHDD012A
FXK11,CTB8174
FXK11,PH3050BR
SOEX704,SOEX38
SOEX704,AWEF6K
SOEX704,SOEX40
SOEX704,AWMEF8K
SOEX704,SWM261
SOEX704,PH3050BR
SOEX704,SOEX10
SOEX704,TDM100A
SOEX704,TD1040A
SOEX704,DB129C
FXK4,FX18
FXK4,FX24A
FXK4,FXK8
FXK4,FX1
FXK4,SN25A
FXK4,FXK11
FXK4,FB303B
FXK4,F10LD
FXK4,SXK8
FXK4,TMXK80
FXK6,FX18
FXK6,FX24A
FXK6,XS2024A
FXK6,XS1416A
FXK6,XS1820A
FXK6,XS1618A
FXK6,XS1012A
FXK6,ECHDD012A
FXK6,CTB8174
FXK6,PH3050BR
SOEX32,SOEX34
SOEX32,SPBS36BR
SOEX32,SOEX36
SOEX32,SOEX30
SOEX32,SOEX38
SOEX32,SOEX40
SOEX32,PKNC150
SOEX32,SOEX14
SOEX32,SOEX12
SOEX32,SOEX10
SOEX36,SOEX34
SOEX36,SPBS36BR
SOEX36,SOEX38
SOEX36,SOEX40
SOEX36,SOEX30
SOEX36,SOEX32
SOEX36,PKNC150
SOEX36,CTB8174
SOEX36,PH3050BR
SOEX36,L872
PT450-WH,PTGR450
PT450-WH,PL400B
PT450-WH,SGDP42IRBR
PT450-WH,FXK11
PT450-WH,SRPCR3800
PT450-WH,TMXK4
PT450-WH,SIMM180
PT450-WH,SIMM190
PT450-WH,SPBS8AR
PT450-WH,SIMM160A
EEDM525F,YA438B
EEDM525F,SEPPROK12PC
EEDM525F,BLPTE3816
EEDM525F,BLPTE3814
EEDM525F,OXIM6B
EEDM525F,BLPTE3812
EEDM525F,BLPTE3810
EEDM525F,TWM31
EEDM525F,214SIMDFMYA
EEDM525F,TWM29
GLOVE1100L,GLOVE400M
GLOVE1100L,GLOVE505RL
GLOVE1100L,GLOVE309L
GLOVE1100L,SOSG01BKCL01
GLOVE1100L,XS1214A
GLOVE1100L,GLOVE300BL
GLOVE1100L,ATKIFL
GLOVE1100L,XS2024A
GLOVE1100L,GLOVEORIGPLUSL
GLOVE1100L,XS1416A
GLOVE1100XL,GLOVE400M
GLOVE1100XL,GLOVE505RL
GLOVE1100XL,GLOVE309L
GLOVE1100XL,SOSG01BKCL01
GLOVE1100XL,XS1214A
GLOVE1100XL,GLOVE300BL
GLOVE1100XL,ATKIFL
GLOVE1100XL,XS2024A
GLOVE1100XL,GLOVEORIGPLUSL
GLOVE1100XL,XS1416A
TMU8B,TPMC25GRN
TMU8B,SGCP1CR
TMU8B,XDH810B
TMU8B,FDS101
TMU8B,FDS121
TMU8B,FDS141
TMU8B,FDS161
TMU8B,FDS181
TMU8B,FU12B
TMU8B,FU14B
CTR861ADB,CT9080K2
CTR861ADB,CT9010K2
CTR861ADB,CTR867AK2
CTR861ADB,CTB185
CTR861ADB,FRW10
CTR861ADB,CTB8174
CTR861ADB,IMFM18
CTR861ADB,IMFM11A
CTR861ADB,IMFM16
CTR861ADB,IMFM17
IMM170A,IMM250
IMM170A,IMM270
IMM170A,IMM160A
IMM170A,IMM150A
IMM170A,IMM110A
IMM170A,IMM120A
IMM170A,IMM180
IMM170A,ECHDD012A
IMM170A,CTB8174
IMM170A,PH3050BR
IMM180,IMM250
IMM180,IMM270
IMM180,IMM160A
IMM180,IMM150A
IMM180,IMM110A
IMM180,IMM170A
IMM180,IMM120A
IMM180,ECHDD012A
IMM180,CTB8174
IMM180,PH3050BR
SOXRR707A,SOXRR702A
SOXRR707A,FA12LE
SOXRR707A,GF22
SOXRR707A,FRX181
SOXRR707A,KAC1224TCA
SOXRR707A,TW481
SOXRR707A,FABL5E
SOXRR707A,FABL12E
SOXRR707A,FABL10E
SOXRR707A,112RTA
IM240,IM120A
IM240,IM220
IM240,IM320
IM240,IM280
IM240,IM140A
IM240,PH3050BR
IM240,UIM225GR
IM240,214SIMDFMYA
IM240,YA438B
IM240,UPT35G
KRA2407PJK,AB3042
KRA2407PJK,BLP7
KRA2407PJK,CT861K2
KRA2407PJK,CTS561BITXL
KRA2407PJK,EEDM604F
KRA2407PJK,FSM201
KRA2407PJK,FSM211
KRA2407PJK,FSM221
KRA2407PJK,IMM320
KRA2407PJK,KDT3729
TMMDS15,TMMDS11
TMMDS15,TMMDS12
TMMDS15,TMMDS5
TMMDS15,TMMDS5.5
TMMDS15,TMMDS9
TMMDS15,STMMD14
TMMDS15,STMMD13
TMMDS15,STMMD12
TMMDS15,STMMD11
TMMDS15,STMMD10
UPT35,FLX80B
UPT35,UIM225
UPT35,PK23A
UPT35,317AMMPC
UPT35,FADH12B
UPT35,206EAU
UPT35,LP10WR
UPT35,ECHDD012A
UPT35,CTB8174
UPT35,PH3050BR
VS807B,YA438B
VS807B,AWL1010DK
VS807B,BLPTE3816
VS807B,BLPTE3814
VS807B,BLPTE3812
VS807B,BLPTE3810
VS807B,SEPPROK12PC
VS807B,PG160
VS807B,214SIMDFMYA
VS807B,SEPPROK12PBO
SIM240,SIM220
SIM240,SIM160A
SIM240,SIM180A
SIM240,SIM200
SIM240,SIM320
SIM240,PH3050BR
SIM240,YA438B
SIM240,UPT35G
SIM240,UPT35R
SIM240,SRPCR4700O
SWM131A,SWM161
SWM131A,SWM151A
SWM131A,SWM191
SWM131A,SWM181
SWM131A,SWM141A
SWM131A,KRSC46HPBO
SWM131A,ECHDD012A
SWM131A,CTB8174
SWM131A,PH3050BR
SWM131A,FB303B
SWM171,SWM161
SWM171,SWM191
SWM171,SWM181
SWM171,SWM131A
SWM171,SWM151A
SWM171,KRSC46HPBO
SWM171,ECHDD012A
SWM171,CTB8174
SWM171,PH3050BR
SWM171,FB303B
SX2,SXK8
SX2,XS2024A
SX2,XS1416A
SX2,XS1820A
SX2,XS1012A
SX2,XS2226A
SX2,KRSC46HPBO
SX2,ECHDD012A
SX2,CTB8174
SX2,PH3050BR
TMA5E,5CF
TMA5E,ASG185BR
TMA5E,ATECHMS80M
TMA5E,CCY21508
TMA5E,DANTG70
TMA5E,FSNSS-508-BO
TMA5E,JHW30012
TMA5E,KNX8111250
TMA5E,KNX8603125
TMA5E,KNX8603150
TTX25E,TTX8E
TTX25E,TTX10E
TTX25E,TTX15E
TTX25E,TTX20E
TTX25E,FTX27E
TTX25E,FTX30E
TTX25E,FTX47E
TTX25E,FTX55E
TTX25E,FTX50E
TTX25E,FBSM325
THR72G,FHR80
THR72G,SH80A
THR72G,THRLX72
THR72G,PTM30
THR72G,FHOF80A
THR72G,OEX140NADA
THR72G,OEX120B
THR72G,OEX110B
THR72G,OEX100B
THR72G,SOXRR702A
AWEFBH11K,AWMEFBH10K
AWEFBH11K,AWTEFBH11K
AWEFBH11K,R404
AWEFBH11K,LBUK1
AWEFBH11K,RBYA605
AWEFBH11K,AWP120
AWEFBH11K,KRSC46HPBO
AWEFBH11K,ECHDD012A
AWEFBH11K,CTB8174
AWEFBH11K,PH3050BR
AWS13-1,SPBS704AR
AWS13-1,SHD1R
AWS13-1,BLPTHC87
AWS13-1,SIMM200
AWS13-1,TMXK4
AWS13-1,EECT400
AWS13-1,KRSC46HPBO
AWS13-1,ECHDD012A
AWS13-1,CTB8174
AWS13-1,PH3050BR
KRA2411PCM,KRA6210FPBO
KRA2411PCM,BHS7A
KRA2411PCM,EFPHANNIBALB
KRA2411PCM,KRWT2411
KRA2411PCM,KWSN2455AST
KRA2411PCM,PG160
KRA2411PCM,AWM140DK
KRA2411PCM,PTGR450
KRA2411PCM,SEPPREHD
KRA2411PCM,TWM26
AWM12D,VWB5B
AWM12D,14V
AWM12D,AT425R
AWM12D,BLP18HVLP
AWM12D,BF775C-A
AWM12D,PK50A
AWM12D,TPMA25EM
AWM12D,DB121C
AWM12D,OEXM9B
AWM12D,OEXM8B
AWTEF8K,10HR
AWTEF8K,BP20B
AWTEF8K,CHN410
AWTEF8K,GA111D
AWTEF8K,MT501C
AWTEF8K,R40B
AWTEF8K,SP32E
AWTEF8K,YA3080
AWTEF8K,AWMEF6K
AWTEF8K,SPBS24A
AW20D,SPBS24AR
AW20D,SGDP42IRBR
AW20D,91ACP
AW20D,PPC4A
AW20D,SHD1R
AW20D,EECT400
AW20D,KRSC46HPBO
AW20D,ECHDD012A
AW20D,CTB8174
AW20D,PH3050BR
340SSDP,10SSD
340SSDP,AWM110DHK
340SSDP,AW1015DHK
340SSDP,PGP120
340SSDP,RULER600
340SSDP,PK53A
340SSDP,313SWYA
340SSDP,PH3050BR
340SSDP,SW121A
340SSDP,TPMB25EM
FLE140A,TLE40A
FLE140A,TLE50A
FLE140A,TLE60A
FLE140A,TLE70A
FLE140A,TLE80A
FLE140A,FLE110A
FLE140A,SLE160A
FLE140A,SLE180A
FLE140A,SLE200A
FLE140A,SLE240
HBBD56G,HBBD8
HBBD56G,PBMP703A
HBBD56G,PL330ACF
HBBD56G,ACT51234A
HBBD56G,PTM2
HBBD56G,49ACF
HBBD56G,HBBD16
HBBD56G,PPC828C
HBBD56G,PPC824C
HBBD56G,PPC112
THLL72G,FHLL80O
THLL72G,AWM140DK
THLL72G,FHLL80
THLL72G,103TMXKLA
THLL72G,TMXKL114A
THLL72G,TMXKL240A
THLL72G,TMXKL60A
THLL72G,S9706KMAG
THLL72G,THL72
THLL72G,SHLL80A
THLL72O,FHLL80O
THLL72O,AWM140DK
THLL72O,FHLL80
THLL72O,103TMXKLA
THLL72O,TMXKL114A
THLL72O,TMXKL240A
THLL72O,TMXKL60A
THLL72O,S9706KMAG
THLL72O,THL72
THLL72O,SHLL80A
THLX72O,FHLX80B
THLX72O,SHX80B
THLX72O,THLL72
THLX72O,FHOF80A
THLX72O,SHLX80A
THLX72O,SIMTMM15
THLX72O,SIMTMM11
THLX72O,SIMTMM12
THLX72O,SIMTMM13
THLX72O,SIMTMM14
SGDMRC103AO,TZERO
SGDMRC103AO,SGDMRC11A
SGDMRC103AO,BTWSMPK
SGDMRC103AO,WTG10A
SGDMRC103AO,BLPBTWSET
SGDMRC103AO,SDM253IRC
SGDMRC103AO,SDM252IRB
SGDMRC103AO,SDM11A
SGDMRC103AO,SDM215C
SGDMRC103AO,SDM251IRC
DBT40,PL400B
DBT40,96ACF
DBT40,SIMM190
DBT40,SPBS704AR
DBT40,FXK3
DBT40,EECT400
DBT40,KRSC46HPBO
DBT40,ECHDD012A
DBT40,CTB8174
DBT40,PH3050BR
WELDIGNSKULL,SIMM160A
WELDIGNSKULL,SPBS24AR
WELDIGNSKULL,SGD4BR
WELDIGNSKULL,SIMM180
WELDIGNSKULL,SIMM170
WELDIGNSKULL,47ACF
WELDIGNSKULL,FXK6
WELDIGNSKULL,SGD8BR
WELDIGNSKULL,ATECH3FR300B
WELDIGNSKULL,SGDX80BR
TM5,XS2024A
TM5,XS1416A
TM5,XS1820A
TM5,XS1012A
TM5,XS2226A
TM5,EECT400
TM5,KRSC46HPBO
TM5,ECHDD012A
TM5,CTB8174
TM5,PH3050BR
KHP415PC,SGDX80BR
KHP415PC,F80
KHP415PC,FXK6
KHP415PC,SIMM190
KHP415PC,47ACF
KHP415PC,ATECH2FR125B
KHP415PC,TMXK60
KHP415PC,SIMM160A
KHP415PC,SPBS12AR
KHP415PC,SPBS24AR
FX1,FX18
FX1,FX24A
FX1,FXK4
FX1,FXK8
FX1,FXK11
FX1,FXK3
FX1,FXK6
FX1,PH3050BR
FX1,PT5CBL
FX1,FB303B
SGDX60BR,FLX80B
SGDX60BR,112RTA
SGDX60BR,206EAU
SGDX60BR,317AMMPC
SGDX60BR,117TMM
SGDX60BR,UIM225
SGDX60BR,LP10WR
SGDX60BR,PH3050BR
SGDX60BR,WTRW9K
SGDX60BR,SEPIMMSIMM
FB305A,FB360C
FB305A,FZ4B
FB305A,TW441
FB305A,TW421
FB305A,FB316B
FB305A,HSPD16
FB305A,GF22
FB305A,FRX181
FB305A,FAML6E
FB305A,FB361A
GLOVE900MG,GLOVE900LG
GLOVE900MG,GLOVE505RL
GLOVE900MG,OXRM710
GLOVE900MG,GLOVE300BL
GLOVE900MG,YA427B
GLOVE900MG,GLOVE309L
GLOVE900MG,GLOVE1100L
GLOVE900MG,TB50W
GLOVE900MG,YA9350B
GLOVE900MG,AWMCG1600B
KCP2422PJK,KWSN2455ABL
KCP2422PJK,KRWT2411
KCP2422PJK,KWSP2455ABL
KCP2422PJK,KWSP2455AST
KCP2422PJK,KWSN2455AST
KCP2422PJK,SEPPREHD
KCP2422PJK,FB300A
KCP2422PJK,CT9080
KCP2422PJK,OEXM6B
KCP2422PJK,SEPPRECOMB
QD3RN350A,BOERM18
QD3RN350A,QD2RN100A
QD3RN350A,AWCGT500
QD3RN350A,FAMXS10E
QD3RN350A,FAMXS7E
QD3RN350A,FAMXS8E
QD3RN350A,FAMXS9E
QD3RN350A,TMAMXS3E
QD3RN350A,TMAMXS4E
QD3RN350A,TMAMXS5E
LP10WR,222SFFSFR
LP10WR,TD1040A
LP10WR,TDM100A
LP10WR,FLX80B
LP10WR,FADH12B
LP10WR,EC-USB-C-3A
LP10WR,317AMMPC
LP10WR,224SFFSMFR
LP10WR,TPM16
LP10WR,SGA173BO
214IMFMYA,214SIMDFMYA
214IMFMYA,YA438B
214IMFMYA,212SIMFYA
214IMFMYA,SIMF100A
214IMFMYA,SIMF120A
214IMFMYA,SIMF140A
214IMFMYA,SIMF160
214IMFMYA,SIMF180
214IMFMYA,SIMF200
214IMFMYA,SIMF220
TWM23,TWM21
TWM23,TWM20
TWM23,TWM22
TWM23,TWM24
TWM23,TWM12A
TWM23,TWM13A
TWM23,TWM14A
TWM23,TWM15A
TWM23,TWM16
TWM23,TWM18
ATECH1FS300,5CF
ATECH1FS300,ASG185BR
ATECH1FS300,ATECHMS80M
ATECH1FS300,CCY21508
ATECH1FS300,DANTG70
ATECH1FS300,FSNSS-508-BO
ATECH1FS300,JHW30012
ATECH1FS300,KNX8111250
ATECH1FS300,KNX8603125
ATECH1FS300,KNX8603150
TMMDS7,TMMDS5
TMMDS7,TMMDS5.5
TMMDS7,TMMDS9
TMMDS7,TMMDS6
TMMDS7,TMMDS11
TMMDS7,STMMD14
TMMDS7,STMMD13
TMMDS7,STMMD12
TMMDS7,STMMD11
TMMDS7,STMMD10
TMP12E,XS2024A
TMP12E,XS1416A
TMP12E,XS1820A
TMP12E,XS1012A
TMP12E,XS2226A
TMP12E,EECT400
TMP12E,KRSC46HPBO
TMP12E,ECHDD012A
TMP12E,CTB8174
TMP12E,PH3050BR
210EFTXRY,SGD155CG
210EFTXRY,FB322
210EFTXRY,PL307ACFO
210EFTXRY,KRSC326FBCD
210EFTXRY,SGD153BR
210EFTXRY,FZ7A
210EFTXRY,FADH10C
210EFTXRY,210EFTAMY
210EFTXRY,TMAM2.5E
210EFTXRY,TMAM2E
SWM151A,SWM161
SWM151A,SWM131A
SWM151A,SWM191
SWM151A,SWM181
SWM151A,SWM141A
SWM151A,KRSC46HPBO
SWM151A,ECHDD012A
SWM151A,CTB8174
SWM151A,PH3050BR
SWM151A,FB303B
SWM271,SWM261
SWM271,SWM251
SWM271,SWM291
SWM271,SWM281
SWM271,SWM301
SWM271,EECT400
SWM271,KRSC46HPBO
SWM271,ECHDD012A
SWM271,CTB8174
SWM271,PH3050BR
SX20,SX24
SX20,STX60E
SX20,IPL38C
SX20,IPL26C
SX20,IPL32C
SX20,FXKL3A
SX20,FXKL24A
SX20,FXKL11A
SX20,MRB5B
SX20,SXK8
LP404,YA249
LP404,ST50A
LP404,HBPT24
LP404,BTC10
LP404,208CCP
LP404,BP40B
LP404,206AFSP
LP404,6T
LP404,8MA
LP404,SGHF614BR
XBM605A,XB1214A
XBM605A,XB1618A
XBM605A,XB2022A
XBM605A,XB2426A
XBM605A,XB2830A
XBM605A,XB605A
XBM605A,OXIM9B
XBM605A,OXIM8B
XBM605A,OXIM7B
XBM605A,XOM1011
204IMXA,340SSDP
204IMXA,10SSD
204IMXA,AWCGT500
204IMXA,SIMM350
204IMXA,305SIMMY
204IMXA,FAMXS10E
204IMXA,TWM11A
204IMXA,TWM10A
204IMXA,IMX112
204IMXA,IMX52
THR72,FHR80
THR72,SH80A
THR72,THRLX72
THR72,PTM30
THR72,FHOF80A
THR72,OEX140NADA
THR72,OEX120B
THR72,OEX110B
THR72,OEX100B
THR72,SOXRR702A
AWSG14A,SGD8BR
AWSG14A,FXK6
AWSG14A,ATECH2FR125B
AWSG14A,TMXK4
AWSG14A,FXK11
AWSG14A,EECT400
AWSG14A,KRSC46HPBO
AWSG14A,ECHDD012A
AWSG14A,CTB8174
AWSG14A,PH3050BR
KRA4059FPJK,VO806B
KRA4059FPJK,107ATMPB
KRA4059FPJK,TPMA10
KRA4059FPJK,VO2022B
KRA4059FPJK,VO2426B
KRA4059FPJK,VO2830B
KRA4059FPJK,ST50A
KRA4059FPJK,VO1214B
KRA4059FPJK,VO1618B
KRA4059FPJK,VO810B
ECPRD068G,SGDP31IRBR
ECPRD068G,SPBS18AR
ECPRD068G,SHD1R
ECPRD068G,SPBS8AR
ECPRD068G,SIMM170
ECPRD068G,ATECH2FR125B
ECPRD068G,GFAT1E
ECPRD068G,SIMM200
ECPRD068G,SIMM220
ECPRD068G,47ACF
AWM14D,91ACP
AWM14D,SGDP31IRBR
AWM14D,GFAT1E
AWM14D,SIMM210
AWM14D,SPBS18AR
AWM14D,EECT400
AWM14D,KRSC46HPBO
AWM14D,ECHDD012A
AWM14D,CTB8174
AWM14D,PH3050BR
AWM2D,FXK11
AWM2D,TMXK60
AWM2D,SGD2BR
AWM2D,SIMM190
AWM2D,SGD4BR
AWM2D,EECT400
AWM2D,KRSC46HPBO
AWM2D,ECHDD012A
AWM2D,CTB8174
AWM2D,PH3050BR
AWSG800A,AWSG24A
AWSG800A,AWSGM800A
AWSG800A,AWSGT800A
AWSG800A,AWBSGM800A
AWSG800A,AWBSG800A
AWSG800A,DBCL1/2CSF
AWSG800A,DBCL1/8CSF
AWSG800A,DBCL11/32CSF
AWSG800A,DBCL13/32CSF
AWSG800A,DBCL15/32CSF
AW16D,SGD4BR
AW16D,SPBS24AR
AW16D,SIMM160A
AW16D,TMXK4
AW16D,SGD6BR
AW16D,EECT400
AW16D,KRSC46HPBO
AW16D,ECHDD012A
AW16D,CTB8174
AW16D,PH3050BR
AWCGT27,AWCGT25
AWCGT27,AWCGT40
AWCGT27,AWCGT45
AWCGT27,AWCGT30
AWCGT27,AWCGT500
AWCGT27,EECT400
AWCGT27,KRSC46HPBO
AWCGT27,ECHDD012A
AWCGT27,CTB8174
AWCGT27,PH3050BR
97ACF,KAPL10RD
97ACF,FLX80B
97ACF,AWM110DHK
97ACF,TPM16
97ACF,AC5C
97ACF,117TMM
97ACF,317AMMPC
97ACF,EC-USB-C-3A
97ACF,LP10WR
97ACF,SEPIMMSIMM
AWM17D,SGD6BR
AWM17D,PPC106LA
AWM17D,SHD1R
AWM17D,FHLF80A
AWM17D,PPC4A
AWM17D,EECT400
AWM17D,KRSC46HPBO
AWM17D,ECHDD012A
AWM17D,CTB8174
AWM17D,PH3050BR
LDH422A,LDH362
LDH422A,L872
LDH422A,LDH602
LDH422A,LDH342
LDH422A,LDH402
LDH422A,LDH442
LDH422A,SFS261
LDH422A,SFS101
LDH422A,SFS081
LDH422A,FADH12B
CTQ838K2,A3042
CTQ838K2,SDMEXT19K
CTQ838K2,112SIMTMM
CTQ838K2,SIMTMM11
CTQ838K2,SIMTMM12
CTQ838K2,SIMTMM13
CTQ838K2,SIMTMM14
CTQ838K2,SIMTMM15
CTQ838K2,SIMTMM5
CTQ838K2,SIMTMM5.5
CTR762K2,PKWLR53A
CTR762K2,CTSG861DB
CTR762K2,EECR5A
CTR762K2,CT9010K2
CTR762K2,LIL59000
CTR762K2,PGP120
CTR762K2,CT9080K2
CTR762K2,JCW62R
CTR762K2,KAPL10RD
CTR762K2,PL1000START
QE1R200,SGD2BR
QE1R200,FHLF80A
QE1R200,SIMM210
QE1R200,SGDP42IRBR
QE1R200,TMU8B
QE1R200,EECT400
QE1R200,KRSC46HPBO
QE1R200,ECHDD012A
QE1R200,CTB8174
QE1R200,PH3050BR
ACT900,XFRM1214
ACT900,XFRM1315
ACT900,XFRM1618A
ACT900,XFRM1719A
ACT900,XFRM705
ACT900,XFRM810A
ACT900,ATECH3FR300B
ACT900,SHLX80A
ACT900,ATECH2FR125B
ACT900,IPL24C
OEXM707B,AT411
OEXM707B,224SFFSMFR
OEXM707B,JT17A
OEXM707B,BF775C-A
OEXM707B,OEX707B
OEXM707B,A159
OEXM707B,112TMMDSY
OEXM707B,OXIM55SB
OEXM707B,OXIM4SB
OEXM707B,AT5500
ECHDD012A,TMC109A
ECHDD012A,SEPIMMSIMM
ECHDD012A,GAX36
ECHDD012A,S3624
ECHDD012A,ECHDD012AR
ECHDD012A,BTG8
ECHDD012A,CTNN13KF
ECHDD012A,TWM27
ECHDD012A,BTCP500
ECHDD012A,PK23A
CTRS761AGK2,CT9080K2
CTRS761AGK2,ECPRA072
CTRS761AGK2,OXIM9B
CTRS761AGK2,OXIM8B
CTRS761AGK2,OXIM6B
CTRS761AGK2,BLPT1255
CTRS761AGK2,PK50A
CTRS761AGK2,TPMA10
CTRS761AGK2,BF710B
CTRS761AGK2,BF712B
CTNIB761K2,LDTJT512
CTNIB761K2,VO2628B
CTNIB761K2,VO1416B
CTNIB761K2,VO1012B
CTNIB761K2,TM84
CTNIB761K2,TMC104E
CTNIB761K2,VO1820B
CTNIB761K2,TM82
CTNIB761K2,TM5
CTNIB761K2,TMC106E
AWCG1606B,FXK3
AWCG1606B,SPBS8AR
AWCG1606B,SPBS18AR
AWCG1606B,SIMM190
AWCG1606B,FHLF80A
AWCG1606B,EECT400
AWCG1606B,KRSC46HPBO
AWCG1606B,ECHDD012A
AWCG1606B,CTB8174
AWCG1606B,PH3050BR
AWCGT10,SPBS12AR
AWCGT10,SGD4BR
AWCGT10,FHLF80A
AWCGT10,SGD8BR
AWCGT10,SGD6BR
AWCGT10,EECT400
AWCGT10,KRSC46HPBO
AWCGT10,ECHDD012A
AWCGT10,CTB8174
AWCGT10,PH3050BR
GLOVE502BXLB,BLPTL146
GLOVE502BXLB,BLPTL148
GLOVE502BXLB,BLPTL149
GLOVE502BXLB,BLPTL1410
GLOVE502BXLB,BLPTL1427
GLOVE502BXLB,BLPTL1415
GLOVE502BXLB,BLPTL3840
GLOVE502BXLB,QD1RN25B
GLOVE502BXLB,QD3RN350A
GLOVE502BXLB,SL80A
BTCP2SA,YA8610B
BTCP2SA,VGP104
BTCP2SA,BTCW800
BTCP2SA,206ESSPKPLG
BTCP2SA,S9706KA
BTCP2SA,CAL6EBR
BTCP2SA,OFSKIT
BTCP2SA,A129
BTCP2SA,GA296B
BTCP2SA,PGP50
MRB5B,YA450B
MRB5B,TTX40E
MRB5B,OFW1
MRB5B,MRB10B
MRB5B,TTX27E
MRB5B,TPMA25EM
MRB5B,TTX30E
MRB5B,S9704KMAG
MRB5B,MRB12B
MRB5B,MRB15B
KRSC343PDC,RULER600
KRSC343PDC,C0900A
KRSC343PDC,DS1010A
KRSC343PDC,DS1212A
KRSC343PDC,DS809K
KRSC343PDC,DS88A
KRSC343PDC,WTG8A
KRSC343PDC,DS2224A
KRSC343PDC,HBFE16
KRSC343PDC,DS1516A
KRSC343PJK,RULER600
KRSC343PJK,C0900A
KRSC343PJK,DS1010A
KRSC343PJK,DS1212A
KRSC343PJK,DS809K
KRSC343PJK,DS88A
KRSC343PJK,WTG8A
KRSC343PJK,DS2224A
KRSC343PJK,HBFE16
KRSC343PJK,DS1516A
KRA2007FPCM,9100AGMO
KRA2007FPCM,SEPPREATV
KRA2007FPCM,TPM16
KRA2007FPCM,AWM110DHK
KRA2007FPCM,EC-USB-C-3A
KRA2007FPCM,AC5C
KRA2007FPCM,BLPH389
KRA2007FPCM,BLPH124
KRA2007FPCM,2004BSKA
KRA2007FPCM,BLPH125
EEDMDVA,PL307ACFO
EEDMDVA,CAL6V
EEDMDVA,EEPV503
EEDMDVA,DBTB121
EEDMDVA,S9711KA
EEDMDVA,MTIND683A
EEDMDVA,PALMRAT
EEDMDVA,ITHE100
EEDMDVA,AWM110DHK
EEDMDVA,BB9008
KRA2055FPBO,US712
KRA2055FPBO,AW1020DK
KRA2055FPBO,AWM140DK
KRA2055FPBO,TPMA10
KRA2055FPBO,OFW4
KRA2055FPBO,222AFSMP
KRA2055FPBO,ITHE100
KRA2055FPBO,FB360C
KRA2055FPBO,YA160A
KRA2055FPBO,MTTL300
BOERM21,AB3042
BOERM21,BLP7
BOERM21,CT861K2
BOERM21,CTS561BITXL
BOERM21,EEDM604F
BOERM21,FSM201
BOERM21,FSM211
BOERM21,FSM221
BOERM21,IMM320
BOERM21,KDT3729
BOERM22,AB3042
BOERM22,BLP7
BOERM22,CT861K2
BOERM22,CTS561BITXL
BOERM22,EEDM604F
BOERM22,FSM201
BOERM22,FSM211
BOERM22,FSM221
BOERM22,IMM320
BOERM22,KDT3729
BTCP1,PTR72
BTCP1,305TSKTA
BTCP1,TSKT120A
BTCP1,TSKT65A
BTCP1,TSKT100A
BTCP1,TSKT140A
BTCP1,TSKT80A
BTCP1,EECT900
BTCP1,312IMMS
BTCP1,IMMS150
CL406A,VGP12808
CL406A,VGP12418
CL406A,VGP12509
CL406A,VGP12406
CL406A,VGP12412
CL406A,ECHDD012A
CL406A,CTB8174
CL406A,PH3050BR
CL406A,DB121C
CL406A,TPMA25EM
CS1,VO1416B
CS1,VO1012B
CS1,VO1820B
CS1,VO2224B
CS1,VO3032B
CS1,EECT400
CS1,KRSC46HPBO
CS1,ECHDD012A
CS1,CTB8174
CS1,PH3050BR
ECFLK078,SOSGFLXCLR
ECFLK078,TMC106E
ECFLK078,TMP23E
ECFLK078,TM82
ECFLK078,TMC105E
ECFLK078,VO2628B
ECFLK078,TM65
ECFLK078,VO3032B
ECFLK078,PBN1
ECFLK078,TM84
EEBM600,TW461
EEBM600,TW441
EEBM600,TW421
EEBM600,TWM28
EEBM600,TWM26
EEBM600,TWM30
EEBM600,TWM32
EEBM600,OEXM250B
EEBM600,TW381
EEBM600,OEX38B
EECR1C,YA832A
EECR1C,MTTL700
EECR1C,ECPNJ032
EECR1C,BB9008
EECR1C,EEDM503D
EECR1C,SHCP1B
EECR1C,KAERNADD6RD
EECR1C,BTCP600
EECR1C,TKF72
EECR1C,FF80A
BLPHSM142,SGASA204CR
BLPHSM142,47ACF
BLPHSM142,96ACF
BLPHSM142,F80
BLPHSM142,91ACP
BLPHSM142,EECT400
BLPHSM142,KRSC46HPBO
BLPHSM142,ECHDD012A
BLPHSM142,CTB8174
BLPHSM142,PH3050BR
BLPTL1415,BLPTL148
BLPTL1415,BLPTL1410
BLPTL1415,BLPTL146
BLPTL1415,BLPTL147
BLPTL1415,BLPTL149
BLPTL1415,EECT400
BLPTL1415,KRSC46HPBO
BLPTL1415,ECHDD012A
BLPTL1415,CTB8174
BLPTL1415,PH3050BR
BLPTL149,BLPTL146
BLPTL149,BLPTL147
BLPTL149,BLPTL148
BLPTL149,BLPTL1415
BLPTL149,BLPTL1410
BLPTL149,EECT400
BLPTL149,KRSC46HPBO
BLPTL149,ECHDD012A
BLPTL149,CTB8174
BLPTL149,PH3050BR
BL1B,BTC8A
BL1B,2005BSKA
BL1B,CJ92
BL1B,B260A
BL1B,SDMV208
BL1B,208CCP
BL1B,BTC10
BL1B,JCW80AR
BL1B,KAERNADD6RD
BL1B,JCK7DBL
BF775C-A,AT411
BF775C-A,14V
BF775C-A,AWM12D
BF775C-A,14V12
BF775C-A,GA243
BF775C-A,VWB5B
BF775C-A,UTV614A
BF775C-A,JT17A
BF775C-A,AT425R
BF775C-A,PDR3000A
BLPH1214,BLPHM1212
BLPH1214,BLPH1217
BLPH1214,BLPH1219
BLPH1214,EEPV500
BLPH1214,207EFAMY
BLPH1214,FAM8E
BLPH1214,FAM10E
BLPH1214,FAM4E
BLPH1214,FAM5E
BLPH1214,FAM6E
BLPH1418,BLPH14732
BLPH1418,BLPH14964
BLPH1418,BLPH14316
BLPH1418,BLPH1414
BLPH1418,BLPH14532
BLPH1418,EECT400
BLPH1418,KRSC46HPBO
BLPH1418,ECHDD012A
BLPH1418,CTB8174
BLPH1418,PH3050BR
BLPHL1418,BLPHL14532
BLPHL1418,BLPHL14316
BLPHL1418,BLPH1418
BLPHL1418,BLPH14316
BLPHL1418,BLPH14732
BLPHL1418,EECT400
BLPHL1418,KRSC46HPBO
BLPHL1418,ECHDD012A
BLPHL1418,CTB8174
BLPHL1418,PH3050BR
BLPHL3838,47ACF
BLPHL3838,SGASA204CR
BLPHL3838,A2A
BLPHL3838,TMU8B
BLPHL3838,PPC4A
BLPHL3838,EECT400
BLPHL3838,KRSC46HPBO
BLPHL3838,ECHDD012A
BLPHL3838,CTB8174
BLPHL3838,PH3050BR
BLPHL387,BLPHL3810
BLPHL387,BLPHL388
BLPHL387,BLPH389
BLPHL387,BLPH387
BLPHL387,BLPH38732
BLPHL387,EECT400
BLPHL387,KRSC46HPBO
BLPHL387,ECHDD012A
BLPHL387,CTB8174
BLPHL387,PH3050BR
BLPT3840,BLPT3845
BLPT3840,BLPH38732
BLPT3840,BLPT3850
BLPT3840,BLPH38516
BLPT3840,BLPH1418
BLPT3840,EECT400
BLPT3840,KRSC46HPBO
BLPT3840,ECHDD012A
BLPT3840,CTB8174
BLPT3840,PH3050BR
BLPTL1410,BLPTL148
BLPTL1410,BLPTL1415
BLPTL1410,BLPTL146
BLPTL1410,BLPTL147
BLPTL1410,BLPTL149
BLPTL1410,EECT400
BLPTL1410,KRSC46HPBO
BLPTL1410,ECHDD012A
BLPTL1410,CTB8174
BLPTL1410,PH3050BR
BLPTXK4,30SSD
BLPTXK4,AWL1010DK
BLPTXK4,BLPSM146
BLPTXK4,BLPSM1412
BLPTXK4,BLPSM149
BLPTXK4,SF321
BLPTXK4,SF301
BLPTXK4,SF191
BLPTXK4,RULER602
BLPTXK4,ECF35
BLPBTW4,BLPBTW8
BLPBTW4,BLPBTW6
BLPBTW4,BTWS
BLPBTW4,SSDMRT8A
BLPBTW4,HBPT24
BLPBTW4,XDHF1214
BLPBTW4,XDHF1618
BLPBTW4,XDHF2024
BLPBTW4,XDHF2226
BLPBTW4,XDHF810
BLPBTWSET,BLPEXTF146
BLPBTWSET,SSDMRT8A
BLPBTWSET,TZERO
BLPBTWSET,103TMXKLA
BLPBTWSET,TMXKL114A
BLPBTWSET,TMXKL240A
BLPBTWSET,TMXKL60A
BLPBTWSET,BTWSMPK
BLPBTWSET,XDHF1618
BLPBTWSET,XDHF1214
BLPHEXS1418,ATECH1FS300VK
BLPHEXS1418,BLPTORX1410
BLPHEXS1418,BLPXZNM389
BLPHEXS1418,206EFAML
BLPHEXS1418,FAML10E
BLPHEXS1418,FAML4E
BLPHEXS1418,FAML5E
BLPHEXS1418,FAML7E
BLPHEXS1418,FAML8E
BLPHEXS1418,208EFTABMY
LDT40,PBMP12A
LDT40,BTK7A
LDT40,S6112
LDT40,B1458C
LDT40,SVTS263A
LDT40,B1467A
LDT40,XLE56
LDT40,XLE1820
LDT40,XLE1012A
LDT40,XLE1416
LDTJT512,LDTJT538
LDTJT512,CTB8174
LDTJT512,SIMM200
LDTJT512,SGD4BR
LDTJT512,SPBS704AR
LDTJT512,SRPCR3800
LDTJT512,EECT400
LDTJT512,KRSC46HPBO
LDTJT512,ECHDD012A
LDTJT512,PH3050BR
LDTJT538,LDTJT512
LDTJT538,CTB8174
LDTJT538,SGD6BR
LDTJT538,SIMM200
LDTJT538,SGD2BR
LDTJT538,FX1
LDTJT538,EECT400
LDTJT538,KRSC46HPBO
LDTJT538,ECHDD012A
LDTJT538,PH3050BR
FSPPRK,SIMM190
FSPPRK,SIMM180
FSPPRK,SGD6BR
FSPPRK,SRPCR4700
FSPPRK,PPC4A
FSPPRK,EECT400
FSPPRK,KRSC46HPBO
FSPPRK,ECHDD012A
FSPPRK,CTB8174
FSPPRK,PH3050BR
GLOVEORIGPLUSM,JCK8
GLOVEORIGPLUSM,BLPHSM145
GLOVEORIGPLUSM,BLPHL145
GLOVEORIGPLUSM,BLPHSM148
GLOVEORIGPLUSM,BLPHL144
GLOVEORIGPLUSM,BLPH14964
GLOVEORIGPLUSM,BLPH14732
GLOVEORIGPLUSM,BLPH1418
GLOVEORIGPLUSM,BLPH1414
GLOVEORIGPLUSM,BLPH14316
HP650,BTWOS
HP650,BTWROS
HP650,BTWS
HP650,BLPBTW8
HP650,SSDMRT8A
HP650,KRSC46HPBO
HP650,ECHDD012A
HP650,CAL6V
HP650,CTB8174
HP650,PH3050BR
SEPHVACAO,SPBS12AR
SEPHVACAO,PPC816B
SEPHVACAO,SGD4BR
SEPHVACAO,SPBS18AR
SEPHVACAO,SGDP31IRBR
SEPHVACAO,EECT400
SEPHVACAO,KRSC46HPBO
SEPHVACAO,ECHDD012A
SEPHVACAO,CTB8174
SEPHVACAO,PH3050BR
L872RJ,L872
L872RJ,LDH362
L872RJ,LDH342
L872RJ,LDH402
L872RJ,LDH442
L872RJ,LDH462
L872RJ,IMM202A
L872RJ,IMM192A
L872RJ,IMM182A
L872RJ,IMM172A
SEPPROK12PBOA,SPBS12AR
SEPPROK12PBOA,PPC103A
SEPPROK12PBOA,SRPCR3800
SEPPROK12PBOA,SGDP31IRBR
SEPPROK12PBOA,SPBS18AR
SEPPROK12PBOA,EECT400
SEPPROK12PBOA,KRSC46HPBO
SEPPROK12PBOA,ECHDD012A
SEPPROK12PBOA,CTB8174
SEPPROK12PBOA,PH3050BR
SHN36,SX24
SHN36,FHBB18A
SHN36,VWB8B
SHN36,311IMFSY
SHN36,IMFS120
SHN36,IMFS140
SHN36,IMFS160
SHN36,IMFS180
SHN36,IMFS200
SHN36,IMFS220
TA3,GLA12B
TA3,5CF
TA3,ASG185BR
TA3,ATECHMS80M
TA3,CCY21508
TA3,DANTG70
TA3,FSNSS-508-BO
TA3,JHW30012
TA3,KNX8111250
TA3,KNX8603125
KRSC2460PBO1,LP404
KRSC2460PBO1,SPBS704AR
KRSC2460PBO1,PL400B
KRSC2460PBO1,SPBS24AR
KRSC2460PBO1,SPBS8AR
KRSC2460PBO1,SPBS12AR
KRSC2460PBO1,SPBS18AR
KRSC2460PBO1,87BCF
KRSC2460PBO1,47ACF
KRSC2460PBO1,SGASA204CR
KRSC2460PWZ1,LP404
KRSC2460PWZ1,SPBS704AR
KRSC2460PWZ1,PL400B
KRSC2460PWZ1,SPBS24AR
KRSC2460PWZ1,SPBS8AR
KRSC2460PWZ1,SPBS12AR
KRSC2460PWZ1,SPBS18AR
KRSC2460PWZ1,87BCF
KRSC2460PWZ1,47ACF
KRSC2460PWZ1,SGASA204CR
UIM225,5CF
UIM225,ASG185BR
UIM225,ATECHMS80M
UIM225,CCY21508
UIM225,DANTG70
UIM225,FSNSS-508-BO
UIM225,JHW30012
UIM225,KNX8111250
UIM225,KNX8603125
UIM225,KNX8603150
206AFXWP,112RTA
206AFXWP,305SXWP
206AFXWP,SXWP11
206AFXWP,SXWP2
206AFXWP,SXWP3
206AFXWP,SXWP5
206AFXWP,SXWP8
206AFXWP,106ATMXW
206AFXWP,TMXW1
206AFXWP,TMXWK110
TMD10,XS2024A
TMD10,5CF
TMD10,ASG185BR
TMD10,ATECHMS80M
TMD10,CCY21508
TMD10,DANTG70
TMD10,FSNSS-508-BO
TMD10,JHW30012
TMD10,KNX8111250
TMD10,KNX8603125
OXI707BK,OXIM4SB
OXI707BK,OXIM55SB
OXI707BK,OXIM5SB
OXI707BK,OXIM6SB
OXI707BK,OXIM707SBK
OXI707BK,OXIM7SB
OXI707BK,OXIM8SB
OXI707BK,OXIM9SB
OXI707BK,YA2019
OXI707BK,AD12B
AWTR8-7,SGDP31IRBR
AWTR8-7,SHD1R
AWTR8-7,SIMM200
AWTR8-7,PPC103A
AWTR8-7,GFAT1E
AWTR8-7,EECT400
AWTR8-7,KRSC46HPBO
AWTR8-7,ECHDD012A
AWTR8-7,CTB8174
AWTR8-7,PH3050BR
GLOVE503CMA,GLOVE309L
GLOVE503CMA,CTTOTEA
GLOVE503CMA,TECH2FR100
GLOVE503CMA,FHBF80A
GLOVE503CMA,GLASS50R
GLOVE503CMA,SHN36
GLOVE503CMA,PT40B
GLOVE503CMA,915CP
GLOVE503CMA,F80MP
GLOVE503CMA,BTG9
PSO4525,VGP22418
PSO4525,SEPSTARTER
PSO4525,AT109
PSO4525,AT118
PSO4525,PTC250
PSO4525,PSO4625
PSO4525,DBBPT13
PSO4525,A161B
PSO4525,IM1PT
PSO4525,JT13B
KRSC323PWZ,PK500A
KRSC323PWZ,SEPPREMETA
KRSC323PWZ,FLX80B
KRSC323PWZ,SN15B
KRSC323PWZ,IM1PT
KRSC323PWZ,KRSC430APBO1
KRSC323PWZ,SDM11A
KRSC323PWZ,SDM215C
KRSC323PWZ,SDM251IRC
KRSC323PWZ,SDM252IRB
HBFE16O,AT411
HBFE16O,30SSD
HBFE16O,224SFFSMFR
HBFE16O,JT17A
HBFE16O,BF775C-A
HBFE16O,OEXM707B
HBFE16O,A3042
HBFE16O,AT5500
HBFE16O,MTEE6
HBFE16O,CAL6EBR
KRBC100APWZ,SEPPREMET
KRBC100APWZ,TMXK60
KRBC100APWZ,TMXK2
KRBC100APWZ,KRA2411PBO
KRBC100APWZ,PBMP703A
KRBC100APWZ,PH3050BR
KRBC100APWZ,ATECH3FR300B
KRBC100APWZ,ATECH2FR125B
KRBC100APWZ,SPBS24AR
KRBC100APWZ,91ACP
312SIMM,305SIMMY
312SIMM,SIMM350
312SIMM,SIMM290
312SIMM,312IMM
312SIMM,IMM250
312SIMM,IMM270
312SIMM,PKNC150
312SIMM,TR107AR
312SIMM,TWM11A
312SIMM,TWM10A
GLOVE309XL,GLOVE503CLA
GLOVE309XL,GLOVEORIGPLUSL
GLOVE309XL,YA427B
GLOVE309XL,GLOVE1100L
GLOVE309XL,EFPHANNIBALB
GLOVE309XL,SN15B
GLOVE309XL,CTTOTEA
GLOVE309XL,SEPPT850K
GLOVE309XL,L62
GLOVE309XL,GA3200
TPGDL2000HV,FBSM325
TPGDL2000HV,QD3RN350A
TPGDL2000HV,SEPIMMSIMMA
TPGDL2000HV,SEPIMMSIMM
TPGDL2000HV,PKRS1
TPGDL2000HV,LSR1450
TPGDL2000HV,LSRM2000
TPGDL2000HV,LSR1580
TPGDL2000HV,BTG8
TPGDL2000HV,AWCGT500
206AFSP,CTTOTEAO
206AFSP,AWM12D
206AFSP,AD8B
206AFSP,TFM7530B
206AFSP,VWB5B
206AFSP,TPMB10
206AFSP,SEPPT850KA
206AFSP,KRA4059FPBO
206AFSP,107ATMPB
206AFSP,VO806B
313SMYA,TWM31
313SMYA,TWM29
313SMYA,313SYA
313SMYA,S121A
313SMYA,S141A
313SMYA,S161A
313SMYA,S181A
313SMYA,S201
313SMYA,S221
313SMYA,S241
PKN9,5CF
PKN9,ASG185BR
PKN9,ATECHMS80M
PKN9,CCY21508
PKN9,DANTG70
PKN9,FSNSS-508-BO
PKN9,JHW30012
PKN9,KNX8111250
PKN9,KNX8603125
PKN9,KNX8603150
ATECHFSET02R,CTNN13KF
ATECHFSET02R,PBFT50R
ATECHFSET02R,KAPL10RD
ATECHFSET02R,PL1000START
ATECHFSET02R,786CF
ATECHFSET02R,HBBD56
ATECHFSET02R,SDD244
ATECHFSET02R,XFRRM1214
ATECHFSET02R,XFRRM1315
ATECHFSET02R,XFRRM1618
SOEXM8,222SFFSFR
SOEXM8,TD1040A
SOEXM8,TDM100A
SOEXM8,SOEXM9
SOEXM8,340SSDP
SOEXM8,YA450B
SOEXM8,224SFFSMFR
SOEXM8,SEPPREATV
SOEXM8,S9704KMAG
SOEXM8,AT4124
206EFAML,YA8610B
206EFAML,TPMA10
206EFAML,PK500A
206EFAML,TF528D
206EFAML,FAMXS10E
206EFAML,FAMXS7E
206EFAML,FAMXS8E
206EFAML,FAMXS9E
206EFAML,TMAMXS3E
206EFAML,TMAMXS4E
AT811,SHCP1B
AT811,GLA12B
AT811,1206GS
AT811,GLAS1F
AT811,PH3050BR
AT811,ATECH3FR300B
AT811,GSAF1F
AT811,ATECH2FR125B
AT811,TA3
AT811,GFAT1E
CT9175K2,SGDX80BR
CT9175K2,SPBS12AR
CT9175K2,47ACF
CT9175K2,GFAT1E
CT9175K2,FU8A
CT9175K2,SIMM240
CT9175K2,FXK6
CT9175K2,A2A
CT9175K2,SGD2BR
CT9175K2,SIMM170
206EAU,FLX80B
206EAU,FA12LE
206EAU,317AMMPC
206EAU,SEPHDSETAOB
206EAU,UPT35G
206EAU,FRX181
206EAU,317MSPC
206EAU,PRH57A
206EAU,SGA173BG
206EAU,MAGML300L-S2016
SGD2BG,SGD6BR
SGD2BG,SGDP31IRBR
SGD2BG,SGDP42IRBR
SGD2BG,SGDP63IRBR
SGD2BG,SGD8BR
SGD2BG,MTTL300
SGD2BG,ACT83A
SGD2BG,SHDP22IRR
SGD2BG,FB303B
SGD2BG,SEPIMMSIMM
325SIMM,307SIM
325SIMM,320SIM
325SIMM,313SIMA
325SIMM,311IMFSY
325SIMM,IMFS120
325SIMM,IMFS140
325SIMM,IMFS160
325SIMM,IMFS180
325SIMM,IMFS200
325SIMM,IMFS220
HCP48BCFG,SGAS102BG
HCP48BCFG,SGAS1713BG
HCP48BCFG,SGAS1714BG
HCP48BCFG,SGAS102BR
HCP48BCFG,SGAS1713BR
HCP48BCFG,SGAS1714BR
HCP48BCFG,PTM30
HCP48BCFG,HCP10
HCP48BCFG,AWPBX10
HCP48BCFG,CLRPW75
VWB7B,ASGP102BR
VWB7B,ASGP1BR
VWB7B,A161B
VWB7B,A177A
VWB7B,A179A
VWB7B,UTS105A
VWB7B,PSN500
VWB7B,SGA102BR
VWB7B,BRHC2PK
VWB7B,SGA1714B
YA6930,FHLF80A
YA6930,ATECH3FR300B
YA6930,SPBS8AR
YA6930,SHD1R
YA6930,ATECH2FR125B
YA6930,SRPCR4700
YA6930,TMXK4
YA6930,A2A
YA6930,SPBS24AR
YA6930,FXK11
AWM8D,SPBS704AR
AWM8D,SGD4BR
AWM8D,SIMM190
AWM8D,SRPCR3800
AWM8D,SIMM200
AWM8D,EECT400
AWM8D,KRSC46HPBO
AWM8D,ECHDD012A
AWM8D,CTB8174
AWM8D,PH3050BR
TTX15E,TTX8E
TTX15E,TTX10E
TTX15E,TTX20E
TTX15E,TTX25E
TTX15E,FTX27E
TTX15E,FTX30E
TTX15E,FTX47E
TTX15E,FTX55E
TTX15E,FTX50E
TTX15E,FBSM325
KRA2422POT,KRWT2411
KRA2422POT,KWSN2455AST
KRA2422POT,SRPCR4700O
KRA2422POT,SEPAMTSET
KRA2422POT,KWSP2455ABL
KRA2422POT,PG160
KRA2422POT,EFPHANNIBALB
KRA2422POT,UPT35R
KRA2422POT,ACT1370
KRA2422POT,SEPPREHD
CSSD1B,CSSD50R
CSSD1B,PKWSS53A
CSSD1B,CSA14CR
CSSD1B,PKNC300
CSSD1B,FB307RNB
CSSD1B,SGAS102BG
CSSD1B,SGAS1713BG
CSSD1B,SGAS1714BG
CSSD1B,SVTS264
CSSD1B,FB336
AWBSG24A,SHD1R
AWBSG24A,SIMM180
AWBSG24A,SPBS18AR
AWBSG24A,SIMM220
AWBSG24A,SIMM240
AWBSG24A,EECT400
AWBSG24A,KRSC46HPBO
AWBSG24A,ECHDD012A
AWBSG24A,CTB8174
AWBSG24A,PH3050BR
KRA4813FPWZ,KRA4114FPBO
KRA4813FPWZ,KRA4810FPBO
KRA4813FPWZ,YA2019
KRA4813FPWZ,ST50A
KRA4813FPWZ,FB302A
KRA4813FPWZ,YA900
KRA4813FPWZ,BP8B
KRA4813FPWZ,AD12C
KRA4813FPWZ,TB40
KRA4813FPWZ,QD3250A
AWSGM4A,FXK3
AWSGM4A,SRPCR4700
AWSGM4A,47ACF
AWSGM4A,SHD1R
AWSGM4A,TMU8B
AWSGM4A,EECT400
AWSGM4A,KRSC46HPBO
AWSGM4A,ECHDD012A
AWSGM4A,CTB8174
AWSGM4A,PH3050BR
PPC105A,PPC812B
PPC105A,PPC104LA
PPC105A,PPC108LA
PPC105A,PPC110LA
PPC105A,PPC112
PPC105A,PPC824C
PPC105A,PPC828C
PPC105A,PPC1A
PPC105A,PPC106LA
PPC105A,UPT35R
CT9010GK2,AB3042
CT9010GK2,BLP7
CT9010GK2,CT861K2
CT9010GK2,CTS561BITXL
CT9010GK2,EEDM604F
CT9010GK2,FSM201
CT9010GK2,FSM211
CT9010GK2,FSM221
CT9010GK2,IMM320
CT9010GK2,KDT3729
SPBS704AR,FLX80B
SPBS704AR,317AMMPC
SPBS704AR,UIM225
SPBS704AR,PK23A
SPBS704AR,UPT35
SPBS704AR,BTC7B
SPBS704AR,CTB8174
SPBS704AR,PH3050BR
SPBS704AR,DB129C
SPBS704AR,PL400BG
OEXM90B,SRPCR4700O
OEXM90B,UPT35R
OEXM90B,OEXM80B
OEXM90B,FB307D
OEXM90B,218AFSP
OEXM90B,FBSM325
OEXM90B,OC5A
OEXM90B,AWMEF7K
OEXM90B,PKNC200
OEXM90B,SGA173BO
TMD11,XS2024A
TMD11,5CF
TMD11,ASG185BR
TMD11,ATECHMS80M
TMD11,CCY21508
TMD11,DANTG70
TMD11,FSNSS-508-BO
TMD11,JHW30012
TMD11,KNX8111250
TMD11,KNX8603125
GAW1900A,BLPH3814
GAW1900A,BLPH1418
GAW1900A,BLPH14732
GAW1900A,BLPH14316
GAW1900A,BLPH14964
GAW1900A,EECT400
GAW1900A,KRSC46HPBO
GAW1900A,ECHDD012A
GAW1900A,CTB8174
GAW1900A,PH3050BR
TMMDS14,TMMDS15
TMMDS14,TMMDS11
TMMDS14,TMMDS12
TMMDS14,TMMDS5
TMMDS14,TMMDS5.5
TMMDS14,STMMD14
TMMDS14,STMMD13
TMMDS14,STMMD12
TMMDS14,STMMD11
TMMDS14,STMMD10
OEXS709B,OEX080B
OEXS709B,OEXM10B
OEXS709B,OEXM11B
OEXS709B,OEXM12B
OEXS709B,OEXM13B
OEXS709B,OEXM14B
OEXS709B,OEXM15B
OEXS709B,OEXM16B
OEXS709B,OEXM17B
OEXS709B,OEXM18B
SIMM320,AB3042
SIMM320,BLP7
SIMM320,CT861K2
SIMM320,CTS561BITXL
SIMM320,EEDM604F
SIMM320,FSM201
SIMM320,FSM211
SIMM320,FSM221
SIMM320,IMM320
SIMM320,KDT3729
RTEMP8,FB322
RTEMP8,SGD155CR
RTEMP8,PWZ5
RTEMP8,ACT925
RTEMP8,SGD153BR
RTEMP8,TM05
RTEMP8,FZ7A
RTEMP8,210EFTAMY
RTEMP8,TMAM2.5E
RTEMP8,TMAM2E
KRSC430APES1,AD12B
KRSC430APES1,S9704KMAG
KRSC430APES1,OXIM6B
KRSC430APES1,YA249
KRSC430APES1,AWMBPH9
KRSC430APES1,KRSC323PBO
KRSC430APES1,STMM4
KRSC430APES1,SEPPREMET
KRSC430APES1,YA2019
KRSC430APES1,SEPPREHD
VWB6B,AWM12D
VWB6B,14V
VWB6B,AT425R
VWB6B,BF775C-A
VWB6B,BLP18HVLP
VWB6B,PK50A
VWB6B,TPMA25EM
VWB6B,DB121C
VWB6B,OEXM9B
VWB6B,OEXM8B
SHX80BO,THLX72
SHX80BO,THRLX72
SHX80BO,FHLX80B
SHX80BO,SH80A
SHX80BO,SHBB24
SHX80BO,SXWP5
SHX80BO,SXWP3
SHX80BO,SXWP2
SHX80BO,SXWP11
SHX80BO,SXK8
SGDP31IRBR,SGD2BR
SGDP31IRBR,SGD6BR
SGDP31IRBR,SGDP42IRBR
SGDP31IRBR,SGDP63IRBR
SGDP31IRBR,SGD4BR
SGDP31IRBR,MTTL300
SGDP31IRBR,ACT83A
SGDP31IRBR,SHDP22IRR
SGDP31IRBR,FB303B
SGDP31IRBR,SEPIMMSIMM
TPMB25GRN,FBBA325GRN
TPMB25GRN,SRPCR105G
TPMB25GRN,SGDP63IRBG
TPMB25GRN,KACKMCFIBER1
TPMB25GRN,TPMB25EM
TPMB25GRN,BTC3A
TPMB25GRN,RULER601
TPMB25GRN,SHP2KT
TPMB25GRN,PT40B
TPMB25GRN,AT4101
SGA1710BR,SGA1711BR
SGA1710BR,SGA1712BR
SGA1710BR,SGA174BR
SGA1710BR,SGA175BR
SGA1710BR,SGA173BR
SGA1710BR,SGD4160BR
SGA1710BR,SGD146BR
SGA1710BR,SVTS264
SGA1710BR,PTR72
SGA1710BR,RADKITULTRA
BT15,BT1360
BT15,BT518
BT15,BT11
BT15,B1356E
BT15,BTCP600
BT15,IMFMS14
BT15,IMFMS13
BT15,IMFMS12
BT15,IMFMS11A
BT15,IMFMS10A
SGASA204CR,FLX80B
SGASA204CR,FA12LE
SGASA204CR,FRX181
SGASA204CR,AWM110DHK
SGASA204CR,GF22
SGASA204CR,EC-USB-C-3A
SGASA204CR,TW481
SGASA204CR,CTB8174
SGASA204CR,PH3050BR
SGASA204CR,TPM16
SGDTX90BR,TR107AR
SGDTX90BR,ACT73A
SGDTX90BR,SGDP64IRBR
SGDTX90BR,SRP3A
SGDTX90BR,JCW62R
SGDTX90BR,ACT413A
SGDTX90BR,GA3645A
SGDTX90BR,OEXM7B
SGDTX90BR,FBBA325
SGDTX90BR,YA339A
ECFDF108O,ATECHFSET02DT
ECFDF108O,SHLF80A
ECFDF108O,XFRRM1214
ECFDF108O,XFRRM1315
ECFDF108O,XFRRM1618
ECFDF108O,XFRRM1719
ECFDF108O,XFRRM705
ECFDF108O,XFRRM810
ECFDF108O,IPLM15C
ECFDF108O,IPLM14C
AWXL13-5/16,A2A
AWXL13-5/16,SIMM170
AWXL13-5/16,SGD2BR
AWXL13-5/16,TMU8B
AWXL13-5/16,SGD4BR
AWXL13-5/16,EECT400
AWXL13-5/16,KRSC46HPBO
AWXL13-5/16,ECHDD012A
AWXL13-5/16,CTB8174
AWXL13-5/16,PH3050BR
IMM220,IMM250
IMM220,IMM270
IMM220,IMM230
IMM220,IMM200
IMM220,IMM240
IMM220,IMM210
IMM220,IMM110A
IMM220,ECHDD012A
IMM220,CTB8174
IMM220,PH3050BR
AWMCG1608B,SPBS18AR
AWMCG1608B,SGDX80BR
AWMCG1608B,PPC105LA
AWMCG1608B,SPBS8AR
AWMCG1608B,PPC103A
AWMCG1608B,EECT400
AWMCG1608B,KRSC46HPBO
AWMCG1608B,ECHDD012A
AWMCG1608B,CTB8174
AWMCG1608B,PH3050BR
SOSG01BKCL01,SPBS24A
SOSG01BKCL01,GA236C
SOSG01BKCL01,10HR
SOSG01BKCL01,BP20B
SOSG01BKCL01,CHN410
SOSG01BKCL01,GA111D
SOSG01BKCL01,MT501C
SOSG01BKCL01,R40B
SOSG01BKCL01,SP32E
SOSG01BKCL01,YA3080
PKNC075C2,SGDP42IRBR
PKNC075C2,TMXK4
PKNC075C2,T72
PKNC075C2,SGD4BR
PKNC075C2,PPC105LA
PKNC075C2,EECT400
PKNC075C2,KRSC46HPBO
PKNC075C2,ECHDD012A
PKNC075C2,CTB8174
PKNC075C2,PH3050BR
106IPTMMA,110MGMM
106IPTMMA,MGMM12
106IPTMMA,MGMM13
106IPTMMA,MGMM14
106IPTMMA,MGMM15
106IPTMMA,MGMM5
106IPTMMA,MGMM5.5
106IPTMMA,MGMM6
106IPTMMA,MGMM7
106IPTMMA,SIMTMM10
107ATMPB,CTTOTEAO
107ATMPB,OEX080B
107ATMPB,KRA4059FPBO
107ATMPB,AWMEF7K
107ATMPB,VO806B
107ATMPB,AW1013DK
107ATMPB,SWM251
107ATMPB,VO2022B
107ATMPB,VO2426B
107ATMPB,VO2830B
S6118A,10HR
S6118A,BP20B
S6118A,CHN410
S6118A,GA111D
S6118A,MT501C
S6118A,R40B
S6118A,SP32E
S6118A,YA3080
S6118A,S6110A
S6118A,YA450B
TW201,TW121A
TW201,TW221
TW201,TW141A
TW201,TW241
TW201,TW161A
TW201,TS201
TW201,TS181A
TW201,TS161A
TW201,TS141A
TW201,TS121A
FADH10C,FADH6C
FADH10C,FADH8C
FADH10C,SGD155CG
FADH10C,FADH12C
FADH10C,KRSC326FBCD
FADH10C,210EFTXRY
FADH10C,FTXR27E
FADH10C,FTXR30E
FADH10C,FTXR40E
FADH10C,FTXR45E
PTR2500,PTR2505
PTR2500,PDR3000A
PTR2500,PTR72
PTR2500,SEPFAR7200K
PTR2500,MG325
PTR2500,BLPPB704
PTR2500,TPMA10
PTR2500,AT700F
PTR2500,TPGIF1600A
PTR2500,SFSM21
305SXWP,AWMEF6K
305SXWP,303SXWKL
305SXWP,SXWKL3
305SXWP,SXWKL5
305SXWP,SXWKL8
305SXWP,7031A
305SXWP,AWEF6K
305SXWP,TD2425A
305SXWP,FXW1
305SXWP,FXWK11
FSPK,LDTJT512
FSPK,LDTJT538
FSPK,S6112
FSPK,B1467A
FSPK,S6110A
FSPK,EECT400
FSPK,KRSC46HPBO
FSPK,CTB8174
FSPK,ECHDD012A
FSPK,PH3050BR
FSS121,FSS081
FSS121,FSS101
FSS121,FSS201
FSS121,FSS221
FSS121,FSS241
FSS121,FSS261
FSS121,FSS281
FSS121,FHX80B
FSS121,HJ47ACF
FSS121,MPBS10AR
AWSGT45A,FXK11
AWSGT45A,SIMM170
AWSGT45A,SPBS12AR
AWSGT45A,TMU8B
AWSGT45A,PPC103A
AWSGT45A,EECT400
AWSGT45A,KRSC46HPBO
AWSGT45A,ECHDD012A
AWSGT45A,CTB8174
AWSGT45A,PH3050BR
KRSC326FPC,AD10B
KRSC326FPC,9100GSM
KRSC326FPC,SEPHDSETAOB
KRSC326FPC,FA12LE
KRSC326FPC,FRX181
KRSC326FPC,GF22
KRSC326FPC,KAC1224TCA
KRSC326FPC,HD6529
KRSC326FPC,SEPIMMSIMM
KRSC326FPC,TW481
KRSC326FPOT,AD10B
KRSC326FPOT,9100GSM
KRSC326FPOT,SEPHDSETAOB
KRSC326FPOT,FA12LE
KRSC326FPOT,FRX181
KRSC326FPOT,GF22
KRSC326FPOT,KAC1224TCA
KRSC326FPOT,HD6529
KRSC326FPOT,SEPIMMSIMM
KRSC326FPOT,TW481
SFSM8,SFSM9
SFSM8,SFSM16
SFSM8,SFSM18
SFSM8,SFSM12
SFSM8,SFSM11
SFSM8,SFS101
SFSM8,SFS081
SFSM8,SGA173BG
SFSM8,UPT35R
SFSM8,FADH12B
SFSM9,SFSM16
SFSM9,SFSM18
SFSM9,SFSM8
SFSM9,SFSM12
SFSM9,SFSM11
SFSM9,SFS101
SFSM9,SFS081
SFSM9,SGA173BG
SFSM9,UPT35R
SFSM9,FADH12B
NDDM900A,SPBS704AR
NDDM900A,PPC4A
NDDM900A,TMXK2
NDDM900A,SGD8BR
NDDM900A,PPC105LA
NDDM900A,EECT400
NDDM900A,KRSC46HPBO
NDDM900A,ECHDD012A
NDDM900A,CTB8174
NDDM900A,PH3050BR
320SIM,325SIMM
320SIM,310SIMMYA
320SIM,312IPL
320SIM,IPL26C
320SIM,311IMFSY
320SIM,IMFS120
320SIM,IMFS140
320SIM,IMFS160
320SIM,IMFS180
320SIM,IMFS200
EPC160,86EP
EPC160,BLPBTW4
EPC160,PWC52A
EPC160,PKRS1
EPC160,612AEP
EPC160,TMS16
EPC160,TMS14
EPC160,TMS12
EPC160,TMS11
EPC160,TMS10
912AEP,86EP
912AEP,612AEP
912AEP,490CF
912AEP,915CP
912AEP,908CF
912AEP,411CF
912AEP,OEX140NADA
912AEP,OEX120B
912AEP,OEX110B
912AEP,OEX100B
SIMM240,SIMM250
SIMM240,SIMM270
SIMM240,SIMM230
SIMM240,SIMM200
SIMM240,SIMM220
SIMM240,SIMM160A
SIMM240,SIMM150A
SIMM240,ECHDD012A
SIMM240,CTB8174
SIMM240,PH3050BR
BHM9A,GA236C
BHM9A,BHS7A
BHM9A,YA438B
BHM9A,SPBS24A
BHM9A,BLPTE3816
BHM9A,BLPTE3814
BHM9A,BLPTE3812
BHM9A,TPMB10
BHM9A,FB303B
BHM9A,SEPPROK12PC
EFP2BSTRIPE,SGASA204CR
EFP2BSTRIPE,FHLF80A
EFP2BSTRIPE,SIMM180
EFP2BSTRIPE,SRPCR4700
EFP2BSTRIPE,T72
EFP2BSTRIPE,SIMM190
EFP2BSTRIPE,SGD8BR
EFP2BSTRIPE,SGD4BR
EFP2BSTRIPE,91ACP
EFP2BSTRIPE,PPC4A
AWCGT30,AWCGT40
AWCGT30,AWCGT27
AWCGT30,AWCGT500
AWCGT30,AWCG1600B
AWCGT30,AWMCG1600B
AWCGT30,EECT400
AWCGT30,KRSC46HPBO
AWCGT30,ECHDD012A
AWCGT30,CTB8174
AWCGT30,PH3050BR
AWML4D,SIMM160A
AWML4D,SRPCR4700
AWML4D,SGDP31IRBR
AWML4D,ATECH3FR300B
AWML4D,SGD6BR
AWML4D,EECT400
AWML4D,KRSC46HPBO
AWML4D,ECHDD012A
AWML4D,CTB8174
AWML4D,PH3050BR
AT118,UTV614A
AT118,UTV615A
AT118,PK500A
AT118,AT425R
AT118,14V
AT118,PSO4525
AT118,BF775C-A
AT118,YA109C
AT118,TPGIF1600A
AT118,YA8610B
AW1015DHK,340SSDP
AW1015DHK,TPMB10
AW1015DHK,PT5CBL
AW1015DHK,218AFSP
AW1015DHK,10SSD
AW1015DHK,FB322
AW1015DHK,AWM110DHK
AW1015DHK,PKNC200
AW1015DHK,AD8B
AW1015DHK,KRA4059FPBO
AWT10A,TMXK2
AWT10A,FXK3
AWT10A,PPC103A
AWT10A,SPBS18AR
AWT10A,ATECH2FR125B
AWT10A,EECT400
AWT10A,KRSC46HPBO
AWT10A,ECHDD012A
AWT10A,CTB8174
AWT10A,PH3050BR
CTHG9050,F80
CTHG9050,SGDX80BR
CTHG9050,SIMM160A
CTHG9050,SGD6BR
CTHG9050,PPC103A
CTHG9050,BLPTHC87
CTHG9050,SPBS704AR
CTHG9050,TMXK4
CTHG9050,ATECH2FR125B
CTHG9050,SPBS18AR
TB10AC,SGD4BR
TB10AC,FXK3
TB10AC,SGASA204CR
TB10AC,BLPTHC87
TB10AC,SPBS24AR
TB10AC,FX1
TB10AC,SRPCR4700
TB10AC,PL400B
TB10AC,PPC4A
TB10AC,TMXK60
TF1127B,TF1124B
TF1127B,TFM7530B
TF1127B,FB307RNB
TF1127B,EXDL10A
TF1127B,HBBT16
TF1127B,PPB816A
TF1127B,SRPCR9090
TF1127B,SRPCR9045
TF1127B,SRPCR7045
TF1127B,PH3050BR
OFC76-14,SIMM240
OFC76-14,96ACF
OFC76-14,FU8A
OFC76-14,SGASA204CR
OFC76-14,F80
OFC76-14,EECT400
OFC76-14,KRSC46HPBO
OFC76-14,ECHDD012A
OFC76-14,CTB8174
OFC76-14,PH3050BR
OFC86-14,91ACP
OFC86-14,FHLF80A
OFC86-14,PL400B
OFC86-14,SRPCR4700
OFC86-14,TMU8B
OFC86-14,EECT400
OFC86-14,KRSC46HPBO
OFC86-14,ECHDD012A
OFC86-14,CTB8174
OFC86-14,PH3050BR
OFC884-15,SGDP42IRBR
OFC884-15,PPC106LA
OFC884-15,SGDP31IRBR
OFC884-15,SGD6BR
OFC884-15,SGD2BR
OFC884-15,EECT400
OFC884-15,KRSC46HPBO
OFC884-15,ECHDD012A
OFC884-15,CTB8174
OFC884-15,PH3050BR
OFC93-36,ATECH2FR125B
OFC93-36,PPC105LA
OFC93-36,FXK6
OFC93-36,GFAT1E
OFC93-36,SIMM170
OFC93-36,EECT400
OFC93-36,KRSC46HPBO
OFC93-36,ECHDD012A
OFC93-36,CTB8174
OFC93-36,PH3050BR
OFW2,10HR
OFW2,BP20B
OFW2,CHN410
OFW2,GA111D
OFW2,MT501C
OFW2,R40B
OFW2,SP32E
OFW2,YA3080
OFW2,OFW3
OFW2,OFW4
OFW3,OFW4
OFW3,OFWHD1
OFW3,OFW2
OFW3,OFWHD2
OFW3,OFWHD3
OFW3,FB303B
OFW3,PH3050BR
OFW3,FBM320
OFW3,YA450B
OFW3,ACT83A
PBMMA5G,PBMMS5G
PBMMA5G,PBMMB5G
PBMMA5G,PBMA5G
PBMMA5G,PBMMB5O
PBMMA5G,PBMMS5O
PBMMA5G,SG3ASH45CR
PBMMA5G,SG3ASACR
PBMMA5G,MAGDISH
PBMMA5G,SGAS1713BG
PBMMA5G,SGAS1714BG
PBMMB5R,PBMMA5R
PBMMB5R,PBMMS5R
PBMMB5R,PBMMB5O
PBMMB5R,PBMA5R
PBMMB5R,PBMMS5
PBMMB5R,ECHDD012A
PBMMB5R,CTB8174
PBMMB5R,PH3050BR
PBMMB5R,FB336
PBMMB5R,SGDMRC1A
PPK25,PWCS7ACF
PPK25,SRPCR4700
PPK25,SRPCR3800
PPK25,VO1012B
PPK25,SW321
PPK25,EECT400
PPK25,KRSC46HPBO
PPK25,ECHDD012A
PPK25,CTB8174
PPK25,PH3050BR
RBM1012C,AW028D
RBM1012C,RBM1719C
RBM1012C,CTB8174
RBM1012C,FHLLF80
RBM1012C,PL400B
RBM1012C,96ACF
RBM1012C,87BCF
RBM1012C,KRSC46HPBO
RBM1012C,ECHDD012A
RBM1012C,PH3050BR
RBM1415C,RBM1213C
RBM1415C,RBM1618C
RBM1415C,RBM910C
RBM1415C,RBM1011C
RBM1415C,RBM1719C
RBM1415C,OXIM7SB
RBM1415C,OXIM6SB
RBM1415C,OXIM5SB
RBM1415C,OXIM55SB
RBM1415C,OXIM4SB
RBM1719C,RBM1213C
RBM1719C,RBM1618C
RBM1719C,RBM1415C
RBM1719C,RBM1011C
RBM1719C,RBM910C
RBM1719C,OXIM7SB
RBM1719C,OXIM6SB
RBM1719C,OXIM4SB
RBM1719C,OXIM55SB
RBM1719C,OXIM5SB
KWSN2455AST,KCP1422PBO
KWSN2455AST,KRA2422PBO
KWSN2455AST,SEPPROK12PWZ
KWSN2455AST,KRA2411PBO
KWSN2455AST,TW441
KWSN2455AST,TW421
KWSN2455AST,SR40K
KWSN2455AST,BTC7B
KWSN2455AST,TB10A
KWSN2455AST,111TMMDY
ST50A,KRA4059FPBO
ST50A,YA2019
ST50A,AD12B
ST50A,VO806B
ST50A,TB40
ST50A,TPMA10
ST50A,107ATMPB
ST50A,FB302A
ST50A,VO2022B
ST50A,VO2426B
TF528D,TBS200A
TF528D,BHS7A
TF528D,YA8610B
TF528D,TD2425A
TF528D,PTGR450
TF528D,TPMA10
TF528D,206EFAML
TF528D,FAML10E
TF528D,FAML4E
TF528D,FAML5E
MSK10,MSKM10
MSK10,PBMP703A
MSK10,TFTFM932A
MSK10,REX25C
MSK10,CJ2001P
MSK10,SOXRR22A
MSK10,SVTSRAD272U
MSK10,SOXRR12A
MSK10,915CP
MSK10,SVTS272A
MTTL750,MTTL433
MTTL750,MTTL7005PK
MTTL750,UIM2LT
MTTL750,MTTL800
MTTL750,KACKMCFIBER1
MTTL750,YA1175KIT
MTTL750,MAGMAT
MTTL750,SRP3B
MTTL750,LP6LN
MTTL750,SGTT4B
OFC76-30,PPC4A
OFC76-30,TMXK60
OFC76-30,SPBS18AR
OFC76-30,TMXK2
OFC76-30,SGDX80BR
OFC76-30,EECT400
OFC76-30,KRSC46HPBO
OFC76-30,ECHDD012A
OFC76-30,CTB8174
OFC76-30,PH3050BR
PL344BCFND,MAGMICRO
PL344BCFND,44BCF
PL344BCFND,HJ44BCF
PL344BCFND,LN44BCF
PL344BCFND,PL344BCF
PL344BCFND,FC72
PL344BCFND,FCF72
PL344BCFND,PL803A
PL344BCFND,SGTT110B
PL344BCFND,ECARL032R
PBFT50R,PBFT60R
PBFT50R,PBMMA5R
PBFT50R,PBMMS5R
PBFT50R,YA4190A
PBFT50R,BRHC2PK
PBFT50R,PBMMB5R
PBFT50R,MAGMICRO
PBFT50R,CTNN13KF
PBFT50R,SGAS1714BR
PBFT50R,SGAS1713BR
PKB50A,FHLF80A
PKB50A,FX1
PKB50A,SIMM170
PKB50A,SRPCR3800
PKB50A,SPBS8AR
PKB50A,EECT400
PKB50A,KRSC46HPBO
PKB50A,ECHDD012A
PKB50A,CTB8174
PKB50A,PH3050BR
PKB52A,VGP12509
PKB52A,VGP12808
PKB52A,VGP104
PKB52A,VGP12412
PKB52A,AWMEF8K
PKB52A,GLASS30BK
PKB52A,PPC828C
PKB52A,YA160A
PKB52A,PPC824C
PKB52A,PPC112
PT10C,10HR
PT10C,BP20B
PT10C,CHN410
PT10C,GA111D
PT10C,MT501C
PT10C,R40B
PT10C,SP32E
PT10C,YA3080
PT10C,AWTEF8K
PT10C,AWMEF6K
R1214SC,R1618SC
R1214SC,R810SC
R1214SC,61CF
R1214SC,TMXK60
R1214SC,RBM1213C
R1214SC,EECT400
R1214SC,KRSC46HPBO
R1214SC,ECHDD012A
R1214SC,CTB8174
R1214SC,PH3050BR
SDR6P26NK3,FXK3
SDR6P26NK3,SGD2BR
SDR6P26NK3,SRPCR3800
SDR6P26NK3,PPC4A
SDR6P26NK3,SIMM210
SDR6P26NK3,96ACF
SDR6P26NK3,SGDP31IRBR
SDR6P26NK3,91ACP
SDR6P26NK3,PPC105LA
SDR6P26NK3,SIMM190
KRWT2411,SEPPROK12PWZ
KRWT2411,KRA2422PBO
KRWT2411,KRA2411PBO
KRWT2411,KCP2422PBO
KRWT2411,KCP1422PBO
KRWT2411,C0900A
KRWT2411,DS1010A
KRWT2411,DS1212A
KRWT2411,DS809K
KRWT2411,DS88A
EESC340AINSTU,FM16
EESC340AINSTU,FM19
EESC340AINSTU,FM18
EESC340AINSTU,FM11
EESC340AINSTU,FM17
EESC340AINSTU,FM12
EESC340AINSTU,FM14
EESC340AINSTU,FM10
EESC340AINSTU,KAERNADD6RD
EESC340AINSTU,TMX140A
EFPHANNIBALB,BHS7A
EFPHANNIBALB,PTGR450
EFPHANNIBALB,PG160
EFPHANNIBALB,TWM26
EFPHANNIBALB,TWM25
EFPHANNIBALB,BPPC1878
EFPHANNIBALB,SPBS12A
EFPHANNIBALB,222AFSP
EFPHANNIBALB,DS806AK
EFPHANNIBALB,BP32B
ASGP1BR,ASGP2BR
ASGP1BR,A161B
ASGP1BR,A177A
ASGP1BR,A179A
ASGP1BR,UTS105A
ASGP1BR,EECT400
ASGP1BR,KRSC46HPBO
ASGP1BR,ECHDD012A
ASGP1BR,CTB8174
ASGP1BR,PH3050BR
310SWMYA,FB307D
310SWMYA,RXFS2836B
310SWMYA,PK50A
310SWMYA,313SWYA
310SWMYA,313SMYA
310SWMYA,SM12B
310SWMYA,SM13A
310SWMYA,SM14A
310SWMYA,SM15A
310SWMYA,SM16
KRSC46HBDC,SGA173BG
KRSC46HBDC,PKNC150
KRSC46HBDC,UPTM65K
KRSC46HBDC,317AMMPC
KRSC46HBDC,YA8610B
KRSC46HBDC,305SIMMY
KRSC46HBDC,SRPCR105G
KRSC46HBDC,BOERM712
KRSC46HBDC,MG725A
KRSC46HBDC,309SIMYA
KRSC46HPC,SGA173BG
KRSC46HPC,PKNC150
KRSC46HPC,UPTM65K
KRSC46HPC,317AMMPC
KRSC46HPC,YA8610B
KRSC46HPC,305SIMMY
KRSC46HPC,SRPCR105G
KRSC46HPC,BOERM712
KRSC46HPC,MG725A
KRSC46HPC,309SIMYA
650,2050
650,1250
650,1650
650,TR107AR
650,GA3645A
650,SRP3A
650,TF5A
650,ACT413A
650,ACT73A
650,JCW62R
ACT413A,R1618SC
ACT413A,GA3645A
ACT413A,ACT9103
ACT413A,TWM26
ACT413A,ACT51234A
ACT413A,218AFP
ACT413A,TWM25
ACT413A,FB303B
ACT413A,206AFSA
ACT413A,FS14B
213TFSYA,DBCL1/2CSF
213TFSYA,DBCL1/8CSF
213TFSYA,DBCL11/32CSF
213TFSYA,DBCL13/32CSF
213TFSYA,DBCL15/32CSF
213TFSYA,DBCL3/16CSF
213TFSYA,DBCL3/8CSF
213TFSYA,DBCL5/16CSF
213TFSYA,DBCL7/16CSF
213TFSYA,DBCL7/32CSF
YA52PBSQC,FHLF80A
YA52PBSQC,A2A
YA52PBSQC,91ACP
YA52PBSQC,SPBS24AR
YA52PBSQC,SRPCR3800
YA52PBSQC,SIMM180
YA52PBSQC,96ACF
YA52PBSQC,FXK6
YA52PBSQC,SPBS12AR
YA52PBSQC,SPBS704AR
TXM72,TRSLF72
TXM72,TN72
TXM72,PLRK30
TXM72,SX80B
TXM72,TM72
TXM72,TZERO
TXM72,XLE56
TXM72,XLE1820
TXM72,XLE1012A
TXM72,XLE1416
SGDE230ESD,5CF
SGDE230ESD,ASG185BR
SGDE230ESD,ATECHMS80M
SGDE230ESD,CCY21508
SGDE230ESD,DANTG70
SGDE230ESD,FSNSS-508-BO
SGDE230ESD,JHW30012
SGDE230ESD,KNX8111250
SGDE230ESD,KNX8603125
SGDE230ESD,KNX8603150
DBT30,FXK11
DBT30,SIMM170
DBT30,SPBS704AR
DBT30,FXK6
DBT30,SPBS8AR
DBT30,EECT400
DBT30,KRSC46HPBO
DBT30,ECHDD012A
DBT30,CTB8174
DBT30,PH3050BR
FA8E,FA4.5E
FA8E,FA4E
FA8E,FA5E
FA8E,FA6E
FA8E,FA7E
FA8E,FA12E
FA8E,FA10E
FA8E,FA12LE
FA8E,FRX181
FA8E,GF22
PT850O,ACT1370
PT850O,PKNC125C2
PT850O,SEPIMMSIMM
PT850O,PTGR450
PT850O,PT338
PT850O,QD3RN350A
PT850O,PGP50
PT850O,222AFSP
PT850O,LSR1450
PT850O,AWCGT500
FB360C,US712
FB360C,TPM16
FB360C,AWM110DHK
FB360C,EC-USB-C-3A
FB360C,AC5C
FB360C,AW1020DK
FB360C,2004BSKA
FB360C,TTX40E
FB360C,KRA2007FPBO
FB360C,2420A
SGRHT2BR,SAG03S20
SGRHT2BR,LDT8
SGRHT2BR,PTR72
SGRHT2BR,SVTS263A
SGRHT2BR,SHCP1B
SGRHT2BR,HCP10
SGRHT2BR,BP40B
SGRHT2BR,SGA102BR
SGRHT2BR,TMXKL240A
SGRHT2BR,TMXKL114A
GLOVE900MO,GLOVE900LG
GLOVE900MO,GLOVE505RL
GLOVE900MO,OXRM710
GLOVE900MO,GLOVE300BL
GLOVE900MO,YA427B
GLOVE900MO,GLOVE309L
GLOVE900MO,GLOVE1100L
GLOVE900MO,TB50W
GLOVE900MO,YA9350B
GLOVE900MO,AWMCG1600B
IMM160A,IMM250
IMM160A,IMM270
IMM160A,IMM150A
IMM160A,IMM180
IMM160A,IMM110A
IMM160A,IMM170A
IMM160A,IMM120A
IMM160A,ECHDD012A
IMM160A,CTB8174
IMM160A,PH3050BR
TWM22,TWM23
TWM22,TWM20
TWM22,TWM21
TWM22,TWM24
TWM22,TWM12A
TWM22,TWM13A
TWM22,TWM14A
TWM22,TWM15A
TWM22,TWM16
TWM22,TWM18
PT338G,BLPPB704
PT338G,PTR2505
PT338G,PTR2500
PT338G,TPMB25EMGRN
PT338G,PT850
PT338G,PTC250
PT338G,CTQ838DB
PT338G,112SIMTMM
PT338G,SIMTMM11
PT338G,SIMTMM12
KRA2407PCM,AB3042
KRA2407PCM,BLP7
KRA2407PCM,CT861K2
KRA2407PCM,CTS561BITXL
KRA2407PCM,EEDM604F
KRA2407PCM,FSM201
KRA2407PCM,FSM211
KRA2407PCM,FSM221
KRA2407PCM,IMM320
KRA2407PCM,KDT3729
311IMFSY,TWM31
311IMFSY,TWM29
311IMFSY,1210B
311IMFSY,FADH10B
311IMFSY,TWM28
311IMFSY,TMC105E
311IMFSY,FS20B
311IMFSY,FS18B
311IMFSY,FS16B
311IMFSY,FS14B
SWM111A,SWM101A
SWM111A,SWM261
SWM111A,SWM251
SWM111A,AWEF6K
SWM111A,SWM271
SWM111A,CTB8174
SWM111A,PH3050BR
SWM111A,FB303B
SWM111A,ACT83A
SWM111A,FB307D
TR72,PT5CBL
TR72,FR80
TR72,YA2020
TR72,DS806AK
TR72,UIM225RD
TR72,AW1015DHK
TR72,RULER602
TR72,PWC48
TR72,YA160A
TR72,DS1516A
TW441,TW461
TW441,TW421
TW441,TWM28
TW441,EEBM600
TW441,TWM26
TW441,TW481
TW441,CTB8174
TW441,PH3050BR
TW441,FB305A
TW441,RTEMPB7
313TSMYA,313TSYA
313TSMYA,TS121A
313TSMYA,TS141A
313TSMYA,TS161A
313TSMYA,TS181A
313TSMYA,TS201
313TSMYA,TS221
313TSMYA,TS241
313TSMYA,TS261
313TSMYA,TS281
THR72O,FHR80
THR72O,SH80A
THR72O,THRLX72
THR72O,PTM30
THR72O,FHOF80A
THR72O,OEX140NADA
THR72O,OEX120B
THR72O,OEX110B
THR72O,OEX100B
THR72O,SOXRR702A
AWCGT500,AWCGT45
AWCGT500,AWCGT40
AWCGT500,AWCGT30
AWCGT500,AWCGT27
AWCGT500,BOERM18
AWCGT500,TMAMXS3E
AWCGT500,FAMXS9E
AWCGT500,FAMXS8E
AWCGT500,FAMXS7E
AWCGT500,FAMXS10E
SOEXM140,SOEXM120
SOEXM140,SOEXM150
SOEXM140,SOEXM170
SOEXM140,SOEXM130
SOEXM140,SOEXM100
SOEXM140,EECT400
SOEXM140,KRSC46HPBO
SOEXM140,ECHDD012A
SOEXM140,CTB8174
SOEXM140,PH3050BR
AWT20A,47ACF
AWT20A,FHLF80A
AWT20A,SIMM240
AWT20A,SGD4BR
AWT20A,SPBS18AR
AWT20A,EECT400
AWT20A,KRSC46HPBO
AWT20A,ECHDD012A
AWT20A,CTB8174
AWT20A,PH3050BR
AWT25A,FXK11
AWT25A,SIMM240
AWT25A,TMXK60
AWT25A,SIMM170
AWT25A,PPC106LA
AWT25A,EECT400
AWT25A,KRSC46HPBO
AWT25A,ECHDD012A
AWT25A,CTB8174
AWT25A,PH3050BR
AT408,HR-26
AT408,VGP12418
AT408,AT475A
AT408,YA109C
AT408,VGP12808
AT408,VGP12406
AT408,VGP12412
AT408,A159
AT408,PSO4625
AT408,PKRS1
908CF,BLPBTW6
908CF,490CF
908CF,808CF
908CF,912AEP
908CF,612AEP
908CF,XDHF810
908CF,XDHF1214
908CF,XDHF1618
908CF,XDHF2024
908CF,XDHF2226
ACT83A,FB303B
ACT83A,SN25A
ACT83A,FBSM325
ACT83A,OFW3
ACT83A,222AFSP
ACT83A,ACT1370
ACT83A,SWM111A
ACT83A,SWM101A
ACT83A,OEXM9B
ACT83A,OEXM8B
QD2R1000A,BRUTUS3R300
QD2R1000A,QD1R200A
QD2R1000A,QD1R50A
QD2R1000A,PPB408A
QD2R1000A,PPB612A
QD2R1000A,PPB30AK
QD2R1000A,QD3R250A
QD2R1000A,FA4.5E
QD2R1000A,FA4E
QD2R1000A,FA5E
AWCG1612B,FXK3
AWCG1612B,BLPTHC87
AWCG1612B,TMXK2
AWCG1612B,SPBS12AR
AWCG1612B,PPC105LA
AWCG1612B,EECT400
AWCG1612B,KRSC46HPBO
AWCG1612B,ECHDD012A
AWCG1612B,CTB8174
AWCG1612B,PH3050BR
PWCS9ACF,PWCH7
PWCS9ACF,PWCHHD7
PWCS9ACF,59CF
PWCS9ACF,EECT110-AC
PWCS9ACF,HCLSB16
PWCS9ACF,HSG325
PWCS9ACF,SGDDP42IRBR
PWCS9ACF,TL900LA
PWCS9ACF,ECF35
PWCS9ACF,SNA-TBP14
SPRG625R,BST103R
SPRG625R,TA360
SPRG625R,CLRPW75
SPRG625R,BT518
SPRG625R,SGAS102BR
SPRG625R,SGAS1713BR
SPRG625R,SGAS1714BR
SPRG625R,LIL59000
SPRG625R,MAGDISH
SPRG625R,MAGMAT
FM19,FM8
FM19,FM9
FM19,FM16
FM19,FM18
FM19,FM11
FM19,FM15
FM19,FM17
FM19,SFM12
FM19,SFM11
FM19,SFM10
IMFLE140A,IMFLE80A
IMFLE140A,IMSLE242A
IMFLE140A,IMSLEPL240
IMFLE140A,STX60E
IMFLE140A,XLE1012A
IMFLE140A,XLE1416
IMFLE140A,XLE1820
IMFLE140A,XLE56
IMFLE140A,XLE605
IMFLE140A,XLE78
IMFLE160A,IMFLE80A
IMFLE160A,IMSLE242A
IMFLE160A,IMSLEPL240
IMFLE160A,STX60E
IMFLE160A,XLE1012A
IMFLE160A,XLE1416
IMFLE160A,XLE1820
IMFLE160A,XLE56
IMFLE160A,XLE605
IMFLE160A,XLE78
AWHD8K,SPBS704AR
AWHD8K,SIMM220
AWHD8K,PL400B
AWHD8K,SIMM210
AWHD8K,SGD8BR
AWHD8K,EECT400
AWHD8K,KRSC46HPBO
AWHD8K,ECHDD012A
AWHD8K,CTB8174
AWHD8K,PH3050BR
AWL7D,SPBS8AR
AWL7D,PL400B
AWL7D,91ACP
AWL7D,SPBS18AR
AWL7D,96ACF
AWL7D,EECT400
AWL7D,KRSC46HPBO
AWL7D,ECHDD012A
AWL7D,CTB8174
AWL7D,PH3050BR
BOERM17,BOERM14
BOERM17,BOERM12
BOERM17,BOERM10
BOERM17,SN15B
BOERM17,SGD2BR
BOERM17,EECT400
BOERM17,KRSC46HPBO
BOERM17,ECHDD012A
BOERM17,CTB8174
BOERM17,PH3050BR
BTCW800,BST103R
BTCW800,BTCP2SA
BTCW800,S6111
BTCW800,BTK7A
BTCW800,S6112
BTCW800,LSR1540
BTCW800,LSR1530
BTCW800,LSR1520
BTCW800,LSR1510
BTCW800,ATECHFSET02MB
BTCWSO16KT,ECHDG052
BTCWSO16KT,BTCP400
BTCWSO16KT,BB9008
BTCWSO16KT,BTCP600
BTCWSO16KT,BTCP2SA
BTCWSO16KT,BT4651
BTCWSO16KT,ASGP102BR
BTCWSO16KT,SG3ASH90CR
BTCWSO16KT,SG3ASH45CR
BTCWSO16KT,SG3ASACR
UTV616A,UTV617A
UTV616A,UTV615A
UTV616A,QD1RN25B
UTV616A,FAMXS10E
UTV616A,FAMXS7E
UTV616A,FAMXS8E
UTV616A,FAMXS9E
UTV616A,TMAMXS3E
UTV616A,TMAMXS4E
UTV616A,TMAMXS5E
XDSGM607K1G,XDSGM16O
XDSGM607K1G,XDSGM17O
XDSGM607K1G,XDSGM18O
XDSGM607K1G,XDSGM19O
XDSGM607K1G,XDSGM21O
XDSGM607K1G,XDSGM22O
XDSGM607K1G,XDSGM24O
XDSGM607K1G,XDSGM607K1O
XDSGM607K1G,XDSGM16
XDSGM607K1G,XDSGM17
YA824C,MTTL310
YA824C,OC5A
YA824C,YA249
YA824C,AWEFBH9K
YA824C,FB303B
YA824C,STMM4
YA824C,10R
YA824C,ACT73A
YA824C,BTC10
YA824C,STX60E
TPMB25EMGRN,TPMB25EMORG
TPMB25EMGRN,PT338
TPMB25EMGRN,UIM2LT
TPMB25EMGRN,PWZ0A
TPMB25EMGRN,HBBD8
TPMB25EMGRN,208FRDH
TPMB25EMGRN,FRDH101
TPMB25EMGRN,FRDH121
TPMB25EMGRN,FRDH201
TPMB25EMGRN,FRDH221
UPT2FL,5CF
UPT2FL,ASG185BR
UPT2FL,ATECHMS80M
UPT2FL,CCY21508
UPT2FL,DANTG70
UPT2FL,FSNSS-508-BO
UPT2FL,JHW30012
UPT2FL,KNX8111250
UPT2FL,KNX8603125
UPT2FL,KNX8603150
VSC4KT-3,F80
VSC4KT-3,SRPCR4700
VSC4KT-3,SIMM220
VSC4KT-3,SIMM200
VSC4KT-3,91ACP
VSC4KT-3,EECT400
VSC4KT-3,KRSC46HPBO
VSC4KT-3,ECHDD012A
VSC4KT-3,CTB8174
VSC4KT-3,PH3050BR
XDSGM607K1O,XDSGM16G
XDSGM607K1O,XDSGM17G
XDSGM607K1O,XDSGM18G
XDSGM607K1O,XDSGM19G
XDSGM607K1O,XDSGM21G
XDSGM607K1O,XDSGM22G
XDSGM607K1O,XDSGM24G
XDSGM607K1O,XDSGM607K1G
XDSGM607K1O,XDSGM16
XDSGM607K1O,XDSGM17
WTG10A,AWL1010DK
WTG10A,AD6C
WTG10A,PPC905B
WTG10A,AD10C
WTG10A,GA98A
WTG10A,SF191
WTG10A,SF301
WTG10A,SF321
WTG10A,SF081
WTG10A,CAL6DA
YA2020,AW4-1/2D
YA2020,AW4D
YA2020,AW6D
YA2020,AW7D
YA2020,AW8D
YA2020,UIM225OR
YA2020,PT5CBL
YA2020,SGHF616BO
YA2020,UIM225RD
YA2020,96ACFO
F80FOD,TPMC25GRN
F80FOD,FDS101
F80FOD,FDS121
F80FOD,FDS141
F80FOD,FDS161
F80FOD,FDS181
F80FOD,FU12B
F80FOD,FU14B
F80FOD,XDH1214A
F80FOD,XDH1618A
425IMM,429IM
425IMM,IM182A
425IMM,IM202A
425IMM,L62
425IMM,L122
425IMM,L8112A
425IMM,LDH482
425IMM,ECHDD012A
425IMM,CTB8174
425IMM,PH3050BR
AF102,AD8B
AF102,SEPPT850KA
AF102,BT101
AF102,2005BSKA
AF102,CJ92
AF102,OFW3
AF102,BTGHD9
AF102,OC5A
AF102,FLE100A
AF102,FLE160A
BLPHSM1425,91ACP
BLPHSM1425,SPBS704AR
BLPHSM1425,FXK6
BLPHSM1425,GFAT1E
BLPHSM1425,BLPTHC87
BLPHSM1425,EECT400
BLPHSM1425,KRSC46HPBO
BLPHSM1425,ECHDD012A
BLPHSM1425,CTB8174
BLPHSM1425,PH3050BR
BLPPKM5-6,SRPCR3800
BLPPKM5-6,PL400B
BLPPKM5-6,SPBS12AR
BLPPKM5-6,F80
BLPPKM5-6,ATECH3FR300B
BLPPKM5-6,EECT400
BLPPKM5-6,KRSC46HPBO
BLPPKM5-6,ECHDD012A
BLPPKM5-6,CTB8174
BLPPKM5-6,PH3050BR
BLPSM1411,BLPSM149
BLPSM1411,BLPSM146
BLPSM1411,BLPSM145
BLPSM1411,BLPSM144
BLPSM1411,BLPSM1413
BLPSM1411,SG3ASHCR
BLPSM1411,SG3ASH90CR
BLPSM1411,SG3ASH45CR
BLPSM1411,SG3ASACR
BLPSM1411,CTB8174
BLPH126,BLPH14964
BLPH126,BLPH14732
BLPH126,BLPH125
BLPH126,BLPH124
BLPH126,BLPH1414
BLPH126,EECT400
BLPH126,KRSC46HPBO
BLPH126,ECHDD012A
BLPH126,CTB8174
BLPH126,PH3050BR
BLPH12716,SGDP42IRBR
BLPH12716,TMXK4
BLPH12716,SIMM220
BLPH12716,SIMM190
BLPH12716,SGDP31IRBR
BLPH12716,EECT400
BLPH12716,KRSC46HPBO
BLPH12716,ECHDD012A
BLPH12716,CTB8174
BLPH12716,PH3050BR
BLPH14964,BLPH1418
BLPH14964,BLPH14732
BLPH14964,BLPH1414
BLPH14964,BLPH14316
BLPH14964,BLPH14532
BLPH14964,EECT400
BLPH14964,KRSC46HPBO
BLPH14964,ECHDD012A
BLPH14964,CTB8174
BLPH14964,PH3050BR
BLPH3814,BLPH38732
BLPH3814,BLPH38516
BLPH3814,BLPH3838
BLPH3814,BLPH389
BLPH3814,BLPH387
BLPH3814,EECT400
BLPH3814,KRSC46HPBO
BLPH3814,ECHDD012A
BLPH3814,CTB8174
BLPH3814,PH3050BR
BLPH3838,BLPH38516
BLPH3838,BLPH3814
BLPH3838,BLPH38732
BLPH3838,BLPH1418
BLPH3838,BLPH14964
BLPH3838,TS201
BLPH3838,TS181A
BLPH3838,TS161A
BLPH3838,TS141A
BLPH3838,TS121A
BLPHL145,BLPHL146
BLPHL145,BLPHL144
BLPHL145,BLPTL1430
BLPHL145,BLPH14964
BLPHL145,BLPHL3810
BLPHL145,EECT400
BLPHL145,KRSC46HPBO
BLPHL145,ECHDD012A
BLPHL145,CTB8174
BLPHL145,PH3050BR
BLPHS14332,SPBS24AR
BLPHS14332,91ACP
BLPHS14332,SGDP42IRBR
BLPHS14332,SPBS18AR
BLPHS14332,FHLF80A
BLPHS14332,EECT400
BLPHS14332,KRSC46HPBO
BLPHS14332,ECHDD012A
BLPHS14332,CTB8174
BLPHS14332,PH3050BR
XDHFM606K1,XDHF1214
XDHFM606K1,XDHF1618
XDHFM606K1,XDHF2024
XDHFM606K1,XDHF2226
XDHFM606K1,XDHF605
XDHFM606K1,XDHF810
XDHFM606K1,XBM1012A
XDHFM606K1,XBM1214SA
XDHFM606K1,XBM1315SA
XDHFM606K1,XBM1618A
PW18C,BPPC1878
PW18C,1512B
PW18C,310SIMMADDON
PW18C,SEPPROCORE2
PW18C,SW381
PW18C,TF275A
PW18C,SW401
PW18C,UTK100
PW18C,KWSP2455AST
PW18C,SEPPROCORE1
AWSGM5A,ATECH2FR125B
AWSGM5A,SIMM150A
AWSGM5A,T72
AWSGM5A,TMXK60
AWSGM5A,TMXK4
AWSGM5A,EECT400
AWSGM5A,KRSC46HPBO
AWSGM5A,ECHDD012A
AWSGM5A,CTB8174
AWSGM5A,PH3050BR
DS806AK,SGDP64IRBO
DS806AK,SGHF616BO
DS806AK,PT5CBL
DS806AK,R1618SC
DS806AK,96ACFO
DS806AK,218AFP
DS806AK,YA2020
DS806AK,UIM225RD
DS806AK,SW421
DS806AK,SRP3A
207EFTXY,PKB52A
207EFTXY,2420A
207EFTXY,AW1020DK
207EFTXY,AWM140DK
207EFTXY,TF5A
207EFTXY,PH3050BR
207EFTXY,SPBS12A
207EFTXY,BTC10
207EFTXY,YA249
207EFTXY,FADH12B
AWBSG800A,AWBSGM800A
AWBSG800A,AWSGT800A
AWBSG800A,AWSGM800A
AWBSG800A,XB1214A
AWBSG800A,XB1618A
AWBSG800A,XB2022A
AWBSG800A,XB2426A
AWBSG800A,XB2830A
AWBSG800A,XB605A
AWBSG800A,AWSG800A
VWB2B,SPBS8AR
VWB2B,BLPTHC87
VWB2B,SIMM150A
VWB2B,SIMM240
VWB2B,PL400B
VWB2B,SGDP42IRBR
VWB2B,SGDP31IRBR
VWB2B,96ACF
VWB2B,SIMM190
VWB2B,TMXK4
110ETMAY,112RTA
110ETMAY,WTRW9K
110ETMAY,BTWSMPK
110ETMAY,XO605
110ETMAY,UIM2FL
110ETMAY,PPB30AK
110ETMAY,FLX80B
110ETMAY,SSFP1
110ETMAY,TB50WC
110ETMAY,RULER602
FSM61,AB3042
FSM61,BLP7
FSM61,CT861K2
FSM61,CTS561BITXL
FSM61,EEDM604F
FSM61,FSM201
FSM61,FSM211
FSM61,FSM221
FSM61,IMM320
FSM61,KDT3729
HBFE16G,AT411
HBFE16G,30SSD
HBFE16G,224SFFSMFR
HBFE16G,JT17A
HBFE16G,BF775C-A
HBFE16G,OEXM707B
HBFE16G,A3042
HBFE16G,AT5500
HBFE16G,MTEE6
HBFE16G,CAL6EBR
SF161,SF081
SF161,SF191
SF161,SF301
SF161,SF321
SF161,5CF
SF161,ASG185BR
SF161,ATECHMS80M
SF161,CCY21508
SF161,DANTG70
SF161,FSNSS-508-BO
AWMG9-6,SPBS24AR
AWMG9-6,T72
AWMG9-6,TMXK60
AWMG9-6,FU8A
AWMG9-6,SGDP42IRBR
AWMG9-6,EECT400
AWMG9-6,KRSC46HPBO
AWMG9-6,ECHDD012A
AWMG9-6,CTB8174
AWMG9-6,PH3050BR
AWM140DK,US712
AWM140DK,AW1020DK
AWM140DK,2420A
AWM140DK,FB307D
AWM140DK,GA3645A
AWM140DK,SPBS12A
AWM140DK,CSA14CR
AWM140DK,SWM291
AWM140DK,KRA2055FPBO
AWM140DK,TPMA10
PSN500,PKN500
PSN500,FBM320
PSN500,131TMPB
PSN500,PPK300
PSN500,TR107AR
PSN500,PKN90
PSN500,GMB3041
PSN500,TPMA25EM
PSN500,ITHE100
PSN500,MRB5B
SGDP64IRBR,DBBPC21
SGDP64IRBR,R1618SC
SGDP64IRBR,SRP3A
SGDP64IRBR,218AFP
SGDP64IRBR,TR107AR
SGDP64IRBR,SW421
SGDP64IRBR,GA3645A
SGDP64IRBR,317MPC
SGDP64IRBR,ACT73A
SGDP64IRBR,SPBS12A
F4LB,AWL1010DK
F4LB,PT5CBL
F4LB,DS806AK
F4LB,FB303B
F4LB,10R
F4LB,GA3645A
F4LB,AW1013DK
F4LB,SN25A
F4LB,DS1516A
F4LB,PG160
GLOVE600XLO,S9704KMAG
GLOVE600XLO,AWMBPH9
GLOVE600XLO,GLOVE505RL
GLOVE600XLO,AWBPH13
GLOVE600XLO,OXIM6B
GLOVE600XLO,SFSM21
GLOVE600XLO,GLOVE309L
GLOVE600XLO,HSPD16
GLOVE600XLO,STMM4
GLOVE600XLO,S9706KMAG
ECPRM052,UIM2LT
ECPRM052,ECPNI032R
ECPRM052,ECARL032R
ECPRM052,PHT5
ECPRM052,PHP1A
ECPRM052,SGTT4B
ECPRM052,ECPNG032
ECPRM052,ECHDF042
ECPRM052,FKF80A
ECPRM052,44BCF
FHLF80A,THLF72
FHLF80A,SHLF80A
FHLF80A,SHX80B
FHLF80A,FHLLF80
FHLF80A,THRLX72
FHLF80A,OEXLM12B
FHLF80A,OEXLM11B
FHLF80A,OEXLM10B
FHLF80A,FX24A
FHLF80A,FX18
AWTXL8-T27,SGD2BR
AWTXL8-T27,SPBS12AR
AWTXL8-T27,PL400B
AWTXL8-T27,SPBS8AR
AWTXL8-T27,FHLF80A
AWTXL8-T27,EECT400
AWTXL8-T27,KRSC46HPBO
AWTXL8-T27,ECHDD012A
AWTXL8-T27,CTB8174
AWTXL8-T27,PH3050BR
SOEXM100,SOEXM120
SOEXM100,SOEXM150
SOEXM100,SOEXM170
SOEXM100,SOEXM140
SOEXM100,SOEXM130
SOEXM100,ECHDD012A
SOEXM100,CTB8174
SOEXM100,915CP
SOEXM100,PH3050BR
SOEXM100,SXK8
CDR861MK2,PPC4A
CDR861MK2,TMXK60
CDR861MK2,T72
CDR861MK2,SIMM160A
CDR861MK2,PPC103A
CDR861MK2,SGD2BR
CDR861MK2,FXK11
CDR861MK2,SGD6BR
CDR861MK2,TMXK4
CDR861MK2,BLPTHC87
AW028D,AW035D
AW028D,SIMM190
AW028D,ATECH2FR125B
AW028D,F80
AW028D,SGASA204CR
AW028D,EECT400
AW028D,KRSC46HPBO
AW028D,ECHDD012A
AW028D,CTB8174
AW028D,PH3050BR
AWS13-6,FXK11
AWS13-6,SPBS8AR
AWS13-6,SRPCR4700
AWS13-6,SPBS704AR
AWS13-6,FX1
AWS13-6,EECT400
AWS13-6,KRSC46HPBO
AWS13-6,ECHDD012A
AWS13-6,CTB8174
AWS13-6,PH3050BR
AW1015DK,TPMC25GRN
AW1015DK,FDS101
AW1015DK,FDS121
AW1015DK,FDS141
AW1015DK,FDS161
AW1015DK,FDS181
AW1015DK,FU12B
AW1015DK,FU14B
AW1015DK,XDH1214A
AW1015DK,XDH1618A
TMMDS5,TMMDS5.5
TMMDS5,TMMDS6
TMMDS5,TMMDS7
TMMDS5,TMMDS11
TMMDS5,TMMDS12
TMMDS5,STMMD14
TMMDS5,STMMD13
TMMDS5,STMMD12
TMMDS5,STMMD11
TMMDS5,STMMD10
ECFUVLEDA,A2A
ECFUVLEDA,96ACF
ECFUVLEDA,SHD1R
ECFUVLEDA,SGD8BR
ECFUVLEDA,FX1
ECFUVLEDA,FXK6
ECFUVLEDA,SGASA204CR
ECFUVLEDA,PL400B
ECFUVLEDA,SGDP31IRBR
ECFUVLEDA,FU8A
312IMMS,210IMFSYA
312IMMS,IMFS10A
312IMMS,IMFS12A
312IMMS,IMFS14A
312IMMS,IMFS16
312IMMS,IMFS18
312IMMS,IMFS20
312IMMS,IMFS22
312IMMS,IMFS24
312IMMS,IMFS26
XOM605,XO1214
XOM605,XO1618
XOM605,XO1820
XOM605,XO2226
XOM605,XO2428
XOM605,XO605
XOM605,XBM1012A
XOM605,XBM1214SA
XOM605,XBM1315SA
XOM605,XBM1618A
212FSMY,FLX80B
212FSMY,317AMMPC
212FSMY,FADH12B
212FSMY,UPT35R
212FSMY,212SFSMY
212FSMY,SGA173BG
212FSMY,206EAU
212FSMY,117TMM
212FSMY,SFSM16
212FSMY,PH3050BR
FHOF80A,FHBF80A
FHOF80A,TRSLF72
FHOF80A,FZ80
FHOF80A,FH80MP
FHOF80A,PALMRAT
FHOF80A,FXKL3A
FHOF80A,FXKL24A
FHOF80A,FXKL11A
FHOF80A,FB307RNB
FHOF80A,TB30
112TMMY,FA12LE
112TMMY,FRX181
112TMMY,GF22
112TMMY,TW481
112TMMY,HD6529
112TMMY,TTXB20E
112TMMY,TTXB15E
112TMMY,FTXB40E
112TMMY,FTXB30E
112TMMY,FTXB27E
KRA2422PZR,KRWT2411
KRA2422PZR,KWSN2455AST
KRA2422PZR,SRPCR4700O
KRA2422PZR,SEPAMTSET
KRA2422PZR,KWSP2455ABL
KRA2422PZR,PG160
KRA2422PZR,EFPHANNIBALB
KRA2422PZR,UPT35R
KRA2422PZR,ACT1370
KRA2422PZR,SEPPREHD
KRA2422PZS,KRWT2411
KRA2422PZS,KWSN2455AST
KRA2422PZS,SRPCR4700O
KRA2422PZS,SEPAMTSET
KRA2422PZS,KWSP2455ABL
KRA2422PZS,PG160
KRA2422PZS,EFPHANNIBALB
KRA2422PZS,UPT35R
KRA2422PZS,ACT1370
KRA2422PZS,SEPPREHD
R810SC,R1214SC
R810SC,R1214C
R810SC,110TMDY
R810SC,STMD14
R810SC,TMD6
R810SC,EECT400
R810SC,KRSC46HPBO
R810SC,ECHDD012A
R810SC,CTB8174
R810SC,PH3050BR
EEBM500B,TW461
EEBM500B,TW441
EEBM500B,TW421
EEBM500B,TWM28
EEBM500B,TWM26
EEBM500B,TWM30
EEBM500B,TWM32
EEBM500B,OEXM250B
EEBM500B,TW381
EEBM500B,OEX38B
AWMG9-7,TF5A
AWMG9-7,R404
AWMG9-7,FHL80
AWMG9-7,SG3ASACR
AWMG9-7,SG3ASH45CR
AWMG9-7,SG3ASH90CR
AWMG9-7,SG3ASHCR
AWMG9-7,SPBS8AR
AWMG9-7,SGASA204CR
AWMG9-7,PH3050BR
CT9010DB,AB3042
CT9010DB,BLP7
CT9010DB,CT861K2
CT9010DB,CTS561BITXL
CT9010DB,EEDM604F
CT9010DB,FSM201
CT9010DB,FSM211
CT9010DB,FSM221
CT9010DB,IMM320
CT9010DB,KDT3729
CGG8850ADB,SPBS18AR
CGG8850ADB,SGDP42IRBR
CGG8850ADB,SGDP31IRBR
CGG8850ADB,A2A
CGG8850ADB,SGD2BR
CGG8850ADB,SPBS704AR
CGG8850ADB,SRPCR4700
CGG8850ADB,FXK6
CGG8850ADB,FX1
CGG8850ADB,SGASA204CR
AWXL13-9/64,SPBS8AR
AWXL13-9/64,SPBS12AR
AWXL13-9/64,PPC106LA
AWXL13-9/64,SIMM200
AWXL13-9/64,SGASA204CR
AWXL13-9/64,EECT400
AWXL13-9/64,KRSC46HPBO
AWXL13-9/64,ECHDD012A
AWXL13-9/64,CTB8174
AWXL13-9/64,PH3050BR
CTS861MK2,A2A
CTS861MK2,SGDP42IRBR
CTS861MK2,FX1
CTS861MK2,F80
CTS861MK2,SIMM160A
CTS861MK2,47ACF
CTS861MK2,SGD4BR
CTS861MK2,FXK3
CTS861MK2,SGDX80BR
CTS861MK2,SGD2BR
GLASS90BYEAR,SOSG01BKCL01
GLASS90BYEAR,GLOVEORIGPLUSL
GLASS90BYEAR,MAGDISH
GLASS90BYEAR,ECARL032R
GLASS90BYEAR,GLASS50R
GLASS90BYEAR,BTG9
GLASS90BYEAR,KAERNADD6RD
GLASS90BYEAR,FHLL80
GLASS90BYEAR,TQSG3F250
GLASS90BYEAR,SHL80A
GAW1909,TMXK2
GAW1909,PPC106LA
GAW1909,T72
GAW1909,SGASA204CR
GAW1909,SGDP42IRBR
GAW1909,EECT400
GAW1909,KRSC46HPBO
GAW1909,ECHDD012A
GAW1909,CTB8174
GAW1909,PH3050BR
KCP1422PBO,KWSP2455AST
KCP1422PBO,KWSN2455ABL
KCP1422PBO,KWSN2455AST
KCP1422PBO,KWSP2455ABL
KCP1422PBO,KRWT2411
KCP1422PBO,UPT35R
KCP1422PBO,SR40K
KCP1422PBO,BTC7B
KCP1422PBO,OXIM7B
KCP1422PBO,AWMG9
KCP1422PC,KWSP2455AST
KCP1422PC,KWSN2455ABL
KCP1422PC,KWSN2455AST
KCP1422PC,KWSP2455ABL
KCP1422PC,KRWT2411
KCP1422PC,UPT35R
KCP1422PC,SR40K
KCP1422PC,BTC7B
KCP1422PC,OXIM7B
KCP1422PC,AWMG9
KCP1422PU,KWSP2455AST
KCP1422PU,KWSN2455ABL
KCP1422PU,KWSN2455AST
KCP1422PU,KWSP2455ABL
KCP1422PU,KRWT2411
KCP1422PU,UPT35R
KCP1422PU,SR40K
KCP1422PU,BTC7B
KCP1422PU,OXIM7B
KCP1422PU,AWMG9
PBN14,PBN15
PBN14,PBN11
PBN14,BLPTHC87
PBN14,SHD1R
PBN14,SIMM220
PBN14,EECT400
PBN14,KRSC46HPBO
PBN14,ECHDD012A
PBN14,CTB8174
PBN14,PH3050BR
S9704KR,222SFFSFR
S9704KR,TD1040A
S9704KR,TDM100A
S9704KR,S9714MKMAGA
S9704KR,FBSM325
S9704KR,224SFFSMFR
S9704KR,218AFSP
S9704KR,SGD155CG
S9704KR,TB10A
S9704KR,BTC7B
GLOVE400S,LP404
GLOVE400S,RTD48
GLOVE400S,SGD2BR
GLOVE400S,SIMM200
GLOVE400S,SRPCR3800
GLOVE400S,SPBS24AR
GLOVE400S,91ACP
GLOVE400S,SIMM240
GLOVE400S,96ACF
GLOVE400S,SGASA204CR
LP6LN,10HR
LP6LN,BP20B
LP6LN,CHN410
LP6LN,GA111D
LP6LN,MT501C
LP6LN,R40B
LP6LN,SP32E
LP6LN,YA3080
LP6LN,RBM1011SC
LP6LN,AWTEF8K
LP7R,AD6B
LP7R,LP5WR
LP7R,LP6LN
LP7R,LP10R
LP7R,LP7WR
LP7R,AD10C
LP7R,PG160
LP7R,AD10B
LP7R,LBUK1
LP7R,ECFB200BL
YA832A,EECR1C
YA832A,VAC201
YA832A,BRHC2PK
YA832A,ITHE100
YA832A,YA824C
YA832A,EECS150
YA832A,YA4000B
YA832A,BTCP400
YA832A,112TMMSY
YA832A,TMMS5
TW301,TW121A
TW301,TW201
TW301,TW221
TW301,TW261
TW301,TW161A
TW301,TS201
TW301,TS181A
TW301,TS161A
TW301,TS141A
TW301,TS121A
SGASA204CG,FLX80B
SGASA204CG,FA12LE
SGASA204CG,FRX181
SGASA204CG,AWM110DHK
SGASA204CG,GF22
SGASA204CG,EC-USB-C-3A
SGASA204CG,TW481
SGASA204CG,CTB8174
SGASA204CG,PH3050BR
SGASA204CG,TPM16
SPBS12AR,SPBS24AR
SPBS12AR,SPBS8AR
SPBS12AR,SPBS18AR
SPBS12AR,FA12LE
SPBS12AR,FRX181
SPBS12AR,CTB8174
SPBS12AR,PH3050BR
SPBS12AR,PL400BG
SPBS12AR,FBBA325
SPBS12AR,FB300A
TIF160,SPBS12A
TIF160,TMU181A
TIF160,TMU161A
TIF160,YA4250
TIF160,TMU141A
TIF160,CAL6DA
TIF160,ECFLD030
TIF160,AT5500
TIF160,OXKRM15
TIF160,OXKRM16
DB129C,BHS7A
DB129C,JCW62BL
DB129C,SR40K
DB129C,PTGR450
DB129C,TF5A
DB129C,SOEX38
DB129C,BTC7B
DB129C,AC58E
DB129C,AD8C
DB129C,SOEX40
OEX44B,OEX42B
OEX44B,OEXM290B
OEX44B,OEX38B
OEX44B,AWMEF6K
OEX44B,OEXM320B
OEX44B,XB2830A
OEX44B,XB2426A
OEX44B,XB2022A
OEX44B,XB1618A
OEX44B,XB1214A
OEXM713B,218AFSP
OEXM713B,222AFSP
OEXM713B,SN25A
OEXM713B,FB303B
OEXM713B,ACT1370
OEXM713B,OEXM230B
OEXM713B,PH3050BR
OEXM713B,OEX40B
OEXM713B,OEX36B
OEXM713B,OEX34B
YA4614,PPC105LA
YA4614,T72
YA4614,ATECH2FR125B
YA4614,SHD1R
YA4614,PPC106LA
YA4614,SGD2BR
YA4614,SIMM180
YA4614,PPC103A
YA4614,BLPTHC87
YA4614,FXK6
ACT51234A,ACT9103
ACT51234A,ACT413A
ACT51234A,ACT1297
ACT51234A,ACTR1234YF
ACT51234A,ACT2105
ACT51234A,KRA6200FPBO
ACT51234A,IMM172A
ACT51234A,BLPPB704
ACT51234A,SGRHT6BG
ACT51234A,425IMM
PKNC050,91ACP
PKNC050,SIMM160A
PKNC050,SPBS704AR
PKNC050,ATECH3FR300B
PKNC050,PPC106LA
PKNC050,EECT400
PKNC050,KRSC46HPBO
PKNC050,ECHDD012A
PKNC050,CTB8174
PKNC050,PH3050BR
SF141,SF081
SF141,SF191
SF141,SF301
SF141,SF321
SF141,5CF
SF141,ASG185BR
SF141,ATECHMS80M
SF141,CCY21508
SF141,DANTG70
SF141,FSNSS-508-BO
IPL22C,IPL20C
IPL22C,IPL26C
IPL22C,IPL18C
IPL22C,IPL32C
IPL22C,IPL28C
IPL22C,KRSC46HPBO
IPL22C,ECHDD012A
IPL22C,CTB8174
IPL22C,PH3050BR
IPL22C,310SIMMADDON
SGDEP200ESD,5CF
SGDEP200ESD,ASG185BR
SGDEP200ESD,ATECHMS80M
SGDEP200ESD,CCY21508
SGDEP200ESD,DANTG70
SGDEP200ESD,FSNSS-508-BO
SGDEP200ESD,JHW30012
SGDEP200ESD,KNX8111250
SGDEP200ESD,KNX8603125
SGDEP200ESD,KNX8603150
FSS141,FSS081
FSS141,FSS101
FSS141,FSS201
FSS141,FSS221
FSS141,FSS241
FSS141,FSS261
FSS141,FSS281
FSS141,FHX80B
FSS141,HJ47ACF
FSS141,MPBS10AR
AWSGT6A,AWSGT7A
AWSGT6A,AWSGT8A
AWSGT6A,TW141A
AWSGT6A,TW281
AWSGT6A,TW221
AWSGT6A,EECT400
AWSGT6A,KRSC46HPBO
AWSGT6A,ECHDD012A
AWSGT6A,CTB8174
AWSGT6A,PH3050BR
SGHBF500AG,BHS7A
SGHBF500AG,TFM7530B
SGHBF500AG,ST50A
SGHBF500AG,RTEMPB7
SGHBF500AG,PTGR450
SGHBF500AG,206AFSP
SGHBF500AG,YA2019
SGHBF500AG,AT4124
SGHBF500AG,MTTL300
SGHBF500AG,CAL6EA
46ACF,XS2024A
46ACF,XS1416A
46ACF,XS1820A
46ACF,XS1012A
46ACF,XS2226A
46ACF,KRSC46HPBO
46ACF,ECHDD012A
46ACF,CTB8174
46ACF,PH3050BR
46ACF,SGCP1CR
CSA8C,TPMB10
CSA8C,FLX80B
CSA8C,FA12LE
CSA8C,SEPHDSETAOB
CSA8C,317MSPC
CSA8C,PRH57A
CSA8C,AC5C
CSA8C,GF22
CSA8C,EC-USB-C-3A
CSA8C,MAGML300L-S2016
CSA8CG,TPMB10
CSA8CG,FLX80B
CSA8CG,FA12LE
CSA8CG,SEPHDSETAOB
CSA8CG,317MSPC
CSA8CG,PRH57A
CSA8CG,AC5C
CSA8CG,GF22
CSA8CG,EC-USB-C-3A
CSA8CG,MAGML300L-S2016
AWBMCG1608,SGD4BR
AWBMCG1608,SIMM170
AWBMCG1608,PPC106LA
AWBMCG1608,SRPCR3800
AWBMCG1608,47ACF
AWBMCG1608,EECT400
AWBMCG1608,KRSC46HPBO
AWBMCG1608,ECHDD012A
AWBMCG1608,CTB8174
AWBMCG1608,PH3050BR
TRX72,FR80
TRX72,303SXWKL
TRX72,SXWKL3
TRX72,SXWKL5
TRX72,SXWKL8
TRX72,TXM72
TRX72,TM72
TRX72,SX80B
TRX72,SF191
TRX72,SF301
96ACF,PT5CBL
96ACF,91ACP
96ACF,87BCF
96ACF,FB303B
96ACF,222AFSP
96ACF,47ACF
96ACF,OFW3
96ACF,BF620C
96ACF,GLASS30BK
96ACF,S9706KMAG
SGTT10B,SGTT9B
SGTT10B,SGTT1B
SGTT10B,SGTT2B
SGTT10B,SGTT8B
SGTT10B,SGTT3B
SGTT10B,YA1175KIT
SGTT10B,YAKS42
SGTT10B,MTTL800
SGTT10B,ACT407
SGTT10B,ACT413A
SGTT110B,ACT413A
SGTT110B,BLPPB704
SGTT110B,ACT407
SGTT110B,SGA1714B
SGTT110B,MTTL800
SGTT110B,SGA102BR
SGTT110B,YAKS42
SGTT110B,YA1175KIT
SGTT110B,PWC48
SGTT110B,SGA1713B
QD2R200A,QD1R50A
QD2R200A,SN25A
QD2R200A,BRUTUS3R300
QD2R200A,222AFSP
QD2R200A,FB303B
QD2R200A,OFW3
QD2R200A,IMM202A
QD2R200A,IMM192A
QD2R200A,IMM182A
QD2R200A,IMM172A
EECT400G,GA236C
EECT400G,SPBS24A
EECT400G,AWM110DHK
EECT400G,TPM16
EECT400G,AC5C
EECT400G,EC-USB-C-3A
EECT400G,2004BSKA
EECT400G,KRA2007FPBO
EECT400G,FB360C
EECT400G,OC5A
A36A,A50A
A36A,BLPPB704
A36A,HSPD16
A36A,PWZ4
A36A,OEX42B
A36A,DBCL13/32CSF
A36A,ACT1290A
A36A,DBCL1/2CSF
A36A,DBCL1/8CSF
A36A,DBCL11/32CSF
PBN3,BLPHSM146
PBN3,BLPTL3850
PBN3,BLPHSM148
PBN3,BLPTL1260
PBN3,BLPTL1255
PBN3,EECT400
PBN3,KRSC46HPBO
PBN3,ECHDD012A
PBN3,CTB8174
PBN3,PH3050BR
AWML2.5D,SGD6BR
AWML2.5D,ATECH2FR125B
AWML2.5D,SRPCR4700
AWML2.5D,PPC105LA
AWML2.5D,91ACP
AWML2.5D,EECT400
AWML2.5D,KRSC46HPBO
AWML2.5D,ECHDD012A
AWML2.5D,CTB8174
AWML2.5D,PH3050BR
T72,112RTA
T72,TMM4
T72,TMU181A
T72,AW1013DK
T72,TMM9
T72,TMM6
T72,TM16
T72,TM14
T72,TM12
T72,TM11
GLOVE300BM,GLOVE400M
GLOVE300BM,GLOVE505RL
GLOVE300BM,GLOVEORIGPLUSL
GLOVE300BM,GLOVE309L
GLOVE300BM,JT17A
GLOVE300BM,GLOVE900LR
GLOVE300BM,CTINF9010
GLOVE300BM,CTSG861DB
GLOVE300BM,IND25HAT
GLOVE300BM,BCS70A
196ACF,XS2024A
196ACF,XS1416A
196ACF,XS1820A
196ACF,XS1012A
196ACF,XS2226A
196ACF,KRSC46HPBO
196ACF,ECHDD012A
196ACF,CTB8174
196ACF,PH3050BR
196ACF,CTTOTEAO
205ESSPKPLG3,IMTMM10
205ESSPKPLG3,YTMMS10
205ESSPKPLG3,BTCP2SA
205ESSPKPLG3,218AFP
205ESSPKPLG3,SVTS272A
205ESSPKPLG3,S9706KA
205ESSPKPLG3,SIMTMM10
205ESSPKPLG3,FXKL6A
205ESSPKPLG3,IPTMM10A
205ESSPKPLG3,TMMD10
CT9050K2,FXK6
CT9050K2,FX1
CT9050K2,SGDP42IRBR
CT9050K2,SGD6BR
CT9050K2,SRPCR4700
CT9050K2,FU8A
CT9050K2,TMU8B
CT9050K2,FXK3
CT9050K2,SRPCR3800
CT9050K2,SPBS24AR
307IPLY,BPPC1878
307IPLY,310SIMMADDON
307IPLY,307IPLMY
307IPLY,IPLM15C
307IPLY,IPLM18C
307IPLY,IPLM24C
307IPLY,IPF20C
307IPLY,IPF18C
307IPLY,IPF14C
307IPLY,IPF16C
LDT6,ASGP102BR
LDT6,ASGP1BR
LDT6,ASGP2BR
LDT6,EECT200
LDT6,SHLX80A
LDT6,SGDX80BR
LDT6,SG3ASH90CR
LDT6,SHDP22IRR
LDT6,SG3ASH45CR
LDT6,SG3ASACR
S80AFOD,XS2024A
S80AFOD,XS1416A
S80AFOD,XS1820A
S80AFOD,XS1012A
S80AFOD,XS2226A
S80AFOD,EECT400
S80AFOD,KRSC46HPBO
S80AFOD,ECHDD012A
S80AFOD,CTB8174
S80AFOD,PH3050BR
SEPFAR7200KA,STMM13
SEPFAR7200KA,STMM8
SEPFAR7200KA,STMM10
SEPFAR7200KA,TMM13
SEPFAR7200KA,TMM8
SEPFAR7200KA,EECT400
SEPFAR7200KA,KRSC46HPBO
SEPFAR7200KA,ECHDD012A
SEPFAR7200KA,CTB8174
SEPFAR7200KA,PH3050BR
SEPPREMETA,KRSC430AZIY7
SEPPREMETA,KRSC323PBO
SEPPREMETA,KRSC430APBO7
SEPPREMETA,KRSC326FPBO
SEPPREMETA,213AFLEY
SEPPREMETA,PWCSS7ACF
SEPPREMETA,KRA2407PBO
SEPPREMETA,IM220
SEPPREMETA,IM120A
SEPPREMETA,IM140A
SEPPROCORE1A,SEPPROCORE2A
SEPPROCORE1A,PPB826A
SEPPROCORE1A,317MPC
SEPPROCORE1A,SOEX704
SEPPROCORE1A,313SWMYA
SEPPROCORE1A,CTR861K2
SEPPROCORE1A,IMFM17
SEPPROCORE1A,IMFM16
SEPPROCORE1A,ECPRA072
SEPPROCORE1A,IMFM11A
SEPSTARTERA,GMB3041
SEPSTARTERA,BB9008
SEPSTARTERA,KRSC326FPBO
SEPSTARTERA,207EFAMY
SEPSTARTERA,FAM10E
SEPSTARTERA,FAM4E
SEPSTARTERA,FAM5E
SEPSTARTERA,FAM6E
SEPSTARTERA,FAM7E
SEPSTARTERA,GM3046
SRES24,SRES22
SRES24,SRES26
SRES24,SRES18
SRES24,SRES28
SRES24,SRES20
SRES24,FRDHM18
SRES24,FRDHM13
SRES24,FRDHM14
SRES24,FRDHM15
SRES24,FRDHM16
TB20A,PT5CBL
TB20A,BPTOTE
TB20A,VO806B
TB20A,VO2022B
TB20A,VO2426B
TB20A,VO2830B
TB20A,RULER600
TB20A,VO1214B
TB20A,VO1618B
TB20A,VO810B
LSR1500,S6111
LSR1500,AT5500
LSR1500,ECUHD218
LSR1500,OFSKIT
LSR1500,VSC4KT
LSR1500,A129
LSR1500,A106
LSR1500,TFSY12A
LSR1500,TFSY10A
LSR1500,ASTFUN19KIT
LSR1580,LSR1450
LSR1580,LSR1000EXT
LSR1580,SEPIMMSIMM
LSR1580,KRSC326FBCD
LSR1580,A3042
LSR1580,BTG8
LSR1580,S3624
LSR1580,CAL6EBR
LSR1580,GAX36
LSR1580,FXWP1
OFC76148015,SIMM210
OFC76148015,PPC105LA
OFC76148015,ATECH2FR125B
OFC76148015,SIMM170
OFC76148015,SGASA204CR
OFC76148015,EECT400
OFC76148015,KRSC46HPBO
OFC76148015,ECHDD012A
OFC76148015,CTB8174
OFC76148015,PH3050BR
OFW1,YA450B
OFW1,OFW4
OFW1,STMM4
OFW1,OFW2
OFW1,MRB5B
OFW1,TPMA25EM
OFW1,ACT1290A
OFW1,OFW3
OFW1,SIMM350
OFW1,GLASS30BK
PBMMA5O,PBMMB5O
PBMMA5O,PBMMS5O
PBMMA5O,PBMA5G
PBMMA5O,PBMMS5
PBMMA5O,PBMMB5G
PBMMA5O,EECT400
PBMMA5O,KRSC46HPBO
PBMMA5O,ECHDD012A
PBMMA5O,CTB8174
PBMMA5O,PH3050BR
PBMMS5G,PBMMA5G
PBMMS5G,PBMMB5G
PBMMS5G,PBMMS5O
PBMMS5G,PBMMS5R
PBMMS5G,PBMMB5O
PBMMS5G,PH3050BR
PBMMS5G,SGDMRC4-80
PBMMS5G,ATECH3F300VR
PBMMS5G,ATECH2F125VR
PBMMS5G,MAGDISH
PKN8,SIMM170
PKN8,FXK6
PKN8,TMU8B
PKN8,47ACF
PKN8,SPBS24AR
PKN8,EECT400
PKN8,KRSC46HPBO
PKN8,ECHDD012A
PKN8,CTB8174
PKN8,PH3050BR
PPC1A,PPC812B
PPC1A,PPC112
PPC1A,PPC824C
PPC1A,PPC828C
PPC1A,PPC203A
PPC1A,PPC205A
PPC1A,PPC206A
PPC1A,PPC820B
PPC1A,PPC816B
PPC1A,UPT35R
RBM1214C,SPBS18AR
RBM1214C,SIMM210
RBM1214C,PPC103A
RBM1214C,91ACP
RBM1214C,SIMM190
RBM1214C,EECT400
RBM1214C,KRSC46HPBO
RBM1214C,ECHDD012A
RBM1214C,CTB8174
RBM1214C,PH3050BR
RBM78SC,RBM1618C
RBM78SC,RBM910C
RBM78SC,RBM1213C
RBM78SC,RBM1415C
RBM78SC,RBM1719C
RBM78SC,OXIM4SB
RBM78SC,OXIM55SB
RBM78SC,OXIM5SB
RBM78SC,OXIM6SB
RBM78SC,OXIM7SB
REX13C,SSR7
REX13C,AWCG1600B
REX13C,AWMBPH9
REX13C,SGDEL10ESD
REX13C,TM77
REX13C,XO2226
REX13C,XO1820
REX13C,XO1618
REX13C,XO1214
REX13C,FB302A
R1011C,R2426C
R1011C,R1012C
R1011C,R1618C
R1011C,R2022C
R1011C,R1214C
R1011C,CTB8174
R1011C,PH3050BR
R1011C,TMUS81A
R1011C,TMUS121A
R1011C,TMUS101A
AT4135,222SFFSFR
AT4135,TD1040A
AT4135,TDM100A
AT4135,SEPPROCORE2A
AT4135,224SFFSMFR
AT4135,AT4124
AT4135,FB307D
AT4135,BLPT1255
AT4135,OXIM7B
AT4135,AWM140DK
208FRDH,AD10B
208FRDH,208FRDHM
208FRDH,FRDHM13
208FRDH,FRDHM14
208FRDH,FRDHM15
208FRDH,FRDHM16
208FRDH,FRDHM18
208FRDH,FRDHM19
208FRDH,FA12LE
208FRDH,FRDHM10
RULER6,TPMC25GRN
RULER6,FDS101
RULER6,FDS121
RULER6,FDS141
RULER6,FDS161
RULER6,FDS181
RULER6,FU12B
RULER6,FU14B
RULER6,XDH1214A
RULER6,XDH1618A
KRSC46HPDG,SGA173BG
KRSC46HPDG,PKNC150
KRSC46HPDG,UPTM65K
KRSC46HPDG,317AMMPC
KRSC46HPDG,YA8610B
KRSC46HPDG,305SIMMY
KRSC46HPDG,SRPCR105G
KRSC46HPDG,BOERM712
KRSC46HPDG,MG725A
KRSC46HPDG,309SIMYA
103TMXKLA,204FXKLA
103TMXKLA,FXKL11A
103TMXKLA,FXKL24A
103TMXKLA,FXKL3A
103TMXKLA,303SXWKL
103TMXKLA,SXWKL3
103TMXKLA,SXWKL5
103TMXKLA,SXWKL8
103TMXKLA,FXKL6A
103TMXKLA,AWM140DK
SGDX80BO,XS2024A
SGDX80BO,XS1416A
SGDX80BO,XS1820A
SGDX80BO,XS1618A
SGDX80BO,XS1012A
SGDX80BO,KRSC46HPBO
SGDX80BO,ECHDD012A
SGDX80BO,CTB8174
SGDX80BO,PH3050BR
SGDX80BO,RULER6
FTXB50E,FTXB27E
FTXB50E,FTXB30E
FTXB50E,FTXB40E
FTXB50E,TTXB15E
FTXB50E,TTXB20E
FTXB50E,TTXB25E
FTXB50E,FTXB45E
FTXB50E,FTXB55E
FTXB50E,FA12LE
FTXB50E,BHS7A
CTR827GDB,GFAT1E
CTR827GDB,FXK6
CTR827GDB,FXK3
CTR827GDB,91ACP
CTR827GDB,SIMM220
CTR827GDB,SGDP31IRBR
CTR827GDB,SGDX80BR
CTR827GDB,SIMM210
CTR827GDB,47ACF
CTR827GDB,SPBS12AR
309SIMYA,UPT35G
309SIMYA,UIM225GR
309SIMYA,SRPCR105G
309SIMYA,SGA173BG
309SIMYA,MG725AG
309SIMYA,SRPCR105O
309SIMYA,TTX40E
309SIMYA,KRSC46HBCR
309SIMYA,KRSC46HBCD
309SIMYA,SGA173BO
TMU181A,5CF
TMU181A,ASG185BR
TMU181A,ATECHMS80M
TMU181A,CCY21508
TMU181A,DANTG70
TMU181A,FSNSS-508-BO
TMU181A,JHW30012
TMU181A,KNX8111250
TMU181A,KNX8603125
TMU181A,KNX8603150
SW281,SW121A
SW281,SW141A
SW281,SW261
SW281,SW221
SW281,SW181A
SW281,SW161A
SW281,S141A
SW281,S121A
SW281,FB322
SW281,FB307D
2420A,AW1020DK
2420A,AWM140DK
2420A,SPBS12A
2420A,1412A
2420A,CSA14CR
2420A,SWM291
2420A,SA14E
2420A,SA12E
2420A,SA10E
2420A,FB360C
20SSD,TPMC25GRN
20SSD,FDS101
20SSD,FDS121
20SSD,FDS141
20SSD,FDS161
20SSD,FDS181
20SSD,FU12B
20SSD,FU14B
20SSD,XDH1214A
20SSD,XDH1618A
THLF72O,FHLF80A
THLF72O,SHLF80A
THLF72O,THLL72
THLF72O,SHX80B
THLF72O,103TMXKLA
THLF72O,TMXKL114A
THLF72O,TMXKL240A
THLF72O,TMXKL60A
THLF72O,FX24A
THLF72O,FX18
FTXB45E,FTXB27E
FTXB45E,FTXB30E
FTXB45E,FTXB40E
FTXB45E,TTXB15E
FTXB45E,TTXB20E
FTXB45E,TTXB25E
FTXB45E,FTXB50E
FTXB45E,FTXB55E
FTXB45E,FA12LE
FTXB45E,BHS7A
PT850,ACT1370
PT850,PKNC125C2
PT850,SEPIMMSIMM
PT850,PTGR450
PT850,PT338
PT850,QD3RN350A
PT850,PGP50
PT850,222AFSP
PT850,LSR1450
PT850,AWCGT500
TMM5,TMM15
TMM5,TMM4
TMM5,TMM6
TMM5,TMM9
TMM5,TMM11
TMM5,ACT83A
TMM5,SEPIMMSIMM
TMM5,AD10B
TMM5,FB303B
TMM5,FADH12B
GLOVE1100XX,GLOVE400M
GLOVE1100XX,GLOVE505RL
GLOVE1100XX,GLOVE309L
GLOVE1100XX,SOSG01BKCL01
GLOVE1100XX,XS1214A
GLOVE1100XX,GLOVE300BL
GLOVE1100XX,ATKIFL
GLOVE1100XX,XS2024A
GLOVE1100XX,GLOVEORIGPLUSL
GLOVE1100XX,XS1416A
S9704KFUA,BHS7A
S9704KFUA,FLX80B
S9704KFUA,AWM110DHK
S9704KFUA,S9706KA
S9704KFUA,TPM16
S9704KFUA,EC-USB-C-3A
S9704KFUA,KRA2007FPBO
S9704KFUA,AC5C
S9704KFUA,PK23A
S9704KFUA,FB303B
TMMD7,TMMD11
TMMD7,TMMD13
TMMD7,TMMD14
TMMD7,TMMD6
TMMD7,TMMD9
TMMD7,TMMD12
TMMD7,TMMD5
TMMD7,STMMD12
TMMD7,STMMD11
TMMD7,STMMD10
TMMDS6,TMMDS5
TMMDS6,TMMDS5.5
TMMDS6,TMMDS7
TMMDS6,TMMDS11
TMMDS6,TMMDS12
TMMDS6,STMMD14
TMMDS6,STMMD13
TMMDS6,STMMD12
TMMDS6,STMMD11
TMMDS6,STMMD10
SIMM230,SIMM250
SIMM230,SIMM270
SIMM230,SIMM200
SIMM230,SIMM240
SIMM230,SIMM220
SIMM230,SIMM160A
SIMM230,SIMM110A
SIMM230,CTB8174
SIMM230,PH3050BR
SIMM230,UPT35R
PPC905B,XS2024A
PPC905B,XS1416A
PPC905B,XS1820A
PPC905B,XS1012A
PPC905B,XS2226A
PPC905B,EECT400
PPC905B,KRSC46HPBO
PPC905B,ECHDD012A
PPC905B,CTB8174
PPC905B,PH3050BR
SODC1,YAKS42
SODC1,KAERNADD6RD
SODC1,SGTT4B
SODC1,SHCP1B
SODC1,SRPCR7045
SODC1,SRPCR9045
SODC1,SRPCR9090
SODC1,LN47ACF
SODC1,SRPCR7090
SODC1,SRPCR7000
VO3032B,XS2024A
VO3032B,XS1416A
VO3032B,XS1820A
VO3032B,XS1012A
VO3032B,XS2226A
VO3032B,EECT400
VO3032B,KRSC46HPBO
VO3032B,ECHDD012A
VO3032B,CTB8174
VO3032B,PH3050BR
PKNC150,SPBS36BR
PKNC150,UPTM65K
PKNC150,SOEX38
PKNC150,AWTR8
PKNC150,414AHD
PKNC150,PKN90
PKNC150,PH3050BR
PKNC150,TWM11A
PKNC150,TWM10A
PKNC150,L872
IMM100A,IMM110A
IMM100A,IMM120A
IMM100A,IMM130A
IMM100A,IMM140A
IMM100A,IMM160A
IMM100A,KRSC46HPBO
IMM100A,ECHDD012A
IMM100A,CTB8174
IMM100A,PH3050BR
IMM100A,YA438B
OEXM230B,OEXM250B
OEXM230B,FB303B
OEXM230B,OEXM290B
OEXM230B,TW461
OEXM230B,OEXM260B
OEXM230B,OEXM240B
OEXM230B,CTB8174
OEXM230B,PH3050BR
OEXM230B,EEBM600
OEXM230B,ACT83A
OC5A,FADH10B
OC5A,FB322
OC5A,RXS12B
OC5A,RXS14B
OC5A,RXS16B
OC5A,RXS18B
OC5A,RXS20B
OC5A,RXS605B
OC5A,GA460B
OC5A,BP40B
313SIMA,307SIM
313SIMA,SRPCR4700O
313SIMA,UPT35R
313SIMA,IM220
313SIMA,IM120A
313SIMA,IM320
313SIMA,IM140A
313SIMA,IM160A
313SIMA,PH3050BR
313SIMA,YA438B
SGDE70ESD,SIMM220
SGDE70ESD,SIMM180
SGDE70ESD,47ACF
SGDE70ESD,91ACP
SGDE70ESD,TMXK2
SGDE70ESD,EECT400
SGDE70ESD,KRSC46HPBO
SGDE70ESD,ECHDD012A
SGDE70ESD,CTB8174
SGDE70ESD,PH3050BR
AWSGTRP25A,SPBS8AR
AWSGTRP25A,SRPCR3800
AWSGTRP25A,91ACP
AWSGTRP25A,FX1
AWSGTRP25A,SPBS704AR
AWSGTRP25A,EECT400
AWSGTRP25A,KRSC46HPBO
AWSGTRP25A,ECHDD012A
AWSGTRP25A,CTB8174
AWSGTRP25A,PH3050BR
IM220,IM120A
IM220,IM140A
IM220,IM160A
IM220,IM320
IM220,IM180A
IM220,PH3050BR
IM220,UIM225GR
IM220,214SIMDFMYA
IM220,YA438B
IM220,UPT35G
CT825DB,CTRS761ADB
CT825DB,CTQ838DB
CT825DB,CTCO861K2
CT825DB,112SIMTMM
CT825DB,SIMTMM11
CT825DB,SIMTMM12
CT825DB,SIMTMM13
CT825DB,SIMTMM14
CT825DB,SIMTMM15
CT825DB,SIMTMM5
AWBSG16A,GFAT1E
AWBSG16A,SGD6BR
AWBSG16A,FXK6
AWBSG16A,A2A
AWBSG16A,F80
AWBSG16A,EECT400
AWBSG16A,KRSC46HPBO
AWBSG16A,ECHDD012A
AWBSG16A,CTB8174
AWBSG16A,PH3050BR
AWCG1608B,TMXK2
AWCG1608B,ATECH2FR125B
AWCG1608B,47ACF
AWCG1608B,PPC103A
AWCG1608B,SGD6BR
AWCG1608B,EECT400
AWCG1608B,KRSC46HPBO
AWCG1608B,ECHDD012A
AWCG1608B,CTB8174
AWCG1608B,PH3050BR
SDMT25D,SDM11A
SDMT25D,SDM215C
SDMT25D,SDM251IRC
SDMT25D,SDM252IRB
SDMT25D,SDM253IRC
SDMT25D,SDM2704D
SDMT25D,SDM2705D
SDMT25D,SDM2706D
SDMT25D,SDM2707D
SDMT25D,SDMT27D
STMD12,TPMC25GRN
STMD12,SGCP1CR
STMD12,XDH810B
STMD12,XS2024A
STMD12,FDS101
STMD12,FDS121
STMD12,FDS141
STMD12,FDS161
STMD12,FDS181
STMD12,FU12B
KRSC430APDC7,SEPPREMETA
KRSC430APDC7,SEPPREMET
KRSC430APDC7,FLX80B
KRSC430APDC7,SEPPRECOMB
KRSC430APDC7,SEPSTARTER
KRSC430APDC7,YA2019
KRSC430APDC7,PK23A
KRSC430APDC7,317AMMPC
KRSC430APDC7,UIM225
KRSC430APDC7,117TMM
KRSC430APOT7,SEPPREMETA
KRSC430APOT7,SEPPREMET
KRSC430APOT7,FLX80B
KRSC430APOT7,SEPPRECOMB
KRSC430APOT7,SEPSTARTER
KRSC430APOT7,YA2019
KRSC430APOT7,PK23A
KRSC430APOT7,317AMMPC
KRSC430APOT7,UIM225
KRSC430APOT7,117TMM
207FHRM,208EFTABMY
207FHRM,FABM10E
207FHRM,FABM7E
207FHRM,FABM8E
207FHRM,FABM9E
207FHRM,TMABM3E
207FHRM,TMABM4E
207FHRM,TMABM5E
207FHRM,TMABM6E
207FHRM,206EFABLM
KRA4059FPCM,VO806B
KRA4059FPCM,107ATMPB
KRA4059FPCM,TPMA10
KRA4059FPCM,VO2022B
KRA4059FPCM,VO2426B
KRA4059FPCM,VO2830B
KRA4059FPCM,ST50A
KRA4059FPCM,VO1214B
KRA4059FPCM,VO1618B
KRA4059FPCM,VO810B
KRA2007FPBO,9100AGMO
KRA2007FPBO,SEPPREATV
KRA2007FPBO,TPM16
KRA2007FPBO,AWM110DHK
KRA2007FPBO,EC-USB-C-3A
KRA2007FPBO,AC5C
KRA2007FPBO,BLPH389
KRA2007FPBO,BLPH124
KRA2007FPBO,2004BSKA
KRA2007FPBO,BLPH125
AWXL13-7/32,PL400B
AWXL13-7/32,SGDP31IRBR
AWXL13-7/32,F80
AWXL13-7/32,TMXK2
AWXL13-7/32,SIMM180
AWXL13-7/32,EECT400
AWXL13-7/32,KRSC46HPBO
AWXL13-7/32,ECHDD012A
AWXL13-7/32,CTB8174
AWXL13-7/32,PH3050BR
106ATMXWP,112RTA
106ATMXWP,WTRW9K
106ATMXWP,305SXWP
106ATMXWP,SXWP11
106ATMXWP,SXWP2
106ATMXWP,SXWP3
106ATMXWP,SXWP5
106ATMXWP,SXWP8
106ATMXWP,BTWSMPK
106ATMXWP,206AFXW
BRUTUS3R300,QD2R1000A
BRUTUS3R300,QD2R200A
BRUTUS3R300,SX24
BRUTUS3R300,QD2FR75B
BRUTUS3R300,MTEE6
BRUTUS3R300,L872
BRUTUS3R300,LDH362
BRUTUS3R300,STMMD12
BRUTUS3R300,STMMD11
BRUTUS3R300,STMMD10
AWMXL10,AWXL13
AWMXL10,AWTR8
AWMXL10,PKN90
AWMXL10,AWTXL8
AWMXL10,PKNC150
AWMXL10,TDG1
AWMXL10,JT13B
AWMXL10,KRSC326FPBO
AWMXL10,PPB612A
AWMXL10,PPB408A
BOERM14,BOERM17
BOERM14,BOERM12
BOERM14,BOERM19
BOERM14,BOERM10
BOERM14,SIM200
BOERM14,EECT400
BOERM14,KRSC46HPBO
BOERM14,ECHDD012A
BOERM14,CTB8174
BOERM14,PH3050BR
BP16B,GA236C
BP16B,340SSDP
BP16B,SPBS24A
BP16B,SEPHDSETAOB
BP16B,AWM110DHK
BP16B,AC5C
BP16B,FA12LE
BP16B,MAGML300L-S2016
BP16B,TPMB10
BP16B,TPM16
BPPC1878,310SIMMADDON
BPPC1878,307IPLY
BPPC1878,PW18C
BPPC1878,1512B
BPPC1878,IPL22C
BPPC1878,IPL20C
BPPC1878,IPF18C
BPPC1878,IPF16C
BPPC1878,IPF14C
BPPC1878,EFPHANNIBALB
TL72FOD,GMB3041
TL72FOD,S80AFOD
TL72FOD,T72FOD
TL72FOD,F80FOD
TL72FOD,TM72
TL72FOD,TMS16
TL72FOD,TMS14
TL72FOD,TMS12
TL72FOD,TMS11
TL72FOD,TMS10
UIM2RSLT,UPTLP2
UIM2RSLT,UIM2LT
UIM2RSLT,DBHS13
UIM2RSLT,FB305A
UIM2RSLT,GA265A
UIM2RSLT,FZ4B
UIM2RSLT,SF301
UIM2RSLT,SF191
UIM2RSLT,DBBPT13
UIM2RSLT,MRB10B
VGP104,PKB52A
VGP104,VGP12509
VGP104,VGP12808
VGP104,VGP12412
VGP104,AWMEF8K
VGP104,FB361A
VGP104,PGP50
VGP104,YA427B
VGP104,YA160A
VGP104,GA296B
AYESCRD,BLP18HVLP
AYESCRD,BLP13HVLP
AYESCRD,BF555
AYESCRD,PSO4625
AYESCRD,AT109
AYESCRD,UTS105A
AYESCRD,PBN500
AYESCRD,ECHDD012A
AYESCRD,ATECH3FR300B
AYESCRD,BLPTHC87
B240B,S6112
B240B,TR107A
B240B,B3404B
B240B,B1356E
B240B,SHCP1B
B240B,SOXRRM15A
B240B,SOXRRM14A
B240B,SOXRRM11A
B240B,SOXRRM12A
B240B,SOXRRM13A
BLPTL1420,BLPTL148
BLPTL1420,BLPTL146
BLPTL1420,BLPTL1415
BLPTL1420,BLPTL1410
BLPTL1420,BLPTL1427
BLPTL1420,EECT400
BLPTL1420,KRSC46HPBO
BLPTL1420,ECHDD012A
BLPTL1420,CTB8174
BLPTL1420,PH3050BR
BF620C,FBSM325
BF620C,YA450B
BF620C,10R
BF620C,S9706KMAG
BF620C,OFW1
BF620C,PKRS1
BF620C,AW1013DK
BF620C,AD12B
BF620C,AWMEF7K
BF620C,FBM320
BLPH387,BLPH38732
BLPH387,BLPH389
BLPH387,BLPH38516
BLPH387,BLPH388
BLPH387,BLPH3814
BLPH387,TS201
BLPH387,TS181A
BLPH387,TS161A
BLPH387,TS141A
BLPH387,TS121A
BLPHS14316,SPBS12AR
BLPHS14316,F80
BLPHS14316,PPC106LA
BLPHS14316,ATECH2FR125B
BLPHS14316,SGDP42IRBR
BLPHS14316,EECT400
BLPHS14316,KRSC46HPBO
BLPHS14316,ECHDD012A
BLPHS14316,CTB8174
BLPHS14316,PH3050BR
L872RM,L872RJ
L872RM,305SIMMY
L872RM,L8112A
L872RM,425IMM
L872RM,IMM172A
L872RM,IMM182A
L872RM,IMM192A
L872RM,IMM202A
L872RM,IMM212A
L872RM,IMM222A
LDT3730,LDT8
LDT3730,ASGP102BR
LDT3730,ASGP1BR
LDT3730,ASGP2BR
LDT3730,SHLL80A
LDT3730,FB336
LDT3730,EEPV500
LDT3730,SRPCR7090
LDT3730,SRPCR7000
LDT3730,SRPCR3890
GA265A,XS2024A
GA265A,XS1416A
GA265A,XS1820A
GA265A,XS1012A
GA265A,XS2226A
GA265A,KRSC46HPBO
GA265A,ECHDD012A
GA265A,CTB8174
GA265A,PH3050BR
GA265A,FADH10B
GLOVEORIGPLUSXL,SIMM240
GLOVEORIGPLUSXL,SIMM210
GLOVEORIGPLUSXL,SIMM200
GLOVEORIGPLUSXL,91ACP
GLOVEORIGPLUSXL,SIMM190
GLOVEORIGPLUSXL,SGDP42IRBR
GLOVEORIGPLUSXL,PPC105LA
GLOVEORIGPLUSXL,SGD2BR
GLOVEORIGPLUSXL,SPBS12AR
GLOVEORIGPLUSXL,FX1
HCP48BCF,SGAS102BG
HCP48BCF,SGAS1713BG
HCP48BCF,SGAS1714BG
HCP48BCF,SGAS102BR
HCP48BCF,SGAS1713BR
HCP48BCF,SGAS1714BR
HCP48BCF,PTM30
HCP48BCF,HCP10
HCP48BCF,AWPBX10
HCP48BCF,CLRPW75
SEPPRECOMBA,KRA4107FPBO
SEPPRECOMBA,KRA4813FPBO
SEPPRECOMBA,CTB8187
SEPPRECOMBA,SIM340
SEPPRECOMBA,SIM380
SEPPRECOMBA,SIM360
SEPPRECOMBA,SIM400
SEPPRECOMBA,RAF80A
SEPPRECOMBA,CTB8174
SEPPRECOMBA,PH3050BR
SEPPROK12PCA,SRPCR4700
SEPPROK12PCA,SPBS8AR
SEPPROK12PCA,47ACF
SEPPROK12PCA,A2A
SEPPROK12PCA,SGD6BR
SEPPROK12PCA,EECT400
SEPPROK12PCA,KRSC46HPBO
SEPPROK12PCA,ECHDD012A
SEPPROK12PCA,CTB8174
SEPPROK12PCA,PH3050BR
SEPPROK12POTA,BLPTHC87
SEPPROK12POTA,PPC103A
SEPPROK12POTA,FXK3
SEPPROK12POTA,GFAT1E
SEPPROK12POTA,SGASA204CR
SEPPROK12POTA,EECT400
SEPPROK12POTA,KRSC46HPBO
SEPPROK12POTA,ECHDD012A
SEPPROK12POTA,CTB8174
SEPPROK12POTA,PH3050BR
SEPPROK1PWZA,SPBS704AR
SEPPROK1PWZA,FX1
SEPPROK1PWZA,TMU8B
SEPPROK1PWZA,BLPTHC87
SEPPROK1PWZA,SGASA204CR
SEPPROK1PWZA,EECT400
SEPPROK1PWZA,KRSC46HPBO
SEPPROK1PWZA,ECHDD012A
SEPPROK1PWZA,CTB8174
SEPPROK1PWZA,PH3050BR
SGAS102BG,PBMMA5G
SGAS102BG,SGRHT6BG
SGAS102BG,PBMMB5G
SGAS102BG,PTM2
SGAS102BG,HCP48BCF
SGAS102BG,CSSD50R
SGAS102BG,SOEXM21
SGAS102BG,SOEXM20
SGAS102BG,ECHDD012A
SGAS102BG,FB316B
TB30C,SIMM150A
TB30C,SPBS8AR
TB30C,ATECH2FR125B
TB30C,SRPCR4700
TB30C,SRPCR3800
TB30C,SPBS12AR
TB30C,SPBS18AR
TB30C,96ACF
TB30C,FU8A
TB30C,SGD4BR
TDM117B,D010ASF
TDM117B,D011ASF
TDM117B,D012ASF
TDM117B,D013ASF
TDM117B,D014ASF
TDM117B,D015ASF
TDM117B,D016ASF
TDM117B,D017ASF
TDM117B,D018ASF
TDM117B,D019ASF
LSR2500PLUS,LSR1150
LSR2500PLUS,LSR2000
LSR2500PLUS,LSR1250
LSR2500PLUS,LSR1000EXT
LSR2500PLUS,FS181
LSR2500PLUS,SHD8R
LSR2500PLUS,GLA12B
LSR2500PLUS,PH3050BR
LSR2500PLUS,IMX52
LSR2500PLUS,IMX112
PHT5,5CF
PHT5,ASG185BR
PHT5,ATECHMS80M
PHT5,CCY21508
PHT5,DANTG70
PHT5,FSNSS-508-BO
PHT5,JHW30012
PHT5,KNX8111250
PHT5,KNX8603125
PHT5,KNX8603150
PBMB5O,PBMA5O
PBMB5O,PBMMS5O
PBMB5O,PBMMB5O
PBMB5O,PBMS5R
PBMB5O,PBMMS5G
PBMB5O,FCOM14A
PBMB5O,FCOM13A
PBMB5O,FCOM12A
PBMB5O,FCOM11A
PBMB5O,FCOM10A
PKB53A,HBBT16
PKB53A,UPT2FL
PKB53A,FAM10E
PKB53A,FAM4E
PKB53A,FAM5E
PKB53A,FAM6E
PKB53A,FAM7E
PKB53A,FAM9E
PKB53A,FAM8E
PKB53A,SPBS704AR
PT28E,GA236C
PT28E,CTTOTEAO
PT28E,DBBPC21
PT28E,SPBS24A
PT28E,AWM140DK
PT28E,218AFP
PT28E,FB307D
PT28E,AWL1010DK
PT28E,GA3645A
PT28E,AD6C
RBM810C,RBM1719C
RBM810C,FHLLF80
RBM810C,PL400B
RBM810C,96ACF
RBM810C,87BCF
RBM810C,91ACP
RBM810C,KRSC46HPBO
RBM810C,ECHDD012A
RBM810C,CTB8174
RBM810C,PH3050BR
KACKFLTCLNR,KACKMCFIBER1
KACKFLTCLNR,CLRPW75
KACKFLTCLNR,RULER6
KACKFLTCLNR,MAGMAT
KACKFLTCLNR,MAGDISH
KACKFLTCLNR,SOXRRM11A
KACKFLTCLNR,SOXRRM12A
KACKFLTCLNR,SOXRRM13A
KACKFLTCLNR,SOXRRM14A
KACKFLTCLNR,SOXRRM15A
KWSP2455AST,KCP1422PBO
KWSP2455AST,AT4124
KWSP2455AST,PW18C
KWSP2455AST,AT4135
KWSP2455AST,KCP2422PBO
KWSP2455AST,IPL22C
KWSP2455AST,IPL20C
KWSP2455AST,SR40K
KWSP2455AST,IPL18C
KWSP2455AST,IPL28C
US712,AW1020DK
US712,TPMA10
US712,KRA2055FPBO
US712,AWM140DK
US712,222AFSMP
US712,ITHE100
US712,210AFLEY
US712,FLE160A
US712,FLE100A
US712,FLE180A
UTV615A,UTV614A
UTV615A,14V
UTV615A,PK500A
UTV615A,BF775C-A
UTV615A,UTV616A
UTV615A,AT118
UTV615A,SFS101
UTV615A,GLASS30BK
UTV615A,SFS081
UTV615A,AT4101
VSC4KT-2,SPBS8AR
VSC4KT-2,47ACF
VSC4KT-2,SIMM220
VSC4KT-2,ATECH2FR125B
VSC4KT-2,SGD8BR
VSC4KT-2,EECT400
VSC4KT-2,KRSC46HPBO
VSC4KT-2,ECHDD012A
VSC4KT-2,CTB8174
VSC4KT-2,PH3050BR
XDSG606K1G,XDSGM607K1O
XDSG606K1G,XDSGM607K1G
XDSG606K1G,XDSGM607K1
XDSG606K1G,XDSGM16O
XDSG606K1G,XDSGM17O
XDSG606K1G,XDSGM18O
XDSG606K1G,XDSGM19O
XDSG606K1G,XDSGM21O
XDSG606K1G,XDSGM22O
XDSG606K1G,XDSGM24O
YA2850A,ADHW8A
YA2850A,AEM444
YA2850A,AEM5530
YA2850A,AEM6530
YA2850A,AN850811B
YA2850A,HDM1236
YA2850A,LP10WC
YA2850A,S7100
YA2850A,VO3234B
YA2850A,XO2022
SAG03S12,PTC250
SAG03S12,PTGR100
SAG03S12,PHG1055BK
SAG03S12,FL80
SAG03S12,TTX8E
SAG03S12,206AFX
SAG03S12,TTX10E
SAG03S12,TTX15E
SAG03S12,TTX25E
SAG03S12,TTX20E
VSM807B,AWMEF6K
VSM807B,VS26B
VSM807B,VS28B
VSM807B,VS30B
VSM807B,VS32B
VSM807B,VS34B
VSM807B,VS36B
VSM807B,VS40B
VSM807B,VS814A
VSM807B,AWEF6K
SOEX28,SOEX10
SOEX28,SOEX26
SOEX28,SOEX12
SOEX28,SOEX14
SOEX28,SOEX16
SOEX28,SOEX18
SOEX28,SOEX20
SOEX28,SOEX22
SOEX28,SOEX24
SOEX28,SOEX38
XS810A,XS2024A
XS810A,XS1012A
XS810A,XS1416A
XS810A,XS1820A
XS810A,XS1214A
XS810A,EECT400
XS810A,KRSC46HPBO
XS810A,ECHDD012A
XS810A,CTB8174
XS810A,PH3050BR
KRSC2460PBO7,LP404
KRSC2460PBO7,SPBS704AR
KRSC2460PBO7,PL400B
KRSC2460PBO7,SPBS24AR
KRSC2460PBO7,SPBS8AR
KRSC2460PBO7,SPBS12AR
KRSC2460PBO7,SPBS18AR
KRSC2460PBO7,87BCF
KRSC2460PBO7,47ACF
KRSC2460PBO7,SGASA204CR
KRSC2460PCM1,LP404
KRSC2460PCM1,SPBS704AR
KRSC2460PCM1,PL400B
KRSC2460PCM1,SPBS24AR
KRSC2460PCM1,SPBS8AR
KRSC2460PCM1,SPBS12AR
KRSC2460PCM1,SPBS18AR
KRSC2460PCM1,87BCF
KRSC2460PCM1,47ACF
KRSC2460PCM1,SGASA204CR
KRSC2460PCM7,LP404
KRSC2460PCM7,SPBS704AR
KRSC2460PCM7,PL400B
KRSC2460PCM7,SPBS24AR
KRSC2460PCM7,SPBS8AR
KRSC2460PCM7,SPBS12AR
KRSC2460PCM7,SPBS18AR
KRSC2460PCM7,87BCF
KRSC2460PCM7,47ACF
KRSC2460PCM7,SGASA204CR
PHG1055BK,PH3050BR
PHG1055BK,PH3050BG
PHG1055BK,AT2050
PHG1055BK,PH3050BHV
PHG1055BK,PH1050
PHG1055BK,PH1038
PHG1055BK,IPL32C
PHG1055BK,VWB8B
PHG1055BK,312IPL
PHG1055BK,IPL26C
TMXK110,TMXK80
TMXK110,TMX1
TMXK110,TMXK4
TMXK110,TMXK60
TMXK110,TMXK2
TMXK110,206AFX
TMXK110,SXK8
TMXK110,FX18
TMXK110,FX24A
TMXK110,PG160
206SPKPLGMAG,XDLRM10A
206SPKPLGMAG,XDLRM13A
206SPKPLGMAG,XDLRM15A
206SPKPLGMAG,XDLRM17A
206SPKPLGMAG,XDLRM19A
206SPKPLGMAG,XDLRM705K2A
206SPKPLGMAG,S3624
206SPKPLGMAG,XFRRM1214
206SPKPLGMAG,XFRRM1315
206SPKPLGMAG,XFRRM1618
207EFAMY,SPBS36BR
207EFAMY,FLX80B
207EFAMY,TFM7530B
207EFAMY,PK23A
207EFAMY,SOEX707
207EFAMY,TWM30
207EFAMY,TWM32
207EFAMY,CTB8174
207EFAMY,PH3050BR
207EFAMY,FADH12B
PPN4050,PPK15
PPN4050,612AEP
PPN4050,SSF1
PPN4050,RBYAM605
PPN4050,RTSM10
PPN4050,RTSM11
PPN4050,RTSM12
PPN4050,RTSM13
PPN4050,RTSM5
PPN4050,RTSM5.5
MRB12B,MRB15B
MRB12B,MRB10B
MRB12B,MRB5B
MRB12B,HSPD16
MRB12B,PLRK21
MRB12B,JCW80AR
MRB12B,EECT424HD
MRB12B,MAGMAT
MRB12B,CTTOTEA
MRB12B,MAGDISH
PTGR450,BHS7A
PTGR450,PT450-WH
PTGR450,EFPHANNIBALB
PTGR450,222AFSP
PTGR450,PDR5000A
PTGR450,DB129C
PTGR450,425IMM
PTGR450,IMM172A
PTGR450,IMM182A
PTGR450,IMM192A
SIM400,SIM360
SIM400,SIM340
SIM400,SIM380
SIM400,SRPCR4700O
SIM400,SIM180A
SIM400,SIM160A
SIM400,CTB8174
SIM400,PH3050BR
SIM400,YA438B
SIM400,UPT35R
MPBS1140AO,FHX80B
MPBS1140AO,HJ47ACF
MPBS1140AO,FSS081
MPBS1140AO,FSS101
MPBS1140AO,FSS201
MPBS1140AO,FSS221
MPBS1140AO,FSS241
MPBS1140AO,FSS261
MPBS1140AO,FSS281
MPBS1140AO,FSS141
KASS13,JCW80AR
KASS13,MAGMAT
KASS13,PT40B
KASS13,HCP48BCF
KASS13,ECHDF042
KASS13,JCK8
KASS13,TDG2
KASS13,MAGDISH
KASS13,CTB8174
KASS13,IPF800B
SXK3,SXK8
SXK3,SX2
SXK3,FB303B
SXK3,AWEF6K
SXK3,SWM111A
SXK3,SN25A
SXK3,SWM101A
SXK3,EFPHANNIBALB
SXK3,ACT83A
SXK3,GA3645A
SDM251C,SDM252C
SDM251C,SDMT25D
SDM251C,SDMT20D
SDM251C,SDMT10D
SDM251C,SSDMR4BR
SDM251C,RXFMS1921B
SDM251C,RXFMS1618B
SDM251C,RXFMS1517B
SDM251C,RXFMS1314B
SDM251C,RXFMS1012B
TPGDL2000ORG,FBSM325
TPGDL2000ORG,QD3RN350A
TPGDL2000ORG,SEPIMMSIMMA
TPGDL2000ORG,SEPIMMSIMM
TPGDL2000ORG,PKRS1
TPGDL2000ORG,LSR1450
TPGDL2000ORG,LSRM2000
TPGDL2000ORG,LSR1580
TPGDL2000ORG,BTG8
TPGDL2000ORG,AWCGT500
SN18B,XS2024A
SN18B,XS1416A
SN18B,XS1820A
SN18B,XS1012A
SN18B,XS2226A
SN18B,ECHDD012A
SN18B,CTB8174
SN18B,PH3050BR
SN18B,UPT35G
SN18B,FADH12B
AWSGT7A,AWSGT8A
AWSGT7A,AWSGT6A
AWSGT7A,SIMM160A
AWSGT7A,FX1
AWSGT7A,PPC106LA
AWSGT7A,EECT400
AWSGT7A,KRSC46HPBO
AWSGT7A,ECHDD012A
AWSGT7A,CTB8174
AWSGT7A,PH3050BR
SVTS272A,BOERM18
SVTS272A,SVTA9100
SVTS272A,RADKITULTRA
SVTS272A,SVTSRAD272U
SVTS272A,TA32A
SVTS272A,BOERM21
SVTS272A,EEPV500
SVTS272A,CJ2001P
SVTS272A,LDT8
SVTS272A,ATECH4RS600
131TMPB,AB3042
131TMPB,BLP7
131TMPB,CT861K2
131TMPB,CTS561BITXL
131TMPB,EEDM604F
131TMPB,FSM201
131TMPB,FSM211
131TMPB,FSM221
131TMPB,IMM320
131TMPB,KDT3729
AWML8D,SPBS18AR
AWML8D,PPC106LA
AWML8D,SIMM190
AWML8D,FXK6
AWML8D,TMU8B
AWML8D,EECT400
AWML8D,KRSC46HPBO
AWML8D,ECHDD012A
AWML8D,CTB8174
AWML8D,PH3050BR
GLOVE600MG,S9704KMAG
GLOVE600MG,AWMBPH9
GLOVE600MG,GLOVE505RL
GLOVE600MG,AWBPH13
GLOVE600MG,OXIM6B
GLOVE600MG,SFSM21
GLOVE600MG,GLOVE309L
GLOVE600MG,HSPD16
GLOVE600MG,STMM4
GLOVE600MG,S9706KMAG
AT475A,AT408
AT475A,PSO4625
AT475A,SOEX707
AT475A,PTC250
AT475A,BLPTORX1410
AT475A,PBN500
AT475A,PH3050BR
AT475A,LN46ACF
AT475A,SOEX12
AT475A,SOEX14
AWTR8-6,SIMM210
AWTR8-6,GFAT1E
AWTR8-6,SPBS24AR
AWTR8-6,SGASA204CR
AWTR8-6,SGD2BR
AWTR8-6,EECT400
AWTR8-6,KRSC46HPBO
AWTR8-6,ECHDD012A
AWTR8-6,CTB8174
AWTR8-6,PH3050BR
106TMUA,AWL1010DK
106TMUA,112RTA
106TMUA,PT5CBL
106TMUA,WTRW9K
106TMUA,BTWSMPK
106TMUA,YA2020
106TMUA,214SFY
106TMUA,110ETMAY
106TMUA,SF191
106TMUA,SF301
STX55E,STX60E
STX55E,STX70E
STX55E,FTX27E
STX55E,FTX30E
STX55E,FTX47E
STX55E,FTX55E
STX55E,FTX50E
STX55E,FTX45E
STX55E,FTX40E
STX55E,PH3050BR
SOEX707,SPBS36BR
SOEX707,PKNC150
SOEX707,UPTM65K
SOEX707,414AHD
SOEX707,FADH12B
SOEX707,L872
SOEX707,LDH362
SOEX707,LDH342
SOEX707,SFS101
SOEX707,SFS081
FH80MP,FHOF80A
FH80MP,FZ80
FH80MP,THNF72
FH80MP,THRLX72
FH80MP,FHBF80A
FH80MP,SXWP11
FH80MP,MAGMICRO
FH80MP,TMXKL60A
FH80MP,TMXKL240A
FH80MP,TMXKL114A
FM13,FM8
FM13,FM9
FM13,FM11
FM13,FM18
FM13,FM16
FM13,FM15
FM13,FM19
FM13,SFM12
FM13,SFM11
FM13,SFM10
AWEF6K,AWMEF8K
AWEF6K,SWM261
AWEF6K,SWM251
AWEF6K,SWM271
AWEF6K,AWMEF6K
AWEF6K,ECHDD012A
AWEF6K,CTB8174
AWEF6K,PH3050BR
AWEF6K,SW121A
AWEF6K,ECF35
CDR4P11L3K2,SIMM160A
CDR4P11L3K2,SIMM180
CDR4P11L3K2,96ACF
CDR4P11L3K2,SPBS24AR
CDR4P11L3K2,SPBS8AR
CDR4P11L3K2,SGD8BR
CDR4P11L3K2,47ACF
CDR4P11L3K2,GFAT1E
CDR4P11L3K2,SRPCR3800
CDR4P11L3K2,SGD4BR
GLASS50BK,222SFFSFR
GLASS50BK,TD1040A
GLASS50BK,TDM100A
GLASS50BK,224SFFSMFR
GLASS50BK,340SSDP
GLASS50BK,AT4124
GLASS50BK,10SSD
GLASS50BK,PK52A
GLASS50BK,AT4135
GLASS50BK,ACT1290A
AWML3D,SGD6BR
AWML3D,F80
AWML3D,SIMM200
AWML3D,TMXK4
AWML3D,SGDP31IRBR
AWML3D,EECT400
AWML3D,KRSC46HPBO
AWML3D,ECHDD012A
AWML3D,CTB8174
AWML3D,PH3050BR
SGD2BO,SGD6BR
SGD2BO,SGDP31IRBR
SGD2BO,SGDP42IRBR
SGD2BO,SGDP63IRBR
SGD2BO,SGD8BR
SGD2BO,MTTL300
SGD2BO,ACT83A
SGD2BO,SHDP22IRR
SGD2BO,FB303B
SGD2BO,SEPIMMSIMM
KRA2406BPBO,SIMM170
KRA2406BPBO,GFAT1E
KRA2406BPBO,SGDP42IRBR
KRA2406BPBO,F80
KRA2406BPBO,SRPCR4700
KRA2406BPBO,SGDX80BR
KRA2406BPBO,TMXK60
KRA2406BPBO,SIMM200
KRA2406BPBO,SIMM180
KRA2406BPBO,FXK11
KRA2406BPC,SGDP31IRBR
KRA2406BPC,SGDP42IRBR
KRA2406BPC,SIMM210
KRA2406BPC,SIMM180
KRA2406BPC,SGD2BR
KRA2406BPC,SPBS24AR
KRA2406BPC,SGD6BR
KRA2406BPC,SGASA204CR
KRA2406BPC,PPC106LA
KRA2406BPC,47ACF
AWMXL10-2.5,SGD4BR
AWMXL10-2.5,FXK11
AWMXL10-2.5,FX1
AWMXL10-2.5,TMXK60
AWMXL10-2.5,PPC4A
AWMXL10-2.5,EECT400
AWMXL10-2.5,KRSC46HPBO
AWMXL10-2.5,ECHDD012A
AWMXL10-2.5,CTB8174
AWMXL10-2.5,PH3050BR
TMM11,TMM9
TMM11,TMM6
TMM11,TMM12
TMM11,TMM13
TMM11,TMM14
TMM11,ECHDD012A
TMM11,CTB8174
TMM11,PH3050BR
TMM11,FADH12B
TMM11,STMM9
110TMDY,107ATMPB
110TMDY,112RTA
110TMDY,110STMDY
110TMDY,PT5CBL
110TMDY,STMD9
110TMDY,STMD6
110TMDY,STMD11
110TMDY,CTB8174
110TMDY,PH3050BR
110TMDY,TMMD13
AWSGT10A,SIMM200
AWSGT10A,SHD1R
AWSGT10A,PPC105LA
AWSGT10A,91ACP
AWSGT10A,SGD4BR
AWSGT10A,EECT400
AWSGT10A,KRSC46HPBO
AWSGT10A,ECHDD012A
AWSGT10A,CTB8174
AWSGT10A,PH3050BR
214SIMFMYA,212SIMFYA
214SIMFMYA,SIMF100A
214SIMFMYA,SIMF120A
214SIMFMYA,SIMF140A
214SIMFMYA,SIMF160
214SIMFMYA,SIMF180
214SIMFMYA,SIMF200
214SIMFMYA,SIMF220
214SIMFMYA,SIMF240
214SIMFMYA,SIMF260
KRA4813FPJJ,KRA4114FPBO
KRA4813FPJJ,KRA4810FPBO
KRA4813FPJJ,YA2019
KRA4813FPJJ,ST50A
KRA4813FPJJ,FB302A
KRA4813FPJJ,YA900
KRA4813FPJJ,BP8B
KRA4813FPJJ,AD12C
KRA4813FPJJ,TB40
KRA4813FPJJ,QD3250A
AWSGT40A,SPBS8AR
AWSGT40A,SPBS18AR
AWSGT40A,SGD2BR
AWSGT40A,T72
AWSGT40A,47ACF
AWSGT40A,EECT400
AWSGT40A,KRSC46HPBO
AWSGT40A,ECHDD012A
AWSGT40A,CTB8174
AWSGT40A,PH3050BR
AWSGT8A,AWSGT7A
AWSGT8A,AWSGT6A
AWSGT8A,BLPTHC87
AWSGT8A,SGD2BR
AWSGT8A,PWCS7ACF
AWSGT8A,EECT400
AWSGT8A,KRSC46HPBO
AWSGT8A,ECHDD012A
AWSGT8A,CTB8174
AWSGT8A,PH3050BR
FBST338GRN,PPC103A
FBST338GRN,SHD1R
FBST338GRN,FX1
FBST338GRN,SGD6BR
FBST338GRN,SIMM180
FBST338GRN,PPC105LA
FBST338GRN,SPBS704AR
FBST338GRN,TMXK2
FBST338GRN,96ACF
FBST338GRN,FXK3
KRA2422PDC,KRWT2411
KRA2422PDC,KWSN2455AST
KRA2422PDC,SRPCR4700O
KRA2422PDC,SEPAMTSET
KRA2422PDC,KWSP2455ABL
KRA2422PDC,PG160
KRA2422PDC,EFPHANNIBALB
KRA2422PDC,UPT35R
KRA2422PDC,ACT1370
KRA2422PDC,SEPPREHD
AWSGM3A,SGDP42IRBR
AWSGM3A,TMXK60
AWSGM3A,SRPCR3800
AWSGM3A,SGASA204CR
AWSGM3A,PPC106LA
AWSGM3A,EECT400
AWSGM3A,KRSC46HPBO
AWSGM3A,ECHDD012A
AWSGM3A,CTB8174
AWSGM3A,PH3050BR
AT380A,AT5500
AT380A,AT109
AT380A,FHBB18A
AT380A,212SIMFYA
AT380A,SIMF100A
AT380A,SIMF120A
AT380A,SIMF140A
AT380A,SIMF160
AT380A,SIMF180
AT380A,SIMF200
CT9010GDB,AB3042
CT9010GDB,BLP7
CT9010GDB,CT861K2
CT9010GDB,CTS561BITXL
CT9010GDB,EEDM604F
CT9010GDB,FSM201
CT9010GDB,FSM211
CT9010GDB,FSM221
CT9010GDB,IMM320
CT9010GDB,KDT3729
AWSG06A,SGDP42IRBR
AWSG06A,SGDX80BR
AWSG06A,A2A
AWSG06A,FHLF80A
AWSG06A,SRPCR3800
AWSG06A,EECT400
AWSG06A,KRSC46HPBO
AWSG06A,ECHDD012A
AWSG06A,CTB8174
AWSG06A,PH3050BR
XFRR704,BFCR708A
XFRR704,XFRRM1214
XFRR704,XFRRM1315
XFRR704,XFRRM1618
XFRR704,XFRRM1719
XFRR704,XFRRM705
XFRR704,XFRRM810
XFRR704,SOXRR702A
XFRR704,XDHF1214
XFRR704,XDHF1618
TMD18,XS2024A
TMD18,5CF
TMD18,ASG185BR
TMD18,ATECHMS80M
TMD18,CCY21508
TMD18,DANTG70
TMD18,FSNSS-508-BO
TMD18,JHW30012
TMD18,KNX8111250
TMD18,KNX8603125
FHL80,THL72
FHL80,SHL80A
FHL80,THLL72
FHL80,SH80A
FHL80,SHLL80A
FHL80,OEXLM14B
FHL80,OEXLM13B
FHL80,OEXLM12B
FHL80,OEXLM11B
FHL80,OEXLM10B
IPLM19C,IPLM11C
IPLM19C,IPLM15C
IPLM19C,IPLM10C
IPLM19C,IPLM17C
IPLM19C,IPLM12C
IPLM19C,EECT400
IPLM19C,KRSC46HPBO
IPLM19C,ECHDD012A
IPLM19C,CTB8174
IPLM19C,PH3050BR
SW141A,SW121A
SW141A,SW221
SW141A,SW261
SW141A,SW241
SW141A,SW181A
SW141A,SW161A
SW141A,S141A
SW141A,S121A
SW141A,FB322
SW141A,FB307D
TMMDS11,TMMDS12
TMMDS11,TMMDS5
TMMDS11,TMMDS5.5
TMMDS11,TMMDS9
TMMDS11,TMMDS15
TMMDS11,STMMD14
TMMDS11,STMMD13
TMMDS11,STMMD12
TMMDS11,STMMD11
TMMDS11,STMMD10
KCP1422PJJ,KWSP2455AST
KCP1422PJJ,KWSN2455ABL
KCP1422PJJ,KWSN2455AST
KCP1422PJJ,KWSP2455ABL
KCP1422PJJ,KRWT2411
KCP1422PJJ,UPT35R
KCP1422PJJ,SR40K
KCP1422PJJ,BTC7B
KCP1422PJJ,OXIM7B
KCP1422PJJ,AWMG9
84CF,112RTA
84CF,WTRW9K
84CF,BTWSMPK
84CF,110ETMAY
84CF,XO605
84CF,86ACF
84CF,SSFP1
84CF,OEX100B
84CF,915CP
84CF,FLX80B
SSDMR4BR,TPM16
SSDMR4BR,EC-USB-C-3A
SSDMR4BR,AWM110DHK
SSDMR4BR,AC5C
SSDMR4BR,GMB3041
SSDMR4BR,2004BSKA
SSDMR4BR,KRA2007FPBO
SSDMR4BR,FB360C
SSDMR4BR,SGA173BO
SSDMR4BR,224SFFSMFR
YA4610,SGD8BR
YA4610,SGDP42IRBR
YA4610,SGDP31IRBR
YA4610,SPBS24AR
YA4610,TMXK2
YA4610,SGD2BR
YA4610,FXK11
YA4610,FU8A
YA4610,ATECH2FR125B
YA4610,TMXK4
KRSC430APCM1,AD12B
KRSC430APCM1,S9704KMAG
KRSC430APCM1,OXIM6B
KRSC430APCM1,YA249
KRSC430APCM1,AWMBPH9
KRSC430APCM1,KRSC323PBO
KRSC430APCM1,STMM4
KRSC430APCM1,SEPPREMET
KRSC430APCM1,YA2019
KRSC430APCM1,SEPPREHD
PPB1002A,340SSDP
PPB1002A,PT5CBL
PPB1002A,AD8B
PPB1002A,10SSD
PPB1002A,DS806AK
PPB1002A,FADH10B
PPB1002A,SPBS12A
PPB1002A,OC5A
PPB1002A,YA2020
PPB1002A,218AFP
SGA1712BR,SGA1711BR
SGA1712BR,SGA174BR
SGA1712BR,SGA175BR
SGA1712BR,SGA1710BR
SGA1712BR,SGA173BR
SGA1712BR,SGD480BR
SGA1712BR,SGD4160BR
SGA1712BR,SGD146BR
SGA1712BR,SVTS264
SGA1712BR,RADKITULTRA
VWB400A,PTGR100
VWB400A,D020MASF
VWB400A,D1012MASF
VWB400A,D1015MASF
VWB400A,D1115MASF
VWB400A,D1215MASF
VWB400A,D1217MASF
VWB400A,D305MASF
VWB400A,D4075MASF
VWB400A,D407MBSF
VWB8B,SGD4BR
VWB8B,47ACF
VWB8B,SRPCR4700
VWB8B,SIMM220
VWB8B,PL400B
VWB8B,PPC4A
VWB8B,FXK6
VWB8B,91ACP
VWB8B,TMXK2
VWB8B,PPC103A
FTX60E,FBSM325
FTX60E,TWM31
FTX60E,TTX40E
FTX60E,S9724RHS
FTX60E,SGA173BO
FTX60E,TWM29
FTX60E,FBM320
FTX60E,PKNC125C2
FTX60E,FLE160A
FTX60E,S9706KMAG
TA4505,IMM180
TA4505,AWBMCG1603
TA4505,IMM150A
TA4505,IM200
TA4505,IM240
TA4505,IMM170A
TA4505,IM180A
TA4505,IM160A
TA4505,SIM180A
TA4505,IM260
SGDMRC44BO,TPMC25GRN
SGDMRC44BO,SGCP1CR
SGDMRC44BO,XDH810B
SGDMRC44BO,FDS101
SGDMRC44BO,FDS121
SGDMRC44BO,FDS141
SGDMRC44BO,FDS161
SGDMRC44BO,FDS181
SGDMRC44BO,FU12B
SGDMRC44BO,FU14B
THRLX72G,FHOF80A
THRLX72G,THR72
THRLX72G,FHLX80B
THRLX72G,SHX80B
THRLX72G,FHR80
THRLX72G,STMMD14
THRLX72G,STMMD13
THRLX72G,STMMD12
THRLX72G,STMMD11
THRLX72G,STMMD10
MTTL800,YA1175KIT
MTTL800,PWZ5
MTTL800,MTTL433
MTTL800,MTTL750
MTTL800,EEDM596FK
MTTL800,PL400BO
MTTL800,YA824C
MTTL800,2005BSKA
MTTL800,CJ92
MTTL800,PHP2A
SVTSRAD272U,SVTS264
SVTSRAD272U,SVTA9100
SVTSRAD272U,SVTS272A
SVTSRAD272U,LDT40
SVTSRAD272U,SVTS263A
SVTSRAD272U,LDT8
SVTSRAD272U,PHP2A
SVTSRAD272U,EEBC30A12V
SVTSRAD272U,ECUHD218
SVTSRAD272U,SBT26
PDR3000A,14V
PDR3000A,GA243
PDR3000A,BF775C-A
PDR3000A,SDG10S25F
PDR3000A,DPT7A
PDR3000A,S6103A
PDR3000A,S9538A
PDR3000A,S9614A
PDR3000A,AT425R
PDR3000A,A179A
TMMDS9,TMMDS7
TMMDS9,TMMDS11
TMMDS9,TMMDS12
TMMDS9,TMMDS5
TMMDS9,TMMDS5.5
TMMDS9,STMMD14
TMMDS9,STMMD13
TMMDS9,STMMD12
TMMDS9,STMMD11
TMMDS9,STMMD10
FM15,FM8
FM15,FM9
FM15,FM16
FM15,FM18
FM15,FM11
FM15,FM19
FM15,FM17
FM15,SFM12
FM15,SFM11
FM15,SFM10
SGTT5B,SGTT8B
SGTT5B,SGTT9B
SGTT5B,SGTT1B
SGTT5B,SGTT2B
SGTT5B,SGTT3B
SGTT5B,YA1175KIT
SGTT5B,YAKS42
SGTT5B,MTTL800
SGTT5B,ACT407
SGTT5B,ACT413A
AWXL13-1/16,FHLF80A
AWXL13-1/16,SIMM220
AWXL13-1/16,SGDP42IRBR
AWXL13-1/16,SGD4BR
AWXL13-1/16,PL400B
AWXL13-1/16,EECT400
AWXL13-1/16,KRSC46HPBO
AWXL13-1/16,ECHDD012A
AWXL13-1/16,CTB8174
AWXL13-1/16,PH3050BR
AWXL13-1/4,47ACF
AWXL13-1/4,SIMM210
AWXL13-1/4,ATECH2FR125B
AWXL13-1/4,TMXK4
AWXL13-1/4,SIMM170
AWXL13-1/4,EECT400
AWXL13-1/4,KRSC46HPBO
AWXL13-1/4,ECHDD012A
AWXL13-1/4,CTB8174
AWXL13-1/4,PH3050BR
AWBSGM5A,SRPCR3800
AWBSGM5A,47ACF
AWBSGM5A,SPBS8AR
AWBSGM5A,SIMM170
AWBSGM5A,ATECH2FR125B
AWBSGM5A,EECT400
AWBSGM5A,KRSC46HPBO
AWBSGM5A,ECHDD012A
AWBSGM5A,CTB8174
AWBSGM5A,PH3050BR
PPSG4,PPSG206
PPSG4,PPSG205
PPSG4,PPSG203
PPSG4,PCSG816
PPSG4,PCSG820
PPSG4,DS1516A
PPSG4,TMMD14
PPSG4,TMMD13
PPSG4,FB316B
PPSG4,RULER6
AWCG1616B,GFAT1E
AWCG1616B,PPC106LA
AWCG1616B,SGD4BR
AWCG1616B,SGDP31IRBR
AWCG1616B,91ACP
AWCG1616B,EECT400
AWCG1616B,KRSC46HPBO
AWCG1616B,ECHDD012A
AWCG1616B,CTB8174
AWCG1616B,PH3050BR
AWL1010DK,FADH10B
AWL1010DK,AW1013DK
AWL1010DK,GA98A
AWL1010DK,AD6C
AWL1010DK,FADH6B
AWL1010DK,BP8B
AWL1010DK,PPC905B
AWL1010DK,SF321
AWL1010DK,SF301
AWL1010DK,SF191
AWBCG1600,AWBMCG1600
AWBCG1600,TMUS141A
AWBCG1600,SHDP63IRR
AWBCG1600,TMUS161A
AWBCG1600,SF121
AWBCG1600,ECHDD012A
AWBCG1600,CTB8174
AWBCG1600,PH3050BR
AWBCG1600,TMA2E
AWBCG1600,87BCF
AWBCG1606,TMU8B
AWBCG1606,SGDP42IRBR
AWBCG1606,SHD1R
AWBCG1606,TMXK2
AWBCG1606,SPBS18AR
AWBCG1606,EECT400
AWBCG1606,KRSC46HPBO
AWBCG1606,ECHDD012A
AWBCG1606,CTB8174
AWBCG1606,PH3050BR
AWBCG1614,SPBS24AR
AWBCG1614,SPBS12AR
AWBCG1614,SIMM150A
AWBCG1614,ATECH2FR125B
AWBCG1614,PPC105LA
AWBCG1614,EECT400
AWBCG1614,KRSC46HPBO
AWBCG1614,ECHDD012A
AWBCG1614,CTB8174
AWBCG1614,PH3050BR
LDH602,LDH362
LDH602,L872
LDH602,LDH422A
LDH602,LDH342
LDH602,LDH402
LDH602,LDH442
LDH602,SFS261
LDH602,SFS101
LDH602,SFS081
LDH602,FADH12B
FHBF80AO,FHOF80A
FHBF80AO,TRSLF72
FHBF80AO,PLRK30
FHBF80AO,311IMFSY
FHBF80AO,IMFS120
FHBF80AO,IMFS140
FHBF80AO,IMFS160
FHBF80AO,IMFS180
FHBF80AO,IMFS200
FHBF80AO,IMFS220
HBFE32O,HBFE48
HBFE32O,HBFE24
HBFE32O,QD3RN350A
HBFE32O,FZ7A
HBFE32O,309SIMYA
HBFE32O,CAL6EA
HBFE32O,SGD155CG
HBFE32O,GA296B
HBFE32O,RTEMPB7
HBFE32O,MTTL300
PBMB5R,PBMS5R
PBMB5R,PBMA5R
PBMB5R,PBMA5G
PBMB5R,PBMMA5G
PBMB5R,PBMA5
PBMB5R,RULER601
PBMB5R,FB336
PBMB5R,KAPL10RD
PBMB5R,ECHDF042
PBMB5R,ECPNH012
PTR2500G,PTR2505
PTR2500G,PDR3000A
PTR2500G,PTR72
PTR2500G,SEPFAR7200K
PTR2500G,MG325
PTR2500G,BLPPB704
PTR2500G,TPMA10
PTR2500G,AT700F
PTR2500G,TPGIF1600A
PTR2500G,SFSM21
CTS561CHUCK,DBBPT13
CTS561CHUCK,PTB32K
CTS561CHUCK,PPK15
CTS561CHUCK,BLPBTWSET
CTS561CHUCK,TMBS8A
CTS561CHUCK,CTTOTEA
CTS561CHUCK,SDM400A
CTS561CHUCK,MAGMAT
CTS561CHUCK,YA1050B
CTS561CHUCK,SGDMRC108A
TMMS9,TMMS5
TMMS9,TMMS5.5
TMMS9,TMMS11
TMMS9,TMMS6
TMMS9,TMMS14
TMMS9,TMS16
TMMS9,TMS14
TMMS9,TMS12
TMMS9,TMS11
TMMS9,TMS10
TMU101A,5CF
TMU101A,ASG185BR
TMU101A,ATECHMS80M
TMU101A,CCY21508
TMU101A,DANTG70
TMU101A,FSNSS-508-BO
TMU101A,JHW30012
TMU101A,KNX8111250
TMU101A,KNX8603125
TMU101A,KNX8603150
TMU121A,5CF
TMU121A,ASG185BR
TMU121A,ATECHMS80M
TMU121A,CCY21508
TMU121A,DANTG70
TMU121A,FSNSS-508-BO
TMU121A,JHW30012
TMU121A,KNX8111250
TMU121A,KNX8603125
TMU121A,KNX8603150
SGA174BR,SGA1711BR
SGA174BR,SGA1712BR
SGA174BR,SGA175BR
SGA174BR,SGA1710BR
SGA174BR,SGA173BR
SGA174BR,SGD480BR
SGA174BR,SGD4160BR
SGA174BR,SGD146BR
SGA174BR,SVTS264
SGA174BR,RADKITULTRA
FM11,FM8
FM11,FM9
FM11,FM16
FM11,FM18
FM11,FM19
FM11,FM15
FM11,FM17
FM11,SFM12
FM11,SFM11
FM11,SFM10
SGDTX315BR,SGDTX320BR
SGDTX315BR,SGDTX425BR
SGDTX315BR,SGDTX427BR
SGDTX315BR,SGDTX430BR
SGDTX315BR,SGDTX310BR
SGDTX315BR,SGDTX38BR
SGDTX315BR,SGDTX640BR
SGDTX315BR,SGDTX645BR
SGDTX315BR,AWCGT500
SGDTX315BR,TF5A
SIMM210,SIMM250
SIMM210,SIMM270
SIMM210,SIMM230
SIMM210,SIMM200
SIMM210,SIMM240
SIMM210,SIMM220
SIMM210,SIMM160A
SIMM210,ECHDD012A
SIMM210,CTB8174
SIMM210,PH3050BR
PKN5,SGD8BR
PKN5,47ACF
PKN5,FXK3
PKN5,FU8A
PKN5,SIMM150A
PKN5,EECT400
PKN5,KRSC46HPBO
PKN5,ECHDD012A
PKN5,CTB8174
PKN5,PH3050BR
PL307ACF,TPMB10
PL307ACF,MAGML300L-S2016
PL307ACF,AWM110DHK
PL307ACF,KRA2007FPBO
PL307ACF,TPM16EM
PL307ACF,TPM16
PL307ACF,PKNC150
PL307ACF,AC5C
PL307ACF,EC-USB-C-3A
PL307ACF,SEPHDSETAOB
TN72,TNF72
TN72,OEX100B
TN72,OEX110B
TN72,OEX120B
TN72,OEX140NADA
TN72,OEX160GSA
TN72,OEX180B
TN72,OEX200B
TN72,OEX220B
TN72,OEX240B
CTR814K2,SPBS8AR
CTR814K2,SHD1R
CTR814K2,SPBS18AR
CTR814K2,SRPCR3800
CTR814K2,SPBS12AR
CTR814K2,SIMM240
CTR814K2,SGD6BR
CTR814K2,FXK6
CTR814K2,PL400B
CTR814K2,SIMM220
114ATMP,SEPHDSETAOB
114ATMP,FA12LE
114ATMP,317MSPC
114ATMP,FRX181
114ATMP,218AFSP
114ATMP,ADHW8A
114ATMP,AEM444
114ATMP,AEM5530
114ATMP,AEM6530
114ATMP,AN850811B
GLOVE300BXL,GLOVE400M
GLOVE300BXL,GLOVE505RL
GLOVE300BXL,GLOVEORIGPLUSL
GLOVE300BXL,GLOVE309L
GLOVE300BXL,JT17A
GLOVE300BXL,GLOVE900LR
GLOVE300BXL,CTINF9010
GLOVE300BXL,CTSG861DB
GLOVE300BXL,IND25HAT
GLOVE300BXL,BCS70A
CDR4P32K3K2,TMXK60
CDR4P32K3K2,SGDP42IRBR
CDR4P32K3K2,SGD4BR
CDR4P32K3K2,SGDX80BR
CDR4P32K3K2,PPC103A
CDR4P32K3K2,FXK3
CDR4P32K3K2,SIMM190
CDR4P32K3K2,SGASA204CR
CDR4P32K3K2,SIMM160A
CDR4P32K3K2,SHD1R
QD2FR75B,BHS7A
QD2FR75B,218AFSP
QD2FR75B,GA3645A
QD2FR75B,PKNC200
QD2FR75B,TF5A
QD2FR75B,AWM140DK
QD2FR75B,PTGR450
QD2FR75B,TR107AR
QD2FR75B,ACT73A
QD2FR75B,ACT413A
KRSC46HPOT,SGA173BG
KRSC46HPOT,PKNC150
KRSC46HPOT,UPTM65K
KRSC46HPOT,317AMMPC
KRSC46HPOT,YA8610B
KRSC46HPOT,305SIMMY
KRSC46HPOT,SRPCR105G
KRSC46HPOT,BOERM712
KRSC46HPOT,MG725A
KRSC46HPOT,309SIMYA
CTG861DB,SGASA204CR
CTG861DB,TMXK2
CTG861DB,SPBS12AR
CTG861DB,TMXK4
CTG861DB,SRPCR4700
CTG861DB,91ACP
CTG861DB,FU8A
CTG861DB,FHLF80A
CTG861DB,FX1
CTG861DB,SGDP42IRBR
120SSDP,TPMC25GRN
120SSDP,FDS101
120SSDP,FDS121
120SSDP,FDS141
120SSDP,FDS161
120SSDP,FDS181
120SSDP,FU12B
120SSDP,FU14B
120SSDP,XDH1214A
120SSDP,XDH1618A
KRA1421PBO,SPBS18AR
KRA1421PBO,SGASA204CR
KRA1421PBO,SGDX80BR
KRA1421PBO,SIMM160A
KRA1421PBO,SGD4BR
KRA1421PBO,SIMM210
KRA1421PBO,96ACF
KRA1421PBO,SPBS8AR
KRA1421PBO,A2A
KRA1421PBO,47ACF
HBBD56,HBBD8
HBBD56,PBMP703A
HBBD56,PL330ACF
HBBD56,ACT51234A
HBBD56,PTM2
HBBD56,49ACF
HBBD56,HBBD16
HBBD56,PPC828C
HBBD56,PPC824C
HBBD56,PPC112
DBT20,47ACF
DBT20,FXK3
DBT20,SIMM170
DBT20,F80
DBT20,SPBS18AR
DBT20,EECT400
DBT20,KRSC46HPBO
DBT20,ECHDD012A
DBT20,CTB8174
DBT20,PH3050BR
SFSM12,SFSM16
SFSM12,SFSM18
SFSM12,SFSM9
SFSM12,SFSM8
SFSM12,SFSM11
SFSM12,SFS101
SFSM12,SFS081
SFSM12,SGA173BG
SFSM12,UPT35R
SFSM12,FADH12B
OEXM7B,OEXM9B
OEXM7B,OEXM8B
OEXM7B,AWM12D
OEXM7B,FB303B
OEXM7B,OEXM6B
OEXM7B,SN25A
OEXM7B,FADH10B
OEXM7B,VWB5B
OEXM7B,SGA173BO
OEXM7B,OC5A
IMSLEPL240,IMFLE120A
IMSLEPL240,207IMFLE
IMSLEPL240,IMSLE242A
IMSLEPL240,IMFLE80A
IMSLEPL240,SG3ASACR
IMSLEPL240,SG3ASH45CR
IMSLEPL240,SG3ASH90CR
IMSLEPL240,SG3ASHCR
IMSLEPL240,SGASA204CR
IMSLEPL240,XLE1012A
GLOVE900XLG,GLOVE900LG
GLOVE900XLG,GLOVE505RL
GLOVE900XLG,OXRM710
GLOVE900XLG,GLOVE300BL
GLOVE900XLG,YA427B
GLOVE900XLG,GLOVE309L
GLOVE900XLG,GLOVE1100L
GLOVE900XLG,TB50W
GLOVE900XLG,YA9350B
GLOVE900XLG,AWMCG1600B
TWM20,TWM23
TWM20,TWM21
TWM20,TWM22
TWM20,TWM24
TWM20,TWM12A
TWM20,TWM13A
TWM20,TWM14A
TWM20,TWM15A
TWM20,TWM16
TWM20,TWM18
KRA2407PJJ,AB3042
KRA2407PJJ,BLP7
KRA2407PJJ,CT861K2
KRA2407PJJ,CTS561BITXL
KRA2407PJJ,EEDM604F
KRA2407PJJ,FSM201
KRA2407PJJ,FSM211
KRA2407PJJ,FSM221
KRA2407PJJ,IMM320
KRA2407PJJ,KDT3729
207IPFM,205IPF
207IPFM,IPF14C
207IPFM,IPF16C
207IPFM,IPF18C
207IPFM,IPF20C
207IPFM,IPF24C
207IPFM,BPPC1878
207IPFM,310SIMMADDON
207IPFM,307IPLMY
207IPFM,307IPLY
TMMDS12,TMMDS11
TMMDS12,TMMDS5
TMMDS12,TMMDS5.5
TMMDS12,TMMDS9
TMMDS12,TMMDS15
TMMDS12,STMMD14
TMMDS12,STMMD13
TMMDS12,STMMD12
TMMDS12,STMMD11
TMMDS12,STMMD10
PBMP703A,BLPPB704
PBMP703A,TR107AR
PBMP703A,MSK10
PBMP703A,RXFS2836B
PBMP703A,PPC112
PBMP703A,PPC210BK
PBMP703A,PPC824C
PBMP703A,PPC828C
PBMP703A,VWB8B
PBMP703A,ACT73A
IMM120A,IMM110A
IMM120A,IMM100A
IMM120A,IMM130A
IMM120A,IMM140A
IMM120A,IMM160A
IMM120A,KRSC46HPBO
IMM120A,ECHDD012A
IMM120A,CTB8174
IMM120A,PH3050BR
IMM120A,YA438B
PKNC200,218AFSP
PKNC200,AWSGM800A
PKNC200,10R
PKNC200,TW381
PKNC200,AW1015DHK
PKNC200,S201
PKNC200,S181A
PKNC200,S161A
PKNC200,S121A
PKNC200,S141A
AWS13-2,211SFY
AWS13-2,SF081
AWS13-2,SF261
AWS13-2,SF281
AWS13-2,SF101
AWS13-2,SF181
AWS13-2,KRSC46HPBO
AWS13-2,ECHDD012A
AWS13-2,CTB8174
AWS13-2,PH3050BR
AWEFBH9K,AWEF9K
AWEFBH9K,S9711KA
AWEFBH9K,YA824C
AWEFBH9K,212EFTAY
AWEFBH9K,TMA2E
AWEFBH9K,SSFP1
AWEFBH9K,FAM14E
AWEFBH9K,FAM13E
AWEFBH9K,FAM12E
AWEFBH9K,FAM11E
AWP160,SPBS36BR
AWP160,AB3042
AWP160,BLP7
AWP160,CT861K2
AWP160,CTS561BITXL
AWP160,EEDM604F
AWP160,FSM201
AWP160,FSM211
AWP160,FSM221
AWP160,IMM320
FU8A,TPMC25GRN
FU8A,FDS101
FU8A,FDS121
FU8A,FDS141
FU8A,FDS161
FU8A,FDS181
FU8A,FU12B
FU8A,FU14B
FU8A,XDH1214A
FU8A,XDH1618A
KCP2422POT,KWSN2455ABL
KCP2422POT,KRWT2411
KCP2422POT,KWSP2455ABL
KCP2422POT,KWSP2455AST
KCP2422POT,KWSN2455AST
KCP2422POT,SEPPREHD
KCP2422POT,FB300A
KCP2422POT,CT9080
KCP2422POT,OEXM6B
KCP2422POT,SEPPRECOMB
KCP2422PWZ,KWSN2455ABL
KCP2422PWZ,KRWT2411
KCP2422PWZ,KWSP2455ABL
KCP2422PWZ,KWSP2455AST
KCP2422PWZ,KWSN2455AST
KCP2422PWZ,SEPPREHD
KCP2422PWZ,FB300A
KCP2422PWZ,CT9080
KCP2422PWZ,OEXM6B
KCP2422PWZ,SEPPRECOMB
SHD1R,SHDP22IRR
SHD1R,SHD8R
SHD1R,SGCP1CR
SHD1R,XDH810B
SHD1R,SGD8BR
SHD1R,FB303B
SHD1R,10R
SHD1R,OEXM6B
SHD1R,SHD2R
SHD1R,SHDP31IRR
KRSC430APFI7,SEPPREMETA
KRSC430APFI7,SEPPREMET
KRSC430APFI7,FLX80B
KRSC430APFI7,SEPPRECOMB
KRSC430APFI7,SEPSTARTER
KRSC430APFI7,YA2019
KRSC430APFI7,PK23A
KRSC430APFI7,317AMMPC
KRSC430APFI7,UIM225
KRSC430APFI7,117TMM
KRSC430APN7,SEPPREMETA
KRSC430APN7,SEPPREMET
KRSC430APN7,FLX80B
KRSC430APN7,SEPPRECOMB
KRSC430APN7,SEPSTARTER
KRSC430APN7,YA2019
KRSC430APN7,PK23A
KRSC430APN7,317AMMPC
KRSC430APN7,UIM225
KRSC430APN7,117TMM
SPBS18AO,SPBS24AR
SPBS18AO,SPBS8AR
SPBS18AO,SPBS12AR
SPBS18AO,SOEX38
SPBS18AO,AWMG9
SPBS18AO,CTB8174
SPBS18AO,PH3050BR
SPBS18AO,FB300A
SPBS18AO,PPC812B
SPBS18AO,FBBA325
KRA6210FPCM,KRA2411PBO
KRA6210FPCM,PBMP703A
KRA6210FPCM,PH3050BR
KRA6210FPCM,ATECH3FR300B
KRA6210FPCM,ATECH2FR125B
KRA6210FPCM,SPBS24AR
KRA6210FPCM,BLPTHC87
KRA6210FPCM,91ACP
KRA6210FPCM,PPC820B
KRA6210FPCM,SGDX80BR
KRSC343PJH,RULER600
KRSC343PJH,C0900A
KRSC343PJH,DS1010A
KRSC343PJH,DS1212A
KRSC343PJH,DS809K
KRSC343PJH,DS88A
KRSC343PJH,WTG8A
KRSC343PJH,DS2224A
KRSC343PJH,HBFE16
KRSC343PJH,DS1516A
FB336GRN,FB307RNB
FB336GRN,GA3634A
FB336GRN,MTEE6
FB336GRN,PKNC300
FB336GRN,208FRDHM
FB336GRN,FRDHM13
FB336GRN,FRDHM14
FB336GRN,FRDHM15
FB336GRN,FRDHM16
FB336GRN,FRDHM18
AT1038,SPBS12AR
AT1038,SIMM160A
AT1038,SGD6BR
AT1038,SPBS18AR
AT1038,SGDP31IRBR
AT1038,SRPCR4700
AT1038,SGDX80BR
AT1038,SIMM180
AT1038,SGDP42IRBR
AT1038,ATECH3FR300B
AWCG1620B,AWCG1624B
AWCG1620B,AWCG1600B
AWCG1620B,AWCGT30
AWCG1620B,AWCGT40
AWCG1620B,AWCGT27
AWCG1620B,EECT400
AWCG1620B,KRSC46HPBO
AWCG1620B,ECHDD012A
AWCG1620B,CTB8174
AWCG1620B,PH3050BR
BOERM11,BOERM10
BOERM11,BOERM14
BOERM11,BOERM17
BOERM11,SIM280
BOERM11,SIM260
BOERM11,EECT400
BOERM11,KRSC46HPBO
BOERM11,ECHDD012A
BOERM11,CTB8174
BOERM11,PH3050BR
BP40B,FADH10B
BP40B,OC5A
BP40B,RXS12B
BP40B,RXS14B
BP40B,RXS16B
BP40B,RXS18B
BP40B,RXS20B
BP40B,RXS605B
BP40B,GA460B
BP40B,A36A
BP8B,AWL1010DK
BP8B,PG160
BP8B,FBM320
BP8B,ECARL032BLK
BP8B,SWM291
BP8B,8HR
BP8B,AW1013DK
BP8B,GA98A
BP8B,FB302A
BP8B,OC5A
BTGHD9,BT518
BTGHD9,AF102
BTGHD9,BT4651
BTGHD9,SGA102BR
BTGHD9,SGA1713B
BTGHD9,PH3050BR
BTGHD9,BP20B
BTGHD9,10HR
BTGHD9,TDG2
BTGHD9,TDG1
ACT407,ACT2105
ACT407,FZ4B
ACT407,ACT413A
ACT407,TF5A
ACT407,LDT8
ACT407,FZ80
ACT407,ACT73A
ACT407,BRHC2PK
ACT407,ATECH4RS600
ACT407,R404
A277,FRDH141
A277,FRDH161
A277,FRDH181
A277,FRDH241
A277,FRDH101
A277,FRDH121
A277,FRDH201
A277,FRDH221
A277,FRDHM10
A277,FRDHM12
AYESSETC,GMASEPADD1
AYESSETC,PPC205A
AYESSETC,SPBS24AR
AYESSETC,SRPCR3800
AYESSETC,FX1
AYESSETC,PPC816B
AYESSETC,KRSC46HPBO
AYESSETC,ECHDD012A
AYESSETC,CTB8174
AYESSETC,PH3050BR
BLPHSM1410,BLPHSM148
BLPHSM1410,BLPHL145
BLPHSM1410,BLPHL144
BLPHSM1410,BLPHL146
BLPHSM1410,BLPHSM145
BLPHSM1410,EECT400
BLPHSM1410,KRSC46HPBO
BLPHSM1410,ECHDD012A
BLPHSM1410,CTB8174
BLPHSM1410,PH3050BR
BLPHSM144,SPBS704AR
BLPHSM144,SGDP42IRBR
BLPHSM144,SHD1R
BLPHSM144,SGDX80BR
BLPHSM144,SGD8BR
BLPHSM144,EECT400
BLPHSM144,KRSC46HPBO
BLPHSM144,ECHDD012A
BLPHSM144,CTB8174
BLPHSM144,PH3050BR
BLPHSM147,SGD8BR
BLPHSM147,PPC106LA
BLPHSM147,SPBS12AR
BLPHSM147,F80
BLPHSM147,SGDX80BR
BLPHSM147,EECT400
BLPHSM147,KRSC46HPBO
BLPHSM147,ECHDD012A
BLPHSM147,CTB8174
BLPHSM147,PH3050BR
BLPSM1412,BLPSM149
BLPSM1412,BLPSM146
BLPSM1412,BLPSM1411
BLPSM1412,BLPSM145
BLPSM1412,BLPSM144
BLPSM1412,SG3ASHCR
BLPSM1412,SG3ASH90CR
BLPSM1412,SG3ASH45CR
BLPSM1412,SG3ASACR
BLPSM1412,SHDP22IRR
BLPSM147,BLPSM146
BLPSM147,BLPSM149
BLPSM147,BLPSM145
BLPSM147,BLPSM1411
BLPSM147,BLPSM144
BLPSM147,PH3050BR
BLPSM147,SG3ASHCR
BLPSM147,SG3ASH90CR
BLPSM147,SG3ASH45CR
BLPSM147,SG3ASACR
BLPT147,BLPT146
BLPT147,BLPT149
BLPT147,BLPT148
BLPT147,BLPT1410
BLPT147,BLPT1415
BLPT147,EECT400
BLPT147,KRSC46HPBO
BLPT147,ECHDD012A
BLPT147,CTB8174
BLPT147,PH3050BR
BLPTORX1410,QD3RN350A
BLPTORX1410,BOERM18
BLPTORX1410,AWCGT500
BLPTORX1410,FAMXS10E
BLPTORX1410,FAMXS7E
BLPTORX1410,FAMXS8E
BLPTORX1410,FAMXS9E
BLPTORX1410,TMAMXS3E
BLPTORX1410,TMAMXS4E
BLPTORX1410,TMAMXS5E
BLPTS1427,FXK6
BLPTS1427,PPC103A
BLPTS1427,SRPCR4700
BLPTS1427,TMXK60
BLPTS1427,F80
BLPTS1427,EECT400
BLPTS1427,KRSC46HPBO
BLPTS1427,ECHDD012A
BLPTS1427,CTB8174
BLPTS1427,PH3050BR
BLPTS1440,SGD4BR
BLPTS1440,FU8A
BLPTS1440,TMU8B
BLPTS1440,FXK3
BLPTS1440,TMXK60
BLPTS1440,EECT400
BLPTS1440,KRSC46HPBO
BLPTS1440,ECHDD012A
BLPTS1440,CTB8174
BLPTS1440,PH3050BR
BLPTS1445,BLPTHC87
BLPTS1445,PPC106LA
BLPTS1445,SIMM160A
BLPTS1445,FXK6
BLPTS1445,SPBS8AR
BLPTS1445,EECT400
BLPTS1445,KRSC46HPBO
BLPTS1445,ECHDD012A
BLPTS1445,CTB8174
BLPTS1445,PH3050BR
BLPHL3814,FXK6
BLPHL3814,SPBS24AR
BLPHL3814,SPBS704AR
BLPHL3814,A2A
BLPHL3814,TMXK2
BLPHL3814,EECT400
BLPHL3814,KRSC46HPBO
BLPHL3814,ECHDD012A
BLPHL3814,CTB8174
BLPHL3814,PH3050BR
BLPHM1212,BLPH1214
BLPHM1212,BLPH1418
BLPHM1212,BLPH14732
BLPHM1212,BLPH14316
BLPHM1212,BLPH14964
BLPHM1212,EECT400
BLPHM1212,KRSC46HPBO
BLPHM1212,ECHDD012A
BLPHM1212,CTB8174
BLPHM1212,PH3050BR
BLPHS14764,SGD4BR
BLPHS14764,SRPCR4700
BLPHS14764,SIMM210
BLPHS14764,SGDX80BR
BLPHS14764,SGD6BR
BLPHS14764,EECT400
BLPHS14764,KRSC46HPBO
BLPHS14764,ECHDD012A
BLPHS14764,CTB8174
BLPHS14764,PH3050BR
GA243,VSG9R
GA243,VGP22418
GA243,ECARA052A
GA243,YA109C
GA243,14V
GA243,BF775C-A
GA243,PK50A
GA243,EARPLUGBAND
GA243,TPMA25EM
GA243,PDR3000A
GCP10,10HR
GCP10,BP20B
GCP10,CHN410
GCP10,GA111D
GCP10,MT501C
GCP10,R40B
GCP10,SP32E
GCP10,YA3080
GCP10,AWTEF8K
GCP10,AWMEF6K
SEPKCAMETPWZA,SPBS18AR
SEPKCAMETPWZA,91ACP
SEPKCAMETPWZA,FU8A
SEPKCAMETPWZA,SIMM200
SEPKCAMETPWZA,SHD1R
SEPKCAMETPWZA,EECT400
SEPKCAMETPWZA,KRSC46HPBO
SEPKCAMETPWZA,ECHDD012A
SEPKCAMETPWZA,CTB8174
SEPKCAMETPWZA,PH3050BR
SEPUAUTOBODYA,BF775C-A
SEPUAUTOBODYA,BLP18HVLP
SEPUAUTOBODYA,14V
SEPUAUTOBODYA,BLP13HVLP
SEPUAUTOBODYA,BLP14HVLP
SEPUAUTOBODYA,BF555
SEPUAUTOBODYA,AT408
SEPUAUTOBODYA,PDR3000A
SEPUAUTOBODYA,PSO4625
SEPUAUTOBODYA,AT118
SRES26,SRES22
SRES26,SRES18
SRES26,SRES28
SRES26,SRES20
SRES26,SRES24
SRES26,FRDHM18
SRES26,FRDHM16
SRES26,FRDHM13
SRES26,FRDHM14
SRES26,FRDHM15
MS3000,PBMB5R
MS3000,AWPBX10
MS3000,PSN500
MS3000,TFTFM932A
MS3000,JCW62R
MS3000,BLPEXTF388
MS3000,ECFB200BL
MS3000,ECSPH271
MS3000,PPB612A
MS3000,PPB408A
MTIND683A,224SFFSMFR
MTIND683A,BCS70A
MTIND683A,112TMMDSY
MTIND683A,MTTL700
MTIND683A,EEDMDVA
MTIND683A,AT5500
MTIND683A,310SWMYA
MTIND683A,OEXM707B
MTIND683A,PGP120
MTIND683A,BP40B
OFC68-14,SGDX80BR
OFC68-14,SIMM170
OFC68-14,ATECH2FR125B
OFC68-14,SGD6BR
OFC68-14,SPBS8AR
OFC68-14,EECT400
OFC68-14,KRSC46HPBO
OFC68-14,ECHDD012A
OFC68-14,CTB8174
OFC68-14,PH3050BR
OFWHD3,OFW3
OFWHD3,OFWHD1
OFWHD3,OFWHD2
OFWHD3,OFW1
OFWHD3,OFW2
OFWHD3,CTB8174
OFWHD3,PH3050BR
OFWHD3,YA450B
OFWHD3,ITHE100
OFWHD3,5CF
PKWSS53A,RXS12B
PKWSS53A,RXS14B
PKWSS53A,RXS16B
PKWSS53A,RXS18B
PKWSS53A,RXS20B
PKWSS53A,RXS605B
PKWSS53A,CSSD1R
PKWSS53A,BTC3A
PKWSS53A,313TSYA
PKWSS53A,TS121A
PHP2A,AB3042
PHP2A,BLP7
PHP2A,CT861K2
PHP2A,CTS561BITXL
PHP2A,EEDM604F
PHP2A,FSM201
PHP2A,FSM211
PHP2A,FSM221
PHP2A,IMM320
PHP2A,KDT3729
RBM1618C,RBM1213C
RBM1618C,RBM1415C
RBM1618C,RBM1011C
RBM1618C,RBM78SC
RBM1618C,RBM1719C
RBM1618C,OXIM7SB
RBM1618C,OXIM4SB
RBM1618C,OXIM55SB
RBM1618C,OXIM5SB
RBM1618C,OXIM6SB
MSL59261,VWB8B
MSL59261,HBFE16
MSL59261,PBS704
MSL59261,650
MSL59261,1250
MSL59261,SGASA104BR
MSL59261,SG7ASABR
MSL59261,SG4ASHBR
MSL59261,SG4ASABR
MSL59261,2050
WELDGOGLEKT,FAM8E
WELDGOGLEKT,HBPT16
WELDGOGLEKT,97ACF
WELDGOGLEKT,PPC1A
WELDGOGLEKT,GSAF1F
WELDGOGLEKT,PPC206A
WELDGOGLEKT,PPC816B
WELDGOGLEKT,SRPCR7000
WELDGOGLEKT,SRPCR4700
WELDGOGLEKT,SRPCR3800
UIM325,340SSDP
UIM325,US712
UIM325,10SSD
UIM325,TPMA10
UIM325,AWM140DK
UIM325,AWEF9K
UIM325,SF301
UIM325,SF191
UIM325,PGP120
UIM325,RULER600
VGP12412,VGP12418
VGP12412,PKB52A
VGP12412,VGP12509
VGP12412,VGP12406
VGP12412,HR-26
VGP12412,VGP12808
VGP12412,YA160A
VGP12412,AT408
VGP12412,DB121C
VGP12412,TPMA25EM
VGP12808,VGP12509
VGP12808,PKB52A
VGP12808,VGP12418
VGP12808,HR-26
VGP12808,VGP12406
VGP12808,VGP12412
VGP12808,YA160A
VGP12808,AT408
VGP12808,DB121C
VGP12808,TPMA25EM
WELDIGNRALLY,PWZ2OA
WELDIGNRALLY,STMML10A
WELDIGNRALLY,STMML11A
WELDIGNRALLY,STMML13A
WELDIGNRALLY,STMML7A
WELDIGNRALLY,STMML8A
WELDIGNRALLY,STMML9A
WELDIGNRALLY,BLPTHC87
WELDIGNRALLY,ATECH3FR300B
WELDIGNRALLY,PPC103A
YA337A,FB303B
YA337A,218AFP
YA337A,R1618SC
YA337A,SN25A
YA337A,GA3645A
YA337A,AD12B
YA337A,10R
YA337A,ACT1370
YA337A,ACT83A
YA337A,FB307D
SHLL80A,FHLL80
SHLL80A,THLL72
SHLL80A,SH80A
SHLL80A,ATECH4RS600
SHLL80A,FHL80
SHLL80A,SIMTMM13
SHLL80A,SIMTMM12
SHLL80A,SIMTMM11
SHLL80A,FX24A
SHLL80A,FX18
SHLX80A,FHLX80B
SHLX80A,THLLF72
SHLX80A,THLX72
SHLX80A,FHLLF80
SHLX80A,THRLX72
SHLX80A,PL400BG
SHLX80A,SPBS704AHV
SHLX80A,PH3050BHV
SHLX80A,FH80MPHV
SHLX80A,SGASA204CHV
PBS704,TR107AR
PBS704,GA3645A
PBS704,SRP3A
PBS704,TF5A
PBS704,ACT73A
PBS704,ACT413A
PBS704,317MPC
PBS704,SGDP64IRBR
PBS704,PPB826A
PBS704,AT4124
YA1175KIT,MTTL7005PK
YA1175KIT,MTTL433
YA1175KIT,TW461
YA1175KIT,MTTL800
YA1175KIT,TW441
YA1175KIT,TW421
YA1175KIT,LDT40
YA1175KIT,SX20
YA1175KIT,SVTS263A
YA1175KIT,MTTL700
IPL20C,IPL22C
IPL20C,IPL26C
IPL20C,IPL18C
IPL20C,IPL32C
IPL20C,IPL28C
IPL20C,KRSC46HPBO
IPL20C,ECHDD012A
IPL20C,CTB8174
IPL20C,PH3050BR
IPL20C,310SIMMADDON
STMM4,SGA175BO
STMM4,STMM4.5
STMM4,TMM4.5
STMM4,YA450B
STMM4,OFW1
STMM4,S9704KMAG
STMM4,TMMS4
STMM4,TMMS4.5
STMM4,FB303B
STMM4,YA249
AWTR8,PKN90
AWTR8,DBT7
AWTR8,AWMXL10
AWTR8,PKNC150
AWTR8,DBHM9
AWTR8,PPC812B
AWTR8,EEDM525F
AWTR8,TDG1
AWTR8,KRSC326FPBO
AWTR8,JT13B
AWTR8-1,T72
AWTR8-1,PPC103A
AWTR8-1,SGDX80BR
AWTR8-1,TMXK60
AWTR8-1,SPBS12AR
AWTR8-1,EECT400
AWTR8-1,KRSC46HPBO
AWTR8-1,ECHDD012A
AWTR8-1,CTB8174
AWTR8-1,PH3050BR
OEX709B,GA236C
OEX709B,FA12LE
OEX709B,SPBS24A
OEX709B,SEPHDSETAOB
OEX709B,FRX181
OEX709B,GF22
OEX709B,ADHW8A
OEX709B,AEM444
OEX709B,AEM5530
OEX709B,AEM6530
TMU161A,5CF
TMU161A,ASG185BR
TMU161A,ATECHMS80M
TMU161A,CCY21508
TMU161A,DANTG70
TMU161A,FSNSS-508-BO
TMU161A,JHW30012
TMU161A,KNX8111250
TMU161A,KNX8603125
TMU161A,KNX8603150
MTTL310,DBBPT13
MTTL310,S9711KA
MTTL310,YA824C
MTTL310,212EFTAY
MTTL310,YA4275
MTTL310,RULER6
MTTL310,YA4050B
MTTL310,TMA2E
MTTL310,FAM11E
MTTL310,FAM12E
ECHDD012AR,ECHDD012A
ECHDD012AR,ECARL032R
ECHDD012AR,ECPNJ032
ECHDD012AR,GLOVE300BL
ECHDD012AR,GLOVEORIGPLUSL
ECHDD012AR,208CCP
ECHDD012AR,CTS561BITSET
ECHDD012AR,GA3200
ECHDD012AR,912AEP
ECHDD012AR,BTCP2SA
KRA24,97ACF
KRA24,FXK3
KRA24,FU8A
KRA24,FXK11
KRA24,47ACF
KRA24,IPL40C
KRA24,IPL38C
KRA24,IPL34C
KRA24,AD10B
KRA24,IPL36C
STX60E,STX55E
STX60E,SX20
STX60E,307ESAMY
STX60E,SAM10E
STX60E,SAM12E
STX60E,SAM14E
STX60E,SAM17E
STX60E,SAM6E
STX60E,SAM8E
STX60E,STX70E
2050,650
2050,1250
2050,UPT35R
2050,1650
2050,SRPCR4700O
2050,SW421
2050,TWM31
2050,TR107AR
2050,DB129C
2050,FBBA325
KRSC323PJK,PK500A
KRSC323PJK,SEPPREMETA
KRSC323PJK,FLX80B
KRSC323PJK,SN15B
KRSC323PJK,IM1PT
KRSC323PJK,KRSC430APBO1
KRSC323PJK,SDM11A
KRSC323PJK,SDM215C
KRSC323PJK,SDM251IRC
KRSC323PJK,SDM252IRB
S8184,S6111
S8184,S6112
S8184,B1467A
S8184,S6110A
S8184,BT11
S8184,KRSC46HPBO
S8184,ECHDD012A
S8184,CTB8174
S8184,PH3050BR
S8184,CAL6EBR
FK80,TK72
FK80,FC72
FK80,FKF80A
FK80,OXKRM15
FK80,OXKRM16
FK80,OXKRM17
FK80,OXKRM18
FK80,OXKRM19
FK80,OXKRM705
FK80,PALMRAT
KRSC323PU,PK500A
KRSC323PU,SEPPREMETA
KRSC323PU,FLX80B
KRSC323PU,SN15B
KRSC323PU,IM1PT
KRSC323PU,KRSC430APBO1
KRSC323PU,SDM11A
KRSC323PU,SDM215C
KRSC323PU,SDM251IRC
KRSC323PU,SDM252IRB
91ACPG,KAPL10RD
91ACPG,96ACF
91ACPG,87BCF
91ACPG,AWM110DHK
91ACPG,317MSPC
91ACPG,FA12LE
91ACPG,AC5C
91ACPG,TPM16EM
91ACPG,FB360C
91ACPG,MAGML300L-S2016
TMMDS4,FXK3
TMMDS4,ATECH2FR125B
TMMDS4,91ACP
TMMDS4,SHD1R
TMMDS4,PPC4A
TMMDS4,EECT400
TMMDS4,KRSC46HPBO
TMMDS4,ECHDD012A
TMMDS4,CTB8174
TMMDS4,PH3050BR
AW035D,AW028D
AW035D,XS810A
AW035D,XS1618A
AW035D,XS67A
AW035D,XS2024A
AW035D,EECT400
AW035D,KRSC46HPBO
AW035D,ECHDD012A
AW035D,CTB8174
AW035D,PH3050BR
MG1250,JHWR-17
MG1250,JHWRC-75
MG1250,425IMM
MG1250,IMM172A
MG1250,IMM182A
MG1250,IMM192A
MG1250,IMM202A
MG1250,IMM212A
MG1250,IMM222A
MG1250,IMM232A
MG1250L,JHWR-17
MG1250L,JHWRC-75
MG1250L,425IMM
MG1250L,IMM172A
MG1250L,IMM182A
MG1250L,IMM192A
MG1250L,IMM202A
MG1250L,IMM212A
MG1250L,IMM222A
MG1250L,IMM232A
ACT9103,ACT1297
ACT9103,ACT413A
ACT9103,ACT51234A
ACT9103,ACTR4151A
ACT9103,ACT1290A
ACT9103,XFRM1214
ACT9103,XFRM1315
ACT9103,XFRM1618A
ACT9103,XFRM1719A
ACT9103,XFRM705
SGDP63IRBO,SGDP64IRBR
SGDP63IRBO,FB303B
SGDP63IRBO,SN25A
SGDP63IRBO,TMM4
SGDP63IRBO,QD3RN350A
SGDP63IRBO,SEPIMMSIMM
SGDP63IRBO,ACT83A
SGDP63IRBO,206EAU
SGDP63IRBO,CTB8174
SGDP63IRBO,PH3050BR
OXKRM705,TIF160
OXKRM705,XOM1011
OXKRM705,XOM1214
OXKRM705,XOM1315
OXKRM705,XOM1618
OXKRM705,XOM1719
OXKRM705,XOM605
OXKRM705,210FCOMA
OXKRM705,FCOM10A
OXKRM705,FCOM11A
317MSPC,SEPHDSETAOB
317MSPC,FA12LE
317MSPC,FRX181
317MSPC,ADHW8A
317MSPC,AEM444
317MSPC,AEM5530
317MSPC,AEM6530
317MSPC,AN850811B
317MSPC,HDM1236
317MSPC,LP10WC
SW241,SW121A
SW241,SW141A
SW241,SW221
SW241,SW261
SW241,SW181A
SW241,SW201
SW241,S141A
SW241,S121A
SW241,FB322
SW241,FB307D
L122,L872
L122,LDH362
L122,LDH482
L122,LDH342
L122,LDH402
L122,LDH442
L122,IMM192A
L122,IMM182A
L122,IMM172A
L122,FADH12B
SN36,F18LA
SN36,SLL80A
SN36,BRUTUS3R300
SN36,ATECH4RS600
SN36,PWZ4
SN36,XOM1618
SN36,XOM1315
SN36,XOM1214
SN36,XOM1011
SN36,307SIM
GLOVE600MO,S9704KMAG
GLOVE600MO,AWMBPH9
GLOVE600MO,GLOVE505RL
GLOVE600MO,AWBPH13
GLOVE600MO,OXIM6B
GLOVE600MO,SFSM21
GLOVE600MO,GLOVE309L
GLOVE600MO,HSPD16
GLOVE600MO,STMM4
GLOVE600MO,S9706KMAG
GLOVE600XX,S9704KMAG
GLOVE600XX,AWMBPH9
GLOVE600XX,GLOVE505RL
GLOVE600XX,AWBPH13
GLOVE600XX,OXIM6B
GLOVE600XX,SFSM21
GLOVE600XX,GLOVE309L
GLOVE600XX,HSPD16
GLOVE600XX,STMM4
GLOVE600XX,S9706KMAG
SOEX710,222SFFSFR
SOEX710,TD1040A
SOEX710,TDM100A
SOEX710,SOEX34
SOEX710,SOEX704
SOEX710,SOEX30
SOEX710,224SFFSMFR
SOEX710,SOEX32
SOEX710,PH3050BR
SOEX710,AT4124
TR108,SDMV208
TR108,VSC4KT
TR108,GA460B
TR108,GA358B
TR108,TR117O
TR108,TIF160
TR108,QDTPMS
TR108,TDG2
TR108,ACT1290A
TR108,CAL6DA
FS141,FS081
FS141,FS101
FS141,FS261
FS141,FS281
FS141,FS241
FS141,FS221
FS141,FS121
FS141,FS181
FS141,FS201
FS141,UPT35R
TW341,TW121A
TW341,TW201
TW341,TW261
TW341,TW241
TW341,TW221
TW341,TS201
TW341,TS181A
TW341,TS161A
TW341,TS141A
TW341,TS121A
SGDMRC4-40,SGDMRC4-80
SGDMRC4-40,SGDMRC1A
SGDMRC4-40,SDMT15D
SGDMRC4-40,SDM211B
SGDMRC4-40,SDM221IRB
SGDMRC4-40,SDM222IRB
SGDMRC4-40,SDM400A
SGDMRC4-40,SGDMRC4-TM4
SGDMRC4-40,BTWSMPK
SGDMRC4-40,SGDMRCE44
MAGMICRO,MAGMINI
MAGMICRO,MAGSTRIP
MAGMICRO,MAGTRAY
MAGMICRO,MAGMAT
MAGMICRO,44
MAGMICRO,44BCFND
MAGMICRO,LN44BCFND
MAGMICRO,PL344BCFND
MAGMICRO,KACKMCFIBER1
MAGMICRO,MAGDISH
AWXL13-3/32,SPBS8AR
AWXL13-3/32,SGDX80BR
AWXL13-3/32,SIMM170
AWXL13-3/32,TMXK2
AWXL13-3/32,SPBS704AR
AWXL13-3/32,EECT400
AWXL13-3/32,KRSC46HPBO
AWXL13-3/32,ECHDD012A
AWXL13-3/32,CTB8174
AWXL13-3/32,PH3050BR
KRA2406BPOT,PL400B
KRA2406BPOT,SPBS12AR
KRA2406BPOT,SPBS24AR
KRA2406BPOT,SIMM190
KRA2406BPOT,96ACF
KRA2406BPOT,SGD4BR
KRA2406BPOT,SGDP31IRBR
KRA2406BPOT,FU8A
KRA2406BPOT,FX1
KRA2406BPOT,SGD6BR
CDR861MDB,SGD6BR
CDR861MDB,SIMM160A
CDR861MDB,ATECH2FR125B
CDR861MDB,SIMM170
CDR861MDB,SGD4BR
CDR861MDB,TMU8B
CDR861MDB,SIMM210
CDR861MDB,GFAT1E
CDR861MDB,TMXK2
CDR861MDB,SPBS24AR
PPCL60BK,AB3042
PPCL60BK,BLP7
PPCL60BK,CT861K2
PPCL60BK,CTS561BITXL
PPCL60BK,EEDM604F
PPCL60BK,FSM201
PPCL60BK,FSM211
PPCL60BK,FSM221
PPCL60BK,IMM320
PPCL60BK,KDT3729
L62,L872
L62,LDH362
L62,LDH482
L62,LDH342
L62,LDH402
L62,LDH442
L62,IM242A
L62,IM222A
L62,IM202A
L62,IM182A
FHOF80AO,FHBF80A
FHOF80AO,TRSLF72
FHOF80AO,FZ80
FHOF80AO,FH80MP
FHOF80AO,PALMRAT
FHOF80AO,FXKL3A
FHOF80AO,FXKL24A
FHOF80AO,FXKL11A
FHOF80AO,FB307RNB
FHOF80AO,TB30
PTGR110O,PTGR100
PTGR110O,PTC250
PTGR110O,PDR3000A
PTGR110O,PTGR450
PTGR110O,307ESAY
PTGR110O,SA10E
PTGR110O,SA12E
PTGR110O,SA14E
PTGR110O,SA18E
PTGR110O,SA20E
TMMD5,TMMD11
TMMD5,TMMD13
TMMD5,TMMD14
TMMD5,TMMD12
TMMD5,TMMD9
TMMD5,TMMD6
TMMD5,TMMD5.5
TMMD5,STMMD12
TMMD5,STMMD11
TMMD5,STMMD10
TW321,TW121A
TW321,TW201
TW321,TW221
TW321,TW261
TW321,TW141A
TW321,TS201
TW321,TS181A
TW321,TS161A
TW321,TS141A
TW321,TS121A
FLF80A,112RTA
FLF80A,AWM110DHK
FLF80A,AC5C
FLF80A,TPM16
FLF80A,EC-USB-C-3A
FLF80A,2004BSKA
FLF80A,222AFSP
FLF80A,PK53A
FLF80A,KRA2007FPBO
FLF80A,FB303B
SHL80AO,SRPCR4700O
SHL80AO,UPT35R
SHL80AO,DB121C
SHL80AO,TPMA25EM
SHL80AO,PPB826A
SHL80AO,PK52A
SHL80AO,FHL80
SHL80AO,THL72
SHL80AO,SRP2A
SHL80AO,MTTL300
SHP7,SHP10
SHP7,PLRK30
SHP7,SHP2KT
SHP7,SGA1713B
SHP7,SGA102BR
SHP7,PHP1A
SHP7,SGD304BR
SHP7,SVTSRAD272U
SHP7,RTMBS8
SHP7,RAT72A
REX25C,BEXD10A
REX25C,AWMEF8K
REX25C,MSK10
REX25C,AWEF9K
REX25C,209TFSMYA
REX25C,TFSY10A
REX25C,TFSY12A
REX25C,TFSY13A
REX25C,TFSY141A
REX25C,TFSY14A
TWM21,TWM23
TWM21,TWM20
TWM21,TWM22
TWM21,TWM24
TWM21,TWM12A
TWM21,TWM13A
TWM21,TWM14A
TWM21,TWM15A
TWM21,TWM16
TWM21,TWM18
TZERO,TNF72
TZERO,TN72
TZERO,TMR4
TZERO,111STMMDY
TZERO,STMMD10
TZERO,STMMD11
TZERO,STMMD12
TZERO,STMMD13
TZERO,STMMD14
TZERO,STMMD5
SHDP42IRR,SHD8R
SHDP42IRR,5CF
SHDP42IRR,ASG185BR
SHDP42IRR,ATECHMS80M
SHDP42IRR,CCY21508
SHDP42IRR,DANTG70
SHDP42IRR,FSNSS-508-BO
SHDP42IRR,JHW30012
SHDP42IRR,KNX8111250
SHDP42IRR,KNX8603125
F201,5CF
F201,ASG185BR
F201,ATECHMS80M
F201,CCY21508
F201,DANTG70
F201,FSNSS-508-BO
F201,JHW30012
F201,KNX8111250
F201,KNX8603125
F201,KNX8603150
CSSD1O,CSSD50R
CSSD1O,PKWSS53A
CSSD1O,CSA14CR
CSSD1O,PKNC300
CSSD1O,FB307RNB
CSSD1O,SGAS102BG
CSSD1O,SGAS1713BG
CSSD1O,SGAS1714BG
CSSD1O,SVTS264
CSSD1O,FB336
EEPV503,BLPHS1414
EEPV503,BLPH1219
EEPV503,PL307ACFO
EEPV503,RTEMPB7
EEPV503,RC980
EEPV503,SS5A
EEPV503,S9711KA
EEPV503,CAL6EA
EEPV503,EEDMDVA
EEPV503,TB10A
PKN3,FXK3
PKN3,SRPCR4700
PKN3,BLPTHC87
PKN3,SIMM170
PKN3,SRPCR3800
PKN3,EECT400
PKN3,KRSC46HPBO
PKN3,ECHDD012A
PKN3,CTB8174
PKN3,PH3050BR
ECARL032R,ECPRL092
ECARL032R,ECPNI032R
ECARL032R,MAGMINI
ECARL032R,ECPNJ032
ECARL032R,MAGSTRIP
ECARL032R,PT338
ECARL032R,TM72
ECARL032R,SGA1714B
ECARL032R,UIM2RSLT
ECARL032R,TB40
AWCPEF16K,AWCG1600B
AWCPEF16K,AWMCG1600B
AWCPEF16K,CTS561BITSET
AWCPEF16K,TPM16EM
AWCPEF16K,PHT5
AWCPEF16K,120STTM
AWCPEF16K,EEDM504F
AWCPEF16K,SWM221
AWCPEF16K,SDMT15D
AWCPEF16K,UTK100
AWBSGM4A,SIMM220
AWBSGM4A,FX1
AWBSGM4A,96ACF
AWBSGM4A,FXK6
AWBSGM4A,F80
AWBSGM4A,EECT400
AWBSGM4A,KRSC46HPBO
AWBSGM4A,ECHDD012A
AWBSGM4A,CTB8174
AWBSGM4A,PH3050BR
TWM25,TWM29
TWM25,TWM31
TWM25,TWM26
TWM25,TWM28
TWM25,R1618SC
TWM25,FS14B
TWM25,EFPHANNIBALB
TWM25,ACT413A
TWM25,GA3645A
TWM25,S9704KMAG
AWSG07A,PL400B
AWSG07A,A2A
AWSG07A,SRPCR4700
AWSG07A,SIMM220
AWSG07A,SGDP42IRBR
AWSG07A,EECT400
AWSG07A,KRSC46HPBO
AWSG07A,ECHDD012A
AWSG07A,CTB8174
AWSG07A,PH3050BR
PPC210A,PPC112
PPC210A,PPC824C
PPC210A,PPC828C
PPC210A,PPC5A
PPC210A,FB307D
PPC210A,PPC208A
PPC210A,TTX40E
PPC210A,PPC110LA
PPC210A,PPC204A
PPC210A,GA3645A
TMD12,XS2024A
TMD12,5CF
TMD12,ASG185BR
TMD12,ATECHMS80M
TMD12,CCY21508
TMD12,DANTG70
TMD12,FSNSS-508-BO
TMD12,JHW30012
TMD12,KNX8111250
TMD12,KNX8603125
TMD16,XS2024A
TMD16,5CF
TMD16,ASG185BR
TMD16,ATECHMS80M
TMD16,CCY21508
TMD16,DANTG70
TMD16,FSNSS-508-BO
TMD16,JHW30012
TMD16,KNX8111250
TMD16,KNX8603125
SW161A,SW121A
SW161A,SW141A
SW161A,SW261
SW161A,SW221
SW161A,SW181A
SW161A,SW241
SW161A,S141A
SW161A,S121A
SW161A,FB322
SW161A,FB307D
SW181A,SW121A
SW181A,SW141A
SW181A,SW261
SW181A,SW221
SW181A,SW161A
SW181A,SW241
SW181A,S141A
SW181A,S121A
SW181A,FB322
SW181A,FB307D
KCP1422PJK,KWSP2455AST
KCP1422PJK,KWSN2455ABL
KCP1422PJK,KWSN2455AST
KCP1422PJK,KWSP2455ABL
KCP1422PJK,KRWT2411
KCP1422PJK,UPT35R
KCP1422PJK,SR40K
KCP1422PJK,BTC7B
KCP1422PJK,OXIM7B
KCP1422PJK,AWMG9
PTM2G,PBMMB5G
PTM2G,SGAS102BG
PTM2G,SGAS1713BG
PTM2G,SGAS1714BG
PTM2G,PBMMS5
PTM2G,PBMMA5R
PTM2G,PBMMS5G
PTM2G,MAGMICRO
PTM2G,MRB10B
PTM2G,ATECHFSET02G
AT4101G,UTV614A
AT4101G,TWM31
AT4101G,TWM29
AT4101G,UTV615A
AT4101G,1210B
AT4101G,AWCGT500
AT4101G,AT4124
AT4101G,TWM28
AT4101G,TMC105E
AT4101G,311IMFSY
F261,F281
F261,F081
F261,F101
F261,XS2024A
F261,F221
F261,EECT400
F261,KRSC46HPBO
F261,ECHDD012A
F261,CTB8174
F261,PH3050BR
KRSC430APJJ1,AD12B
KRSC430APJJ1,S9704KMAG
KRSC430APJJ1,OXIM6B
KRSC430APJJ1,YA249
KRSC430APJJ1,AWMBPH9
KRSC430APJJ1,KRSC323PBO
KRSC430APJJ1,STMM4
KRSC430APJJ1,SEPPREMET
KRSC430APJJ1,YA2019
KRSC430APJJ1,SEPPREHD
KRSC430APOT1,AD12B
KRSC430APOT1,S9704KMAG
KRSC430APOT1,OXIM6B
KRSC430APOT1,YA249
KRSC430APOT1,AWMBPH9
KRSC430APOT1,KRSC323PBO
KRSC430APOT1,STMM4
KRSC430APOT1,SEPPREMET
KRSC430APOT1,YA2019
KRSC430APOT1,SEPPREHD
TW381,ADHW8A
TW381,AEM444
TW381,AEM5530
TW381,AEM6530
TW381,AN850811B
TW381,HDM1236
TW381,LP10WC
TW381,S7100
TW381,VO3234B
TW381,XO2022
KRSC4130PC,SIMM150A
KRSC4130PC,SGASA204CR
KRSC4130PC,ATECH3FR300B
KRSC4130PC,TMU8B
KRSC4130PC,SRPCR4700
KRSC4130PC,SGDP42IRBR
KRSC4130PC,91ACP
KRSC4130PC,SPBS12AR
KRSC4130PC,SIMM190
KRSC4130PC,SIMM240
KRSC4130PCM,GFAT1E
KRSC4130PCM,PPC103A
KRSC4130PCM,SGASA204CR
KRSC4130PCM,SRPCR3800
KRSC4130PCM,TMXK60
KRSC4130PCM,SIMM170
KRSC4130PCM,SGDP42IRBR
KRSC4130PCM,TMXK2
KRSC4130PCM,SIMM220
KRSC4130PCM,SIMM240
TMMD5.5,TMMD11
TMMD5.5,TMMD13
TMMD5.5,TMMD14
TMMD5.5,TMMD12
TMMD5.5,TMMD5
TMMD5.5,TMMD6
TMMD5.5,TMMD9
TMMD5.5,STMMD12
TMMD5.5,STMMD11
TMMD5.5,STMMD10
VWB5B,PTGR100
VWB5B,D020MASF
VWB5B,D1012MASF
VWB5B,D1015MASF
VWB5B,D1115MASF
VWB5B,D1215MASF
VWB5B,D1217MASF
VWB5B,D305MASF
VWB5B,D4075MASF
VWB5B,D407MBSF
PWZ2A,PWZ4
PWZ2A,SEPIMMSIMM
PWZ2A,PWZ0A
PWZ2A,GAX36
PWZ2A,FADH12B
PWZ2A,PWZ3A
PWZ2A,PWZ1A
PWZ2A,CAL6EBR
PWZ2A,TQFR250E
PWZ2A,BTG8
SHX80BG,THLX72
SHX80BG,THRLX72
SHX80BG,FHLX80B
SHX80BG,SH80A
SHX80BG,SHBB24
SHX80BG,SXWP5
SHX80BG,SXWP3
SHX80BG,SXWP2
SHX80BG,SXWP11
SHX80BG,SXK8
FS221,FS081
FS221,FS101
FS221,FS261
FS221,FS281
FS221,FS241
FS221,FS121
FS221,FS141
FS221,FS181
FS221,FS201
FS221,UPT35R
FR80,AWEF6K
FR80,PT5CBL
FR80,SGHF616BO
FR80,AWMEF8K
FR80,TR72
FR80,SWM261
FR80,YA2020
FR80,YA160A
FR80,RULER602
FR80,UIM225RD
SGDMRC44BG,TPMC25GRN
SGDMRC44BG,SGCP1CR
SGDMRC44BG,XDH810B
SGDMRC44BG,FDS101
SGDMRC44BG,FDS121
SGDMRC44BG,FDS141
SGDMRC44BG,FDS161
SGDMRC44BG,FDS181
SGDMRC44BG,FU12B
SGDMRC44BG,FU14B
CTCO861DB,CTRS761ADB
CTCO861DB,CTSG861DB
CTCO861DB,CT825DB
CTCO861DB,PTC250
CTCO861DB,PTGR110
CTCO861DB,SHN36
CTCO861DB,PL5ESWIRESTRIP
CTCO861DB,PWCH7
CTCO861DB,PWCHHD7
CTCO861DB,GLASS50R
SGDTX90BG,TR107AR
SGDTX90BG,ACT73A
SGDTX90BG,SGDP64IRBR
SGDTX90BG,SRP3A
SGDTX90BG,JCW62R
SGDTX90BG,ACT413A
SGDTX90BG,GA3645A
SGDTX90BG,OEXM7B
SGDTX90BG,FBBA325
SGDTX90BG,YA339A
SVTS264,TA32A
SVTS264,SVTA9100
SVTS264,SVTSRAD272U
SVTS264,RADKITULTRA
SVTS264,ACT925
SVTS264,SGRHT6BG
SVTS264,PHP2A
SVTS264,XDHFM1214
SVTS264,XDHFM1315
SVTS264,XDHFM1618
TMMS10,TMMS5
TMMS10,TMMS5.5
TMMS10,TMMS6
TMMS10,TMMS9
TMMS10,TMMS11
TMMS10,TMS16
TMMS10,TMS14
TMMS10,TMS12
TMMS10,TMS11
TMMS10,TMS10
TMMS11,TMMS5
TMMS11,TMMS9
TMMS11,TMMS6
TMMS11,TMMS5.5
TMMS11,TMMS15
TMMS11,TMS16
TMMS11,TMS14
TMMS11,TMS12
TMMS11,TMS11
TMMS11,TMS10
TTX27E,DBBPC21
TTX27E,TTX40E
TTX27E,TTX30E
TTX27E,S9704KMAG
TTX27E,PPCS60BK
TTX27E,HSPD16
TTX27E,S9706KMAG
TTX27E,FSM61
TTX27E,TPGIF1600A
TTX27E,MRB5B
GAW1916,SGASA204CR
GAW1916,TMXK4
GAW1916,SGDP31IRBR
GAW1916,PL400B
GAW1916,SGD8BR
GAW1916,EECT400
GAW1916,KRSC46HPBO
GAW1916,ECHDD012A
GAW1916,CTB8174
GAW1916,PH3050BR
AWSGM2.5A,FXK6
AWSGM2.5A,96ACF
AWSGM2.5A,SIMM220
AWSGM2.5A,SIMM150A
AWSGM2.5A,SPBS24AR
AWSGM2.5A,EECT400
AWSGM2.5A,KRSC46HPBO
AWSGM2.5A,ECHDD012A
AWSGM2.5A,CTB8174
AWSGM2.5A,PH3050BR
AWBCG1609,SRPCR3800
AWBCG1609,SIMM160A
AWBCG1609,FXK11
AWBCG1609,TMXK4
AWBCG1609,A2A
AWBCG1609,EECT400
AWBCG1609,KRSC46HPBO
AWBCG1609,ECHDD012A
AWBCG1609,CTB8174
AWBCG1609,PH3050BR
SIM260,SIM160A
SIM260,SIM180A
SIM260,SIM220
SIM260,SIM200
SIM260,SIM320
SIM260,PH3050BR
SIM260,YA438B
SIM260,UPT35G
SIM260,UPT35R
SIM260,SRPCR4700O
SIMM290,SIMM350
SIMM290,YA450B
SIMM290,SRPCR3800O
SIMM290,SIMM340
SIMM290,SIMM300
SIMM290,SIMM360
SIMM290,OFW1
SIMM290,MRB5B
SIMM290,TWM11A
SIMM290,TWM10A
S61112,VSC4KT
S61112,SDMV208
S61112,B1356E
S61112,PWZ1A
S61112,TDG2
S61112,TQSG3F250
S61112,SOEXM11
S61112,SOEXM10
S61112,CTB8174
S61112,TMXK80
IPL24C,IPL22C
IPL24C,IPL18C
IPL24C,IPL20C
IPL24C,IPL26C
IPL24C,IPL32C
IPL24C,KRSC46HPBO
IPL24C,ECHDD012A
IPL24C,CTB8174
IPL24C,PH3050BR
IPL24C,310SIMMADDON
IMM190,IMM250
IMM190,IMM270
IMM190,IMM160A
IMM190,IMM150A
IMM190,IMM170A
IMM190,IMM180
IMM190,IMM110A
IMM190,ECHDD012A
IMM190,CTB8174
IMM190,PH3050BR
TW461,TW441
TW461,TW421
TW461,TWM28
TW461,EEBM600
TW461,TWM26
TW461,TWM30
TW461,TB10A
TW461,SGD155CG
TW461,CAL6EA
TW461,RTEMPB7
AWBMCG1606,SPBS24AR
AWBMCG1606,A2A
AWBMCG1606,SPBS704AR
AWBMCG1606,FU8A
AWBMCG1606,TMXK2
AWBMCG1606,EECT400
AWBMCG1606,KRSC46HPBO
AWBMCG1606,ECHDD012A
AWBMCG1606,CTB8174
AWBMCG1606,PH3050BR
SDD214,SDDDM1AR
SDD214,PT40B
SDD214,LN46ACF
SDD214,FXK8
SDD214,GSAF1F
SDD214,EECT400
SDD214,KRSC46HPBO
SDD214,ECHDD012A
SDD214,CTB8174
SDD214,PH3050BR
VWB800D,SDG10S25F
VWB800D,MSL59261
VWB800D,SAG03S20
VWB800D,PTGR100
VWB800D,SHP10
VWB800D,PWZ5
VWB800D,PDR3000A
VWB800D,DB129C
VWB800D,EETL500
VWB800D,RD8
PH3050BR,PHG1055BK
PH3050BR,PTC250
PH3050BR,PTGR100
PH3050BR,MG1250
PH3050BR,VWB8B
PH3050BR,PTGR110
PH3050BR,RADKITULTRA
PH3050BR,IPL24C
PH3050BR,IPL30C
PH3050BR,IPL22C
STMD6,TPMC25GRN
STMD6,SGCP1CR
STMD6,XDH810B
STMD6,XS2024A
STMD6,FDS101
STMD6,FDS121
STMD6,FDS141
STMD6,FDS161
STMD6,FDS181
STMD6,FU12B
FAML6E,FAML10E
FAML6E,FAML4E
FAML6E,FAML5E
FAML6E,FAML7E
FAML6E,FAML8E
FAML6E,ADHW8A
FAML6E,AEM444
FAML6E,AEM5530
FAML6E,AEM6530
FAML6E,AN850811B
THLLF72O,FHLLF80
THLLF72O,FHLX80B
THLLF72O,THLL72
THLLF72O,SHLX80A
THLLF72O,FHOF80A
THLLF72O,XOM1011
THLLF72O,TMUSM9A
THLLF72O,TMUSM7A
THLLF72O,TMUSM6A
THLLF72O,TMUSM5A
AWML1.5D,FXK11
AWML1.5D,TMXK4
AWML1.5D,96ACF
AWML1.5D,SIMM180
AWML1.5D,SPBS8AR
AWML1.5D,EECT400
AWML1.5D,KRSC46HPBO
AWML1.5D,ECHDD012A
AWML1.5D,CTB8174
AWML1.5D,PH3050BR
AWTR8-4,FX1
AWTR8-4,SIMM220
AWTR8-4,SPBS704AR
AWTR8-4,SIMM190
AWTR8-4,96ACF
AWTR8-4,EECT400
AWTR8-4,KRSC46HPBO
AWTR8-4,ECHDD012A
AWTR8-4,CTB8174
AWTR8-4,PH3050BR
IPLM10C,IPLM11C
IPLM10C,IPLM12C
IPLM10C,IPLM13C
IPLM10C,IPLM16C
IPLM10C,IPL26C
IPLM10C,PH3050BR
IPLM10C,DR1615MASF
IPLM10C,DR1420MASF
IPLM10C,DR1415MASF
IPLM10C,DR1412MASF
CTR867ADB,CT9010K2
CTR867ADB,CT9080K2
CTR867ADB,LSR1150
CTR867ADB,LSR2000
CTR867ADB,CT825DB
CTR867ADB,LSR1250
CTR867ADB,CTR861AK2
CTR867ADB,CTB8174
CTR867ADB,IMM250
CTR867ADB,312IMM
AWM4D,SGDP42IRBR
AWM4D,SGDX80BR
AWM4D,SGASA204CR
AWM4D,SPBS12AR
AWM4D,91ACP
AWM4D,EECT400
AWM4D,KRSC46HPBO
AWM4D,ECHDD012A
AWM4D,CTB8174
AWM4D,PH3050BR
208CCP,BTC10
208CCP,CJ92
208CCP,YA249
208CCP,GA236C
208CCP,B260A
208CCP,SPBS24A
208CCP,AD8B
208CCP,BTC3A
208CCP,BTC7B
208CCP,SGA173BO
211EFAMY,222SFFSFR
211EFAMY,TD1040A
211EFAMY,TDM100A
211EFAMY,224SFFSMFR
211EFAMY,FBSM325
211EFAMY,MTTL310
211EFAMY,212EFTAY
211EFAMY,AT4124
211EFAMY,PTIM5
211EFAMY,PKRS1
212EFTXY,222SFFSFR
212EFTXY,TD1040A
212EFTXY,TDM100A
212EFTXY,FLX80B
212EFTXY,FTX60E
212EFTXY,AWM110DHK
212EFTXY,EC-USB-C-3A
212EFTXY,FBSM325
212EFTXY,AC5C
212EFTXY,TPM16
AT5500,TTX40E
AT5500,TTX27E
AT5500,AT380A
AT5500,224SFFSMFR
AT5500,TTX30E
AT5500,S9704KMAG
AT5500,AT700F
AT5500,BCS70A
AT5500,112TMMDSY
AT5500,PPCS60BK
FC72,FSLF80
FC72,FZ80
FC72,FCF72
FC72,FK80
FC72,TM72
FC72,TMXKL240A
FC72,44
FC72,44BCFND
FC72,LN44BCFND
FC72,TMXKL114A
ATECH3FR300B,YA438B
ATECH3FR300B,BLPTE3816
ATECH3FR300B,BLPTE3814
ATECH3FR300B,BLPTE3812
ATECH3FR300B,BLPTE3810
ATECH3FR300B,OXIM6B
ATECH3FR300B,SEPPROCORE1
ATECH3FR300B,MG725A
ATECH3FR300B,SRPCR3890
ATECH3FR300B,EEDM525F
CT9080GDB,214SIMDFMYA
CT9080GDB,YA438B
CT9080GDB,BLPTE3816
CT9080GDB,BLPTE3814
CT9080GDB,BLPTE3812
CT9080GDB,BLPTE3810
CT9080GDB,OXIM6B
CT9080GDB,SEPIMMSIMMA
CT9080GDB,CT9010K2
CT9080GDB,CTB185
CDR4P32K3DB,91ACP
CDR4P32K3DB,SIMM240
CDR4P32K3DB,SGDP31IRBR
CDR4P32K3DB,SPBS8AR
CDR4P32K3DB,SGD6BR
CDR4P32K3DB,PPC103A
CDR4P32K3DB,F80
CDR4P32K3DB,SGDX80BR
CDR4P32K3DB,SGD2BR
CDR4P32K3DB,PPC105LA
XS1416A,XS2024A
XS1416A,XS1820A
XS1416A,XS1012A
XS1416A,XS2226A
XS1416A,XS1618A
XS1416A,EECT400
XS1416A,KRSC46HPBO
XS1416A,ECHDD012A
XS1416A,CTB8174
XS1416A,PH3050BR
SGDMRCE44G,112RTA
SGDMRCE44G,WTRW9K
SGDMRCE44G,BTWSMPK
SGDMRCE44G,110ETMAY
SGDMRCE44G,XO605
SGDMRCE44G,SSFP1
SGDMRCE44G,FLX80B
SGDMRCE44G,214SFY
SGDMRCE44G,SDM215C
SGDMRCE44G,SDM11A
SGDX80BG,XS2024A
SGDX80BG,XS1416A
SGDX80BG,XS1820A
SGDX80BG,XS1618A
SGDX80BG,XS1012A
SGDX80BG,KRSC46HPBO
SGDX80BG,ECHDD012A
SGDX80BG,CTB8174
SGDX80BG,PH3050BR
SGDX80BG,RULER6
SHD2R,SHD8R
SHD2R,5CF
SHD2R,ASG185BR
SHD2R,ATECHMS80M
SHD2R,CCY21508
SHD2R,DANTG70
SHD2R,FSNSS-508-BO
SHD2R,JHW30012
SHD2R,KNX8111250
SHD2R,KNX8603125
CSA14C,2420A
CSA14C,AW1020DK
CSA14C,AWM140DK
CSA14C,SPBS12A
CSA14C,207EFTXY
CSA14C,310IMMYA
CSA14C,FB360C
CSA14C,TMMD13
CSA14C,ECFB200BL
CSA14C,FB300A
CSSD50B,CSSD1R
CSSD50B,PKNC300
CSSD50B,CSA14CR
CSSD50B,AWPBX10
CSSD50B,SGRHT6BG
CSSD50B,SGAS102BG
CSSD50B,SGAS1713BG
CSSD50B,SGAS1714BG
CSSD50B,SGAS1713BR
CSSD50B,RADKITULTRA
490CF,912AEP
490CF,915CP
490CF,612AEP
490CF,908CF
490CF,411CF
490CF,BLPPB704
490CF,OEX140NADA
490CF,OEX120B
490CF,OEX110B
490CF,OEX100B
414AHD,SPBS36BR
414AHD,PKNC150
414AHD,UPTM65K
414AHD,SOEX707
414AHD,SOEX38
414AHD,SOEX40
414AHD,ECHDD012A
414AHD,FADH12B
414AHD,CTB8174
414AHD,PH3050BR
SH80AG,THL72
SH80AG,FHR80
SH80AG,THR72
SH80AG,SN15B
SH80AG,THLL72
SH80AG,SM16
SH80AG,SM15A
SH80AG,SM14A
SH80AG,SM13A
SH80AG,SM12B
SHBB24,FHBB12A
SHBB24,FHBB18A
SHBB24,SR80A
SHBB24,SEPPT850K
SHBB24,TECH3FR250
SHBB24,307ESAMY
SHBB24,SAM10E
SHBB24,SAM12E
SHBB24,SAM14E
SHBB24,SAM17E
GLOVE900MR,GLOVE900LG
GLOVE900MR,GLOVE505RL
GLOVE900MR,OXRM710
GLOVE900MR,GLOVE300BL
GLOVE900MR,YA427B
GLOVE900MR,GLOVE309L
GLOVE900MR,GLOVE1100L
GLOVE900MR,TB50W
GLOVE900MR,YA9350B
GLOVE900MR,AWMCG1600B
GLOVE900XLPK,GLOVE900LG
GLOVE900XLPK,GLOVE505RL
GLOVE900XLPK,OXRM710
GLOVE900XLPK,GLOVE300BL
GLOVE900XLPK,YA427B
GLOVE900XLPK,GLOVE309L
GLOVE900XLPK,GLOVE1100L
GLOVE900XLPK,TB50W
GLOVE900XLPK,YA9350B
GLOVE900XLPK,AWMCG1600B
315SIMMYA,310SIMMYA
315SIMMYA,UPT35R
315SIMMYA,307SIM
315SIMMYA,320SIM
315SIMMYA,315IMMYA
315SIMMYA,309SIMYA
315SIMMYA,IMM110A
315SIMMYA,CTB8174
315SIMMYA,PH3050BR
315SIMMYA,CTR767K2
TWM17,TWM12A
TWM17,TWM13A
TWM17,TWM14A
TWM17,TWM15A
TWM17,TWM16
TWM17,TWM10A
TWM17,TWM11A
TWM17,TWM19
TWM17,TWM18
TWM17,TWM23
KRA2407PU,AB3042
KRA2407PU,BLP7
KRA2407PU,CT861K2
KRA2407PU,CTS561BITXL
KRA2407PU,EEDM604F
KRA2407PU,FSM201
KRA2407PU,FSM211
KRA2407PU,FSM221
KRA2407PU,IMM320
KRA2407PU,KDT3729
TMMDS4.5,SIMM200
TMMDS4.5,ATECH2FR125B
TMMDS4.5,SPBS8AR
TMMDS4.5,TMXK2
TMMDS4.5,SPBS12AR
TMMDS4.5,EECT400
TMMDS4.5,KRSC46HPBO
TMMDS4.5,ECHDD012A
TMMDS4.5,CTB8174
TMMDS4.5,PH3050BR
VS814A,VSM5210B
VS814A,VSM5211B
VS814A,VSM5212B
VS814A,VSM5213B
VS814A,VSM5214B
VS814A,VSM5215B
VS814A,VSM5217B
VS814A,VSM807B
VS814A,314SCOA
VS814A,SCO34
SIM220,SIM160A
SIM220,SIM180A
SIM220,SIM200
SIM220,SIM320
SIM220,SIM300
SIM220,PH3050BR
SIM220,YA438B
SIM220,UPT35G
SIM220,UPT35R
SIM220,SRPCR4700O
SWM141A,SWM131A
SWM141A,SWM161
SWM141A,SWM151A
SWM141A,SWM191
SWM141A,SWM181
SWM141A,KRSC46HPBO
SWM141A,ECHDD012A
SWM141A,CTB8174
SWM141A,PH3050BR
SWM141A,FB303B
TQSG3F250,TQFR100C
TQSG3F250,TF5A
TQSG3F250,A3042
TQSG3F250,SEPIMMSIMM
TQSG3F250,LSRM2000
TQSG3F250,LSR1580
TQSG3F250,EECT424HD
TQSG3F250,AT5500
TQSG3F250,BTG8
TQSG3F250,GLASS30BK
AWMG9,222SFFSFR
AWMG9,TD1040A
AWMG9,TDM100A
AWMG9,SRPCR4700O
AWMG9,AWM12D
AWMG9,UPT35R
AWMG9,SEPPROCORE2A
AWMG9,AWS13
AWMG9,224SFFSMFR
AWMG9,DB121C
TMC104E,XS2024A
TMC104E,XS1416A
TMC104E,XS1820A
TMC104E,XS1012A
TMC104E,XS2226A
TMC104E,EECT400
TMC104E,KRSC46HPBO
TMC104E,ECHDD012A
TMC104E,CTB8174
TMC104E,PH3050BR
TQFR100C,BPPC1878
TQFR100C,310SIMMADDON
TQFR100C,TQSG3F250
TQFR100C,TQFR250E
TQFR100C,307IPLY
TQFR100C,SEPMG31K
TQFR100C,IPL36C
TQFR100C,IPL30C
TQFR100C,VWB8B
TQFR100C,MG325
AWT15A,SPBS24AR
AWT15A,PPC4A
AWT15A,SIMM210
AWT15A,SGD8BR
AWT15A,SIMM190
AWT15A,EECT400
AWT15A,KRSC46HPBO
AWT15A,ECHDD012A
AWT15A,CTB8174
AWT15A,PH3050BR
EEDM596FK,FB307D
EEDM596FK,AWM140DK
EEDM596FK,OC5A
EEDM596FK,GA3645A
EEDM596FK,EFPHANNIBALB
EEDM596FK,PG160
EEDM596FK,RXS12B
EEDM596FK,RXS14B
EEDM596FK,RXS16B
EEDM596FK,RXS18B
KRA2411PJJ,KRA6210FPBO
KRA2411PJJ,BHS7A
KRA2411PJJ,EFPHANNIBALB
KRA2411PJJ,KRWT2411
KRA2411PJJ,KWSN2455AST
KRA2411PJJ,PG160
KRA2411PJJ,AWM140DK
KRA2411PJJ,PTGR450
KRA2411PJJ,SEPPREHD
KRA2411PJJ,TWM26
KRA2411PJK,KRA6210FPBO
KRA2411PJK,BHS7A
KRA2411PJK,EFPHANNIBALB
KRA2411PJK,KRWT2411
KRA2411PJK,KWSN2455AST
KRA2411PJK,PG160
KRA2411PJK,AWM140DK
KRA2411PJK,PTGR450
KRA2411PJK,SEPPREHD
KRA2411PJK,TWM26
AWT9A,FHLF80A
AWT9A,SHD1R
AWT9A,SGASA204CR
AWT9A,SPBS8AR
AWT9A,T72
AWT9A,EECT400
AWT9A,KRSC46HPBO
AWT9A,ECHDD012A
AWT9A,CTB8174
AWT9A,PH3050BR
FHLLF80,THLLF72
FHLLF80,SHLF80A
FHLLF80,FHOF80A
FHLLF80,SHLL80A
FHLLF80,SHLX80A
FHLLF80,PPC828C
FHLLF80,PPC824C
FHLLF80,PPC112
FHLLF80,FX24A
FHLLF80,FX18
CT825GDB,CTRS761ADB
CT825GDB,CTQ838DB
CT825GDB,CTCO861K2
CT825GDB,112SIMTMM
CT825GDB,SIMTMM11
CT825GDB,SIMTMM12
CT825GDB,SIMTMM13
CT825GDB,SIMTMM14
CT825GDB,SIMTMM15
CT825GDB,SIMTMM5
CT825GK2,CTRS761ADB
CT825GK2,CTQ838DB
CT825GK2,CTCO861K2
CT825GK2,112SIMTMM
CT825GK2,SIMTMM11
CT825GK2,SIMTMM12
CT825GK2,SIMTMM13
CT825GK2,SIMTMM14
CT825GK2,SIMTMM15
CT825GK2,SIMTMM5
GMB3042,SDM11A
GMB3042,SDM215C
GMB3042,SDM251IRC
GMB3042,SDM252IRB
GMB3042,SDM253IRC
GMB3042,SDM2704D
GMB3042,SDM2705D
GMB3042,SDM2706D
GMB3042,SDM2707D
GMB3042,SDMT27D
CT861GK2,AB3042
CT861GK2,BLP7
CT861GK2,CTS561BITXL
CT861GK2,EEDM604F
CT861GK2,FSM201
CT861GK2,FSM211
CT861GK2,FSM221
CT861GK2,IMM320
CT861GK2,KDT3729
CT861GK2,KDT3977
KAERNADD6RD,PLRK27
KAERNADD6RD,PLRK21
KAERNADD6RD,SEPMG31K
KAERNADD6RD,ASTFUN19KIT
KAERNADD6RD,PLRK30
KAERNADD6RD,JCW80AR
KAERNADD6RD,TB20AC
KAERNADD6RD,ECSPH271
KAERNADD6RD,PT338
KAERNADD6RD,YA389A
AWBSGM25A,FXK3
AWBSGM25A,SGDP42IRBR
AWBSGM25A,FU8A
AWBSGM25A,SGD6BR
AWBSGM25A,ATECH3FR300B
AWBSGM25A,EECT400
AWBSGM25A,KRSC46HPBO
AWBSGM25A,ECHDD012A
AWBSGM25A,CTB8174
AWBSGM25A,PH3050BR
SGD153BR,SGD155CG
SGD153BR,OFC7374-14
SGD153BR,SGD155CR
SGD153BR,SGD155CO
SGD153BR,FZ7A
SGD153BR,EEPV509
SGD153BR,EEPV500
SGD153BR,210EFTXRY
SGD153BR,FTXR27E
SGD153BR,FTXR30E
211SFSY,SPBS36BR
211SFSY,SRPCR4700O
211SFSY,UPT35R
211SFSY,FA12LE
211SFSY,218AFSP
211SFSY,FRX181
211SFSY,TPMB10
211SFSY,TPM16EM
211SFSY,317MSPC
211SFSY,GF22
SPBS18AR,SPBS24AR
SPBS18AR,SPBS8AR
SPBS18AR,SPBS12AR
SPBS18AR,SOEX38
SPBS18AR,AWMG9
SPBS18AR,CTB8174
SPBS18AR,PH3050BR
SPBS18AR,FB300A
SPBS18AR,PPC812B
SPBS18AR,FBBA325
FADH6C,FADH8C
FADH6C,FADH10C
FADH6C,FADH12C
FADH6C,SGRHT6BG
FADH6C,PKNC300
FADH6C,SVSM10A
FADH6C,SVSM11A
FADH6C,SVSM12A
FADH6C,SVSM13A
FADH6C,SVSM14A
KRSC343POT,RULER600
KRSC343POT,C0900A
KRSC343POT,DS1010A
KRSC343POT,DS1212A
KRSC343POT,DS809K
KRSC343POT,DS88A
KRSC343POT,WTG8A
KRSC343POT,DS2224A
KRSC343POT,HBFE16
KRSC343POT,DS1516A
PH200D,YA900
PH200D,PHG1055BK
PH200D,PH3050BR
PH200D,FXK4
PH200D,FXK8
PH200D,LN47ACF
PH200D,ATECH3FR300B
PH200D,SPBS24AR
PH200D,97ACF
PH200D,SPBS704AR
GLOVE502BMB,BLPTL146
GLOVE502BMB,BLPTL148
GLOVE502BMB,BLPTL149
GLOVE502BMB,BLPTL1410
GLOVE502BMB,BLPTL1427
GLOVE502BMB,BLPTL1415
GLOVE502BMB,BLPTL3840
GLOVE502BMB,QD1RN25B
GLOVE502BMB,QD3RN350A
GLOVE502BMB,SL80A
B3404B,B1458C
B3404B,B1467A
B3404B,S6112
B3404B,BT11
B3404B,B1356E
B3404B,CTB8174
B3404B,PH3050BR
B3404B,TB10A
B3404B,FB303B
B3404B,FBM320
AWMXL10-1.5,SIMM190
AWMXL10-1.5,TMU8B
AWMXL10-1.5,SGDX80BR
AWMXL10-1.5,PPC106LA
AWMXL10-1.5,SGD4BR
AWMXL10-1.5,EECT400
AWMXL10-1.5,KRSC46HPBO
AWMXL10-1.5,ECHDD012A
AWMXL10-1.5,CTB8174
AWMXL10-1.5,PH3050BR
BOERM10,BOERM12
BOERM10,BOERM13
BOERM10,BOERM17
BOERM10,BOERM11
BOERM10,BOERM14
BOERM10,FA5E
BOERM10,FA4E
BOERM10,ECHDF042
BOERM10,FA4.5E
BOERM10,EEPV500
BOERM13,BOERM15
BOERM13,BOERM10
BOERM13,BOERM14
BOERM13,BOERM17
BOERM13,BOERM12
BOERM13,EECT400
BOERM13,KRSC46HPBO
BOERM13,ECHDD012A
BOERM13,CTB8174
BOERM13,PH3050BR
BPTOTEC,SIMM190
BPTOTEC,SIMM210
BPTOTEC,SIMM240
BPTOTEC,SGDP31IRBR
BPTOTEC,SPBS12AR
BPTOTEC,ATECH3FR300B
BPTOTEC,SGDP42IRBR
BPTOTEC,SPBS18AR
BPTOTEC,SIMM180
BPTOTEC,PL400B
BTWSMPK,112RTA
BTWSMPK,WTRW9K
BTWSMPK,110ETMAY
BTWSMPK,XO605
BTWSMPK,PPB30AK
BTWSMPK,PPSG106
BTWSMPK,SSFP1
BTWSMPK,FLX80B
BTWSMPK,PPB408A
BTWSMPK,TB50WC
CTLMAG-BOOTM,ECSPN108
CTLMAG-BOOTM,CTNN13KF
CTLMAG-BOOTM,CTB8174
CTLMAG-BOOTM,TDTDM500B
CTLMAG-BOOTM,CTC772A
CTLMAG-BOOTM,FB307RNB
CTLMAG-BOOTM,415CF
CTLMAG-BOOTM,D1212MASF
CTLMAG-BOOTM,DDS1A
CTLMAG-BOOTM,DDS20
FIH500,91ACP
FIH500,SIMM210
FIH500,SHD1R
FIH500,BLPTHC87
FIH500,SIMM240
FIH500,EECT400
FIH500,KRSC46HPBO
FIH500,ECHDD012A
FIH500,CTB8174
FIH500,PH3050BR
7031A,305SXWP
7031A,SXWP11
7031A,SXWP2
7031A,SXWP3
7031A,SXWP5
7031A,SXWP8
7031A,OEX38B
7031A,313SWYA
7031A,915CP
7031A,SWM221
AYESHDA,SGD6BR
AYESHDA,SGDP31IRBR
AYESHDA,PPC816B
AYESHDA,TMXK2
AYESHDA,96ACF
AYESHDA,TPGDL2000
AYESHDA,KRSC46HPBO
AYESHDA,ECHDD012A
AYESHDA,CTB8174
AYESHDA,PH3050BR
BLPTE144,BLPTE145
BLPTE144,BLPTE147
BLPTE144,BLPTE146
BLPTE144,BLPTE148
BLPTE144,BLPTE1222
BLPTE144,EECT400
BLPTE144,KRSC46HPBO
BLPTE144,ECHDD012A
BLPTE144,CTB8174
BLPTE144,PH3050BR
BDGPL411HG,BDGPL412HG
BDGPL411HG,BDGPL410HG
BDGPL411HG,XDHFM1214
BDGPL411HG,XDHFM1315
BDGPL411HG,XDHFM1618
BDGPL411HG,XDHFM1719
BDGPL411HG,XDHFM606K1
BDGPL411HG,XDHFM810
BDGPL411HG,XDHFM911
BDGPL411HG,LIL59000
BLPH388,BLPH389
BLPH388,BLPH387
BLPH388,BLPH38516
BLPH388,BLPH38732
BLPH388,BLPH3810
BLPH388,TS201
BLPH388,TS181A
BLPH388,TS161A
BLPH388,TS141A
BLPH388,TS121A
BLPHL38516,ATECH3FR300B
BLPHL38516,FX1
BLPHL38516,SIMM210
BLPHL38516,SPBS8AR
BLPHL38516,SHD1R
BLPHL38516,EECT400
BLPHL38516,KRSC46HPBO
BLPHL38516,ECHDD012A
BLPHL38516,CTB8174
BLPHL38516,PH3050BR
BLPHS14516,PPC106LA
BLPHS14516,SGD6BR
BLPHS14516,FX1
BLPHS14516,SIMM240
BLPHS14516,SRPCR4700
BLPHS14516,EECT400
BLPHS14516,KRSC46HPBO
BLPHS14516,ECHDD012A
BLPHS14516,CTB8174
BLPHS14516,PH3050BR
BLPHS14532,91ACP
BLPHS14532,TMXK60
BLPHS14532,SGD4BR
BLPHS14532,PPC105LA
BLPHS14532,FHLF80A
BLPHS14532,EECT400
BLPHS14532,KRSC46HPBO
BLPHS14532,ECHDD012A
BLPHS14532,CTB8174
BLPHS14532,PH3050BR
BLPHS14732,FXK6
BLPHS14732,SIMM170
BLPHS14732,SPBS18AR
BLPHS14732,SIMM150A
BLPHS14732,SGD6BR
BLPHS14732,EECT400
BLPHS14732,KRSC46HPBO
BLPHS14732,ECHDD012A
BLPHS14732,CTB8174
BLPHS14732,PH3050BR
JT13B,ECARA052A
JT13B,VSG9R
JT13B,AB3042
JT13B,BLP7
JT13B,CT861K2
JT13B,CTS561BITXL
JT13B,EEDM604F
JT13B,FSM201
JT13B,FSM211
JT13B,FSM221
GAJ12A,340SSDP
GAJ12A,UPT35R
GAJ12A,SRPCR4700O
GAJ12A,10SSD
GAJ12A,SN25A
GAJ12A,FB303B
GAJ12A,222AFSP
GAJ12A,AC58E
GAJ12A,TPMB25EM
GAJ12A,FBBA325
S3625,A129
S3625,A106
S3625,A127
S3625,S3624
S3625,YA4050B
S3625,SLE240
S3625,FLE110A
S3625,SLE160A
S3625,SLE180A
S3625,SLE200A
SEPKCAMETPBOA,ATECH2FR125B
SEPKCAMETPBOA,SHD1R
SEPKCAMETPBOA,SIMM240
SEPKCAMETPBOA,SIMM190
SEPKCAMETPBOA,SPBS704AR
SEPKCAMETPBOA,EECT400
SEPKCAMETPBOA,KRSC46HPBO
SEPKCAMETPBOA,ECHDD012A
SEPKCAMETPBOA,CTB8174
SEPKCAMETPBOA,PH3050BR
SEPKCAMETPCMA,FXK11
SEPKCAMETPCMA,SGASA204CR
SEPKCAMETPCMA,SHD1R
SEPKCAMETPCMA,PL400B
SEPKCAMETPCMA,SGD6BR
SEPKCAMETPCMA,EECT400
SEPKCAMETPCMA,KRSC46HPBO
SEPKCAMETPCMA,ECHDD012A
SEPKCAMETPCMA,CTB8174
SEPKCAMETPCMA,PH3050BR
SEPPREATV,KRA2007FPBO
SEPPREATV,SOEXM9
SEPPREATV,SOEX707
SEPPREATV,SOEXM8
SEPPREATV,TWM30
SEPPREATV,TWM32
SEPPREATV,FS081
SEPPREATV,FS101
SEPPREATV,FS261
SEPPREATV,PH3050BR
SEPPROK1PBOA,FU8A
SEPPROK1PBOA,SGD2BR
SEPPROK1PBOA,ATECH2FR125B
SEPPROK1PBOA,FHLF80A
SEPPROK1PBOA,SGASA204CR
SEPPROK1PBOA,EECT400
SEPPROK1PBOA,KRSC46HPBO
SEPPROK1PBOA,ECHDD012A
SEPPROK1PBOA,CTB8174
SEPPROK1PBOA,PH3050BR
SSFP2,5CF
SSFP2,ASG185BR
SSFP2,ATECHMS80M
SSFP2,CCY21508
SSFP2,DANTG70
SSFP2,FSNSS-508-BO
SSFP2,JHW30012
SSFP2,KNX8111250
SSFP2,KNX8603125
SSFP2,KNX8603150
TB50WC,SEPAMTSETA
TB50WC,112RTA
TB50WC,WTRW9K
TB50WC,BTWSMPK
TB50WC,110ETMAY
TB50WC,FLX80B
TB50WC,XO605
TB50WC,PPB30AK
TB50WC,214SFY
TB50WC,SSFP1
PBMA5O,PBMA5G
PBMA5O,PBMMB5O
PBMA5O,PBMA5R
PBMA5O,PBMB5O
PBMA5O,PBMMS5O
PBMA5O,PH3050BR
PBMA5O,SG3ASHCR
PBMA5O,SG3ASH90CR
PBMA5O,SG3ASH45CR
PBMA5O,SG3ASACR
PBMMB5O,PBMMS5O
PBMMB5O,PBMMA5O
PBMMB5O,PBMA5O
PBMMB5O,PBMMA5G
PBMMB5O,PBMMB5R
PBMMB5O,TMXK80
PBMMB5O,SOXRRM10A
PBMMB5O,TPGDL2000
PBMMB5O,ECHDD012A
PBMMB5O,ECHDF042
PRH57A,FLX80B
PRH57A,SEPHDSETAOB
PRH57A,FA12LE
PRH57A,FRX181
PRH57A,317MSPC
PRH57A,GF22
PRH57A,MAGML300L-S2016
PRH57A,TPMB10
PRH57A,TPM16EM
PRH57A,EC-USB-C-3A
PWC48,US712
PWC48,PT5CBL
PWC48,AD6B
PWC48,TR107AO
PWC48,YA2020
PWC48,DS806AK
PWC48,AW1015DHK
PWC48,AW1020DK
PWC48,YA160A
PWC48,RULER602
RBM78C,RBM910C
RBM78C,BLPTHC87
RBM78C,ATECH2FR125B
RBM78C,SHD1R
RBM78C,SPBS24AR
RBM78C,EECT400
RBM78C,KRSC46HPBO
RBM78C,ECHDD012A
RBM78C,CTB8174
RBM78C,PH3050BR
R2024C,SPBS704AR
R2024C,SPBS8AR
R2024C,SIMM160A
R2024C,SGD8BR
R2024C,SRPCR4700
R2024C,EECT400
R2024C,KRSC46HPBO
R2024C,ECHDD012A
R2024C,CTB8174
R2024C,PH3050BR
EFPSHRED,ATECH3FR300B
EFPSHRED,TMXK4
EFPSHRED,91ACP
EFPSHRED,PPC4A
EFPSHRED,SGDP42IRBR
EFPSHRED,SPBS24AR
EFPSHRED,SIMM180
EFPSHRED,PPC103A
EFPSHRED,SPBS704AR
EFPSHRED,SIMM220
UPT65,TWM31
UPT65,TWM29
UPT65,131TMPB
UPT65,UIM2LT
UPT65,UIM2RSLT
UPT65,TB50
UPT65,MAGTRAY
UPT65,LBUK1
UPT65,MRB5B
UPT65,PLRK21
USS103,PKB500A
USS103,PKNC301
USS103,PKNC300
USS103,HBPT24
USS103,SGD155CR
USS103,PH3050BR
USS103,SG3ASHCR
USS103,SG3ASH90CR
USS103,SG3ASH45CR
USS103,SG3ASACR
YA900,YA2019
YA900,14V
YA900,AD12B
YA900,ST50A
YA900,GA243
YA900,BF775C-A
YA900,KRA4813FPBO
YA900,PDR3000A
YA900,SPBS12A
YA900,TB40
YA9350B,10HR
YA9350B,BP20B
YA9350B,CHN410
YA9350B,GA111D
YA9350B,MT501C
YA9350B,R40B
YA9350B,SP32E
YA9350B,YA3080
YA9350B,AWTEF8K
YA9350B,AWMEF6K
PLRK21,PLRK27
PLRK21,YA389A
PLRK21,PLRK30
PLRK21,MRB12B
PLRK21,AWCG1600B
PLRK21,MRB5B
PLRK21,AWSGT800A
PLRK21,MAGMICRO
PLRK21,MRB10B
PLRK21,KAERNADD6RD
SFSM10,SFSM11
SFSM10,SFSM9
SFSM10,SFSM19
SFSM10,SFSM18
SFSM10,SFSM16
SFSM10,SFS101
SFSM10,SFS081
SFSM10,SGA173BG
SFSM10,UPT35R
SFSM10,FADH12B
SDDDM1AO,SDMV208
SDDDM1AO,PBMMB5R
SDDDM1AO,BLPEXTF146
SDDDM1AO,BLPBTWSET
SDDDM1AO,SSFP2
SDDDM1AO,SGDP301BR
SDDDM1AO,SGDP300BR
SDDDM1AO,SGD306BR
SDDDM1AO,SGD304BR
SDDDM1AO,SSDMR4B
TMMS15,TMMS5
TMMS15,TMMS9
TMMS15,TMMS11
TMMS15,TMMS5.5
TMMS15,TMMS6
TMMS15,TMS16
TMMS15,TMS14
TMMS15,TMS12
TMMS15,TMS11
TMMS15,TMS10
IPLM17C,IPLM11C
IPLM17C,IPLM14C
IPLM17C,IPLM15C
IPLM17C,IPLM12C
IPLM17C,IPLM10C
IPLM17C,KRSC46HPBO
IPLM17C,ECHDD012A
IPLM17C,CTB8174
IPLM17C,PH3050BR
IPLM17C,310SIMMADDON
SRP3A,SGDP64IRBO
SRP3A,R1618SC
SRP3A,SGDP64IRBG
SRP3A,218AFP
SRP3A,SGDP64IRBR
SRP3A,TR107AR
SRP3A,SW421
SRP3A,GA3645A
SRP3A,ACT413A
SRP3A,ACT73A
IPLM22C,IPSM22
IPLM22C,IPSM21
IPLM22C,IPDLM13A
IPLM22C,IPLM16C
IPLM22C,IPLM19C
IPLM22C,IPTMM8A
IPLM22C,IPTMM15A
IPLM22C,IPTMM14A
IPLM22C,IPTMM13A
IPLM22C,IPTMM12A
XLE605,CT725AK2
XLE605,CAL6V
XLE605,BFCRM712A
XLE605,UTV617A
XLE605,BFCR708A
XLE605,UTV616A
XLE605,207IMFLE
XLE605,FABM8E
XLE605,FABM7E
XLE605,FABM10E
204FXKLA,103TMXKLA
204FXKLA,TMXKL114A
204FXKLA,TMXKL240A
204FXKLA,TMXKL60A
204FXKLA,303SXWKL
204FXKLA,SXWKL3
204FXKLA,SXWKL5
204FXKLA,SXWKL8
204FXKLA,SGDP242BR
204FXKLA,SGDXXL20BR
VO2628B,XS2024A
VO2628B,VO2224B
VO2628B,XS1416A
VO2628B,XS1820A
VO2628B,XS1012A
VO2628B,EECT400
VO2628B,KRSC46HPBO
VO2628B,ECHDD012A
VO2628B,CTB8174
VO2628B,PH3050BR
OXIM710B,OXIM9B
OXIM710B,AWCGT500
OXIM710B,OXIM8B
OXIM710B,OXIM4SB
OXIM710B,OXIM55SB
OXIM710B,OXIM5SB
OXIM710B,OXIM6SB
OXIM710B,OXIM707SBK
OXIM710B,OXIM7SB
OXIM710B,OXIM8SB
MRB10B,MRB15B
MRB10B,MRB5B
MRB10B,MRB12B
MRB10B,FBM320
MRB10B,FADH12B
MRB10B,BCS70A
MRB10B,TR107AR
MRB10B,BTK5
MRB10B,QDTPMS
MRB10B,TB30
OEX711B,112RTA
OEX711B,BHS7A
OEX711B,PT5CBL
OEX711B,107ATMPB
OEX711B,OC5A
OEX711B,WTRW9K
OEX711B,DS806AK
OEX711B,YA2020
OEX711B,AW1015DHK
OEX711B,YA160A
RULER602,FB303B
RULER602,30SSD
RULER602,SN25A
RULER602,R1618SC
RULER602,ACT83A
RULER602,ACT1370
RULER602,TWM31
RULER602,222AFSP
RULER602,OEXM9B
RULER602,OFW3
HSG319,222SFFSFR
HSG319,TD1040A
HSG319,TDM100A
HSG319,XS2024A
HSG319,XS1416A
HSG319,XS1820A
HSG319,XS1012A
HSG319,CTB8174
HSG319,PH3050BR
HSG319,MAGML300L-S2016
AWTXL8-T10,FHLF80A
AWTXL8-T10,TMXK2
AWTXL8-T10,SRPCR4700
AWTXL8-T10,91ACP
AWTXL8-T10,SGDP31IRBR
AWTXL8-T10,EECT400
AWTXL8-T10,KRSC46HPBO
AWTXL8-T10,ECHDD012A
AWTXL8-T10,CTB8174
AWTXL8-T10,PH3050BR
AWMCG1602B,T72
AWMCG1602B,SIMM220
AWMCG1602B,SIMM210
AWMCG1602B,SRPCR3800
AWMCG1602B,SGDP42IRBR
AWMCG1602B,EECT400
AWMCG1602B,KRSC46HPBO
AWMCG1602B,ECHDD012A
AWMCG1602B,CTB8174
AWMCG1602B,PH3050BR
YA389A,PLRK21
YA389A,KACKMCFIBER1
YA389A,FZ4B
YA389A,PLRK30
YA389A,UIM2LT
YA389A,BP8B
YA389A,DBBPT13
YA389A,MAGSTRIP
YA389A,OXRM10A
YA389A,OXRM11A
311IMYA,UPT35G
311IMYA,309SIMYA
311IMYA,YA438B
311IMYA,214SIMDFMYA
311IMYA,BLPTE3816
311IMYA,BLPTE3814
311IMYA,UIM225GR
311IMYA,SR40K
311IMYA,SIM160A
311IMYA,PH3050BR
FHR80O,THR72
FHR80O,SH80A
FHR80O,FHOF80A
FHR80O,THL72
FHR80O,THRLX72
FHR80O,FSS241
FHR80O,FSS221
FHR80O,FSS201
FHR80O,FSS101
FHR80O,FSS081
207IMFLE,IMSLEPL240
207IMFLE,XLE1012A
207IMFLE,XLE1416
207IMFLE,XLE1820
207IMFLE,XLE56
207IMFLE,XLE605
207IMFLE,XLE78
207IMFLE,WHM1
207IMFLE,STX60E
207IMFLE,OXKRM15
F221,5CF
F221,ASG185BR
F221,ATECHMS80M
F221,CCY21508
F221,DANTG70
F221,FSNSS-508-BO
F221,JHW30012
F221,KNX8111250
F221,KNX8603125
F221,KNX8603150
SGDP63IRBR,SGDP64IRBR
SGDP63IRBR,FB303B
SGDP63IRBR,SN25A
SGDP63IRBR,TMM4
SGDP63IRBR,QD3RN350A
SGDP63IRBR,SEPIMMSIMM
SGDP63IRBR,ACT83A
SGDP63IRBR,206EAU
SGDP63IRBR,CTB8174
SGDP63IRBR,PH3050BR
SG4ASABR,SG7ASABR
SG4ASABR,SG4ASHBR
SG4ASABR,SG5ASABR
SG4ASABR,UIM225RD
SG4ASABR,PPK15
SG4ASABR,YA2020
SG4ASABR,SGDP122BR
SG4ASABR,SGD146BR
SG4ASABR,SGD4160BR
SG4ASABR,SGD480BR
AWTR8-8,FU8A
AWTR8-8,SIMM240
AWTR8-8,SIMM190
AWTR8-8,A2A
AWTR8-8,SHD1R
AWTR8-8,EECT400
AWTR8-8,KRSC46HPBO
AWTR8-8,ECHDD012A
AWTR8-8,CTB8174
AWTR8-8,PH3050BR
HBFE103G,PBMP703A
HBFE103G,HBBD16
HBFE103G,PBS704
HBFE103G,OEXM300B
HBFE103G,HBBD32
HBFE103G,PPC112
HBFE103G,SRPCR9000
HBFE103G,SRPCR4790
HBFE103G,SRPCR4745
HBFE103G,SRPCR3845
AWPBX10,ST50A
AWPBX10,PTM30
AWPBX10,AD8C
AWPBX10,AWP45
AWPBX10,CSSD50R
AWPBX10,XLE1820
AWPBX10,XLE1416
AWPBX10,XLE1012A
AWPBX10,ECHDG052
AWPBX10,CTQ838DB
PBN10,PBN11
PBN10,PBN15
PBN10,PBN500
PBN10,ECPRA072
PBN10,CTB8174
PBN10,SPBS8AR
PBN10,SHDP22IRR
PBN10,SHD1R
PBN10,SG3ASH45CR
PBN10,SG3ASACR
SHP2KT,SHP10
SHP2KT,SHP7
SHP2KT,SBT26
SHP2KT,VAC201
SHP2KT,SHCP1B
SHP2KT,HCP10
SHP2KT,LSR1530
SHP2KT,LSR1520
SHP2KT,LSR1510
SHP2KT,CAL6EBR
AW18D,PL400B
AW18D,SRPCR3800
AW18D,TMXK60
AW18D,SGD4BR
AW18D,TMXK2
AW18D,EECT400
AW18D,KRSC46HPBO
AW18D,ECHDD012A
AW18D,CTB8174
AW18D,PH3050BR
208EFTABMY,207FHRM
208EFTABMY,CPT110A
208EFTABMY,FHRM10
208EFTABMY,FHRM12
208EFTABMY,FHRM13
208EFTABMY,FHRM14
208EFTABMY,FHRM7
208EFTABMY,FHRM8
208EFTABMY,206EFABLM
208EFTABMY,FABLM10E
TM10G,CTTOTEAO
TM10G,XS2024A
TM10G,XS1416A
TM10G,XS1820A
TM10G,XS1012A
TM10G,XS2226A
TM10G,KRSC46HPBO
TM10G,ECHDD012A
TM10G,CTB8174
TM10G,PH3050BR
TMM13,TMM9
TMM13,TMM6
TMM13,TMM11
TMM13,TMM12
TMM13,TMM14
TMM13,ECHDD012A
TMM13,CTB8174
TMM13,PH3050BR
TMM13,FADH12B
TMM13,STMM9
TC15A,TF275A
TC15A,TBS200A
TC15A,TF5A
TC15A,R404
TC15A,ACT1290A
TC15A,YA339A
TC15A,SGDP122BR
TC15A,SGD146BR
TC15A,SGD4160BR
TC15A,SGD480BR
EECT900,TWM31
EECT900,TWM29
EECT900,1210B
EECT900,TWM28
EECT900,311IMFSY
EECT900,IMFS120
EECT900,IMFS140
EECT900,IMFS160
EECT900,IMFS180
EECT900,IMFS200
PBMP12A,PBMP8A
PBMP12A,PBMP16A
PBMP12A,A179A
PBMP12A,LDT40
PBMP12A,SRP2A
PBMP12A,SGHF614BR
PBMP12A,8MA
PBMP12A,MAGMAT
PBMP12A,6T
PBMP12A,FB336
A179A,S6103A
A179A,S9538A
A179A,S9614A
A179A,BF710B
A179A,BF712B
A179A,PSO4512
A179A,A159
A179A,ECARA052A
A179A,BLP15HVLP
A179A,GA243
F12LB,FXWP1
F12LB,FXWP6
F12LB,112RTA
F12LB,FXWP3
F12LB,WTRW9K
F12LB,TWM31
F12LB,TWM29
F12LB,BTWSMPK
F12LB,1210B
F12LB,UIM225RD
FXK8,FX18
FXK8,FX24A
FXK8,FXK4
FXK8,AWL1010DK
FXK8,FX1
FXK8,SN25A
FXK8,FB303B
FXK8,FXK11
FXK8,SXK8
FXK8,TMXK80
SFSM18,SFSM16
SFSM18,SFSM9
SFSM18,SFSM12
SFSM18,SFSM8
SFSM18,SFSM11
SFSM18,SFS101
SFSM18,SFS081
SFSM18,SGA173BG
SFSM18,UPT35R
SFSM18,FADH12B
DBT7,AWTR8
DBT7,BHM9A
DBT7,91ACP
DBT7,SG3ASACR
DBT7,SG3ASH45CR
DBT7,SG3ASH90CR
DBT7,SG3ASHCR
DBT7,SGASA204CR
DBT7,BLPHL1418
DBT7,PH3050BR
TMA3.5E,TMA2E
TMA3.5E,5CF
TMA3.5E,ASG185BR
TMA3.5E,ATECHMS80M
TMA3.5E,CCY21508
TMA3.5E,DANTG70
TMA3.5E,FSNSS-508-BO
TMA3.5E,JHW30012
TMA3.5E,KNX8111250
TMA3.5E,KNX8603125
SGDP42IRBG,SGDP31IRBR
SGDP42IRBG,SGD2BR
SGDP42IRBG,SGD6BR
SGDP42IRBG,SGDP63IRBR
SGDP42IRBG,SGD4BR
SGDP42IRBG,MTTL300
SGDP42IRBG,ACT83A
SGDP42IRBG,SHDP22IRR
SGDP42IRBG,FB303B
SGDP42IRBG,SEPIMMSIMM
AWSGT25A,PL400B
AWSGT25A,SPBS8AR
AWSGT25A,SIMM150A
AWSGT25A,SIMM200
AWSGT25A,SIMM240
AWSGT25A,EECT400
AWSGT25A,KRSC46HPBO
AWSGT25A,ECHDD012A
AWSGT25A,CTB8174
AWSGT25A,PH3050BR
SHDP42IRG,SHD8R
SHDP42IRG,5CF
SHDP42IRG,ASG185BR
SHDP42IRG,ATECHMS80M
SHDP42IRG,CCY21508
SHDP42IRG,DANTG70
SHDP42IRG,FSNSS-508-BO
SHDP42IRG,JHW30012
SHDP42IRG,KNX8111250
SHDP42IRG,KNX8603125
SWM301,SWM291
SWM301,SWM281
SWM301,SWM261
SWM301,SWM271
SWM301,S9724RHS
SWM301,SA20E
SWM301,SA18E
SWM301,SA14E
SWM301,SA12E
SWM301,SA10E
SGDMRC4-TM4,222SFFSFR
SGDMRC4-TM4,TD1040A
SGDMRC4-TM4,TDM100A
SGDMRC4-TM4,SGDMRC1A
SGDMRC4-TM4,YA450B
SGDMRC4-TM4,SDM400A
SGDMRC4-TM4,224SFFSMFR
SGDMRC4-TM4,SGDMRC4-80
SGDMRC4-TM4,SGDMRC4A
SGDMRC4-TM4,AT4124
F121,5CF
F121,ASG185BR
F121,ATECHMS80M
F121,CCY21508
F121,DANTG70
F121,FSNSS-508-BO
F121,JHW30012
F121,KNX8111250
F121,KNX8603125
F121,KNX8603150
TPM16,SEPHDSETAOB
TPM16,AWM110DK
TPM16,FA12LE
TPM16,KAC1224TCA
TPM16,GF22
TPM16,FRX181
TPM16,MAGML300L-S2016
TPM16,TW481
TPM16,HD6529
TPM16,317MSPC
313TWMYA,TWM31
313TWMYA,TWM29
313TWMYA,313TSMYA
313TWMYA,TSM12A
313TWMYA,TSM13A
313TWMYA,TSM14A
313TWMYA,TSM15A
313TWMYA,TSM16
313TWMYA,TSM17
313TWMYA,TSM18
KRA4813FPOT,KRA4114FPBO
KRA4813FPOT,KRA4810FPBO
KRA4813FPOT,YA2019
KRA4813FPOT,ST50A
KRA4813FPOT,FB302A
KRA4813FPOT,YA900
KRA4813FPOT,BP8B
KRA4813FPOT,AD12C
KRA4813FPOT,TB40
KRA4813FPOT,QD3250A
BCS70A,AD12B
BCS70A,FBM320
BCS70A,224SFFSMFR
BCS70A,OFW4
BCS70A,112TMMDSY
BCS70A,FADH12B
BCS70A,ITHE100
BCS70A,S6112
BCS70A,BTK7A
BCS70A,PTB32K
AWMBS9,AWBS13
AWMBS9,AWTR8
AWMBS9,BHS13A
AWMBS9,RULER601
AWMBS9,BOER708
AWMBS9,SHDX60R
AWMBS9,SGHF615BR
AWMBS9,SGHF614BR
AWMBS9,8MA
AWMBS9,6T
ECPNH012,ECPNH012UV
ECPNH012,ECPNI032R
ECPNH012,TF5A
ECPNH012,GLOVE300BL
ECPNH012,TB50
ECPNH012,SOSG01BKCL01
ECPNH012,EEJP201MBKA-NA
ECPNH012,DB129C
ECPNH012,HBPT24
ECPNH012,UIM325
CTR817K2,ATECH2FR125B
CTR817K2,SGDP42IRBR
CTR817K2,91ACP
CTR817K2,SHD1R
CTR817K2,PPC105LA
CTR817K2,SGDP31IRBR
CTR817K2,SGD2BR
CTR817K2,SPBS12AR
CTR817K2,96ACF
CTR817K2,TMXK2
9200AGSO,SIMM210
9200AGSO,96ACF
9200AGSO,SPBS704AR
9200AGSO,SHD1R
9200AGSO,SIMM200
9200AGSO,EECT400
9200AGSO,KRSC46HPBO
9200AGSO,ECHDD012A
9200AGSO,CTB8174
9200AGSO,PH3050BR
AWSG10A,SPBS8AR
AWSG10A,SIMM170
AWSG10A,SRPCR3800
AWSG10A,TMXK2
AWSG10A,ATECH2FR125B
AWSG10A,EECT400
AWSG10A,KRSC46HPBO
AWSG10A,ECHDD012A
AWSG10A,CTB8174
AWSG10A,PH3050BR
IPLM15C,IPLM11C
IPLM15C,IPLM12C
IPLM15C,IPLM10C
IPLM15C,IPLM13C
IPLM15C,IPLM18C
IPLM15C,KRSC46HPBO
IPLM15C,ECHDD012A
IPLM15C,CTB8174
IPLM15C,PH3050BR
IPLM15C,310SIMMADDON
IPLM18C,IPLM11C
IPLM18C,IPLM15C
IPLM18C,IPLM12C
IPLM18C,IPLM10C
IPLM18C,IPLM16C
IPLM18C,KRSC46HPBO
IPLM18C,ECHDD012A
IPLM18C,CTB8174
IPLM18C,PH3050BR
IPLM18C,310SIMMADDON
ECUHD218O,BRHC2PK
ECUHD218O,LSR1500
ECUHD218O,LSR1510
ECUHD218O,LSR1520
ECUHD218O,LSR1530
ECUHD218O,LSR1540
ECUHD218O,LSR1550
ECUHD218O,204FXKLA
ECUHD218O,FXKL11A
ECUHD218O,FXKL24A
GM3046,GMB3041
GM3046,PALMRAT
GM3046,GMB3042
GM3046,124STTMM
GM3046,112STMMY
GM3046,PH3050BR
GM3046,SG3ASHCR
GM3046,SG3ASACR
GM3046,SG3ASH45CR
GM3046,SG3ASH90CR
ECPRA072GR,ECFD0102
ECPRA072GR,L872
ECPRA072GR,LDH362
ECPRA072GR,LDH342
ECPRA072GR,LDH402
ECPRA072GR,LDH442
ECPRA072GR,LDH462
ECPRA072GR,LDH422A
ECPRA072GR,LDH482
ECPRA072GR,LDH602
IPSM15,IPSM18
IPSM15,IPSM21
IPSM15,IPSM22
IPSM15,IPDLM13A
IPSM15,207IPSFM
IPSM15,IPSFM11A
IPSM15,FSMS11
IPSM15,FSMS10
IPSM15,CT825DB
IPSM15,TMUSM8A
MG325G,TR107AR
MG325G,PTR2500
MG325G,PTR72
MG325G,ACT73A
MG325G,MG725AG
MG325G,JCW62R
MG325G,PTR2505
MG325G,310SIMMADDON
MG325G,SRP3A
MG325G,SGDP64IRBR
PBN1,PBN5
PBN1,PBN2
PBN1,SGA1710BR
PBN1,PWCS9ACF
PBN1,SGA173BR
PBN1,EECT400
PBN1,KRSC46HPBO
PBN1,ECHDD012A
PBN1,CTB8174
PBN1,PH3050BR
LDH462,LDH362
LDH462,L872
LDH462,LDH442
LDH462,LDH482
LDH462,LDH342
LDH462,LDH402
LDH462,SFS261
LDH462,SFS101
LDH462,SFS081
LDH462,FADH12B
PTR72G,FADH10B
PTR72G,OC5A
PTR72G,RXS12B
PTR72G,RXS14B
PTR72G,RXS16B
PTR72G,RXS18B
PTR72G,RXS20B
PTR72G,RXS605B
PTR72G,PTR2500
PTR72G,GA460B
S80A,SN18B
S80A,FADH12B
S80A,222AFSP
S80A,TWM23
S80A,TWM21
S80A,TWM20
S80A,FB303B
S80A,TWM14A
S80A,TWM13A
S80A,TWM12A
TM04,XS2024A
TM04,XS1416A
TM04,XS1820A
TM04,XS1012A
TM04,XS2226A
TM04,EECT400
TM04,KRSC46HPBO
TM04,ECHDD012A
TM04,CTB8174
TM04,PH3050BR
FHBB18A,SHBB24G
FHBB18A,SHBB24
FHBB18A,FHBB12A
FHBB18A,SHN36
FHBB18A,103UFTS
FHBB18A,208AFX
FHBB18A,FX18
FHBB18A,FX24A
FHBB18A,FTXR30E
FHBB18A,FTXR27E
FHBB18AO,SHBB24G
FHBB18AO,SHBB24
FHBB18AO,FHBB12A
FHBB18AO,SHN36
FHBB18AO,103UFTS
FHBB18AO,208AFX
FHBB18AO,FX18
FHBB18AO,FX24A
FHBB18AO,FTXR30E
FHBB18AO,FTXR27E
MAGMATR,MAGMINI
MAGMATR,MAGSTRIP
MAGMATR,MAGMICRO
MAGMATR,MAGTRAY
MAGMATR,MRB12B
MAGMATR,KASS13
MAGMATR,MAGDISH
MAGMATR,PLRK30
MAGMATR,KACKMCFIBER1
MAGMATR,AWBSG800A
AT4101,UTV614A
AT4101,TWM31
AT4101,TWM29
AT4101,UTV615A
AT4101,1210B
AT4101,AWCGT500
AT4101,AT4124
AT4101,TWM28
AT4101,TMC105E
AT4101,311IMFSY
PPC20LB,1512B
PPC20LB,218AFP
PPC20LB,R1618SC
PPC20LB,SRP3A
PPC20LB,SW421
PPC20LB,PGP120
PPC20LB,ACT83A
PPC20LB,GA3645A
PPC20LB,ACT413A
PPC20LB,SPBS12A
F241,5CF
F241,ASG185BR
F241,ATECHMS80M
F241,CCY21508
F241,DANTG70
F241,FSNSS-508-BO
F241,JHW30012
F241,KNX8111250
F241,KNX8603125
F241,KNX8603150
KRSC4130PJK,SGDP31IRBR
KRSC4130PJK,FHLF80A
KRSC4130PJK,SIMM200
KRSC4130PJK,SIMM150A
KRSC4130PJK,FX1
KRSC4130PJK,SIMM240
KRSC4130PJK,ATECH2FR125B
KRSC4130PJK,SGASA204CR
KRSC4130PJK,SIMM170
KRSC4130PJK,SGD6BR
SGDP31IRBO,SGD2BR
SGDP31IRBO,SGD6BR
SGDP31IRBO,SGDP42IRBR
SGDP31IRBO,SGDP63IRBR
SGDP31IRBO,SGD4BR
SGDP31IRBO,MTTL300
SGDP31IRBO,ACT83A
SGDP31IRBO,SHDP22IRR
SGDP31IRBO,FB303B
SGDP31IRBO,SEPIMMSIMM
SFSM17,SFSM16
SFSM17,SFSM11
SFSM17,SFSM19
SFSM17,SFSM18
SFSM17,SFSM9
SFSM17,SFS101
SFSM17,SFS081
SFSM17,SGA173BG
SFSM17,UPT35R
SFSM17,FADH12B
SPBS24AG,GA236C
SPBS24AG,10HR
SPBS24AG,BP20B
SPBS24AG,CHN410
SPBS24AG,GA111D
SPBS24AG,MT501C
SPBS24AG,R40B
SPBS24AG,SP32E
SPBS24AG,YA3080
SPBS24AG,AWTEF8K
CTCO861K2,CTRS761ADB
CTCO861K2,CTSG861DB
CTCO861K2,CT825DB
CTCO861K2,PTC250
CTCO861K2,PTGR110
CTCO861K2,SHN36
CTCO861K2,PL5ESWIRESTRIP
CTCO861K2,PWCH7
CTCO861K2,PWCHHD7
CTCO861K2,GLASS50R
HR-26PKC,CAL6V
HR-26PKC,GA358B
HR-26PKC,A161B
HR-26PKC,UIM2LT
HR-26PKC,PTC250
HR-26PKC,D010ASF
HR-26PKC,D011ASF
HR-26PKC,D012ASF
HR-26PKC,D013ASF
HR-26PKC,D014ASF
FM16,FM8
FM16,FM9
FM16,FM18
FM16,FM11
FM16,FM15
FM16,FM19
FM16,FM17
FM16,SFM12
FM16,SFM11
FM16,SFM10
AWM5D,PL400B
AWM5D,FU8A
AWM5D,A2A
AWM5D,PPC4A
AWM5D,TMU8B
AWM5D,EECT400
AWM5D,KRSC46HPBO
AWM5D,ECHDD012A
AWM5D,CTB8174
AWM5D,PH3050BR
AWXL13-1/8,SPBS704AR
AWXL13-1/8,FX1
AWXL13-1/8,ATECH3FR300B
AWXL13-1/8,SGD4BR
AWXL13-1/8,91ACP
AWXL13-1/8,EECT400
AWXL13-1/8,KRSC46HPBO
AWXL13-1/8,ECHDD012A
AWXL13-1/8,CTB8174
AWXL13-1/8,PH3050BR
DBT15,SPBS18AR
DBT15,BLPTHC87
DBT15,96ACF
DBT15,SHD1R
DBT15,F80
DBT15,EECT400
DBT15,KRSC46HPBO
DBT15,ECHDD012A
DBT15,CTB8174
DBT15,PH3050BR
TW161A,TW221
TW161A,TW121A
TW161A,TW201
TW161A,TW181A
TW161A,TW241
TW161A,TS201
TW161A,TS181A
TW161A,TS161A
TW161A,TS141A
TW161A,TS121A
AWBSG14A,PPC4A
AWBSG14A,PL400B
AWBSG14A,SRPCR4700
AWBSG14A,SGD2BR
AWBSG14A,SPBS704AR
AWBSG14A,EECT400
AWBSG14A,KRSC46HPBO
AWBSG14A,ECHDD012A
AWBSG14A,CTB8174
AWBSG14A,PH3050BR
PPC715BK,FADH10B
PPC715BK,AWMEF7K
PPC715BK,OC5A
PPC715BK,RXS12B
PPC715BK,RXS14B
PPC715BK,RXS16B
PPC715BK,RXS18B
PPC715BK,RXS20B
PPC715BK,RXS605B
PPC715BK,A3042
HBBD24,FLX80B
HBBD24,UPT35R
HBBD24,112RTA
HBBD24,PK23A
HBBD24,317AMMPC
HBBD24,117TMM
HBBD24,UIM225
HBBD24,LP10WR
HBBD24,DB121C
HBBD24,WTRW9K
OEXM240B,OEXM230B
OEXM240B,OEXM250B
OEXM240B,OEXM290B
OEXM240B,FB303B
OEXM240B,OEXM260B
OEXM240B,TW461
OEXM240B,CTB8174
OEXM240B,PH3050BR
OEXM240B,EEBM600
OEXM240B,ACT83A
OEX42B,OEX44B
OEX42B,SW421
OEX42B,OEX38B
OEX42B,OEXM290B
OEX42B,218AFP
OEX42B,AN850822B
OEX42B,AN850818B
OEX42B,AN850819B
OEX42B,AN850820B
OEX42B,AN850821B
PBMB5,PBMS5R
PBMB5,PBMA5R
PBMB5,PBMA5G
PBMB5,PBMMA5G
PBMB5,PBMA5
PBMB5,RULER601
PBMB5,FB336
PBMB5,KAPL10RD
PBMB5,ECHDF042
PBMB5,ECPNH012
FSS181,FSS081
FSS181,FSS101
FSS181,FSS201
FSS181,FSS221
FSS181,FSS241
FSS181,FSS261
FSS181,FSS281
FSS181,FHX80B
FSS181,HJ47ACF
FSS181,MPBS10AR
YAKS42,SODC1
YAKS42,PL307ACFO
YAKS42,LDT8
YAKS42,EEDMDVA
YAKS42,DBTB121
YAKS42,YA427B
YAKS42,SEPU12TW
YAKS42,TF528D
YAKS42,MTTL700
YAKS42,MSKM10
AWSGT800A,AWBSGM800A
AWSGT800A,AWBSG800A
AWSGT800A,AWSG800A
AWSGT800A,AWSGM800A
AWSGT800A,PLRK21
AWSGT800A,DBCL1/2CSF
AWSGT800A,DBCL1/8CSF
AWSGT800A,DBCL11/32CSF
AWSGT800A,DBCL13/32CSF
AWSGT800A,DBCL15/32CSF
IM160A,IM220
IM160A,IM120A
IM160A,IM140A
IM160A,IM180A
IM160A,IM200
IM160A,PH3050BR
IM160A,UIM225GR
IM160A,214SIMDFMYA
IM160A,YA438B
IM160A,UPT35G
SDMV208,S61112
SDMV208,BL1B
SDMV208,TR117O
SDMV208,BTC8A
SDMV208,TR108
SDMV208,RTMBS8
SDMV208,RAT72A
SDMV208,KACKMCFIBER1
SDMV208,GLOVEORIGPLUSL
SDMV208,VWB8B
KRSC326FPWZ,AD10B
KRSC326FPWZ,9100GSM
KRSC326FPWZ,SEPHDSETAOB
KRSC326FPWZ,FA12LE
KRSC326FPWZ,FRX181
KRSC326FPWZ,GF22
KRSC326FPWZ,KAC1224TCA
KRSC326FPWZ,HD6529
KRSC326FPWZ,SEPIMMSIMM
KRSC326FPWZ,TW481
SGHBF500A,BHS7A
SGHBF500A,TFM7530B
SGHBF500A,ST50A
SGHBF500A,RTEMPB7
SGHBF500A,PTGR450
SGHBF500A,206AFSP
SGHBF500A,YA2019
SGHBF500A,AT4124
SGHBF500A,MTTL300
SGHBF500A,CAL6EA
TECH1FR240,TECH2FR100
TECH1FR240,TECH3FR250
TECH1FR240,BLPXZNM389
TECH1FR240,111STMMDY
TECH1FR240,STMMD10
TECH1FR240,STMMD11
TECH1FR240,STMMD12
TECH1FR240,STMMD13
TECH1FR240,STMMD14
TECH1FR240,STMMD5
SIMM130A,SIMM110A
SIMM130A,SIMM120A
SIMM130A,SIMM100A
SIMM130A,SIMM140A
SIMM130A,UPT35R
SIMM130A,SIMM160A
SIMM130A,KRSC46HPBO
SIMM130A,ECHDD012A
SIMM130A,CTB8174
SIMM130A,PH3050BR
CSA8CO,TPMB10
CSA8CO,FLX80B
CSA8CO,FA12LE
CSA8CO,SEPHDSETAOB
CSA8CO,317MSPC
CSA8CO,PRH57A
CSA8CO,AC5C
CSA8CO,GF22
CSA8CO,EC-USB-C-3A
CSA8CO,MAGML300L-S2016
SGDMRC108AO,DPT7A
SGDMRC108AO,S6103A
SGDMRC108AO,S9538A
SGDMRC108AO,S9614A
SGDMRC108AO,14V
SGDMRC108AO,PH3050BR
SGDMRC108AO,OC5A
SGDMRC108AO,TPMA25EM
SGDMRC108AO,PDR3000A
SGDMRC108AO,KRA2407PBO
CAL6V,HR-26PKC
CAL6V,MTEE6
CAL6V,EEDMDVA
CAL6V,XLE1012A
CAL6V,XLE1416
CAL6V,XLE1820
CAL6V,XLE56
CAL6V,XLE605
CAL6V,XLE78
CAL6V,TFTFM932A
EFP2MORBID,SGDP31IRBR
EFP2MORBID,47ACF
EFP2MORBID,SPBS12AR
EFP2MORBID,96ACF
EFP2MORBID,BLPTHC87
EFP2MORBID,SGD6BR
EFP2MORBID,91ACP
EFP2MORBID,FX1
EFP2MORBID,SPBS24AR
EFP2MORBID,SPBS8AR
PL803A,YA4250
PL803A,YA2019
PL803A,PG160
PL803A,BLPBTWKIT
PL803A,PL330ACF
PL803A,BDGPL412HG
PL803A,49ACF
PL803A,OXIM4SB
PL803A,OXIM55SB
PL803A,OXIM5SB
SGTT8B,SGTT9B
SGTT8B,SGTT1B
SGTT8B,SGTT2B
SGTT8B,SGTT3B
SGTT8B,SGTT5B
SGTT8B,YA1175KIT
SGTT8B,YAKS42
SGTT8B,MTTL800
SGTT8B,ACT407
SGTT8B,ACT413A
SOEXM705,SOEX704
SOEXM705,SOEX34
SOEXM705,SEPIMMSIMM
SOEXM705,QD3RN350A
SOEXM705,AWCGT500
SOEXM705,SOEX36
SOEXM705,SIMM350
SOEXM705,FAMXS8E
SOEXM705,FAMXS7E
SOEXM705,FAMXS10E
KRA4114FPOT,KRA4107FPBO
KRA4114FPOT,KRA4813FPBO
KRA4114FPOT,F12LB
KRA4114FPOT,206AFXW
KRA4114FPOT,SGDX60BR
KRA4114FPOT,112TMMY
KRA4114FPOT,HBBD24
KRA4114FPOT,F80
KRA4114FPOT,T72
KRA4114FPOT,PL400B
KRA4114FPWZ,KRA4107FPBO
KRA4114FPWZ,KRA4813FPBO
KRA4114FPWZ,F12LB
KRA4114FPWZ,206AFXW
KRA4114FPWZ,SGDX60BR
KRA4114FPWZ,112TMMY
KRA4114FPWZ,HBBD24
KRA4114FPWZ,F80
KRA4114FPWZ,T72
KRA4114FPWZ,PL400B
EETH311,ATECHFSET02G
EETH311,L872RJ
EETH311,EEPV509
EETH311,MAGDISH
EETH311,ATECH1FS300
EETH311,PRH57A
EETH311,PBS704
EETH311,650
EETH311,312CF
EETH311,2050
AW050D,SIMM210
AW050D,FXK6
AW050D,SIMM240
AW050D,PPC106LA
AW050D,SIMM180
AW050D,EECT400
AW050D,KRSC46HPBO
AW050D,ECHDD012A
AW050D,CTB8174
AW050D,PH3050BR
A98A,A98M
A98A,IMX32B
A98A,YAKS42
A98A,PPCSG710
A98A,JCK7DBL
A98A,LSR1580
A98A,HBFE16
A98A,BTG8
A98A,FTX27E
A98A,TDG1
CT9080K2,214SIMDFMYA
CT9080K2,YA438B
CT9080K2,BLPTE3816
CT9080K2,BLPTE3814
CT9080K2,BLPTE3812
CT9080K2,BLPTE3810
CT9080K2,OXIM6B
CT9080K2,SEPIMMSIMMA
CT9080K2,CT9010K2
CT9080K2,CTB185
CDR4P32L3K2,TMXK4
CDR4P32L3K2,SGD4BR
CDR4P32L3K2,TMU8B
CDR4P32L3K2,SPBS8AR
CDR4P32L3K2,PPC4A
CDR4P32L3K2,SRPCR4700
CDR4P32L3K2,FX1
CDR4P32L3K2,FXK6
CDR4P32L3K2,SPBS12AR
CDR4P32L3K2,BLPTHC87
TMUS181A,TMUS101A
TMUS181A,TMUS121A
TMUS181A,TMUS81A
TMUS181A,TMUS141A
TMUS181A,AWL1010DK
TMUS181A,TMUS161A
TMUS181A,PT5CBL
TMUS181A,YA2020
TMUS181A,SF191
TMUS181A,SF301
KRSC46HPES,SGA173BG
KRSC46HPES,PKNC150
KRSC46HPES,UPTM65K
KRSC46HPES,317AMMPC
KRSC46HPES,YA8610B
KRSC46HPES,305SIMMY
KRSC46HPES,SRPCR105G
KRSC46HPES,BOERM712
KRSC46HPES,MG725A
KRSC46HPES,309SIMYA
KRSC46HPWZ,SGA173BG
KRSC46HPWZ,PKNC150
KRSC46HPWZ,UPTM65K
KRSC46HPWZ,317AMMPC
KRSC46HPWZ,YA8610B
KRSC46HPWZ,305SIMMY
KRSC46HPWZ,SRPCR105G
KRSC46HPWZ,BOERM712
KRSC46HPWZ,MG725A
KRSC46HPWZ,309SIMYA
210IMFSYA,212IMFMSYA
210IMFSYA,IMFMS10A
210IMFSYA,IMFMS11A
210IMFSYA,IMFMS12
210IMFSYA,IMFMS13
210IMFSYA,IMFMS14
210IMFSYA,IMFMS15
210IMFSYA,IMFMS16
210IMFSYA,IMFMS17
210IMFSYA,IMFMS18
AD10C,RBM1011SC
AD10C,AD6C
AD10C,TR107AO
AD10C,AWL1010DK
AD10C,AD8C
AD10C,UIM225RD
AD10C,14V
AD10C,PDR3000A
AD10C,PGP50
AD10C,LBUK1
CTR861AGK2,CT9080K2
CTR861AGK2,CT9010K2
CTR861AGK2,CTR867AK2
CTR861AGK2,CTB185
CTR861AGK2,FRW10
CTR861AGK2,CTB8174
CTR861AGK2,IMFM18
CTR861AGK2,IMFM11A
CTR861AGK2,IMFM16
CTR861AGK2,IMFM17
305TSKTA,S9706KMAG
305TSKTA,BF620C
305TSKTA,BTCP1
305TSKTA,AT118
305TSKTA,GA3634A
305TSKTA,CSA12CR
305TSKTA,BP32B
305TSKTA,ECFB200BL
305TSKTA,PT850HV
305TSKTA,BT11
RAF80A,RFSM10
RAF80A,RFSM12
RAF80A,RFSM13
RAF80A,RFSM14
RAF80A,RFSM15
RAF80A,RFSM16
RAF80A,RFSM17
RAF80A,RFSM18
RAF80A,RFSM8
RAF80A,112RTSMA
THL72O,SGDP31IRBR
THL72O,SGDP42IRBR
THL72O,SIMM160A
THL72O,TMXK2
THL72O,TMXK4
THL72O,EECT400
THL72O,KRSC46HPBO
THL72O,ECHDD012A
THL72O,CTB8174
THL72O,PH3050BR
FXK3,FX18
FXK3,FX24A
FXK3,XS2024A
FXK3,XS1416A
FXK3,XS1820A
FXK3,FX1
FXK3,XS1618A
FXK3,ECHDD012A
FXK3,CTB8174
FXK3,PH3050BR
DBT27,47ACF
DBT27,SGD4BR
DBT27,GFAT1E
DBT27,TMU8B
DBT27,SIMM150A
DBT27,EECT400
DBT27,KRSC46HPBO
DBT27,ECHDD012A
DBT27,CTB8174
DBT27,PH3050BR
TM84,XS2024A
TM84,XS1416A
TM84,XS1820A
TM84,XS1012A
TM84,XS2226A
TM84,EECT400
TM84,KRSC46HPBO
TM84,ECHDD012A
TM84,CTB8174
TM84,PH3050BR
SOEX30,SOEX34
SOEX30,SPBS36BR
SOEX30,SOEX36
SOEX30,SOEX32
SOEX30,SOEX38
SOEX30,SOEX40
SOEX30,PKNC150
SOEX30,SOEX14
SOEX30,SOEX12
SOEX30,SOEX10
SOEX38,SPBS36BR
SOEX38,SOEX40
SOEX38,PKNC150
SOEX38,AWEF6K
SOEX38,UPTM65K
SOEX38,SOEX36
SOEX38,CTB8174
SOEX38,PH3050BR
SOEX38,L872
SOEX38,SOEX34
TMM16,AB3042
TMM16,BLP7
TMM16,CT861K2
TMM16,CTS561BITXL
TMM16,EEDM604F
TMM16,FSM201
TMM16,FSM211
TMM16,FSM221
TMM16,IMM320
TMM16,KDT3729
KHP415PCM,PPC4A
KHP415PCM,SPBS704AR
KHP415PCM,SIMM210
KHP415PCM,SGD4BR
KHP415PCM,SPBS8AR
KHP415PCM,PL400B
KHP415PCM,ATECH2FR125B
KHP415PCM,SIMM190
KHP415PCM,FX1
KHP415PCM,SGD6BR
TW121A,TW201
TW121A,TW141A
TW121A,TW221
TW121A,TW241
TW121A,TW161A
TW121A,TS201
TW121A,TS181A
TW121A,TS161A
TW121A,TS141A
TW121A,TS121A
FS181,FS081
FS181,FS101
FS181,FS261
FS181,FS281
FS181,FS241
FS181,FS221
FS181,FS121
FS181,FS141
FS181,FS201
FS181,UPT35R
FB303B,SN25A
FB303B,222AFSP
FB303B,OEXM9B
FB303B,ACT1370
FB303B,OEXM8B
FB303B,SWM111A
FB303B,SWM101A
FB303B,OFW3
FB303B,R1618SC
FB303B,SIMM340
GLOVE900XXO,GLOVE900LG
GLOVE900XXO,GLOVE505RL
GLOVE900XXO,OXRM710
GLOVE900XXO,GLOVE300BL
GLOVE900XXO,YA427B
GLOVE900XXO,GLOVE309L
GLOVE900XXO,GLOVE1100L
GLOVE900XXO,TB50W
GLOVE900XXO,YA9350B
GLOVE900XXO,AWMCG1600B
TK72,FK80
TK72,TMR4
TK72,OEX080B
TK72,TKF72
TK72,OEX100B
TK72,OEX110B
TK72,OEX120B
TK72,OEX140NADA
TK72,OEX160GSA
TK72,OEX180B
AT200D,ATECH3FR300B
AT200D,FHLF80A
AT200D,SIMM180
AT200D,SGDP42IRBR
AT200D,SPBS12AR
AT200D,SRPCR3800
AT200D,91ACP
AT200D,SIMM220
AT200D,F80
AT200D,T72
TA52,SGD2BR
TA52,FU8A
TA52,SPBS12AR
TA52,SIMM220
TA52,GFAT1E
TA52,SIMM190
TA52,SGD4BR
TA52,SIMM180
TA52,SPBS18AR
TA52,SIMM200
SGHF616BR,6T
SGHF616BR,8MA
SGHF616BR,SGHF614BR
SGHF616BR,SGHF615BR
SGHF616BR,8R
SGHF616BR,10MA
SGHF616BR,PT5CBL
SGHF616BR,218AFSP
SGHF616BR,AW1015DHK
SGHF616BR,TWM31
FM14,FM8
FM14,FM9
FM14,FM11
FM14,FM16
FM14,FM18
FM14,FM19
FM14,FM17
FM14,SFM12
FM14,SFM11
FM14,SFM10
FB316B,BHS7A
FB316B,AC5C
FB316B,TPM16
FB316B,218AFSP
FB316B,AWM110DHK
FB316B,EC-USB-C-3A
FB316B,2004BSKA
FB316B,KRA2007FPBO
FB316B,FB360C
FB316B,PKNC200
AWSG16A,SGASA204CR
AWSG16A,FXK3
AWSG16A,SGD2BR
AWSG16A,96ACF
AWSG16A,FHLF80A
AWSG16A,EECT400
AWSG16A,KRSC46HPBO
AWSG16A,ECHDD012A
AWSG16A,CTB8174
AWSG16A,PH3050BR
SIM160A,SIM180A
SIM160A,SIM220
SIM160A,SIM200
SIM160A,SIM320
SIM160A,SIM300
SIM160A,PH3050BR
SIM160A,YA438B
SIM160A,UPT35G
SIM160A,UPT35R
SIM160A,SRPCR4700O
GAW1910,FXK11
GAW1910,96ACF
GAW1910,FX1
GAW1910,PPC103A
GAW1910,SPBS24AR
GAW1910,EECT400
GAW1910,KRSC46HPBO
GAW1910,ECHDD012A
GAW1910,CTB8174
GAW1910,PH3050BR
IM280,IM220
IM280,IM320
IM280,IM120A
IM280,IM140A
IM280,IM160A
IM280,PH3050BR
IM280,UIM225GR
IM280,214SIMDFMYA
IM280,YA438B
IM280,UPT35G
MT302BR,SIMM220
MT302BR,T72
MT302BR,SGASA204CR
MT302BR,SPBS24AR
MT302BR,SGDP42IRBR
MT302BR,SPBS18AR
MT302BR,PPC103A
MT302BR,SIMM150A
MT302BR,TMXK2
MT302BR,SIMM240
CT825K2,CTRS761ADB
CT825K2,CTQ838DB
CT825K2,CTCO861K2
CT825K2,112SIMTMM
CT825K2,SIMTMM11
CT825K2,SIMTMM12
CT825K2,SIMTMM13
CT825K2,SIMTMM14
CT825K2,SIMTMM15
CT825K2,SIMTMM5
GA460B,GA236C
GA460B,SPBS24A
GA460B,OC5A
GA460B,FADH10B
GA460B,AT700F
GA460B,RXS12B
GA460B,RXS14B
GA460B,RXS16B
GA460B,RXS18B
GA460B,RXS20B
KRA4107FPC,KRA4114FPBO
KRA4107FPC,KRA4810FPBO
KRA4107FPC,BLPBSS40
KRA4107FPC,SEPSTARTER
KRA4107FPC,S9706KMAG
KRA4107FPC,SEPPRECOMB
KRA4107FPC,FB360C
KRA4107FPC,SWM111A
KRA4107FPC,SWM101A
KRA4107FPC,AW1013DK
KCP2422PBO,KWSN2455ABL
KCP2422PBO,KRWT2411
KCP2422PBO,KWSP2455ABL
KCP2422PBO,KWSP2455AST
KCP2422PBO,KWSN2455AST
KCP2422PBO,SEPPREHD
KCP2422PBO,FB300A
KCP2422PBO,CT9080
KCP2422PBO,OEXM6B
KCP2422PBO,SEPPRECOMB
KCP2422PJJ,KWSN2455ABL
KCP2422PJJ,KRWT2411
KCP2422PJJ,KWSP2455ABL
KCP2422PJJ,KWSP2455AST
KCP2422PJJ,KWSN2455AST
KCP2422PJJ,SEPPREHD
KCP2422PJJ,FB300A
KCP2422PJJ,CT9080
KCP2422PJJ,OEXM6B
KCP2422PJJ,SEPPRECOMB
ECHDD012AO,TMC109A
ECHDD012AO,SEPIMMSIMM
ECHDD012AO,GAX36
ECHDD012AO,S3624
ECHDD012AO,ECHDD012AR
ECHDD012AO,BTG8
ECHDD012AO,CTNN13KF
ECHDD012AO,TWM27
ECHDD012AO,BTCP500
ECHDD012AO,PK23A
QD1R50A,TTX40E
QD1R50A,SEPU38TW
QD1R50A,TTX27E
QD1R50A,QD2R200A
QD1R50A,TTX30E
QD1R50A,S9704KMAG
QD1R50A,QD2R1000A
QD1R50A,MRB5B
QD1R50A,SEPU12TW
QD1R50A,AT5500
AWCG1609B,GFAT1E
AWCG1609B,TMXK60
AWCG1609B,SPBS8AR
AWCG1609B,SPBS24AR
AWCG1609B,FXK6
AWCG1609B,EECT400
AWCG1609B,KRSC46HPBO
AWCG1609B,ECHDD012A
AWCG1609B,CTB8174
AWCG1609B,PH3050BR
PDR5000A,OXIM7B
PDR5000A,PTGR450
PDR5000A,PTR2505
PDR5000A,PK50A
PDR5000A,OXIM6B
PDR5000A,AT4124
PDR5000A,AT4135
PDR5000A,PTC250
PDR5000A,PSO4625
PDR5000A,OEX707B
KRA4059FPC,VO806B
KRA4059FPC,107ATMPB
KRA4059FPC,TPMA10
KRA4059FPC,VO2022B
KRA4059FPC,VO2426B
KRA4059FPC,VO2830B
KRA4059FPC,ST50A
KRA4059FPC,VO1214B
KRA4059FPC,VO1618B
KRA4059FPC,VO810B
CTQ838DB,A3042
CTQ838DB,SDMEXT19K
CTQ838DB,112SIMTMM
CTQ838DB,SIMTMM11
CTQ838DB,SIMTMM12
CTQ838DB,SIMTMM13
CTQ838DB,SIMTMM14
CTQ838DB,SIMTMM15
CTQ838DB,SIMTMM5
CTQ838DB,SIMTMM5.5
BHS13A,5CF
BHS13A,ASG185BR
BHS13A,ATECHMS80M
BHS13A,CCY21508
BHS13A,DANTG70
BHS13A,FSNSS-508-BO
BHS13A,JHW30012
BHS13A,KNX8111250
BHS13A,KNX8603125
BHS13A,KNX8603150
KRA2055FPC,US712
KRA2055FPC,AW1020DK
KRA2055FPC,AWM140DK
KRA2055FPC,TPMA10
KRA2055FPC,OFW4
KRA2055FPC,222AFSMP
KRA2055FPC,ITHE100
KRA2055FPC,FB360C
KRA2055FPC,YA160A
KRA2055FPC,MTTL300
FTXB55E,FTXB27E
FTXB55E,FTXB30E
FTXB55E,FTXB40E
FTXB55E,TTXB15E
FTXB55E,TTXB20E
FTXB55E,TTXB25E
FTXB55E,FA12LE
FTXB55E,FTXB45E
FTXB55E,FTXB50E
FTXB55E,BHS7A
BOERM704,ACT413A
BOERM704,BOERM712
BOERM704,BOER708
BOERM704,EECS150
BOERM704,207IPSFM
BOERM704,IPSFM11A
BOERM704,BJP1
BOERM704,BJP1-13B
BOERM704,RKBJP
BOERM704,YA4274A
BTWROS,BTWOS
BTWROS,BTWS
BTWROS,BLPBTW8
BTWROS,SSDMRT8A
BTWROS,BLPBTWSET
BTWROS,SGDMRC4-80
BTWROS,SDM222IRB
BTWROS,SDM221IRB
BTWROS,SDM211B
BTWROS,SDMT15D
BTWS,BTWROS
BTWS,BTWOS
BTWS,BLPBTW8
BTWS,SSDMRT8A
BTWS,BLPBTW4
BTWS,XDHF810
BTWS,XDHF2226
BTWS,XDHF2024
BTWS,XDHF1618
BTWS,XDHF1214
CL408A,SGD146BR
CL408A,SGD4160BR
CL408A,SGD480BR
CL408A,SGDP122BR
CL408A,SGDP61BR
CL408A,SGDP82BR
CL408A,SGDXL80BR
CL408A,SGD4120BR
CL408A,SGDP162BR
CL408A,TMXK80
ECSPH271G-L,ECSPH271O-L
ECSPH271G-L,ECPRA072
ECSPH271G-L,ECPNG032
ECSPH271G-L,ECHDF042
ECSPH271G-L,ECHDD012A
ECSPH271G-L,FHLX80B
ECSPH271G-L,PHG1055BK
ECSPH271G-L,SH80A
ECSPH271G-L,OEXM200B
ECSPH271G-L,OEXM210B
429IM,L62
429IM,L122
429IM,425IMM
429IM,LDH482
429IM,L8112A
429IM,IMM212A
429IM,IMM202A
429IM,IMM192A
429IM,IMM182A
429IM,IMM172A
AC58E,ECARA052A
AC58E,VSG9R
AC58E,BF710B
AC58E,BF712B
AC58E,PSO4512
AC58E,AWM12D
AC58E,YA109C
AC58E,VGP22418
AC58E,SN25A
AC58E,FB303B
AVSNP01160,AD12B
AVSNP01160,AW1013DK
AVSNP01160,R1011C
AVSNP01160,10R
AVSNP01160,PPSG105
AVSNP01160,PPSG106
AVSNP01160,FDS161
AVSNP01160,FDS141
AVSNP01160,FDS121
AVSNP01160,FDS101
BLPHSM145,BLPHSM146
BLPHSM145,BLPHSM148
BLPHSM145,BLPHSM1410
BLPHSM145,BLPHL3810
BLPHSM145,BLPTS1420
BLPHSM145,EECT400
BLPHSM145,KRSC46HPBO
BLPHSM145,ECHDD012A
BLPHSM145,CTB8174
BLPHSM145,PH3050BR
BLPSM149,BLPSM146
BLPSM149,BLPSM1411
BLPSM149,BLPSM145
BLPSM149,BLPSM144
BLPSM149,BLPSM1413
BLPSM149,PH3050BR
BLPSM149,SG3ASHCR
BLPSM149,SG3ASH90CR
BLPSM149,SG3ASH45CR
BLPSM149,SG3ASACR
BLPTE148,BLPTE144
BLPTE148,BLPTE146
BLPTE148,BLPTE145
BLPTE148,BLPTE147
BLPTE148,BLPTE1218
BLPTE148,FXWK6
BLPTE148,FXWK4
BLPTE148,FXWK3
BLPTE148,FXWK11
BLPTE148,FXW1
BLPTHC87,QD3RN350A
BLPTHC87,FB303B
BLPTHC87,SEPIMMSIMM
BLPTHC87,SN25A
BLPTHC87,BOERM712
BLPTHC87,SIMM340
BLPTHC87,TMM4
BLPTHC87,DB121C
BLPTHC87,MG725A
BLPTHC87,KRSC46HPBO
BLPTL1430,BLPTL146
BLPTL1430,BLPTL147
BLPTL1430,BLPTL148
BLPTL1430,BLPTL1415
BLPTL1430,BLPTL1425
BLPTL1430,EECT400
BLPTL1430,KRSC46HPBO
BLPTL1430,ECHDD012A
BLPTL1430,CTB8174
BLPTL1430,PH3050BR
BLPH123,BLPH124
BLPH123,BLPH125
BLPH123,BLPHSM146
BLPH123,BLPHSM148
BLPH123,BLPH389
BLPH123,EECT400
BLPH123,KRSC46HPBO
BLPH123,ECHDD012A
BLPH123,CTB8174
BLPH123,PH3050BR
BLPH14532,BLPH14964
BLPH14532,BLPH14732
BLPH14532,BLPH1418
BLPH14532,BLPH1414
BLPH14532,BLPH14316
BLPH14532,EECT400
BLPH14532,KRSC46HPBO
BLPH14532,ECHDD012A
BLPH14532,CTB8174
BLPH14532,PH3050BR
TESLASTUKIT,SHBB24
TESLASTUKIT,IMM120A
TESLASTUKIT,IMM130A
TESLASTUKIT,IMM140A
TESLASTUKIT,IMM230
TESLASTUKIT,EECT400
TESLASTUKIT,KRSC46HPBO
TESLASTUKIT,ECHDD012A
TESLASTUKIT,CTB8174
TESLASTUKIT,PH3050BR
LSR1450,LSR1580
LSR1450,QD3RN350A
LSR1450,SEPIMMSIMM
LSR1450,BOERM18
LSR1450,LSR1000EXT
LSR1450,AWCGT500
LSR1450,KRSC326FBCD
LSR1450,FAMXS8E
LSR1450,FAMXS10E
LSR1450,FAMXS7E
OFC74762-15,BLPH3814
OFC74762-15,BLPH38732
OFC74762-15,BLPH3838
OFC74762-15,BLPHM1212
OFC74762-15,BLPH389
OFC74762-15,EECT400
OFC74762-15,KRSC46HPBO
OFC74762-15,ECHDD012A
OFC74762-15,CTB8174
OFC74762-15,PH3050BR
PL344BCF,44
PL344BCF,44BCFND
PL344BCF,LN44BCFND
PL344BCF,PL344BCFND
PL344BCF,AWP45
PL344BCF,PL803A
PL344BCF,HCP48BCF
PL344BCF,SGA102BR
PL344BCF,49ACF
PL344BCF,EEBC30A12V
PHP1A,PPSG4G
PHP1A,PHP2A
PHP1A,PHP3A
PHP1A,SGRHT6BG
PHP1A,SGA102BR
PHP1A,RTEMP8
PHP1A,HCP10
PHP1A,SGA1714B
PHP1A,SVTS264
PHP1A,ACTR4151A
PBMMS5,PBMMB5
PBMMS5,PBMMA5
PBMMS5,PBMMA5O
PBMMS5,PBMMS5O
PBMMS5,PBMMS5R
PBMMS5,SOXRRM12A
PBMMS5,SOXRRM11A
PBMMS5,ECHDD012A
PBMMS5,ECHDF042
PBMMS5,SSDMR4B
RBM1011SC,AD10C
RBM1011SC,LBUK1
RBM1011SC,SOSG01BKCL01
RBM1011SC,LP6LN
RBM1011SC,GA294
RBM1011SC,SGD304BR
RBM1011SC,SGD306BR
RBM1011SC,SGDP300BR
RBM1011SC,SGDP301BR
RBM1011SC,SGDX40BR
RBYA605,RBYAM605
RBYA605,AWEFBH11K
RBYA605,PWC52A
RBYA605,BTWSMPK
RBYA605,SEPAMTSET
RBYA605,BLPBTW4
RBYA605,XDHF2226
RBYA605,XDHF2024
RBYA605,XDHF1618
RBYA605,XDHF1214
R1618SC,R1214SC
R1618SC,R2022C
R1618SC,ACT413A
R1618SC,GA3645A
R1618SC,218AFP
R1618SC,TWM26
R1618SC,SRP3A
R1618SC,FS14B
R1618SC,ACT73A
R1618SC,FB303B
EEJP201MBKA-NA,CTSG861DB
EEJP201MBKA-NA,CTINF9010
EEJP201MBKA-NA,EECS150
EEJP201MBKA-NA,EEBC30A12V
EEJP201MBKA-NA,EECR5A
EEJP201MBKA-NA,EEBM600
EEJP201MBKA-NA,TB40
EEJP201MBKA-NA,BDGPL411HG
EEJP201MBKA-NA,GLOVE300BL
EEJP201MBKA-NA,AF102
KA2422SETPJH,SXK11
KA2422SETPJH,TA3
KA2422SETPJH,IP80D
KA2422SETPJH,FXK8
KA2422SETPJH,S80A
KA2422SETPJH,SXK5
KA2422SETPJH,ATECH3FR300B
KA2422SETPJH,BLPTHC87
KA2422SETPJH,97ACF
KA2422SETPJH,FXK11
QC3ALC,MAGMINIHV
QC3ALC,MAGMICROHV
QC3ALC,BLPTHC87
QC3ALC,SIMM220
QC3ALC,SPBS24AR
QC3ALC,SIMM210
QC3ALC,96ACF
QC3ALC,SPBS12AR
QC3ALC,SPBS18AR
QC3ALC,SGD2BR
KACKCLEANER,VO1416B
KACKCLEANER,VO1012B
KACKCLEANER,VO1820B
KACKCLEANER,VO2224B
KACKCLEANER,VO3032B
KACKCLEANER,TM84
KACKCLEANER,TM65
KACKCLEANER,TMC104E
KACKCLEANER,TM83A
KACKCLEANER,TM5
KRSC2460BBS1,SGD6BR
KRSC2460BBS1,TMXK2
KRSC2460BBS1,SGDP42IRBR
KRSC2460BBS1,TMXK4
KRSC2460BBS1,SPBS704AR
KRSC2460BBS1,SIMM180
KRSC2460BBS1,SGD2BR
KRSC2460BBS1,SIMM150A
KRSC2460BBS1,47ACF
KRSC2460BBS1,PPC105LA
2-07039A01,SGDX80BR
2-07039A01,ATECH3FR300B
2-07039A01,SRPCR3800
2-07039A01,PL400B
2-07039A01,FXK11
2-07039A01,BLPTHC87
2-07039A01,SHD1R
2-07039A01,SGASA204CR
2-07039A01,GFAT1E
2-07039A01,T72
VGP12406,VGP12418
VGP12406,HR-26
VGP12406,VGP12412
VGP12406,VGP12808
VGP12406,VGP12509
VGP12406,VGP22412
VGP12406,AT408
VGP12406,PSO4625
VGP12406,DB121C
VGP12406,TPMA25EM
YA2019,AD12B
YA2019,ST50A
YA2019,TB40
YA2019,FB302A
YA2019,OXI707BK
YA2019,YA900
YA2019,AD12C
YA2019,OXI10B
YA2019,OXI11B
YA2019,OXI12B
SDDDM1AR,SDMV208
SDDDM1AR,PBMMB5R
SDDDM1AR,BLPEXTF146
SDDDM1AR,BLPBTWSET
SDDDM1AR,SSFP2
SDDDM1AR,SGDP301BR
SDDDM1AR,SGDP300BR
SDDDM1AR,SGD306BR
SDDDM1AR,SGD304BR
SDDDM1AR,SSDMR4B
YA438B,BLPTE3816
YA438B,BLPTE3814
YA438B,BLPTE3812
YA438B,SEPPROK12PC
YA438B,BLPTE3810
YA438B,OXIM6B
YA438B,214SIMDFMYA
YA438B,SEPPROK12PBO
YA438B,YA450B
YA438B,SEPPROK12POT
TPM16ORG,PWCS9ACFO
TPM16ORG,TPM16
TPM16ORG,TPM16EM
TPM16ORG,PHT5
TPM16ORG,UTK100
TPM16ORG,FHR80
TPM16ORG,SDDDM1AR
TPM16ORG,SGHF616BR
TPM16ORG,6T
TPM16ORG,8MA
KRSC2460PC1,LP404
KRSC2460PC1,SPBS704AR
KRSC2460PC1,PL400B
KRSC2460PC1,SPBS24AR
KRSC2460PC1,SPBS8AR
KRSC2460PC1,SPBS12AR
KRSC2460PC1,SPBS18AR
KRSC2460PC1,87BCF
KRSC2460PC1,47ACF
KRSC2460PC1,SGASA204CR
BTK7A,FBM320
BTK7A,OC5A
BTK7A,A3042
BTK7A,GA460B
BTK7A,CAL6EBR
BTK7A,BCS70A
BTK7A,BCT1050
BTK7A,BP8B
BTK7A,S9704KMAG
BTK7A,YA8610B
IPDLM13A,IPSM21
IPDLM13A,IPSM18
IPDLM13A,IPSM15
IPDLM13A,IPLM22C
IPDLM13A,IPL38C
IPDLM13A,IPTMM8A
IPDLM13A,IPTMM15A
IPDLM13A,IPTMM12A
IPDLM13A,IPTMM13A
IPDLM13A,IPTMM14A
IPDLM18A,IPSM21
IPDLM18A,IPSM18
IPDLM18A,IPSM15
IPDLM18A,IPLM22C
IPDLM18A,IPL38C
IPDLM18A,IPTMM8A
IPDLM18A,IPTMM15A
IPDLM18A,IPTMM12A
IPDLM18A,IPTMM13A
IPDLM18A,IPTMM14A
LN46ACF,LN47ACF
LN46ACF,HL138ACP
LN46ACF,46ACF
LN46ACF,86EP
LN46ACF,AWP45
LN46ACF,PH3050BR
LN46ACF,44BCF
LN46ACF,HJ44BCF
LN46ACF,LN44BCF
LN46ACF,915CP
AWBCG1610,AWBCG1608
AWBCG1610,AWBCG1612
AWBCG1610,SIMM190
AWBCG1610,SPBS24AR
AWBCG1610,SGD4BR
AWBCG1610,EECT400
AWBCG1610,KRSC46HPBO
AWBCG1610,ECHDD012A
AWBCG1610,CTB8174
AWBCG1610,PH3050BR
SG4ASHBR,SG7ASABR
SG4ASHBR,SG4ASABR
SG4ASHBR,SG5ASABR
SG4ASHBR,PPK15
SG4ASHBR,SGD146BR
SG4ASHBR,SGD4160BR
SG4ASHBR,SGD480BR
SG4ASHBR,SGDP122BR
SG4ASHBR,SGDP61BR
SG4ASHBR,SGDP82BR
SIMM140A,SIMM130A
SIMM140A,SIMM120A
SIMM140A,SIMM110A
SIMM140A,SIMM100A
SIMM140A,UPT35R
SIMM140A,SIMM160A
SIMM140A,KRSC46HPBO
SIMM140A,ECHDD012A
SIMM140A,CTB8174
SIMM140A,PH3050BR
CTB8187,CTC131
CTB8187,GA3634
CTB8187,CTC131A
CTB8187,CTINF9010
CTB8187,A36A
CTB8187,CTR861DB
CTB8187,CTB185
CTB8187,CTB8174
CTB8187,CT9080K2
CTB8187,SBT26
AWM6D,PL400B
AWM6D,SPBS12AR
AWM6D,47ACF
AWM6D,TMXK60
AWM6D,SIMM170
AWM6D,EECT400
AWM6D,KRSC46HPBO
AWM6D,ECHDD012A
AWM6D,CTB8174
AWM6D,PH3050BR
GLOVE309L,GLOVE503CLA
GLOVE309L,GLOVEORIGPLUSL
GLOVE309L,YA427B
GLOVE309L,GLOVE1100L
GLOVE309L,EFPHANNIBALB
GLOVE309L,SN15B
GLOVE309L,CTTOTEA
GLOVE309L,SEPPT850K
GLOVE309L,L62
GLOVE309L,GA3200
TPGDL2000GRN,FBSM325
TPGDL2000GRN,QD3RN350A
TPGDL2000GRN,SEPIMMSIMMA
TPGDL2000GRN,SEPIMMSIMM
TPGDL2000GRN,PKRS1
TPGDL2000GRN,LSR1450
TPGDL2000GRN,LSRM2000
TPGDL2000GRN,LSR1580
TPGDL2000GRN,BTG8
TPGDL2000GRN,AWCGT500
F141,5CF
F141,ASG185BR
F141,ATECHMS80M
F141,CCY21508
F141,DANTG70
F141,FSNSS-508-BO
F141,JHW30012
F141,KNX8111250
F141,KNX8603125
F141,KNX8603150
FADH12C,222SFFSFR
FADH12C,TD1040A
FADH12C,TDM100A
FADH12C,SPBS36BR
FADH12C,FADH8C
FADH12C,FLX80B
FADH12C,FADH6C
FADH12C,EC-USB-C-3A
FADH12C,FADH10C
FADH12C,224SFFSMFR
TMA7E,5CF
TMA7E,ASG185BR
TMA7E,ATECHMS80M
TMA7E,CCY21508
TMA7E,DANTG70
TMA7E,FSNSS-508-BO
TMA7E,JHW30012
TMA7E,KNX8111250
TMA7E,KNX8603125
TMA7E,KNX8603150
313SYA,GA3645
313SYA,218AFSP
313SYA,313SMYA
313SYA,SM12B
313SYA,SM13A
313SYA,SM14A
313SYA,SM15A
313SYA,SM16
313SYA,SM17
313SYA,SM18
ATECHFSET01R,KAPL10RD
ATECHFSET01R,PL1000START
ATECHFSET01R,786CF
ATECHFSET01R,SLX80A
ATECHFSET01R,311IMYA
ATECHFSET01R,IM220
ATECHFSET01R,SOEX10
ATECHFSET01R,SRPCR3890
ATECHFSET01R,KRSC46HPBO
ATECHFSET01R,EEDM596FK
S6110A,B1461
S6110A,S8184
S6110A,S6118A
S6110A,SGA173BO
S6110A,131A
S6110A,YA249
S6110A,PKNC125C2
S6110A,FB303B
S6110A,FADH12B
S6110A,BTC10
ACT1297,ACTUVPROKT
ACT1297,ACT2105
ACT1297,ACT9103
ACT1297,ACT51234A
ACT1297,ACTR4151A
ACT1297,SGHBF500A
ACT1297,6T
ACT1297,8MA
ACT1297,SGHF614BR
ACT1297,SGHF615BR
STMM12,STMM9
STMM12,STMM14
STMM12,STMM11
STMM12,STMM6
STMM12,STMM13
STMM12,STMM5.5
STMM12,STM16
STMM12,STM14
STMM12,STM12
STMM12,STM11
KRA4810FPBO,KRA4107FPBO
KRA4810FPBO,KRA4813FPBO
KRA4810FPBO,STM11
KRA4810FPBO,STM12
KRA4810FPBO,STM14
KRA4810FPBO,STM16
KRA4810FPBO,STM18
KRA4810FPBO,STM6
KRA4810FPBO,STM7
KRA4810FPBO,STM8
ECPNG032,218AFSP
ECPNG032,PKNC200
ECPNG032,QDTPMS
ECPNG032,AWSGM800A
ECPNG032,PT5CBL
ECPNG032,10R
ECPNG032,SWM261
ECPNG032,VO806B
ECPNG032,TB20AC
ECPNG032,GLASS30BK
PPC206A,PPC812B
PPC206A,PPC112
PPC206A,PPC824C
PPC206A,PPC828C
PPC206A,PPC203A
PPC206A,PPC205A
PPC206A,PPC1A
PPC206A,PPC208A
PPC206A,PPC210A
PPC206A,FADH12B
CT9175DB,SIMM240
CT9175DB,SRPCR3800
CT9175DB,SGD8BR
CT9175DB,PPC4A
CT9175DB,SGD6BR
CT9175DB,SGASA204CR
CT9175DB,SRPCR4700
CT9175DB,TMXK2
CT9175DB,SGD4BR
CT9175DB,FHLF80A
PPC4A,PPC812B
PPC4A,PPC112
PPC4A,PPC824C
PPC4A,PPC828C
PPC4A,PPC1A
PPC4A,XS2024A
PPC4A,PPC820B
PPC4A,PPC203A
PPC4A,XS1416A
PPC4A,PH3050BR
CT861MDB,AB3042
CT861MDB,BLP7
CT861MDB,CTS561BITXL
CT861MDB,EEDM604F
CT861MDB,FSM201
CT861MDB,FSM211
CT861MDB,FSM221
CT861MDB,IMM320
CT861MDB,KDT3729
CT861MDB,KDT3977
TMA6E,5CF
TMA6E,ASG185BR
TMA6E,ATECHMS80M
TMA6E,CCY21508
TMA6E,DANTG70
TMA6E,FSNSS-508-BO
TMA6E,JHW30012
TMA6E,KNX8111250
TMA6E,KNX8603125
TMA6E,KNX8603150
KRA2406BPCM,SGD6BR
KRA2406BPCM,SIMM220
KRA2406BPCM,PL400B
KRA2406BPCM,SIMM190
KRA2406BPCM,SGDP31IRBR
KRA2406BPCM,TMXK4
KRA2406BPCM,FX1
KRA2406BPCM,SGD8BR
KRA2406BPCM,SIMM150A
KRA2406BPCM,FHLF80A
SVTA9100,RADKITULTRA
SVTA9100,SVTS264
SVTA9100,SVTS263A
SVTA9100,SVTS272A
SVTA9100,IPL34C
SVTA9100,312IPL
SVTA9100,IPL26C
SVTA9100,IPL32C
SVTA9100,IPL16C
SVTA9100,IPL38C
FHOF80AG,FHBF80A
FHOF80AG,TRSLF72
FHOF80AG,FZ80
FHOF80AG,FH80MP
FHOF80AG,PALMRAT
FHOF80AG,FXKL3A
FHOF80AG,FXKL24A
FHOF80AG,FXKL11A
FHOF80AG,FB307RNB
FHOF80AG,TB30
MAGDISHOR,MAGTRAY
MAGDISHOR,MAGMICRO
MAGDISHOR,MAGMINI
MAGDISHOR,MAGMAT
MAGDISHOR,MAGSTRIP
MAGDISHOR,PLRK21
MAGDISHOR,KAERNADD6RD
MAGDISHOR,KACKMCFIBER1
MAGDISHOR,PTM2
MAGDISHOR,UPT65
SHL80AG,SRPCR4700O
SHL80AG,UPT35R
SHL80AG,DB121C
SHL80AG,TPMA25EM
SHL80AG,PPB826A
SHL80AG,PK52A
SHL80AG,FHL80
SHL80AG,THL72
SHL80AG,SRP2A
SHL80AG,MTTL300
VWB1C,FXK11
VWB1C,91ACP
VWB1C,SGDP42IRBR
VWB1C,SGD2BR
VWB1C,SIMM170
VWB1C,SIMM190
VWB1C,PL400B
VWB1C,SGDP31IRBR
VWB1C,SIMM160A
VWB1C,SPBS24AR
SGDP42IRBO,SGDP31IRBR
SGDP42IRBO,SGD2BR
SGDP42IRBO,SGD6BR
SGDP42IRBO,SGDP63IRBR
SGDP42IRBO,SGD4BR
SGDP42IRBO,MTTL300
SGDP42IRBO,ACT83A
SGDP42IRBO,SHDP22IRR
SGDP42IRBO,FB303B
SGDP42IRBO,SEPIMMSIMM
HCP10,10HR
HCP10,BP20B
HCP10,CHN410
HCP10,GA111D
HCP10,MT501C
HCP10,R40B
HCP10,SP32E
HCP10,YA3080
HCP10,AWTEF8K
HCP10,AWMEF6K
CTGR8850ADB,TMXK4
CTGR8850ADB,FU8A
CTGR8850ADB,SIMM170
CTGR8850ADB,T72
CTGR8850ADB,SGDP31IRBR
CTGR8850ADB,SGD6BR
CTGR8850ADB,SIMM200
CTGR8850ADB,PPC4A
CTGR8850ADB,SIMM240
CTGR8850ADB,SIMM180
TM412,TM408
TM412,XS2024A
TM412,XS1416A
TM412,XS1820A
TM412,XS1012A
TM412,ECHDD012A
TM412,CTB8174
TM412,PH3050BR
TM412,PTGR100HV
TM412,PTGR110HV
KRA4813FPC,KRA4114FPBO
KRA4813FPC,KRA4810FPBO
KRA4813FPC,YA2019
KRA4813FPC,ST50A
KRA4813FPC,FB302A
KRA4813FPC,YA900
KRA4813FPC,BP8B
KRA4813FPC,AD12C
KRA4813FPC,TB40
KRA4813FPC,QD3250A
BHS7A,PTGR450
BHS7A,EFPHANNIBALB
BHS7A,222AFSP
BHS7A,DB129C
BHS7A,FTXB27E
BHS7A,FTXB30E
BHS7A,FTXB40E
BHS7A,TTXB15E
BHS7A,TTXB20E
BHS7A,TTXB25E
AWSGT15A,SPBS704AR
AWSGT15A,FX1
AWSGT15A,SGASA204CR
AWSGT15A,SGD4BR
AWSGT15A,FU8A
AWSGT15A,EECT400
AWSGT15A,KRSC46HPBO
AWSGT15A,ECHDD012A
AWSGT15A,CTB8174
AWSGT15A,PH3050BR
209EFTXBY,ADHW8A
209EFTXBY,AEM444
209EFTXBY,AEM5530
209EFTXBY,AEM6530
209EFTXBY,AN850811B
209EFTXBY,HDM1236
209EFTXBY,LP10WC
209EFTXBY,S7100
209EFTXBY,VO3234B
209EFTXBY,XO2022
KRA2422PC,KRWT2411
KRA2422PC,KWSN2455AST
KRA2422PC,SRPCR4700O
KRA2422PC,SEPAMTSET
KRA2422PC,KWSP2455ABL
KRA2422PC,PG160
KRA2422PC,EFPHANNIBALB
KRA2422PC,UPT35R
KRA2422PC,ACT1370
KRA2422PC,SEPPREHD
TX72,SX80B
TX72,TNF72
TX72,TXM72
TX72,SLX80A
TX72,FF80A
TX72,LSR1550
TX72,LSR1540
TX72,LSR1510
TX72,LSR1520
TX72,LSR1530
TWM29,TWM31
TWM29,TWM28
TWM29,TWM26
TWM29,1210B
TWM29,TWM30
TWM29,IMFS200
TWM29,IMFS180
TWM29,IMFS160
TWM29,IMFS140
TWM29,IMFS120
CT9010K2,AB3042
CT9010K2,BLP7
CT9010K2,CT861K2
CT9010K2,CTS561BITXL
CT9010K2,EEDM604F
CT9010K2,FSM201
CT9010K2,FSM211
CT9010K2,FSM221
CT9010K2,IMM320
CT9010K2,KDT3729
AWS13-9,SHBB24
AWS13-9,IMM120A
AWS13-9,IMM130A
AWS13-9,IMM140A
AWS13-9,IMM230
AWS13-9,EECT400
AWS13-9,KRSC46HPBO
AWS13-9,ECHDD012A
AWS13-9,CTB8174
AWS13-9,PH3050BR
AWMXL10-10,SPBS24AR
AWMXL10-10,SIMM150A
AWMXL10-10,PPC4A
AWMXL10-10,SIMM200
AWMXL10-10,SPBS18AR
AWMXL10-10,EECT400
AWMXL10-10,KRSC46HPBO
AWMXL10-10,ECHDD012A
AWMXL10-10,CTB8174
AWMXL10-10,PH3050BR
208ES10MMY,BLPHM1212
208ES10MMY,BLPTS1420
208ES10MMY,BLPH1217
208ES10MMY,BLPTS1410
208ES10MMY,BLPTS1425
208ES10MMY,FAM7E
208ES10MMY,FAM6E
208ES10MMY,FAM5E
208ES10MMY,FAM10E
208ES10MMY,FAM4E
224SFFSM,222SFFSFR
224SFFSM,TD1040A
224SFFSM,TDM100A
224SFFSM,AT411
224SFFSM,SEPPROCORE2A
224SFFSM,BF775C-A
224SFFSM,JT17A
224SFFSM,AT4124
224SFFSM,ACT1290A
224SFFSM,AT4135
AWTEF11K,BHM9A
AWTEF11K,SG3ASACR
AWTEF11K,SG3ASH45CR
AWTEF11K,SG3ASH90CR
AWTEF11K,SG3ASHCR
AWTEF11K,SGASA204CR
AWTEF11K,AWTEFBH11K
AWTEF11K,AWEFBH11K
AWTEF11K,AWMEFBH10K
AWTEF11K,PH3050BR
GAW1906,SIMM160A
GAW1906,TMXK4
GAW1906,SIMM150A
GAW1906,SPBS704AR
GAW1906,SIMM220
GAW1906,EECT400
GAW1906,KRSC46HPBO
GAW1906,ECHDD012A
GAW1906,CTB8174
GAW1906,PH3050BR
GAW1920,PPC4A
GAW1920,SPBS18AR
GAW1920,SGDP42IRBR
GAW1920,TMXK60
GAW1920,TMU8B
GAW1920,EECT400
GAW1920,KRSC46HPBO
GAW1920,ECHDD012A
GAW1920,CTB8174
GAW1920,PH3050BR
SGDE215ESD,5CF
SGDE215ESD,ASG185BR
SGDE215ESD,ATECHMS80M
SGDE215ESD,CCY21508
SGDE215ESD,DANTG70
SGDE215ESD,FSNSS-508-BO
SGDE215ESD,JHW30012
SGDE215ESD,KNX8111250
SGDE215ESD,KNX8603125
SGDE215ESD,KNX8603150
PPSG105,PPSG103
PPSG105,PPSG106
PPSG105,PPSG203
PPSG105,PCSG820
PPSG105,PCSG816
PPSG105,VO1618B
PPSG105,VO1214B
PPSG105,VO2830B
PPSG105,VO2426B
PPSG105,VO2022B
SN15B,CTTOTEAO
SN15B,S9704KMAG
SN15B,BOERM17
SN15B,SFSM21
SN15B,STMM4
SN15B,AWMBPH9
SN15B,FTX60E
SN15B,FLE160A
SN15B,S9706KMAG
SN15B,TPMA10
GLOVE400XL,LP404
GLOVE400XL,RTD48
GLOVE400XL,SPBS18AR
GLOVE400XL,SPBS704AR
GLOVE400XL,TMXK2
GLOVE400XL,SGD2BR
GLOVE400XL,SPBS24AR
GLOVE400XL,SIMM190
GLOVE400XL,FU8A
GLOVE400XL,SGASA204CR
GLOVE400XXL,LP404
GLOVE400XXL,RTD48
GLOVE400XXL,SPBS18AR
GLOVE400XXL,FX1
GLOVE400XXL,47ACF
GLOVE400XXL,FXK3
GLOVE400XXL,SIMM150A
GLOVE400XXL,SGDX80BR
GLOVE400XXL,SGD8BR
GLOVE400XXL,TMU8B
STMD8,TPMC25GRN
STMD8,SGCP1CR
STMD8,XDH810B
STMD8,XS2024A
STMD8,FDS101
STMD8,FDS121
STMD8,FDS141
STMD8,FDS161
STMD8,FDS181
STMD8,FU12B
FHBB12AO,SHBB24G
FHBB12AO,FTX60E
FHBB12AO,OFW3
FHBB12AO,AF102
FHBB12AO,SN15B
FHBB12AO,210AFLEY
FHBB12AO,FLE160A
FHBB12AO,FLE100A
FHBB12AO,FLE180A
FHBB12AO,PGP50
PKN12,SPBS704AR
PKN12,TMU8B
PKN12,96ACF
PKN12,SIMM180
PKN12,PPC105LA
PKN12,EECT400
PKN12,KRSC46HPBO
PKN12,ECHDD012A
PKN12,CTB8174
PKN12,PH3050BR
VO1820B,XS1820A
VO1820B,XS2024A
VO1820B,VO1012B
VO1820B,VO2224B
VO1820B,VO2628B
VO1820B,EECT400
VO1820B,KRSC46HPBO
VO1820B,ECHDD012A
VO1820B,CTB8174
VO1820B,PH3050BR
DBH7B,TMC109A
DBH7B,CTNN13KF
DBH7B,304IMX
DBH7B,IMX112
DBH7B,IMX52
DBH7B,IMX32B
DBH7B,124STTMM
DBH7B,IP80D
DBH7B,112TMMY
DBH7B,112STMMY
JCK7DBL,US712
JCK7DBL,PKWLR53A
JCK7DBL,OC5A
JCK7DBL,KRA2055FPBO
JCK7DBL,AW1020DK
JCK7DBL,RXS12B
JCK7DBL,RXS14B
JCK7DBL,RXS16B
JCK7DBL,RXS18B
JCK7DBL,RXS20B
MAGTRAY,MAGMINI
MAGTRAY,MAGMICRO
MAGTRAY,MAGSTRIP
MAGTRAY,MAGMAT
MAGTRAY,PTM30
MAGTRAY,MAGDISH
MAGTRAY,ATECHFSET02DT
MAGTRAY,204FXKLA
MAGTRAY,FXKL11A
MAGTRAY,FXKL24A
TMUS161A,TMUS101A
TMUS161A,TMUS121A
TMUS161A,TMUS81A
TMUS161A,TMUS141A
TMUS161A,TMUS181A
TMUS161A,FA12LE
TMUS161A,AWL1010DK
TMUS161A,GF22
TMUS161A,AD10B
TMUS161A,PT5CBL
SFSM15,SFSM16
SFSM15,SFSM11
SFSM15,SFSM18
SFSM15,SFSM9
SFSM15,SFSM19
SFSM15,SFS101
SFSM15,SFS081
SFSM15,SGA173BG
SFSM15,UPT35R
SFSM15,FADH12B
AT700F,GA236C
AT700F,SPBS24A
AT700F,GA460B
AT700F,SOSG01BKCL01
AT700F,B260A
AT700F,208CCP
AT700F,BTC3A
AT700F,PDR3000A
AT700F,AT5500
AT700F,YA4275
MAGSTRIP,MAGMICRO
MAGSTRIP,MAGMINI
MAGSTRIP,MAGTRAY
MAGSTRIP,MAGMAT
MAGSTRIP,MAGDISH
MAGSTRIP,KACKMCFIBER1
MAGSTRIP,CSA14CR
MAGSTRIP,PLRK30
MAGSTRIP,IND25HAT
MAGSTRIP,TB30
PPC710BK,FDS101
PPC710BK,FDS121
PPC710BK,FDS141
PPC710BK,FDS161
PPC710BK,FDS181
PPC710BK,FU12B
PPC710BK,FU14B
PPC710BK,XDH1214A
PPC710BK,XDH1618A
PPC710BK,TPMB10
SHLF80AO,FHLLF80
SHLF80AO,THLF72
SHLF80AO,FHLF80A
SHLF80AO,THLLF72
SHLF80AO,FHBF80A
SHLF80AO,IMMS190
SHLF80AO,IMMS180
SHLF80AO,IMMS150
SHLF80AO,IMMS160
SHLF80AO,IMMS170
THL72,S9704KMAG
THL72,AWMBPH9
THL72,AWBPH13
THL72,FHL80
THL72,SN15B
THL72,SH80A
THL72,FLE180A
THL72,FLE100A
THL72,FLE160A
THL72,S9706KMAG
S6111,S8184
S6111,S6112
S6111,LSR1500
S6111,LSR1510
S6111,LSR1520
S6111,LSR1530
S6111,LSR1540
S6111,LSR1550
S6111,BRHC2PK
S6111,BTCW800
SF281,SF081
SF281,SF191
SF281,SF301
SF281,SF321
SF281,SF261
SF281,SF101
SF281,SF181
SF281,SF121
SF281,SF161
SF281,FADH6B
210RAFMA,112RTMA
210RAFMA,RTM10
210RAFMA,RTM11
210RAFMA,RTM12
210RAFMA,RTM13
210RAFMA,RTM5
210RAFMA,RTM5.5
210RAFMA,RTM6
210RAFMA,RTM7
210RAFMA,RTM8
212SIMFYA,214SIMDFMYA
212SIMFYA,SEPPROK12PC
212SIMFYA,YA438B
212SIMFYA,SEPPROK12PBO
212SIMFYA,BLPTE3816
212SIMFYA,BLPTE3814
212SIMFYA,BLPTE3812
212SIMFYA,BLPTE3810
212SIMFYA,SR40K
212SIMFYA,IMFMS10A
312IPLM,312IPL
312IPLM,IPL26C
312IPLM,IPL32C
312IPLM,IPL16C
312IPLM,IPL34C
312IPLM,PH3050BR
312IPLM,DR1615MASF
312IPLM,DR1420MASF
312IPLM,DR1415MASF
312IPLM,DR1412MASF
OEXM250B,OEXM260B
OEXM250B,OEXM290B
OEXM250B,TW461
OEXM250B,OEXM300B
OEXM250B,OEXM320B
OEXM250B,KRSC46HPBO
OEXM250B,ECHDD012A
OEXM250B,CTB8174
OEXM250B,PH3050BR
OEXM250B,EEBM600
OEXM260B,OEXM290B
OEXM260B,OEXM250B
OEXM260B,OEXM300B
OEXM260B,OEXM320B
OEXM260B,OEXM270B
OEXM260B,OXIM7SB
OEXM260B,OXIM6SB
OEXM260B,OXIM5SB
OEXM260B,OXIM55SB
OEXM260B,OXIM4SB
PTR2505G,PTR2505
PTR2505G,PDR3000A
PTR2505G,PTR72
PTR2505G,SEPFAR7200K
PTR2505G,MG325
PTR2505G,BLPPB704
PTR2505G,TPMA10
PTR2505G,AT700F
PTR2505G,TPGIF1600A
PTR2505G,SFSM21
SFSM13,SFSM11
SFSM13,SFSM18
SFSM13,SFSM19
SFSM13,SFSM16
SFSM13,SFSM15
SFSM13,SFS101
SFSM13,SFS081
SFSM13,SGA173BG
SFSM13,UPT35R
SFSM13,FADH12B
SG5ASABR,TPMC25GRN
SG5ASABR,SGCP1CR
SG5ASABR,XDH810B
SG5ASABR,XS2024A
SG5ASABR,FDS101
SG5ASABR,FDS121
SG5ASABR,FDS141
SG5ASABR,FDS161
SG5ASABR,FDS181
SG5ASABR,FU12B
SWM191,SWM161
SWM191,SWM131A
SWM191,SWM151A
SWM191,SWM181
SWM191,SWM171
SWM191,KRSC46HPBO
SWM191,ECHDD012A
SWM191,CTB8174
SWM191,PH3050BR
SWM191,FB303B
YA381ABL,T72
YA381ABL,SPBS24AR
YA381ABL,FU8A
YA381ABL,BLPTHC87
YA381ABL,SIMM190
YA381ABL,PPC105LA
YA381ABL,SIMM160A
YA381ABL,GFAT1E
YA381ABL,SGDP31IRBR
YA381ABL,FHLF80A
CTR868K2,FX1
CTR868K2,SIMM180
CTR868K2,47ACF
CTR868K2,SHD1R
CTR868K2,TMU8B
CTR868K2,SPBS24AR
CTR868K2,TMXK4
CTR868K2,SIMM150A
CTR868K2,SPBS704AR
CTR868K2,SGD6BR
PTGR210AG,SPBS8AR
PTGR210AG,TMXK2
PTGR210AG,PL400B
PTGR210AG,SGD4BR
PTGR210AG,SIMM210
PTGR210AG,SIMM220
PTGR210AG,SGDP42IRBR
PTGR210AG,FXK6
PTGR210AG,TMXK4
PTGR210AG,T72
CJ2001P,DPT7A
CJ2001P,S6103A
CJ2001P,S9538A
CJ2001P,S9614A
CJ2001P,ACT925
CJ2001P,A179A
CJ2001P,SVTA9100
CJ2001P,MTEE6
CJ2001P,VWB8B
CJ2001P,DBTB121
AWMG9-8,FX1
AWMG9-8,SIMM240
AWMG9-8,FXK6
AWMG9-8,SPBS12AR
AWMG9-8,PPC106LA
AWMG9-8,EECT400
AWMG9-8,KRSC46HPBO
AWMG9-8,ECHDD012A
AWMG9-8,CTB8174
AWMG9-8,PH3050BR
AWTXL8,AWBXL13
AWTXL8,AWMXL10
AWTXL8,AWXL13
AWTXL8,AWBS13
AWTXL8,BHM9A
AWTXL8,STM16
AWTXL8,STM14
AWTXL8,STM12
AWTXL8,FB361A
AWTXL8,STM11
AWXL13,AWMXL10
AWXL13,AWTXL8
AWXL13,DBHS13
AWXL13,HBPT24
AWXL13,SF191
AWXL13,SF301
AWXL13,SF321
AWXL13,HBBD8
AWXL13,FRHM10
AWXL13,FB360C
AWXL13-3/8,47ACF
AWXL13-3/8,SPBS12AR
AWXL13-3/8,ATECH2FR125B
AWXL13-3/8,SGD2BR
AWXL13-3/8,SPBS8AR
AWXL13-3/8,EECT400
AWXL13-3/8,KRSC46HPBO
AWXL13-3/8,ECHDD012A
AWXL13-3/8,CTB8174
AWXL13-3/8,PH3050BR
IPL30C,IPL22C
IPL30C,IPL24C
IPL30C,IPL18C
IPL30C,IPL20C
IPL30C,IPL26C
IPL30C,KRSC46HPBO
IPL30C,ECHDD012A
IPL30C,CTB8174
IPL30C,PH3050BR
IPL30C,310SIMMADDON
KRA4008FPJK,OEXM80B
KRA4008FPJK,S9704KA
KRA4008FPJK,FS221
KRA4008FPJK,FS241
KRA4008FPJK,FS121
KRA4008FPJK,FS141
KRA4008FPJK,FS181
KRA4008FPJK,FS201
KRA4008FPJK,SFS121
KRA4008FPJK,SFS141
AW10D,AW12D
AW10D,AW4-1/2D
AW10D,AW4D
AW10D,AW6D
AW10D,AW7D
AW10D,TS161A
AW10D,TS141A
AW10D,TS121A
AW10D,RULER602
AW10D,GLASS30BK
CTR827DB,SIMM190
CTR827DB,PPC4A
CTR827DB,ATECH2FR125B
CTR827DB,FHLF80A
CTR827DB,SPBS12AR
CTR827DB,FXK6
CTR827DB,SPBS8AR
CTR827DB,SIMM160A
CTR827DB,SHD1R
CTR827DB,SGD8BR
AW1013DK,AWL1010DK
AW1013DK,30SSD
AW1013DK,FADH10B
AW1013DK,GA98A
AW1013DK,OC5A
AW1013DK,10R
AW1013DK,8HR
AW1013DK,AD12B
AW1013DK,FB322
AW1013DK,RXS12B
CTPOL9050DB,91ACP
CTPOL9050DB,FXK11
CTPOL9050DB,FX1
CTPOL9050DB,BLPTHC87
CTPOL9050DB,SGDP42IRBR
CTPOL9050DB,TMU8B
CTPOL9050DB,SPBS8AR
CTPOL9050DB,SGASA204CR
CTPOL9050DB,SRPCR3800
CTPOL9050DB,ATECH2FR125B
CTR861AK2,CT9080K2
CTR861AK2,CT9010K2
CTR861AK2,CTR867AK2
CTR861AK2,CTB185
CTR861AK2,FRW10
CTR861AK2,CTB8174
CTR861AK2,IMFM18
CTR861AK2,IMFM11A
CTR861AK2,IMFM16
CTR861AK2,IMFM17
305SIMMY,SRPCR3800O
305SIMMY,PKNC150
305SIMMY,UPTM65K
305SIMMY,310TWMYA
305SIMMY,TWM10A
305SIMMY,TWM11A
305SIMMY,OFW2
305SIMMY,SOEX38
305SIMMY,SFS081
305SIMMY,SOEX34
307RIPLMS,LDTJT538
307RIPLMS,LDTJT512
307RIPLMS,CTB8174
307RIPLMS,BLPTHC87
307RIPLMS,FHLF80A
307RIPLMS,SHD1R
307RIPLMS,EECT400
307RIPLMS,KRSC46HPBO
307RIPLMS,ECHDD012A
307RIPLMS,PH3050BR
KRA6200FPJK,ACT51234A
KRA6200FPJK,IPL22C
KRA6200FPJK,IPL20C
KRA6200FPJK,IPL18C
KRA6200FPJK,IPL28C
KRA6200FPJK,IPL24C
KRA6200FPJK,IPL36C
KRA6200FPJK,IPL30C
KRA6200FPJK,ECSPH271
KRA6200FPJK,SGDTX310BR
THLL72,FHLL80O
THLL72,AWM140DK
THLL72,FHLL80
THLL72,103TMXKLA
THLL72,TMXKL114A
THLL72,TMXKL240A
THLL72,TMXKL60A
THLL72,S9706KMAG
THLL72,THL72
THLL72,SHLL80A
TR107A,VGP104
TR107A,PG160
TR107A,BP8B
TR107A,ECARL032BLK
TR107A,GA296B
TR107A,PK500A
TR107A,ACT413A
TR107A,GA3645A
TR107A,FB302A
TR107A,PGP50
DBT10,47ACF
DBT10,SPBS704AR
DBT10,TMXK4
DBT10,SGD2BR
DBT10,T72
DBT10,EECT400
DBT10,KRSC46HPBO
DBT10,ECHDD012A
DBT10,CTB8174
DBT10,PH3050BR
TMM4,STMM4
TMM4,YA450B
TMM4,TMM4.5
TMM4,SEPIMMSIMM
TMM4,QD3RN350A
TMM4,STMM4.5
TMM4,TMM15
TMM4,PH3050BR
TMM4,STMM9
TMM4,FBSM325
FS161,FS081
FS161,FS101
FS161,FS261
FS161,FS281
FS161,FS241
FS161,FS221
FS161,FS121
FS161,FS181
FS161,FS201
FS161,UPT35R
GLOVE900LR,GLOVE900LG
GLOVE900LR,GLOVE505RL
GLOVE900LR,OXRM710
GLOVE900LR,GLOVE300BL
GLOVE900LR,YA427B
GLOVE900LR,GLOVE309L
GLOVE900LR,GLOVE1100L
GLOVE900LR,TB50W
GLOVE900LR,YA9350B
GLOVE900LR,AWMCG1600B
GLOVE900MB,GLOVE900LG
GLOVE900MB,GLOVE505RL
GLOVE900MB,OXRM710
GLOVE900MB,GLOVE300BL
GLOVE900MB,YA427B
GLOVE900MB,GLOVE309L
GLOVE900MB,GLOVE1100L
GLOVE900MB,TB50W
GLOVE900MB,YA9350B
GLOVE900MB,AWMCG1600B
SIMM160A,SIMM250
SIMM160A,SIMM270
SIMM160A,SIMM130A
SIMM160A,SIMM110A
SIMM160A,SIMM150A
SIMM160A,SIMM120A
SIMM160A,SIMM100A
SIMM160A,ECHDD012A
SIMM160A,CTB8174
SIMM160A,PH3050BR
315AN,OEX42B
315AN,PPC5A
315AN,OEX714KB
315AN,OEX34B
315AN,OEX36B
315AN,OEX40B
315AN,SOEXM20
315AN,SOEXM21
315AN,SOEXM22
315AN,SOEXM23
PPCS60BK,TTX40E
PPCS60BK,TTX27E
PPCS60BK,TTX30E
PPCS60BK,S9704KMAG
PPCS60BK,DR030ASF
PPCS60BK,DR031ASF
PPCS60BK,DR032ASF
PPCS60BK,DR033ASF
PPCS60BK,DR035ASF
PPCS60BK,DR036ASF
TWM18,TWM12A
TWM18,TWM13A
TWM18,TWM14A
TWM18,TWM15A
TWM18,TWM16
TWM18,TWM10A
TWM18,TWM11A
TWM18,TWM19
TWM18,TWM17
TWM18,TWM23
131A,S6110A
131A,B1461
131A,S6118A
131A,AD8B
131A,TTX40E
131A,SGA173BO
131A,YA249
131A,BTC10
131A,BTC7B
131A,CJ92
SDM252C,SDM251C
SDM252C,SDMT20D
SDM252C,SDMT25D
SDM252C,SDMT10D
SDM252C,UIM2LT
SDM252C,RXFMS1517B
SDM252C,A277
SDM252C,RXFMS1314B
SDM252C,SSDMR4B
SDM252C,RXFMS1012B
SOEXM120,SOEXM170
SOEXM120,SOEXM140
SOEXM120,SOEXM150
SOEXM120,SOEXM130
SOEXM120,SOEXM100
SOEXM120,EECT400
SOEXM120,KRSC46HPBO
SOEXM120,ECHDD012A
SOEXM120,CTB8174
SOEXM120,PH3050BR
PBMS5R,PBMA5
PBMS5R,PBMA5G
PBMS5R,PBMB5O
PBMS5R,PBMA5O
PBMS5R,PBMA5R
PBMS5R,RKBJP
PBMS5R,BJP1-13B
PBMS5R,FBBA325
PBMS5R,MTTL300
PBMS5R,SPBS12A
786CF,KAPL10RD
786CF,411CF
786CF,YA2019
786CF,10R
786CF,AW1013DK
786CF,UIM225RD
786CF,ST50A
786CF,TR107AR
786CF,TB40
786CF,SRPCR7000
AWBXL13,AWBMXL9
AWBXL13,AWTXL8
AWBXL13,BHM9A
AWBXL13,FHLF80A
AWBXL13,AWBPH13
AWBXL13,EECT400
AWBXL13,KRSC46HPBO
AWBXL13,ECHDD012A
AWBXL13,CTB8174
AWBXL13,PH3050BR
GLOVE505RXL,GLOVEORIGPLUSL
GLOVE505RXL,SOSG01BKCL01
GLOVE505RXL,GLOVE900LR
GLOVE505RXL,GLOVE1100L
GLOVE505RXL,GLOVE300BL
GLOVE505RXL,UIM2FL
GLOVE505RXL,UPT2FL
GLOVE505RXL,UPT35
GLOVE505RXL,SHD2R
GLOVE505RXL,SHD6R
GLOVE505RXX,GLOVEORIGPLUSL
GLOVE505RXX,SOSG01BKCL01
GLOVE505RXX,GLOVE900LR
GLOVE505RXX,GLOVE1100L
GLOVE505RXX,GLOVE300BL
GLOVE505RXX,UIM2FL
GLOVE505RXX,UPT2FL
GLOVE505RXX,UPT35
GLOVE505RXX,SHD2R
GLOVE505RXX,SHD6R
KRA4107FPCM,KRA4114FPBO
KRA4107FPCM,KRA4810FPBO
KRA4107FPCM,BLPBSS40
KRA4107FPCM,SEPSTARTER
KRA4107FPCM,S9706KMAG
KRA4107FPCM,SEPPRECOMB
KRA4107FPCM,FB360C
KRA4107FPCM,SWM111A
KRA4107FPCM,SWM101A
KRA4107FPCM,AW1013DK
KCP2422PU,KWSN2455ABL
KCP2422PU,KRWT2411
KCP2422PU,KWSP2455ABL
KCP2422PU,KWSP2455AST
KCP2422PU,KWSN2455AST
KCP2422PU,SEPPREHD
KCP2422PU,FB300A
KCP2422PU,CT9080
KCP2422PU,OEXM6B
KCP2422PU,SEPPRECOMB
ECHDD012AG,TMC109A
ECHDD012AG,SEPIMMSIMM
ECHDD012AG,GAX36
ECHDD012AG,S3624
ECHDD012AG,ECHDD012AR
ECHDD012AG,BTG8
ECHDD012AG,CTNN13KF
ECHDD012AG,TWM27
ECHDD012AG,BTCP500
ECHDD012AG,PK23A
B1467A,B1458C
B1467A,S6112
B1467A,S8184
B1467A,B1461
B1467A,B3404B
B1467A,S9704KMAG
B1467A,CAL6EBR
B1467A,FBM320
B1467A,OC5A
B1467A,GA460B
SSDMRT8A,BTWROS
SSDMRT8A,BLPBTW6
SSDMRT8A,BTWS
SSDMRT8A,BLPBTW8
SSDMRT8A,BTWOS
SSDMRT8A,SDM215C
SSDMRT8A,SDM11A
SSDMRT8A,TMXKL60A
SSDMRT8A,TMXKL240A
SSDMRT8A,TMXKL114A
AWSGM10A,91ACP
AWSGM10A,FXK6
AWSGM10A,SGD2BR
AWSGM10A,A2A
AWSGM10A,96ACF
AWSGM10A,EECT400
AWSGM10A,KRSC46HPBO
AWSGM10A,ECHDD012A
AWSGM10A,CTB8174
AWSGM10A,PH3050BR
AWBSGM2A,SGASA204CR
AWBSGM2A,SIMM160A
AWBSGM2A,TMXK2
AWBSGM2A,96ACF
AWBSGM2A,ATECH2FR125B
AWBSGM2A,EECT400
AWBSGM2A,KRSC46HPBO
AWBSGM2A,ECHDD012A
AWBSGM2A,CTB8174
AWBSGM2A,PH3050BR
KRA6210FPBO,KRA2411PBO
KRA6210FPBO,PBMP703A
KRA6210FPBO,PH3050BR
KRA6210FPBO,ATECH3FR300B
KRA6210FPBO,ATECH2FR125B
KRA6210FPBO,SPBS24AR
KRA6210FPBO,BLPTHC87
KRA6210FPBO,SIMM190
KRA6210FPBO,SGD2BR
KRA6210FPBO,A2A
KRSC343PBO,RULER600
KRSC343PBO,C0900A
KRSC343PBO,DS1010A
KRSC343PBO,DS1212A
KRSC343PBO,DS809K
KRSC343PBO,DS88A
KRSC343PBO,WTG8A
KRSC343PBO,DS2224A
KRSC343PBO,HBFE16
KRSC343PBO,DS1516A
JCW80AO,JCW62R
JCW80AO,VAC201
JCW80AO,MRB12B
JCW80AO,BL1B
JCW80AO,ASTFUN19KIT
JCW80AO,KASS13
JCW80AO,310SWMYA
JCW80AO,PW18C
JCW80AO,AT118
JCW80AO,YA427B
EECS150,CTSG861DB
EECS150,EEBM600
EECS150,ACT925
EECS150,EEJP201MBKA-NA
EECS150,131TMPB
EECS150,BLPPB704
EECS150,BEXD10A
EECS150,BOERM704
EECS150,PK500A
EECS150,LDT40
CTRS761ADB,CGG861DB
CTRS761ADB,CTCO861K2
CTRS761ADB,CT825DB
CTRS761ADB,OFC14KT
CTRS761ADB,CTB8174
CTRS761ADB,AW028D
CTRS761ADB,CTSG861DB
CTRS761ADB,CTLMAG-BOOTM
CTRS761ADB,SGASA204CR
CTRS761ADB,SPBS18AR
AWL20D,SHD1R
AWL20D,SIMM190
AWL20D,SIMM210
AWL20D,SPBS704AR
AWL20D,PPC4A
AWL20D,EECT400
AWL20D,KRSC46HPBO
AWL20D,ECHDD012A
AWL20D,CTB8174
AWL20D,PH3050BR
MS8A,SPBS18AR
MS8A,96ACF
MS8A,ATECH2FR125B
MS8A,SGD6BR
MS8A,FU8A
MS8A,EECT400
MS8A,KRSC46HPBO
MS8A,ECHDD012A
MS8A,CTB8174
MS8A,PH3050BR
BOERM18,BOERM21
BOERM18,BOERM19
BOERM18,AWCGT500
BOERM18,QD3RN350A
BOERM18,FAMXS10E
BOERM18,FAMXS7E
BOERM18,FAMXS8E
BOERM18,FAMXS9E
BOERM18,TMAMXS3E
BOERM18,TMAMXS4E
BOERM8,BOERM9
BOERM8,BOERM19
BOERM8,BOERM12
BOERM8,BOERM10
BOERM8,OEXM260B
BOERM8,OEXM210B
BOERM8,MTTL800
BOERM8,OEXM200B
BOERM8,SOXRR22A
BOERM8,SOXRR12A
BTWOS,BTWROS
BTWOS,BTWS
BTWOS,BLPBTW8
BTWOS,BLPBTW6
BTWOS,SSDMRT8A
BTWOS,SDM252IRB
BTWOS,PTB32K
BTWOS,SDM11A
BTWOS,SDM215C
BTWOS,SDM251IRC
ATKIFL,AD10B
ATKIFL,ECFB200BL
ATKIFL,PWC48
ATKIFL,LP7R
ATKIFL,XLE1012A
ATKIFL,XLE1416
ATKIFL,XLE1820
ATKIFL,XLE56
ATKIFL,XLE605
ATKIFL,XLE78
BLPSM146,BLPSM145
BLPSM146,BLPSM149
BLPSM146,BLPSM144
BLPSM146,BLPSM1411
BLPSM146,BLPSM147
BLPSM146,PH3050BR
BLPSM146,SG3ASHCR
BLPSM146,SG3ASH90CR
BLPSM146,SG3ASH45CR
BLPSM146,SG3ASACR
BLPT1415,BLPT1410
BLPT1415,BLPT148
BLPT1415,BLPT1427
BLPT1415,BLPT146
BLPT1415,BLPT147
BLPT1415,FXWK6
BLPT1415,FXWK4
BLPT1415,FXWK3
BLPT1415,FXWK11
BLPT1415,FXW1
BLPT1420,BLPT1427
BLPT1420,BLPT1415
BLPT1420,BLPHL144
BLPT1420,BLPT148
BLPT1420,BLPT1425
BLPT1420,KRSC46HPBO
BLPT1420,ECHDD012A
BLPT1420,CTB8174
BLPT1420,PH3050BR
BLPT1420,FXW1
BLPTE146,BLPTE144
BLPTE146,BLPTE145
BLPTE146,BLPTE147
BLPTE146,BLPTE148
BLPTE146,BLPTE1218
BLPTE146,ECHDD012A
BLPTE146,CTB8174
BLPTE146,PH3050BR
BLPTE146,SHDP22IRR
BLPTE146,87BCF
BLPTE3812,BLPTE3814
BLPTE3812,BLPTE3816
BLPTE3812,BLPTE3810
BLPTE3812,YA438B
BLPTE3812,SEPPROK12PC
BLPTE3812,OXIM6B
BLPTE3812,214SIMDFMYA
BLPTE3812,SEPPROK12PBO
BLPTE3812,BLPTE144
BLPTE3812,SEPPROK12POT
BLPTL1425,BLPTL146
BLPTL1425,BLPTL147
BLPTL1425,BLPTL148
BLPTL1425,BLPTL1415
BLPTL1425,BLPTL1427
BLPTL1425,ECHDD012A
BLPTL1425,CTB8174
BLPTL1425,PH3050BR
BLPTL1425,FXW1
BLPTL1425,TPGDL2000
BLPTS1420,BLPTS1415
BLPTS1420,BLPTS1410
BLPTS1420,BLPTS1425
BLPTS1420,BLPTS1430
BLPTS1420,BLPHSM146
BLPTS1420,PH3050BR
BLPTS1420,SG3ASHCR
BLPTS1420,SG3ASH90CR
BLPTS1420,SG3ASH45CR
BLPTS1420,SG3ASACR
BLPTS1450,T72
BLPTS1450,SPBS24AR
BLPTS1450,SRPCR4700
BLPTS1450,SIMM150A
BLPTS1450,PPC106LA
BLPTS1450,EECT400
BLPTS1450,KRSC46HPBO
BLPTS1450,ECHDD012A
BLPTS1450,CTB8174
BLPTS1450,PH3050BR
BLPH125,BLPH124
BLPH125,BLPH126
BLPH125,BLPH14732
BLPH125,BLPH14316
BLPH125,BLPH1418
BLPH125,KRSC46HPBO
BLPH125,ECHDD012A
BLPH125,CTB8174
BLPH125,PH3050BR
BLPH125,KRA2007FPBO
BLPHL144,BLPHL145
BLPHL144,BLPHL146
BLPHL144,BLPT1420
BLPHL144,BLPT1430
BLPHL144,BLPH14964
BLPHL144,EECT400
BLPHL144,KRSC46HPBO
BLPHL144,ECHDD012A
BLPHL144,CTB8174
BLPHL144,PH3050BR
BLPHL14532,BLPHL1418
BLPHL14532,BLPHL14316
BLPHL14532,BLPT1430
BLPHL14532,CTB8174
BLPHL14532,BLPTHC87
BLPHL14532,F80
BLPHL14532,EECT400
BLPHL14532,KRSC46HPBO
BLPHL14532,ECHDD012A
BLPHL14532,PH3050BR
BLPHL146,BLPHL145
BLPHL146,BLPHL144
BLPHL146,BLPHSM148
BLPHL146,BLPHL3810
BLPHL146,BLPHL388
BLPHL146,PH3050BR
BLPHL146,GA111D
BLPHL146,10HR
BLPHL146,BP20B
BLPHL146,CHN410
BLPHL3810,BLPHL387
BLPHL3810,BLPHL388
BLPHL3810,BLPH3810
BLPHL3810,BLPH389
BLPHL3810,BLPH387
BLPHL3810,EECT400
BLPHL3810,KRSC46HPBO
BLPHL3810,ECHDD012A
BLPHL3810,CTB8174
BLPHL3810,PH3050BR
GMASEPA,FXK3
GMASEPA,SHD1R
GMASEPA,91ACP
GMASEPA,ATECH2FR125B
GMASEPA,SGDP42IRBR
GMASEPA,EECT400
GMASEPA,KRSC46HPBO
GMASEPA,ECHDD012A
GMASEPA,CTB8174
GMASEPA,PH3050BR
SEPIMFMSIMFMA,SEPIMMSIMMA
SEPIMFMSIMFMA,FLX80B
SEPIMFMSIMFMA,CT9010K2
SEPIMFMSIMFMA,CTR867AK2
SEPIMFMSIMFMA,YA4050B
SEPIMFMSIMFMA,PK23A
SEPIMFMSIMFMA,117TMM
SEPIMFMSIMFMA,FADH12C
SEPIMFMSIMFMA,PH3050BR
SEPIMFMSIMFMA,KRSC46HPBO
SEPPROCORE2A,222SFFSFR
SEPPROCORE2A,SEPPROCORE1A
SEPPROCORE2A,TD1040A
SEPPROCORE2A,TDM100A
SEPPROCORE2A,224SFFSMFR
SEPPROCORE2A,AT4124
SEPPROCORE2A,ACT1290A
SEPPROCORE2A,AT4135
SEPPROCORE2A,EC-USB-C-3A
SEPPROCORE2A,PK52A
SEPPROK12PWZA,BLPTHC87
SEPPROK12PWZA,ATECH2FR125B
SEPPROK12PWZA,SGDP31IRBR
SEPPROK12PWZA,SGDX80BR
SEPPROK12PWZA,PWCS7ACF
SEPPROK12PWZA,EECT400
SEPPROK12PWZA,KRSC46HPBO
SEPPROK12PWZA,ECHDD012A
SEPPROK12PWZA,CTB8174
SEPPROK12PWZA,PH3050BR
TFM7530B,TF1127B
TFM7530B,TF1124B
TFM7530B,TWM30
TFM7530B,TWM32
TFM7530B,SEPSTARTER
TFM7530B,206AFSP
TFM7530B,AD10B
TFM7530B,FABLM6E
TFM7530B,FABLM10E
TFM7530B,FABLM4E
LSR2000,AB3042
LSR2000,BLP7
LSR2000,CT861K2
LSR2000,CTS561BITXL
LSR2000,EEDM604F
LSR2000,FSM201
LSR2000,FSM211
LSR2000,FSM221
LSR2000,IMM320
LSR2000,KDT3729
OFWHD3KT,OFW4KT
OFWHD3KT,VGP12412
OFWHD3KT,BLPPB704
OFWHD3KT,ACT413A
OFWHD3KT,BT518
OFWHD3KT,SEPPRECOMB
OFWHD3KT,A91F
OFWHD3KT,RTEMP8
OFWHD3KT,SVTA9100
OFWHD3KT,GA460B
PBMA5G,PBMA5O
PBMA5G,PBMMA5O
PBMA5G,PBMMA5G
PBMA5G,PBMA5R
PBMA5G,PBMMB5G
PBMA5G,SG3ASHCR
PBMA5G,SG3ASH90CR
PBMA5G,SG3ASH45CR
PBMA5G,CTNN13KF
PBMA5G,SG3ASACR
PKNG90,AWMEF7K
PKNG90,FSLF80
PKNG90,S9706KMAG
PKNG90,ITHE100
PKNG90,FTX60E
PKNG90,OFW3
PKNG90,210AFLEY
PKNG90,FLE160A
PKNG90,FLE100A
PKNG90,FLE180A
PT40B,FADH10B
PT40B,OC5A
PT40B,RXS12B
PT40B,RXS14B
PT40B,RXS16B
PT40B,RXS18B
PT40B,RXS20B
PT40B,RXS605B
PT40B,GA460B
PT40B,GA294
PWC27,ECPNG032R
PWC27,110ETMAY
PWC27,TMA7E
PWC27,TMA4.5E
PWC27,TMA5E
PWC27,TMA8E
PWC27,SA12E
PWC27,SA10E
PWC27,TMA2E
PWC27,RULER602
RBM1011C,RBM1213C
RBM1011C,RBM1618C
RBM1011C,RBM1415C
RBM1011C,RBM1719C
RBM1011C,RBM910C
RBM1011C,OXIM7SB
RBM1011C,OXIM6SB
RBM1011C,OXIM5SB
RBM1011C,OXIM55SB
RBM1011C,OXIM4SB
R1618C,R2830C
R1618C,R2428C
R1618C,R2022C
R1618C,R2426C
R1618C,R1011C
R1618C,CTB8174
R1618C,PH3050BR
R1618C,TMUS81A
R1618C,TMUS121A
R1618C,TMUS101A
KACKSPDWAXX,SPBS8AR
KACKSPDWAXX,47ACF
KACKSPDWAXX,PPC103A
KACKSPDWAXX,F80
KACKSPDWAXX,ATECH2FR125B
KACKSPDWAXX,SGASA204CR
KACKSPDWAXX,SGDP31IRBR
KACKSPDWAXX,PPC4A
KACKSPDWAXX,FXK6
KACKSPDWAXX,SIMM210
KWSP2455ABL,KCP1422PBO
KWSP2455ABL,SEPPREHD
KWSP2455ABL,KCP2422PBO
KWSP2455ABL,KRA2422PBO
KWSP2455ABL,KRA2411PBO
KWSP2455ABL,SR40K
KWSP2455ABL,OEX38B
KWSP2455ABL,BTC7B
KWSP2455ABL,TB10A
KWSP2455ABL,FBBA325
WELDIGNGRANITE,YA427B
WELDIGNGRANITE,SIMM160A
WELDIGNGRANITE,FXK6
WELDIGNGRANITE,A2A
WELDIGNGRANITE,F80
WELDIGNGRANITE,SGASA204CR
WELDIGNGRANITE,FXK3
WELDIGNGRANITE,SGDX80BR
WELDIGNGRANITE,ATECH3FR300B
WELDIGNGRANITE,SPBS12AR
UIM2FL,110ETMAY
UIM2FL,TMA7E
UIM2FL,TMA4.5E
UIM2FL,TMA5E
UIM2FL,TMA8E
UIM2FL,PH3050BR
UIM2FL,C0900A
UIM2FL,RULER602
UIM2FL,SEPAMTSET
UIM2FL,TMA2E
UKBU10,UTK150
UKBU10,LBUK1
UKBU10,KACKMCFIBER1
UKBU10,MS400A
UKBU10,BTC8A
UKBU10,TB30
UKBU10,UTK100
UKBU10,PHT5
UKBU10,YA900
UKBU10,HBBD8
YA4275,GA236C
YA4275,SPBS36BR
YA4275,SPBS24A
YA4275,PKNC150
YA4275,UPTM65K
YA4275,MTTL310
YA4275,SOEX38
YA4275,305SIMMY
YA4275,AT700F
YA4275,L872
XDLRM705K2A,XDLRM12A
XDLRM705K2A,XDLRM14A
XDLRM705K2A,XDLRM16A
XDLRM705K2A,XDLRM18A
XDLRM705K2A,XDLRM705K1A
XDLRM705K2A,XDLRM11A
XDLRM705K2A,XDLR12A
XDLRM705K2A,XDLR14A
XDLRM705K2A,XDLR16A
XDLRM705K2A,XDLR18A
YA4612,MAGMICROHV
YA4612,BLPTHC87
YA4612,FXK3
YA4612,91ACP
YA4612,SIMM190
YA4612,FX1
YA4612,T72
YA4612,SGD6BR
YA4612,SPBS18AR
YA4612,TMXK2
RTEMPB7,SS5A
RTEMPB7,TW461
RTEMPB7,CAL6EA
RTEMPB7,RC980
RTEMPB7,FZ7A
RTEMPB7,S9711KA
RTEMPB7,MTTL300
RTEMPB7,TB10A
RTEMPB7,CSA12CR
RTEMPB7,EEPV503
SDDDM1AG,SDMV208
SDDDM1AG,PBMMB5R
SDDDM1AG,BLPEXTF146
SDDDM1AG,BLPBTWSET
SDDDM1AG,SSFP2
SDDDM1AG,SGDP301BR
SDDDM1AG,SGDP300BR
SDDDM1AG,SGD306BR
SDDDM1AG,SGD304BR
SDDDM1AG,SSDMR4B
VWB3B,TMU8B
VWB3B,FXK11
VWB3B,SPBS18AR
VWB3B,TMXK60
VWB3B,PL400B
VWB3B,47ACF
VWB3B,96ACF
VWB3B,SIMM210
VWB3B,BLPTHC87
VWB3B,SGDP31IRBR
TA32A,TA54
TA32A,TA50
TA32A,SVTS264
TA32A,OEXM320B
TA32A,RADKITULTRA
TA32A,SVTS272A
TA32A,CSSD1R
TA32A,FKF80A
TA32A,PWZ2A
TA32A,29ACF
TMMD6,TMMD11
TMMD6,TMMD13
TMMD6,TMMD14
TMMD6,TMMD12
TMMD6,TMMD5
TMMD6,TMMD7
TMMD6,TMMD9
TMMD6,STMMD12
TMMD6,STMMD11
TMMD6,STMMD10
TEMP200,ACTR4151A
TEMP200,EEDM596FK
TEMP200,JCK7DBL
TEMP200,EECT200
TEMP200,TDG2
TEMP200,SRPCR112
TEMP200,SRPCR3845
TEMP200,SRPCR4745
TEMP200,SRPCR4790
TEMP200,SRPCR9000
KRSC2460POT1,LP404
KRSC2460POT1,SPBS704AR
KRSC2460POT1,PL400B
KRSC2460POT1,SPBS24AR
KRSC2460POT1,SPBS8AR
KRSC2460POT1,SPBS12AR
KRSC2460POT1,SPBS18AR
KRSC2460POT1,87BCF
KRSC2460POT1,47ACF
KRSC2460POT1,SGASA204CR
SWDK4,ATECH2FR125B
SWDK4,TMU8B
SWDK4,SGDP31IRBR
SWDK4,PPC103A
SWDK4,PPC4A
SWDK4,SGD4BR
SWDK4,SGD6BR
SWDK4,SIMM170
SWDK4,PPC106LA
SWDK4,ATECH3FR300B
AWSGM6A,SIMM210
AWSGM6A,PPC105LA
AWSGM6A,FX1
AWSGM6A,SIMM160A
AWSGM6A,PPC4A
AWSGM6A,EECT400
AWSGM6A,KRSC46HPBO
AWSGM6A,ECHDD012A
AWSGM6A,CTB8174
AWSGM6A,PH3050BR
206AFXW,112RTA
206AFXW,305SXWP
206AFXW,SXWP11
206AFXW,SXWP2
206AFXW,SXWP3
206AFXW,SXWP5
206AFXW,SXWP8
206AFXW,106ATMXW
206AFXW,TMXW1
206AFXW,TMXWK110
IPLM21C,IPLM11C
IPLM21C,IPLM15C
IPLM21C,IPLM10C
IPLM21C,IPLM18C
IPLM21C,IPLM12C
IPLM21C,EECT400
IPLM21C,KRSC46HPBO
IPLM21C,ECHDD012A
IPLM21C,CTB8174
IPLM21C,PH3050BR
MTTL300,US712
MTTL300,UPT35R
MTTL300,SRPCR4700O
MTTL300,FBSM325
MTTL300,FBM320
MTTL300,OFW4
MTTL300,GA296B
MTTL300,DB121C
MTTL300,TPMA25EM
MTTL300,PKRS1
CTB185,CT9080HVDB
CTB185,CTC131A
CTB185,CTINF9010
CTB185,CTSG861DB
CTB185,CTB8187
CTB185,CT9010K2
CTB185,PPCSG710
CTB185,JCW62R
CTB185,GLOVEORIGPLUSL
CTB185,TZERO
FTX50E,FTX27E
FTX50E,FTX30E
FTX50E,FTX47E
FTX50E,FTX55E
FTX50E,TTX8E
FTX50E,FTX45E
FTX50E,TTX10E
FTX50E,TTX15E
FTX50E,TTX25E
FTX50E,FBSM325
SIMM100A,SIMM110A
SIMM100A,SIMM130A
SIMM100A,SIMM120A
SIMM100A,SIMM140A
SIMM100A,UPT35R
SIMM100A,SIMM160A
SIMM100A,KRSC46HPBO
SIMM100A,ECHDD012A
SIMM100A,CTB8174
SIMM100A,PH3050BR
GLOVE503CLA,GLOVE309L
GLOVE503CLA,CTTOTEA
GLOVE503CLA,TECH2FR100
GLOVE503CLA,FHBF80A
GLOVE503CLA,GLASS50R
GLOVE503CLA,SHN36
GLOVE503CLA,PT40B
GLOVE503CLA,915CP
GLOVE503CLA,F80MP
GLOVE503CLA,BTG9
GLOVE503CXLA,GLOVE309L
GLOVE503CXLA,CTTOTEA
GLOVE503CXLA,TECH2FR100
GLOVE503CXLA,FHBF80A
GLOVE503CXLA,GLASS50R
GLOVE503CXLA,SHN36
GLOVE503CXLA,PT40B
GLOVE503CXLA,915CP
GLOVE503CXLA,F80MP
GLOVE503CXLA,BTG9
AWSGM8A,SGD6BR
AWSGM8A,SHD1R
AWSGM8A,47ACF
AWSGM8A,T72
AWSGM8A,BLPTHC87
AWSGM8A,EECT400
AWSGM8A,KRSC46HPBO
AWSGM8A,ECHDD012A
AWSGM8A,CTB8174
AWSGM8A,PH3050BR
108ES10MMY,SIM220
108ES10MMY,SIM300
108ES10MMY,SIM180A
108ES10MMY,SIM320
108ES10MMY,SIM360
108ES10MMY,ECHDD012A
108ES10MMY,CTB8174
108ES10MMY,FB302A
108ES10MMY,PH3050BR
108ES10MMY,S9719KA
AWTPH8,DBHM9
AWTPH8,AWTR8
AWTPH8,DBHS13
AWTPH8,AWMBPH9
AWTPH8,AWBPH13
AWTPH8,SDM221IRB
AWTPH8,SDM211B
AWTPH8,SDMT15D
AWTPH8,A277
AWTPH8,ECARL032R
AWM10D,SGASA204CR
AWM10D,PPC105LA
AWM10D,SIMM170
AWM10D,ATECH3FR300B
AWM10D,47ACF
AWM10D,EECT400
AWM10D,KRSC46HPBO
AWM10D,ECHDD012A
AWM10D,CTB8174
AWM10D,PH3050BR
VO1416B,XS1416A
VO1416B,XS2024A
VO1416B,VO2224B
VO1416B,VO2628B
VO1416B,XS1012A
VO1416B,EECT400
VO1416B,KRSC46HPBO
VO1416B,ECHDD012A
VO1416B,CTB8174
VO1416B,PH3050BR
TAP1,DBCL1/2CSF
TAP1,DBCL1/8CSF
TAP1,DBCL11/32CSF
TAP1,DBCL13/32CSF
TAP1,DBCL15/32CSF
TAP1,DBCL3/16CSF
TAP1,DBCL3/8CSF
TAP1,DBCL5/16CSF
TAP1,DBCL7/16CSF
TAP1,DBCL7/32CSF
BT11,B1458C
BT11,B1467A
BT11,S6112
BT11,BHS7A
BT11,B3404B
BT11,PTGR450
BT11,PGP50
BT11,ACT83A
BT11,FB307D
BT11,FB303B
XS1820A,XS2024A
XS1820A,XS1416A
XS1820A,XS1012A
XS1820A,XS2226A
XS1820A,XS1618A
XS1820A,EECT400
XS1820A,KRSC46HPBO
XS1820A,ECHDD012A
XS1820A,CTB8174
XS1820A,PH3050BR
AWBSG07A,GFAT1E
AWBSG07A,SIMM180
AWBSG07A,FU8A
AWBSG07A,SIMM210
AWBSG07A,BLPTHC87
AWBSG07A,EECT400
AWBSG07A,KRSC46HPBO
AWBSG07A,ECHDD012A
AWBSG07A,CTB8174
AWBSG07A,PH3050BR
1250,650
1250,2050
1250,1650
1250,TFM7530B
1250,SR40K
1250,FBBA325
1250,TMMD14
1250,TMMD13
1250,DB129C
1250,TB10A
106TMUSA,AWL1010DK
106TMUSA,112RTA
106TMUSA,PT5CBL
106TMUSA,WTRW9K
106TMUSA,BTWSMPK
106TMUSA,YA2020
106TMUSA,214SFY
106TMUSA,110ETMAY
106TMUSA,SF191
106TMUSA,SF301
TTX8E,TTX10E
TTX8E,TTX15E
TTX8E,TTX25E
TTX8E,TTX20E
TTX8E,FTX27E
TTX8E,FTX30E
TTX8E,FTX47E
TTX8E,FTX55E
TTX8E,FTX50E
TTX8E,FBSM325
AWXL13-050,SGASA204CR
AWXL13-050,ATECH3FR300B
AWXL13-050,T72
AWXL13-050,GFAT1E
AWXL13-050,SIMM170
AWXL13-050,EECT400
AWXL13-050,KRSC46HPBO
AWXL13-050,ECHDD012A
AWXL13-050,CTB8174
AWXL13-050,PH3050BR
DBHM9,DBHS13
DBHM9,AWTPH8
DBHM9,AWTR8
DBHM9,A91F
DBHM9,THR72
DBHM9,FA7E
DBHM9,FA6E
DBHM9,FA5E
DBHM9,FA4E
DBHM9,FA4.5E
TKF72,FKF80A
TKF72,TXM72
TKF72,TMS70A
TKF72,TRF72
TKF72,TK72
TKF72,TMS16
TKF72,TMS14
TKF72,TMS12
TKF72,TMS11
TKF72,TMS10
SHDX80O,AWM110DHK
SHDX80O,TPMB10
SHDX80O,TPM16
SHDX80O,AC5C
SHDX80O,EC-USB-C-3A
SHDX80O,2004BSKA
SHDX80O,FB360C
SHDX80O,KRA2007FPBO
SHDX80O,PK53A
SHDX80O,MAGML300L-S2016
FXWP3,FXWP1
FXWP3,FXWP6
FXWP3,F12LB
FXWP3,131TMPB
FXWP3,FSM121
FXWP3,FSM161
FXWP3,FSM181
FXWP3,FSM81
FXWP3,FSM91
FXWP3,FSM111
AWSG20A,AWSG24A
AWSG20A,AWSG800A
AWSG20A,FXK3
AWSG20A,PPC106LA
AWSG20A,SIMM150A
AWSG20A,EECT400
AWSG20A,KRSC46HPBO
AWSG20A,ECHDD012A
AWSG20A,CTB8174
AWSG20A,PH3050BR
TM62B,XS2024A
TM62B,XS1416A
TM62B,XS1820A
TM62B,XS1012A
TM62B,XS2226A
TM62B,EECT400
TM62B,KRSC46HPBO
TM62B,ECHDD012A
TM62B,CTB8174
TM62B,PH3050BR
EEPV500,SGD155CG
EEPV500,SGD153BR
EEPV500,EEPV509
EEPV500,FZ7A
EEPV500,SGD155CR
EEPV500,EETL500
EEPV500,YA4000B
EEPV500,210EFTXRY
EEPV500,FTXR27E
EEPV500,FTXR30E
PTM30,PKNC300
PTM30,SGDP242BR
PTM30,SGDXXL20BR
PTM30,AWPBX10
PTM30,SGD424BR
PTM30,MAGTRAY
PTM30,PPK300
PTM30,SGAS102BR
PTM30,SGAS1713BR
PTM30,SGAS1714BR
TMM8,TMM9
TMM8,TMM6
TMM8,TMM11
TMM8,TMM12
TMM8,TMM13
TMM8,ECHDD012A
TMM8,CTB8174
TMM8,PH3050BR
TMM8,FADH12B
TMM8,STMM9
PTC250G,SAG03S12
PTC250G,SDG10S25F
PTC250G,PTGR450
PTC250G,PSO4525
PTC250G,PDR5000A
PTC250G,PT338HV
PTC250G,VGP22418
PTC250G,VGP12406
PTC250G,VGP22412
PTC250G,VGP12808
YA4000B,YA249
YA4000B,BPPC1878
YA4000B,OC5A
YA4000B,TF5A
YA4000B,BTK5
YA4000B,BTC10
YA4000B,310SIMMADDON
YA4000B,2004BSKA
YA4000B,208CCP
YA4000B,S6110A
111TMUSMA,206SFSUM
111TMUSMA,SFSUM12
111TMUSMA,SFSUM13
111TMUSMA,SFSUM14
111TMUSMA,SFSUM15
111TMUSMA,SFSUM17
111TMUSMA,SFSUM10
111TMUSMA,206FSUMA
111TMUSMA,FSUM10A
111TMUSMA,FSUM12A
SHL80A,SRPCR4700O
SHL80A,UPT35R
SHL80A,DB121C
SHL80A,TPMA25EM
SHL80A,PPB826A
SHL80A,PK52A
SHL80A,FHL80
SHL80A,THL72
SHL80A,SRP2A
SHL80A,MTTL300
PSO4625G,DBBPC21
PSO4625G,AT408
PSO4625G,BLP13HVLP
PSO4625G,GA243
PSO4625G,14V
PSO4625G,HR-26
PSO4625G,BF775C-A
PSO4625G,BLPT1255
PSO4625G,VGP12418
PSO4625G,OXIM7B
AWMCG1600B,AWCGT30
AWMCG1600B,AWCG1600B
AWMCG1600B,AWCGT27
AWMCG1600B,AWCGT500
AWMCG1600B,S9711KA
AWMCG1600B,XBM1618A
AWMCG1600B,TB50W
AWMCG1600B,XBM1315SA
AWMCG1600B,XBM1012A
AWMCG1600B,XBM1214SA
307ESAY,307ESAMY
307ESAY,SAM10E
307ESAY,SAM12E
307ESAY,SAM14E
307ESAY,SAM17E
307ESAY,SAM6E
307ESAY,SAM8E
307ESAY,SAM19E
307ESAY,SWM291
307ESAY,AW1020DK
CT9035DB,TMXK4
CT9035DB,SPBS24AR
CT9035DB,T72
CT9035DB,SIMM170
CT9035DB,SIMM240
CT9035DB,SGD8BR
CT9035DB,SIMM190
CT9035DB,SGD2BR
CT9035DB,SGD6BR
CT9035DB,FU8A
CT9035K2,PPC4A
CT9035K2,FU8A
CT9035K2,PPC103A
CT9035K2,FX1
CT9035K2,SIMM180
CT9035K2,GFAT1E
CT9035K2,FXK11
CT9035K2,PPC106LA
CT9035K2,SPBS24AR
CT9035K2,SIMM200
BB71160,FHLF80A
BB71160,SIMM170
BB71160,PPC4A
BB71160,FXK11
BB71160,96ACF
BB71160,TMXK60
BB71160,F80
BB71160,SPBS12AR
BB71160,SIMM240
BB71160,GFAT1E
TTX20E,TTX8E
TTX20E,TTX10E
TTX20E,TTX15E
TTX20E,TTX25E
TTX20E,FTX27E
TTX20E,FTX30E
TTX20E,FTX47E
TTX20E,FTX55E
TTX20E,FTX50E
TTX20E,FBSM325
KRA4813FPBO,KRA4114FPBO
KRA4813FPBO,KRA4810FPBO
KRA4813FPBO,YA2019
KRA4813FPBO,ST50A
KRA4813FPBO,FB302A
KRA4813FPBO,YA900
KRA4813FPBO,BP8B
KRA4813FPBO,AD12C
KRA4813FPBO,TB40
KRA4813FPBO,QD3250A
KRA4813FPJK,KRA4114FPBO
KRA4813FPJK,KRA4810FPBO
KRA4813FPJK,YA2019
KRA4813FPJK,ST50A
KRA4813FPJK,FB302A
KRA4813FPJK,YA900
KRA4813FPJK,BP8B
KRA4813FPJK,AD12C
KRA4813FPJK,TB40
KRA4813FPJK,QD3250A
OEXM710B,GA236C
OEXM710B,SRPCR4700O
OEXM710B,UPT35R
OEXM710B,SPBS24A
OEXM710B,SEPHDSETAOB
OEXM710B,FA12LE
OEXM710B,FRX181
OEXM710B,GF22
OEXM710B,AWM110DK
OEXM710B,MAGML300L-S2016
A177A,S6103A
A177A,S9538A
A177A,S9614A
A177A,10HR
A177A,BP20B
A177A,CHN410
A177A,GA111D
A177A,MT501C
A177A,R40B
A177A,SP32E
AWMXL10-8,SGDX80BR
AWMXL10-8,F80
AWMXL10-8,SIMM190
AWMXL10-8,SGASA204CR
AWMXL10-8,SGD2BR
AWMXL10-8,EECT400
AWMXL10-8,KRSC46HPBO
AWMXL10-8,ECHDD012A
AWMXL10-8,CTB8174
AWMXL10-8,PH3050BR
CTLUV761,CTC772A
CTLUV761,CTB8174
CTLUV761,SGRHT6BR
CTLUV761,SGA1711BR
CTLUV761,SGA1712BR
CTLUV761,SGA174BR
CTLUV761,SGA175BR
CTLUV761,SGA1710BR
CTLUV761,SGA173BR
CTLUV761,CTB185
307IPLMY,307IPLY
307IPLMY,BPPC1878
307IPLMY,310SIMMADDON
307IPLMY,IPL22C
307IPLMY,IPL20C
307IPLMY,IPL18C
307IPLMY,SFSUM15
307IPLMY,SFSUM14
307IPLMY,SFSUM13
307IPLMY,SFSUM12
AWMEF7K,PKNG90
AWMEF7K,AWEF9K
AWMEF7K,SWM251
AWMEF7K,FSLF80
AWMEF7K,S9706KMAG
AWMEF7K,107ATMPB
AWMEF7K,ITHE100
AWMEF7K,FLE180A
AWMEF7K,FLE100A
AWMEF7K,FLE160A
SHLX80AO,FHLX80B
SHLX80AO,THLLF72
SHLX80AO,THLX72
SHLX80AO,FHLLF80
SHLX80AO,THRLX72
SHLX80AO,PL400BG
SHLX80AO,SPBS704AHV
SHLX80AO,PH3050BHV
SHLX80AO,FH80MPHV
SHLX80AO,SGASA204CHV
PLRK30,PLRK27
PLRK30,SHP10
PLRK30,SHP7
PLRK30,PLRK21
PLRK30,YA389A
PLRK30,PALMRAT
PLRK30,TXM72
PLRK30,MAGMAT
PLRK30,PHP2A
PLRK30,AT4135
TMMS4,TMMS4.5
TMMS4,STMM4.5
TMMS4,TMM4.5
TMMS4,TMMS8
TMMS4,TMMS5
TMMS4,EECT400
TMMS4,KRSC46HPBO
TMMS4,ECHDD012A
TMMS4,CTB8174
TMMS4,PH3050BR
206EFABL,ADHW8A
206EFABL,AEM444
206EFABL,AEM5530
206EFABL,AEM6530
206EFABL,AN850811B
206EFABL,HDM1236
206EFABL,LP10WC
206EFABL,S7100
206EFABL,VO3234B
206EFABL,XO2022
CTR817DB,SGD2BR
CTR817DB,TMXK60
CTR817DB,PPC106LA
CTR817DB,F80
CTR817DB,TMXK4
CTR817DB,FXK3
CTR817DB,91ACP
CTR817DB,SGASA204CR
CTR817DB,SGDP31IRBR
CTR817DB,SGDP42IRBR
AWS13-5,FHLF80A
AWS13-5,TMXK2
AWS13-5,A2A
AWS13-5,47ACF
AWS13-5,SIMM160A
AWS13-5,EECT400
AWS13-5,KRSC46HPBO
AWS13-5,ECHDD012A
AWS13-5,CTB8174
AWS13-5,PH3050BR
F18LA,SGD155CR
F18LA,SGD153BR
F18LA,PTIM5
F18LA,SN36
F18LA,PPCD70BK
F18LA,FB300A
F18LA,FAM14E
F18LA,FAM13E
F18LA,FAM11E
F18LA,FAM12E
CTS861MDB,SGD4BR
CTS861MDB,SGD2BR
CTS861MDB,SGDX80BR
CTS861MDB,ATECH3FR300B
CTS861MDB,SIMM220
CTS861MDB,SGDP31IRBR
CTS861MDB,SPBS704AR
CTS861MDB,SIMM210
CTS861MDB,F80
CTS861MDB,SHD1R
PTGR100O,PTGR110
PTGR100O,SAG03S12
PTGR100O,PTGR450
PTGR100O,PTC250
PTGR100O,VWB4B
PTGR100O,FZ80
PTGR100O,PBMP703A
PTGR100O,CJ2001P
PTGR100O,SVTS263A
PTGR100O,PK500A
211FCOA,YA438B
211FCOA,BLPTE3816
211FCOA,SEPPROK12PC
211FCOA,BLPTE3814
211FCOA,BLPTE3812
211FCOA,BLPTE3810
211FCOA,SEPPROK12PBO
211FCOA,OXIM6B
211FCOA,214SIMDFMYA
211FCOA,FCOM10A
SIM380,SIM340
SIM380,SIM360
SIM380,SIM400
SIM380,SRPCR4700O
SIM380,SIM160A
SIM380,SIM180A
SIM380,CTB8174
SIM380,PH3050BR
SIM380,YA438B
SIM380,UPT35R
RXFMS606B,AWM110DHK
RXFMS606B,AC5C
RXFMS606B,2004BSKA
RXFMS606B,OEXM9B
RXFMS606B,FB303B
RXFMS606B,TPM16
RXFMS606B,EC-USB-C-3A
RXFMS606B,OEXM8B
RXFMS606B,RXFS1618B
RXFMS606B,RXFS1214B
HBBD16O,222SFFSFR
HBBD16O,TD1040A
HBBD16O,TDM100A
HBBD16O,UPT35R
HBBD16O,224SFFSMFR
HBBD16O,PK52A
HBBD16O,PPB826A
HBBD16O,DB121C
HBBD16O,YA249
HBBD16O,TPMA25EM
STMM11,STMM9
STMM11,STMM6
STMM11,STMM14
STMM11,STMM12
STMM11,STMM13
STMM11,STMM5
STMM11,STM16
STMM11,STM14
STMM11,STM12
STMM11,STM11
STARTERSET5,AB3042
STARTERSET5,BLP7
STARTERSET5,CT861K2
STARTERSET5,CTS561BITXL
STARTERSET5,EEDM604F
STARTERSET5,FSM201
STARTERSET5,FSM211
STARTERSET5,FSM221
STARTERSET5,IMM320
STARTERSET5,KDT3729
GAX36,S3624
GAX36,TWM27
GAX36,SEPIMMSIMM
GAX36,FB303B
GAX36,SN25A
GAX36,SWM111A
GAX36,222AFSP
GAX36,ACT83A
GAX36,BTG8
GAX36,FADH12B
IPDLM12,IPSM21
IPDLM12,IPSM18
IPDLM12,IPSM15
IPDLM12,IPLM22C
IPDLM12,IPL38C
IPDLM12,IPTMM8A
IPDLM12,IPTMM15A
IPDLM12,IPTMM12A
IPDLM12,IPTMM13A
IPDLM12,IPTMM14A
SX80B,TX72
SX80B,TXM72
SX80B,YA4250
SX80B,TRX72
SX80B,JHWR-17
SX80B,JHWRC-75
SX80B,OEX44B
SX80B,TSM14A
SX80B,TSM13A
SX80B,TSM12A
SF181,SF081
SF181,SF191
SF181,SF301
SF181,SF321
SF181,5CF
SF181,ASG185BR
SF181,ATECHMS80M
SF181,CCY21508
SF181,DANTG70
SF181,FSNSS-508-BO
SOEX40,SPBS36BR
SOEX40,SOEX38
SOEX40,PKNC150
SOEX40,AWEF6K
SOEX40,UPTM65K
SOEX40,SOEX36
SOEX40,CTB8174
SOEX40,SOEX34
SOEX40,PH3050BR
SOEX40,L872
PTGR450G,BHS7A
PTGR450G,PT450-WH
PTGR450G,EFPHANNIBALB
PTGR450G,222AFSP
PTGR450G,PDR5000A
PTGR450G,DB129C
PTGR450G,425IMM
PTGR450G,IMM172A
PTGR450G,IMM182A
PTGR450G,IMM192A
TMMDS10,TMMDS12
TMMDS10,TMMDS11
TMMDS10,TMMDS5
TMMDS10,TMMDS5.5
TMMDS10,TMMDS9
TMMDS10,STMMD14
TMMDS10,STMMD13
TMMDS10,STMMD12
TMMDS10,STMMD11
TMMDS10,STMMD10
OEXM80B,OEXM90B
OEXM80B,SRPCR4700O
OEXM80B,UPT35R
OEXM80B,FB307D
OEXM80B,218AFSP
OEXM80B,FBSM325
OEXM80B,AWMEF7K
OEXM80B,OC5A
OEXM80B,PKNC200
OEXM80B,SGA173BO
LDH402,LDH362
LDH402,L872
LDH402,LDH342
LDH402,LDH442
LDH402,LDH462
LDH402,LDH422A
LDH402,SFS261
LDH402,SFS101
LDH402,SFS081
LDH402,FADH12B
KRSC323PBO,PK500A
KRSC323PBO,SEPPREMETA
KRSC323PBO,FLX80B
KRSC323PBO,SN15B
KRSC323PBO,IM1PT
KRSC323PBO,KRSC430APBO1
KRSC323PBO,SDM11A
KRSC323PBO,SDM215C
KRSC323PBO,SDM251IRC
KRSC323PBO,SDM252IRB
111STMMDY,PL307ACFO
111STMMDY,111TMMDY
111STMMDY,TMMD13
111STMMDY,TMMD14
111STMMDY,TMMD11
111STMMDY,TMMD12
111STMMDY,TMMD5
111STMMDY,TMMD9
111STMMDY,SFM11
111STMMDY,SFM10
PKNC125C2,SGA173BO
PKNC125C2,FTX60E
PKNC125C2,2005BSKA
PKNC125C2,CJ92
PKNC125C2,AC5C
PKNC125C2,BTK5
PKNC125C2,B260A
PKNC125C2,EEDM503D
PKNC125C2,PGP50
PKNC125C2,BTC10
211FSY,UPT35R
211FSY,FA12LE
211FSY,TPMB10
211FSY,FRX181
211FSY,TPM16EM
211FSY,SRPCR4700O
211FSY,GF22
211FSY,317MSPC
211FSY,HD6529
211FSY,SEPHDSETAOB
FHBB12A,SHBB24G
FHBB12A,FTX60E
FHBB12A,OFW3
FHBB12A,AF102
FHBB12A,SN15B
FHBB12A,210AFLEY
FHBB12A,FLE160A
FHBB12A,FLE100A
FHBB12A,FLE180A
FHBB12A,PGP50
PPC203A,PPC812B
PPC203A,PPC112
PPC203A,PPC824C
PPC203A,PPC828C
PPC203A,PPC1A
PPC203A,PPC205A
PPC203A,PPC206A
PPC203A,PPC208A
PPC203A,PPC210A
PPC203A,UPT35R
CTC131A,CTB185
CTC131A,CTINF9010
CTC131A,CTB8187
CTC131A,CTR861HVW2
CTC131A,CTSG861DB
CTC131A,CTB8174
CTC131A,TPGDL2000
CTC131A,CTTOTEA
CTC131A,EEBC30A12V
CTC131A,GLOVE300BL
F281,F261
F281,F081
F281,F101
F281,XS2024A
F281,F221
F281,EECT400
F281,KRSC46HPBO
F281,ECHDD012A
F281,CTB8174
F281,PH3050BR
RXSM605B,RXS12B
RXSM605B,RXS14B
RXSM605B,RXS16B
RXSM605B,RXS18B
RXSM605B,RXS20B
RXSM605B,RXS605B
RXSM605B,TPGIF1600A
RXSM605B,GA460B
RXSM605B,YA249
RXSM605B,AT4135
KRSC4130PJJ,SGDX80BR
KRSC4130PJJ,FXK3
KRSC4130PJJ,47ACF
KRSC4130PJJ,91ACP
KRSC4130PJJ,SGD4BR
KRSC4130PJJ,TMU8B
KRSC4130PJJ,SPBS704AR
KRSC4130PJJ,SPBS8AR
KRSC4130PJJ,SPBS12AR
KRSC4130PJJ,T72
HBBT16,FADH10B
HBBT16,OC5A
HBBT16,RXS12B
HBBT16,RXS14B
HBBT16,RXS16B
HBBT16,RXS18B
HBBT16,RXS20B
HBBT16,RXS605B
HBBT16,GA3634A
HBBT16,RXFS2836B
196ANCFG,SPBS18AR
196ANCFG,SGDP31IRBR
196ANCFG,FU8A
196ANCFG,TMXK2
196ANCFG,GFAT1E
196ANCFG,EECT400
196ANCFG,KRSC46HPBO
196ANCFG,ECHDD012A
196ANCFG,CTB8174
196ANCFG,PH3050BR
SHD4R,SHD8R
SHD4R,SHDP31IRR
SHD4R,SHD2R
SHD4R,SHD6R
SHD4R,SHDP42IRR
SHD4R,SHDP63IRR
SHD4R,PG160
SHD4R,ECFB200BL
SHD4R,S9706KMAG
SHD4R,SHDP22IRR
TPMB25ORG,TPM16EM
TPMB25ORG,YA339A
TPMB25ORG,SGDMRCE44
TPMB25ORG,UTK100
TPMB25ORG,SSDMR4BR
TPMB25ORG,6T
TPMB25ORG,8MA
TPMB25ORG,SGHF614BR
TPMB25ORG,SGHF615BR
TPMB25ORG,SGHBF500A
SIM300,SIM160A
SIM300,SIM180A
SIM300,SIM220
SIM300,SIM200
SIM300,SIM320
SIM300,PH3050BR
SIM300,YA438B
SIM300,UPT35G
SIM300,UPT35R
SIM300,SRPCR4700O
MAGMINI,MAGMICRO
MAGMINI,MAGSTRIP
MAGMINI,MAGTRAY
MAGMINI,MAGMAT
MAGMINI,GA358B
MAGMINI,MAGDISH
MAGMINI,KACKMCFIBER1
MAGMINI,DBBPT13
MAGMINI,TM72
MAGMINI,VWB8B
AWP45,5CF
AWP45,ASG185BR
AWP45,ATECHMS80M
AWP45,CCY21508
AWP45,DANTG70
AWP45,FSNSS-508-BO
AWP45,JHW30012
AWP45,KNX8111250
AWP45,KNX8603125
AWP45,KNX8603150
KRA4810FPC,KRA4107FPBO
KRA4810FPC,KRA4813FPBO
KRA4810FPC,STM11
KRA4810FPC,STM12
KRA4810FPC,STM14
KRA4810FPC,STM16
KRA4810FPC,STM18
KRA4810FPC,STM6
KRA4810FPC,STM7
KRA4810FPC,STM8
PTR2505,PTR2500
PTR2505,PDR5000A
PTR2505,PDR3000A
PTR2505,PT850HV
PTR2505,MG325
PTR2505,PT338
PTR2505,310IMMYA
PTR2505,SEPPT850K
PTR2505,RBYAM605
PTR2505,TPGIF1600A
MTTL700,FB322
MTTL700,ACT925
MTTL700,EECR1C
MTTL700,EEDM503D
MTTL700,CTSG861DB
MTTL700,MTIND683A
MTTL700,MTTL7005PK
MTTL700,FLE160A
MTTL700,TM05
MTTL700,210AFLEY
CDR4P11K3DB,TMU8B
CDR4P11K3DB,SIMM210
CDR4P11K3DB,SGD8BR
CDR4P11K3DB,91ACP
CDR4P11K3DB,SGDX80BR
CDR4P11K3DB,SIMM170
CDR4P11K3DB,96ACF
CDR4P11K3DB,PPC103A
CDR4P11K3DB,PL400B
CDR4P11K3DB,SGD4BR
CDR4P11K3K2,SPBS24AR
CDR4P11K3K2,GFAT1E
CDR4P11K3K2,SGDX80BR
CDR4P11K3K2,PPC4A
CDR4P11K3K2,SGD6BR
CDR4P11K3K2,FXK6
CDR4P11K3K2,FXK3
CDR4P11K3K2,SGD8BR
CDR4P11K3K2,PPC106LA
CDR4P11K3K2,SIMM200
CDR4P44L3K2,SIMM170
CDR4P44L3K2,F80
CDR4P44L3K2,ATECH2FR125B
CDR4P44L3K2,SGASA204CR
CDR4P44L3K2,FHLF80A
CDR4P44L3K2,PPC106LA
CDR4P44L3K2,SGD4BR
CDR4P44L3K2,SPBS704AR
CDR4P44L3K2,PPC105LA
CDR4P44L3K2,SIMM220
1206GS,SOEX38
1206GS,AWM140DK
1206GS,SR40K
1206GS,305SIMMY
1206GS,SOEX40
1206GS,DB129C
1206GS,TMMD14
1206GS,TMMD13
1206GS,AT4124
1206GS,SOEX34
FHNF100O,PL400B
FHNF100O,SPBS12AR
FHNF100O,96ACF
FHNF100O,SGDX80BR
FHNF100O,FXK3
FHNF100O,EECT400
FHNF100O,KRSC46HPBO
FHNF100O,ECHDD012A
FHNF100O,CTB8174
FHNF100O,PH3050BR
EARPLUGBAND,VSG9R
EARPLUGBAND,ECARA052A
EARPLUGBAND,VGP22418
EARPLUGBAND,GA243
EARPLUGBAND,YA109C
EARPLUGBAND,PT5CBL
EARPLUGBAND,AWMEF7K
EARPLUGBAND,PK50A
EARPLUGBAND,PKNG90
EARPLUGBAND,A159
ECFDF108,ATECHFSET02DT
ECFDF108,SHLF80A
ECFDF108,XFRRM1214
ECFDF108,XFRRM1315
ECFDF108,XFRRM1618
ECFDF108,XFRRM1719
ECFDF108,XFRRM705
ECFDF108,XFRRM810
ECFDF108,IPLM15C
ECFDF108,IPLM14C
PPB826A,UPT35R
PPB826A,SRPCR4700O
PPB826A,FB322
PPB826A,PK52A
PPB826A,DB121C
PPB826A,FB307D
PPB826A,222SFFSFR
PPB826A,SEPPROCORE1A
PPB826A,TD1040A
PPB826A,TDM100A
PPC104A,PPC108LA
PPC104A,PPC110LA
PPC104A,PPC112
PPC104A,PPC824C
PPC104A,PPC828C
PPC104A,PPC208A
PPC104A,PPC204A
PPC104A,PPC210A
PPC104A,RXS14B
PPC104A,RXS12B
CT861MK2,AB3042
CT861MK2,BLP7
CT861MK2,CTS561BITXL
CT861MK2,EEDM604F
CT861MK2,FSM201
CT861MK2,FSM211
CT861MK2,FSM221
CT861MK2,IMM320
CT861MK2,KDT3729
CT861MK2,KDT3977
SGD2BR,SGD6BR
SGD2BR,SGDP31IRBR
SGD2BR,SGDP42IRBR
SGD2BR,SGDP63IRBR
SGD2BR,SGD8BR
SGD2BR,MTTL300
SGD2BR,ACT83A
SGD2BR,SHDP22IRR
SGD2BR,FB303B
SGD2BR,SEPIMMSIMM
KRA5311FPCM,SPBS12AR
KRA5311FPCM,SIMM170
KRA5311FPCM,ATECH3FR300B
KRA5311FPCM,96ACF
KRA5311FPCM,TMXK60
KRA5311FPCM,SIMM180
KRA5311FPCM,TMU8B
KRA5311FPCM,SIMM190
KRA5311FPCM,SIMM200
KRA5311FPCM,PPC4A
PPSG203,PPSG205
PPSG203,PPSG206
PPSG203,PPSG106
PPSG203,PCSG820
PPSG203,PCSG812
PPSG203,ECHDD012A
PPSG203,CTB8174
PPSG203,PH3050BR
PPSG203,SHD8R
PPSG203,TMXK80
THL72G,S9704KMAG
THL72G,AWMBPH9
THL72G,AWBPH13
THL72G,FHL80
THL72G,SN15B
THL72G,SH80A
THL72G,FLE180A
THL72G,FLE100A
THL72G,FLE160A
THL72G,S9706KMAG
TA360,OC5A
TA360,BTK7A
TA360,ITHE100
TA360,S6112
TA360,GA460B
TA360,B1458C
TA360,BP8B
TA360,YA249
TA360,B1467A
TA360,FLE160A
PSO4625,DBBPC21
PSO4625,AT408
PSO4625,BLP13HVLP
PSO4625,GA243
PSO4625,14V
PSO4625,HR-26
PSO4625,BF775C-A
PSO4625,BLPT1255
PSO4625,VGP12418
PSO4625,OXIM7B
MGM10C,CTR861K2
MGM10C,103UFTS
MGM10C,S8
MGM10C,CTB8174
MGM10C,IMFM11A
MGM10C,IMFM16
MGM10C,IMFM17
MGM10C,IMFM18
MGM10C,IMFM19
MGM10C,IMFM21
EXD35A,A36A
EXD35A,ACT925
EXD35A,TDTDM117B
EXD35A,RKTAP
EXD35A,TAP1
EXD35A,BEXD10A
EXD35A,AWSG800A
EXD35A,SVTA9100
EXD35A,VWB8B
EXD35A,TFSY121A
AWSG08A,TMU8B
AWSG08A,SGD6BR
AWSG08A,A2A
AWSG08A,SPBS24AR
AWSG08A,SRPCR3800
AWSG08A,EECT400
AWSG08A,KRSC46HPBO
AWSG08A,ECHDD012A
AWSG08A,CTB8174
AWSG08A,PH3050BR
AWS13-3,PPC103A
AWS13-3,SIMM180
AWS13-3,FU8A
AWS13-3,TMU8B
AWS13-3,SGD2BR
AWS13-3,EECT400
AWS13-3,KRSC46HPBO
AWS13-3,ECHDD012A
AWS13-3,CTB8174
AWS13-3,PH3050BR
212SFSMY,FLX80B
212SFSMY,317AMMPC
212SFSMY,FADH12B
212SFSMY,UPT35R
212SFSMY,117TMM
212SFSMY,SGA173BG
212SFSMY,206EAU
212SFSMY,212FSMY
212SFSMY,LP10WR
212SFSMY,TPM16
AWBSGM8A,F80
AWBSGM8A,SPBS18AR
AWBSGM8A,PPC103A
AWBSGM8A,FXK6
AWBSGM8A,PPC106LA
AWBSGM8A,EECT400
AWBSGM8A,KRSC46HPBO
AWBSGM8A,ECHDD012A
AWBSGM8A,CTB8174
AWBSGM8A,PH3050BR
ASGP102BR,A161B
ASGP102BR,A177A
ASGP102BR,A179A
ASGP102BR,UTS105A
ASGP102BR,PSN500
ASGP102BR,EECT400
ASGP102BR,KRSC46HPBO
ASGP102BR,ECHDD012A
ASGP102BR,CTB8174
ASGP102BR,PH3050BR
A3046,A3042
A3046,GMB3042
A3046,GFAT1E
A3046,GSAF1F
A3046,VO1416B
A3046,EECT400
A3046,KRSC46HPBO
A3046,ECHDD012A
A3046,CTB8174
A3046,PH3050BR
KRA2422PCM,KRWT2411
KRA2422PCM,KWSN2455AST
KRA2422PCM,SRPCR4700O
KRA2422PCM,SEPAMTSET
KRA2422PCM,KWSP2455ABL
KRA2422PCM,PG160
KRA2422PCM,EFPHANNIBALB
KRA2422PCM,UPT35R
KRA2422PCM,ACT1370
KRA2422PCM,SEPPREHD
AWBSG06A,TMXK2
AWBSG06A,PL400B
AWBSG06A,96ACF
AWBSG06A,PPC105LA
AWBSG06A,SGD4BR
AWBSG06A,EECT400
AWBSG06A,KRSC46HPBO
AWBSG06A,ECHDD012A
AWBSG06A,CTB8174
AWBSG06A,PH3050BR
SGDXL80BR,SGDP242BR
SGDXL80BR,SGDXXL20BR
SGDXL80BR,SGD424BR
SGDXL80BR,SGD304BR
SGDXL80BR,SGD306BR
SGDXL80BR,SGDP300BR
SGDXL80BR,SGDP301BR
SGDXL80BR,SGDX40BR
SGDXL80BR,SGDTX310BR
SGDXL80BR,SGDTX38BR
AWBMCG1605,SIMM200
AWBMCG1605,SGD6BR
AWBMCG1605,91ACP
AWBMCG1605,SPBS12AR
AWBMCG1605,SGDP31IRBR
AWBMCG1605,EECT400
AWBMCG1605,KRSC46HPBO
AWBMCG1605,ECHDD012A
AWBMCG1605,CTB8174
AWBMCG1605,PH3050BR
AWS13-13,TMXK60
AWS13-13,SHD1R
AWS13-13,F80
AWS13-13,ATECH2FR125B
AWS13-13,SGDP42IRBR
AWS13-13,EECT400
AWS13-13,KRSC46HPBO
AWS13-13,ECHDD012A
AWS13-13,CTB8174
AWS13-13,PH3050BR
PTGR100,PTGR110
PTGR100,SAG03S12
PTGR100,PTGR450
PTGR100,PTC250
PTGR100,VWB4B
PTGR100,FZ80
PTGR100,PBMP703A
PTGR100,CJ2001P
PTGR100,SVTS263A
PTGR100,PK500A
TMD9,XS2024A
TMD9,5CF
TMD9,ASG185BR
TMD9,ATECHMS80M
TMD9,CCY21508
TMD9,DANTG70
TMD9,FSNSS-508-BO
TMD9,JHW30012
TMD9,KNX8111250
TMD9,KNX8603125
FBST338,5CF
FBST338,ASG185BR
FBST338,ATECHMS80M
FBST338,CCY21508
FBST338,DANTG70
FBST338,FSNSS-508-BO
FBST338,JHW30012
FBST338,KNX8111250
FBST338,KNX8603125
FBST338,KNX8603150
IM140A,IM220
IM140A,IM120A
IM140A,IM160A
IM140A,IM180A
IM140A,IM320
IM140A,PH3050BR
IM140A,UIM225GR
IM140A,214SIMDFMYA
IM140A,YA438B
IM140A,UPT35G
KCP1422PWZ,KWSP2455AST
KCP1422PWZ,KWSN2455ABL
KCP1422PWZ,KWSN2455AST
KCP1422PWZ,KWSP2455ABL
KCP1422PWZ,KRWT2411
KCP1422PWZ,UPT35R
KCP1422PWZ,SR40K
KCP1422PWZ,BTC7B
KCP1422PWZ,OXIM7B
KCP1422PWZ,AWMG9
MG325,TR107AR
MG325,PTR2500
MG325,PTR72
MG325,ACT73A
MG325,MG725AG
MG325,JCW62R
MG325,PTR2505
MG325,310SIMMADDON
MG325,SRP3A
MG325,SGDP64IRBR
TW261,TW121A
TW261,TW201
TW261,TW141A
TW261,TW241
TW261,TW221
TW261,TS201
TW261,TS181A
TW261,TS161A
TW261,TS141A
TW261,TS121A
SGD4BR,59CF
SGD4BR,EECT110-AC
SGD4BR,HCLSB16
SGD4BR,HSG325
SGD4BR,SGDDP42IRBR
SGD4BR,TL900LA
SGD4BR,SGD6BR
SGD4BR,SGD2BR
SGD4BR,SGD8BR
SGD4BR,SGDP31IRBR
SGTT3B,SGTT8B
SGTT3B,SGTT9B
SGTT3B,SGTT1B
SGTT3B,SGTT2B
SGTT3B,SGTT5B
SGTT3B,YA1175KIT
SGTT3B,YAKS42
SGTT3B,MTTL800
SGTT3B,ACT407
SGTT3B,ACT413A
CAL6EBR,A3042
CAL6EBR,BTK7A
CAL6EBR,B1458C
CAL6EBR,S6112
CAL6EBR,B1467A
CAL6EBR,BCS70A
CAL6EBR,GA3634A
CAL6EBR,SEPIMMSIMM
CAL6EBR,TPMAM5
CAL6EBR,SBT26
FHBB12AG,SHBB24G
FHBB12AG,FTX60E
FHBB12AG,OFW3
FHBB12AG,AF102
FHBB12AG,SN15B
FHBB12AG,210AFLEY
FHBB12AG,FLE160A
FHBB12AG,FLE100A
FHBB12AG,FLE180A
FHBB12AG,PGP50
PKN10,TMXK60
PKN10,96ACF
PKN10,ATECH2FR125B
PKN10,SIMM190
PKN10,SIMM170
PKN10,EECT400
PKN10,KRSC46HPBO
PKN10,ECHDD012A
PKN10,CTB8174
PKN10,PH3050BR
PPB30AK,BLPHS1414
PPB30AK,112RTA
PPB30AK,WTRW9K
PPB30AK,BTWSMPK
PPB30AK,BLPH1219
PPB30AK,110ETMAY
PPB30AK,XO605
PPB30AK,FLX80B
PPB30AK,DR1412MASF
PPB30AK,TB50WC
PKN1,TMXK4
PKN1,47ACF
PKN1,SIMM220
PKN1,TMXK60
PKN1,SRPCR4700
PKN1,EECT400
PKN1,KRSC46HPBO
PKN1,ECHDD012A
PKN1,CTB8174
PKN1,PH3050BR
LP5WR,LP6LN
LP5WR,LP7R
LP5WR,LP7WR
LP5WR,LP10R
LP5WR,LIL59000
LP5WR,TB50
LP5WR,HJ44BCF
LP5WR,44BCF
LP5WR,EEDM503D
LP5WR,UTK150
PPC208A,PPC112
PPC208A,PPC824C
PPC208A,PPC828C
PPC208A,PPC210A
PPC208A,PPC204A
PPC208A,PPC104LA
PPC208A,PPC108LA
PPC208A,PPC3A
PPC208A,RXS12B
PPC208A,OC5A
TW401,ADHW8A
TW401,AEM444
TW401,AEM5530
TW401,AEM6530
TW401,AN850811B
TW401,HDM1236
TW401,LP10WC
TW401,S7100
TW401,VO3234B
TW401,XO2022
MS4A,TMXK60
MS4A,SGD2BR
MS4A,FU8A
MS4A,91ACP
MS4A,SIMM220
MS4A,EECT400
MS4A,KRSC46HPBO
MS4A,ECHDD012A
MS4A,CTB8174
MS4A,PH3050BR
TMA2.5E,TMA3.5E
TMA2.5E,TMA2E
TMA2.5E,5CF
TMA2.5E,ASG185BR
TMA2.5E,ATECHMS80M
TMA2.5E,CCY21508
TMA2.5E,DANTG70
TMA2.5E,FSNSS-508-BO
TMA2.5E,JHW30012
TMA2.5E,KNX8111250
XFRRM705,XFRR1012
XFRRM705,XFRR1416
XFRRM705,XFRR1822
XFRRM705,XFRR2024
XFRRM705,XFRR704
XFRRM705,S9706KA
XFRRM705,FXKL6A
XFRRM705,SGA1714B
XFRRM705,PBFT50R
XFRRM705,312IPLM
SGDP31IRBG,SGD2BR
SGDP31IRBG,SGD6BR
SGDP31IRBG,SGDP42IRBR
SGDP31IRBG,SGDP63IRBR
SGDP31IRBG,SGD4BR
SGDP31IRBG,MTTL300
SGDP31IRBG,ACT83A
SGDP31IRBG,SHDP22IRR
SGDP31IRBG,FB303B
SGDP31IRBG,SEPIMMSIMM
SGASA204CO,FLX80B
SGASA204CO,FA12LE
SGASA204CO,FRX181
SGASA204CO,AWM110DHK
SGASA204CO,GF22
SGASA204CO,EC-USB-C-3A
SGASA204CO,TW481
SGASA204CO,CTB8174
SGASA204CO,PH3050BR
SGASA204CO,TPM16
TM77,XS2024A
TM77,XS1416A
TM77,XS1820A
TM77,XS1012A
TM77,XS2226A
TM77,EECT400
TM77,KRSC46HPBO
TM77,ECHDD012A
TM77,CTB8174
TM77,PH3050BR
FHNF100G,SHD1R
FHNF100G,SPBS24AR
FHNF100G,FXK3
FHNF100G,FU8A
FHNF100G,SGASA204CR
FHNF100G,EECT400
FHNF100G,KRSC46HPBO
FHNF100G,ECHDD012A
FHNF100G,CTB8174
FHNF100G,PH3050BR
PWZ1A,PWZ0A
PWZ1A,PWZ3A
PWZ1A,PWZ5
PWZ1A,PWZ4
PWZ1A,SEPIMMSIMM
PWZ1A,PWZ2A
PWZ1A,FAMXS8E
PWZ1A,FAMXS7E
PWZ1A,BTG8
PWZ1A,FAMXS10E
OEX714KB,SRPCR4700O
OEX714KB,FB307D
OEX714KB,UPT35R
OEX714KB,218AFSP
OEX714KB,FB303B
OEX714KB,SN25A
OEX714KB,222AFSP
OEX714KB,TWM31
OEX714KB,GA3645A
OEX714KB,SWM111A
ECFDF108G,ATECHFSET02DT
ECFDF108G,SHLF80A
ECFDF108G,XFRRM1214
ECFDF108G,XFRRM1315
ECFDF108G,XFRRM1618
ECFDF108G,XFRRM1719
ECFDF108G,XFRRM705
ECFDF108G,XFRRM810
ECFDF108G,IPLM15C
ECFDF108G,IPLM14C
ECPRL092,ECPNJ032
ECPRL092,ECARL032R
ECPRL092,ECPNI032R
ECPRL092,KACKMCFIBER1
ECPRL092,GLOVE300BL
ECPRL092,ECHDF042
ECPRL092,THLX72
ECPRL092,YA900
ECPRL092,BDGPL300HG
ECPRL092,HBBT16
IMM230,IMM250
IMM230,IMM270
IMM230,IMM200
IMM230,IMM240
IMM230,IMM220
IMM230,IMM210
IMM230,IMM110A
IMM230,ECHDD012A
IMM230,CTB8174
IMM230,PH3050BR
MRB15B,MRB12B
MRB15B,MRB10B
MRB15B,MRB5B
MRB15B,BLPEXTF146
MRB15B,MAGMAT
MRB15B,MAGDISH
MRB15B,YA4050B
MRB15B,FHLL80
MRB15B,FAM11E
MRB15B,FAM12E
WHM1,207IMFLE
WHM1,IMSLE242A
WHM1,IMFLE80A
WHM1,IMFLE120A
WHM1,TR117O
WHM1,SLE180A
WHM1,SLE160A
WHM1,KAERNADD6RD
WHM1,FLE110A
WHM1,TDG2
PCSG820,PPSG206
PCSG820,PPSG205
PCSG820,PCSG816
PCSG820,PPSG106
PCSG820,PPSG203
PCSG820,SGHF615BR
PCSG820,SGHF614BR
PCSG820,8MA
PCSG820,6T
PCSG820,SGDMRC1A
PBN7,SRPCR3800
PBN7,ATECH3FR300B
PBN7,FU8A
PBN7,BLPTHC87
PBN7,SIMM180
PBN7,EECT400
PBN7,KRSC46HPBO
PBN7,ECHDD012A
PBN7,CTB8174
PBN7,PH3050BR
AWMG9-5,PPC105LA
AWMG9-5,47ACF
AWMG9-5,SGD8BR
AWMG9-5,SGD4BR
AWMG9-5,PPC4A
AWMG9-5,EECT400
AWMG9-5,KRSC46HPBO
AWMG9-5,ECHDD012A
AWMG9-5,CTB8174
AWMG9-5,PH3050BR
AWBCG1608,AWBCG1612
AWBCG1608,AWBCG1610
AWBCG1608,96ACF
AWBCG1608,SGD4BR
AWBCG1608,SPBS8AR
AWBCG1608,EECT400
AWBCG1608,KRSC46HPBO
AWBCG1608,ECHDD012A
AWBCG1608,CTB8174
AWBCG1608,PH3050BR
DBTB121,PL307ACFO
DBTB121,SWM291
DBTB121,SWM281
DBTB121,AW1020DK
DBTB121,SWM301
DBTB121,2420A
DBTB121,TF528D
DBTB121,OFW4
DBTB121,AWM140DK
DBTB121,SWM261
IPL18C,IPL22C
IPL18C,IPL20C
IPL18C,IPL26C
IPL18C,IPL32C
IPL18C,IPL24C
IPL18C,KRSC46HPBO
IPL18C,ECHDD012A
IPL18C,CTB8174
IPL18C,PH3050BR
IPL18C,310SIMMADDON
PPSG205,PPSG206
PPSG205,PPSG203
PPSG205,PPSG106
PPSG205,PCSG820
PPSG205,PCSG812
PPSG205,KRSC46HPBO
PPSG205,ECHDD012A
PPSG205,CTB8174
PPSG205,PH3050BR
PPSG205,TMXK80
FM17,FM8
FM17,FM9
FM17,FM16
FM17,FM18
FM17,FM11
FM17,FM19
FM17,FM15
FM17,SFM12
FM17,SFM11
FM17,SFM10
210RAFSMA,112RTMA
210RAFSMA,RTM10
210RAFSMA,RTM11
210RAFSMA,RTM12
210RAFSMA,RTM13
210RAFSMA,RTM5
210RAFSMA,RTM5.5
210RAFSMA,RTM6
210RAFSMA,RTM7
210RAFSMA,RTM8
HBBD32,PKNC150
HBBD32,UPTM65K
HBBD32,SOEX38
HBBD32,305SIMMY
HBBD32,414AHD
HBBD32,CTB8174
HBBD32,PH3050BR
HBBD32,CTC131A
HBBD32,SOEX34
HBBD32,L872
HBFE32,HBFE48
HBFE32,HBFE24
HBFE32,QD3RN350A
HBFE32,FZ7A
HBFE32,309SIMYA
HBFE32,CAL6EA
HBFE32,SGD155CG
HBFE32,GA296B
HBFE32,RTEMPB7
HBFE32,MTTL300
PTR2505O,PTR2505
PTR2505O,PDR3000A
PTR2505O,PTR72
PTR2505O,SEPFAR7200K
PTR2505O,MG325
PTR2505O,BLPPB704
PTR2505O,TPMA10
PTR2505O,AT700F
PTR2505O,TPGIF1600A
PTR2505O,SFSM21
AWBMCG1600,AWBCG1600
AWBMCG1600,SRPCR105
AWBMCG1600,SRPCR3890
AWBMCG1600,LN46ACF
AWBMCG1600,SHLX80A
AWBMCG1600,SRPCR7090
AWBMCG1600,LN47ACF
AWBMCG1600,SRPCR7000
AWBMCG1600,SG3ASH45CR
AWBMCG1600,SG3ASACR
FSM71,AB3042
FSM71,BLP7
FSM71,CT861K2
FSM71,CTS561BITXL
FSM71,EEDM604F
FSM71,FSM201
FSM71,FSM211
FSM71,FSM221
FSM71,IMM320
FSM71,KDT3729
KRSC326FPDG,AD10B
KRSC326FPDG,9100GSM
KRSC326FPDG,SEPHDSETAOB
KRSC326FPDG,FA12LE
KRSC326FPDG,FRX181
KRSC326FPDG,GF22
KRSC326FPDG,KAC1224TCA
KRSC326FPDG,HD6529
KRSC326FPDG,SEPIMMSIMM
KRSC326FPDG,TW481
TMM5.5,TMM9
TMM5.5,TMM6
TMM5.5,TMM11
TMM5.5,TMM12
TMM5.5,TMM5
TMM5.5,ECHDD012A
TMM5.5,CTB8174
TMM5.5,PH3050BR
TMM5.5,FADH12B
TMM5.5,STMM9
TMUS141A,TMUS101A
TMUS141A,TMUS121A
TMUS141A,TMUS81A
TMUS141A,TMUS181A
TMUS141A,TMUS161A
TMUS141A,FA12LE
TMUS141A,AWL1010DK
TMUS141A,GF22
TMUS141A,AD10B
TMUS141A,PT5CBL
307ESAMY,307ESAY
307ESAMY,SA10E
307ESAMY,SA12E
307ESAMY,SA14E
307ESAMY,SA18E
307ESAMY,SA20E
307ESAMY,SA24E
307ESAMY,SA16E
307ESAMY,STX60E
307ESAMY,206EFAML
VWBL400,XS67A
VWBL400,XS1214A
VWBL400,VO1416B
VWBL400,VO1012B
VWBL400,XS1618A
VWBL400,XS2024A
VWBL400,ATKIFL
VWBL400,XS1012A
VWBL400,XS1416A
VWBL400,XS1820A
312IMM,YA450B
312IMM,TR107AR
312IMM,TFM7530B
312IMM,TWM30
312IMM,TWM32
312IMM,SEPSTARTER
312IMM,312SIMM
312IMM,SIMM250
312IMM,SIMM270
312IMM,ACT73A
9100GSM,SEPHDSETAOB
9100GSM,FA12LE
9100GSM,KAC1224TCA
9100GSM,GF22
9100GSM,FRX181
9100GSM,TW481
9100GSM,FABL5E
9100GSM,FABL12E
9100GSM,FABL10E
9100GSM,AD10B
LN47ACF,LN46ACF
LN47ACF,HL138ACP
LN47ACF,PKNC150
LN47ACF,388ACF
LN47ACF,HCP48BCF
LN47ACF,915CP
LN47ACF,LN44BCF
LN47ACF,HJ44BCF
LN47ACF,44BCF
LN47ACF,MAGMAT
A161B,S6103A
A161B,S9538A
A161B,S9614A
A161B,ECARA052A
A161B,VSG9R
A161B,AT411
A161B,BF710B
A161B,BF712B
A161B,PSO4512
A161B,A179A
QD3250A,OEXL12B
QD3250A,OEXL14B
QD3250A,OEXL16B
QD3250A,OEXL18B
QD3250A,OEXL20B
QD3250A,OEXL22B
QD3250A,OEXL24B
QD3250A,OEXL707B
QD3250A,QD2R200A
QD3250A,KRA4813FPBO
PL330ACFO,PL803A
PL330ACFO,HBBD56
PL330ACFO,84CF
PL330ACFO,SGD146BR
PL330ACFO,SGD4160BR
PL330ACFO,SGD480BR
PL330ACFO,SGDP122BR
PL330ACFO,SGDP61BR
PL330ACFO,SGDP82BR
PL330ACFO,SGDXL80BR
YA4190A,LN46ACFG
YA4190A,CTNN13KF
YA4190A,IM1PT
YA4190A,CTB8174
YA4190A,PBMB5R
YA4190A,CTR861AK2
YA4190A,SVTS272A
YA4190A,CTR867AK2
YA4190A,ECHDD012A
YA4190A,SGA175BR
IMM360,ADHW8A
IMM360,AEM444
IMM360,AEM5530
IMM360,AEM6530
IMM360,AN850811B
IMM360,HDM1236
IMM360,LP10WC
IMM360,S7100
IMM360,VO3234B
IMM360,XO2022
A2A,GLA12B
A2A,XS2024A
A2A,XS1416A
A2A,XS1820A
A2A,XS1012A
A2A,XS2226A
A2A,KRSC46HPBO
A2A,ECHDD012A
A2A,CTB8174
A2A,PH3050BR
PKN2,SIM200
PKN2,SIM260
PKN2,SIM320
PKN2,SIM240
PKN2,SIM280
PKN2,EECT400
PKN2,KRSC46HPBO
PKN2,ECHDD012A
PKN2,CTB8174
PKN2,PH3050BR
KRA4114FPJJ,KRA4107FPBO
KRA4114FPJJ,KRA4813FPBO
KRA4114FPJJ,F12LB
KRA4114FPJJ,206AFXW
KRA4114FPJJ,SGDX60BR
KRA4114FPJJ,112TMMY
KRA4114FPJJ,HBBD24
KRA4114FPJJ,F80
KRA4114FPJJ,T72
KRA4114FPJJ,PL400B
OEXSM710B,TFM7530B
OEXSM710B,TWM30
OEXSM710B,SEPSTARTER
OEXSM710B,TWM32
OEXSM710B,OEX100B
OEXSM710B,OEX110B
OEXSM710B,OEX120B
OEXSM710B,OEX140NADA
OEXSM710B,OEX160GSA
OEXSM710B,OEX180B
AWML2D,SGDP31IRBR
AWML2D,SPBS704AR
AWML2D,SPBS18AR
AWML2D,FXK11
AWML2D,SHD1R
AWML2D,EECT400
AWML2D,KRSC46HPBO
AWML2D,ECHDD012A
AWML2D,CTB8174
AWML2D,PH3050BR
AWML6D,FU8A
AWML6D,SGDX80BR
AWML6D,SGD6BR
AWML6D,91ACP
AWML6D,PL400B
AWML6D,EECT400
AWML6D,KRSC46HPBO
AWML6D,ECHDD012A
AWML6D,CTB8174
AWML6D,PH3050BR
PL1000STARTG,CTLMAG-BOOTM
PL1000STARTG,SOXRR707
PL1000STARTG,SVSM10A
PL1000STARTG,SVSM11A
PL1000STARTG,SVSM12A
PL1000STARTG,SVSM13A
PL1000STARTG,SVSM14A
PL1000STARTG,SVSM15A
PL1000STARTG,SVSM17A
PL1000STARTG,SVSM807A
OEX707B,OEXM707B
OEX707B,VGP12412
OEX707B,PDR5000A
OEX707B,PK50A
OEX707B,OXIM7B
OEX707B,TPMA25EM
OEX707B,TPMB10
OEX707B,1210B
OEX707B,FS081
OEX707B,TB40
S6103A,S9538A
S6103A,S9614A
S6103A,A179A
S6103A,A159
S6103A,GA243
S6103A,GA460B
S6103A,DB121C
S6103A,TPMA25EM
S6103A,TPMA10
S6103A,PDR3000A
AWBSGM10A,SPBS12AR
AWBSGM10A,SGDP31IRBR
AWBSGM10A,T72
AWBSGM10A,SIMM160A
AWBSGM10A,GFAT1E
AWBSGM10A,EECT400
AWBSGM10A,KRSC46HPBO
AWBSGM10A,ECHDD012A
AWBSGM10A,CTB8174
AWBSGM10A,PH3050BR
SW381,XS2024A
SW381,XS1416A
SW381,XS1820A
SW381,XS1012A
SW381,XS2226A
SW381,EECT400
SW381,KRSC46HPBO
SW381,ECHDD012A
SW381,CTB8174
SW381,PH3050BR
SIMM340,SIMM350
SIMM340,SIMM290
SIMM340,YA450B
SIMM340,SIMM300
SIMM340,SIMM360
SIMM340,FB303B
SIMM340,SN25A
SIMM340,TWM11A
SIMM340,TWM10A
SIMM340,ACT83A
IMM200,IMM250
IMM200,IMM270
IMM200,IMM230
IMM200,IMM210
IMM200,IMM220
IMM200,IMM240
IMM200,IMM110A
IMM200,ECHDD012A
IMM200,CTB8174
IMM200,PH3050BR
TMMS5.5,TMMS5
TMMS5.5,TMMS9
TMMS5.5,TMMS6
TMMS5.5,TMMS11
TMMS5.5,TMMS12
TMMS5.5,TMS16
TMMS5.5,TMS14
TMMS5.5,TMS12
TMMS5.5,TMS11
TMMS5.5,TMS10
TPGDL2000,FBSM325
TPGDL2000,QD3RN350A
TPGDL2000,SEPIMMSIMMA
TPGDL2000,SEPIMMSIMM
TPGDL2000,PKRS1
TPGDL2000,LSR1450
TPGDL2000,LSRM2000
TPGDL2000,LSR1580
TPGDL2000,BTG8
TPGDL2000,AWCGT500
TW141A,TW121A
TW141A,TW201
TW141A,TW221
TW141A,TW241
TW141A,TW161A
TW141A,TS201
TW141A,TS181A
TW141A,TS161A
TW141A,TS141A
TW141A,TS121A
SGTT9B,SGTT1B
SGTT9B,SGTT2B
SGTT9B,SGTT8B
SGTT9B,SGTT10B
SGTT9B,SGTT3B
SGTT9B,YA1175KIT
SGTT9B,YAKS42
SGTT9B,MTTL800
SGTT9B,ACT407
SGTT9B,ACT413A
1512B,PW18C
1512B,SWM291
1512B,1210B
1512B,BPPC1878
1512B,AD8C
1512B,ACT1290A
1512B,SEPPROCORE2
1512B,UTK100
1512B,SEPPROCORE1
1512B,OC5A
ECPNJ032,ECPNH012UV
ECPNJ032,EECR1C
ECPNJ032,ECPRL092
ECPNJ032,HSPD16
ECPNJ032,ECHDG052
ECPNJ032,ECPNI032R
ECPNJ032,PTB32K
ECPNJ032,KACKMCFIBER1
ECPNJ032,TB40
ECPNJ032,AD10C
GLOVE600LG,S9704KMAG
GLOVE600LG,AWMBPH9
GLOVE600LG,GLOVE505RL
GLOVE600LG,AWBPH13
GLOVE600LG,OXIM6B
GLOVE600LG,SFSM21
GLOVE600LG,GLOVE309L
GLOVE600LG,HSPD16
GLOVE600LG,STMM4
GLOVE600LG,S9706KMAG
HBFE103,PBMP703A
HBFE103,HBBD16
HBFE103,PBS704
HBFE103,OEXM300B
HBFE103,HBBD32
HBFE103,PPC112
HBFE103,SRPCR9000
HBFE103,SRPCR4790
HBFE103,SRPCR4745
HBFE103,SRPCR3845
PBN2,5CF
PBN2,ASG185BR
PBN2,ATECHMS80M
PBN2,CCY21508
PBN2,DANTG70
PBN2,FSNSS-508-BO
PBN2,JHW30012
PBN2,KNX8111250
PBN2,KNX8603125
PBN2,KNX8603150
GSAF1F,GLA12B
GSAF1F,XS2024A
GSAF1F,XS1416A
GSAF1F,XS1820A
GSAF1F,XS1012A
GSAF1F,XS2226A
GSAF1F,CTB8174
GSAF1F,PH3050BR
GSAF1F,UPT35R
GSAF1F,FB303B
ACT1290A,222SFFSFR
ACT1290A,TD1040A
ACT1290A,TDM100A
ACT1290A,SEPPROCORE2A
ACT1290A,224SFFSMFR
ACT1290A,YA450B
ACT1290A,OFW1
ACT1290A,TC15A
ACT1290A,AT4124
ACT1290A,AD8C
AWL3-1/2D,96ACF
AWL3-1/2D,SGDX80BR
AWL3-1/2D,SGDP42IRBR
AWL3-1/2D,T72
AWL3-1/2D,SGD2BR
AWL3-1/2D,EECT400
AWL3-1/2D,KRSC46HPBO
AWL3-1/2D,ECHDD012A
AWL3-1/2D,CTB8174
AWL3-1/2D,PH3050BR
CGRS865DB,CTB8174
CGRS865DB,LN47ACF
CGRS865DB,TMU8B
CGRS865DB,SIMM160A
CGRS865DB,SRPCR4700
CGRS865DB,SGDP31IRBR
CGRS865DB,47ACF
CGRS865DB,ATECH2FR125B
CGRS865DB,TMXK60
CGRS865DB,SGD8BR
CDR4P11L3DB,ATECH3FR300B
CDR4P11L3DB,T72
CDR4P11L3DB,SPBS18AR
CDR4P11L3DB,SPBS8AR
CDR4P11L3DB,FHLF80A
CDR4P11L3DB,A2A
CDR4P11L3DB,FXK11
CDR4P11L3DB,BLPTHC87
CDR4P11L3DB,SGASA204CR
CDR4P11L3DB,SIMM160A
PBMP8A,PBMP16A
PBMP8A,PBMP12A
PBMP8A,305ASX
PBMP8A,SXK8
PBMP8A,SN24C
PBMP8A,SX2
PBMP8A,IMFMS13
PBMP8A,IMFMS10A
PBMP8A,IMFMS11A
PBMP8A,IMFMS12
ACTR4151A,ACT9103
ACTR4151A,ACTR1234YF
ACTR4151A,ACT1297
ACTR4151A,ACT413A
ACTR4151A,TEMP200
ACTR4151A,PHP1A
ACTR4151A,VWB8B
ACTR4151A,ATECH4RS600
ACTR4151A,PHP3A
ACTR4151A,MG1250
2003LN,YAKS42
2003LN,PPCSG710
2003LN,JCK7DBL
2003LN,LSR1580
2003LN,HBFE16
2003LN,BTG8
2003LN,LSR1000EXT
2003LN,TDG1
2003LN,FTX27E
2003LN,FTX30E
S261,S121A
S261,S141A
S261,S161A
S261,S181A
S261,S201
S261,S221
S261,S241
S261,S301
S261,S341
S261,S361
TMD8,XS2024A
TMD8,5CF
TMD8,ASG185BR
TMD8,ATECHMS80M
TMD8,CCY21508
TMD8,DANTG70
TMD8,FSNSS-508-BO
TMD8,JHW30012
TMD8,KNX8111250
TMD8,KNX8603125
CGG861DB,CTRS761ADB
CGG861DB,SPBS24AR
CGG861DB,SPBS704AR
CGG861DB,SPBS8AR
CGG861DB,SPBS12AR
CGG861DB,SPBS18AR
CGG861DB,CTCO861K2
CGG861DB,CT825DB
CGG861DB,CTR861K2
CGG861DB,OFC14KT
KRA5311FPC,SRPCR3800
KRA5311FPC,FXK3
KRA5311FPC,SRPCR4700
KRA5311FPC,SGD8BR
KRA5311FPC,TMU8B
KRA5311FPC,47ACF
KRA5311FPC,SGDP31IRBR
KRA5311FPC,SPBS8AR
KRA5311FPC,BLPTHC87
KRA5311FPC,PPC106LA
PTGR110G,PTGR100
PTGR110G,PTC250
PTGR110G,PDR3000A
PTGR110G,PTGR450
PTGR110G,307ESAY
PTGR110G,SA10E
PTGR110G,SA12E
PTGR110G,SA14E
PTGR110G,SA18E
PTGR110G,SA20E
PT5C,SEPHDSETAOB
PT5C,FA12LE
PT5C,BHS7A
PT5C,FADH6B
PT5C,AWM110DHK
PT5C,MAGML300L-S2016
PT5C,TPMB10
PT5C,GF22
PT5C,EC-USB-C-3A
PT5C,TPM16EM
QD3R250A,TW461
QD3R250A,TWM26
QD3R250A,FB303B
QD3R250A,PKNC150
QD3R250A,OEXM9B
QD3R250A,UPTM65K
QD3R250A,CTB8174
QD3R250A,PH3050BR
QD3R250A,ACT83A
QD3R250A,EFPHANNIBALB
SFSM14,SFSM11
SFSM14,SFSM17
SFSM14,SFSM19
SFSM14,SFSM16
SFSM14,SFSM9
SFSM14,SFS101
SFSM14,SFS081
SFSM14,SGA173BG
SFSM14,UPT35R
SFSM14,FADH12B
CDR9015DB,SIMM170
CDR9015DB,SIMM180
CDR9015DB,FU8A
CDR9015DB,GFAT1E
CDR9015DB,TMXK60
CDR9015DB,SRPCR4700
CDR9015DB,SGD2BR
CDR9015DB,FHLF80A
CDR9015DB,FXK3
CDR9015DB,SPBS18AR
KRA2422PU,KRWT2411
KRA2422PU,KWSN2455AST
KRA2422PU,SRPCR4700O
KRA2422PU,SEPAMTSET
KRA2422PU,KWSP2455ABL
KRA2422PU,PG160
KRA2422PU,EFPHANNIBALB
KRA2422PU,UPT35R
KRA2422PU,ACT1370
KRA2422PU,SEPPREHD
HL138ACP,AD8C
HL138ACP,AD6C
HL138ACP,86EP
HL138ACP,912AEP
HL138ACP,388ACF
HL138ACP,915CP
HL138ACP,ECHDD012A
HL138ACP,CTB8174
HL138ACP,PH3050BR
HL138ACP,DBH7B
SW301,SW121A
SW301,SW281
SW301,SW141A
SW301,SW261
SW301,SW221
SW301,SW181A
SW301,KRSC46HPBO
SW301,ECHDD012A
SW301,CTB8174
SW301,PH3050BR
IMM240,IMM250
IMM240,IMM270
IMM240,IMM230
IMM240,IMM200
IMM240,IMM220
IMM240,IMM210
IMM240,IMM110A
IMM240,ECHDD012A
IMM240,CTB8174
IMM240,PH3050BR
AWBS13,AWMBS9
AWBS13,AWTXL8
AWBS13,AWTR8
AWBS13,BHM9A
AWBS13,AWEF9K
AWBS13,XO2428
AWBS13,XO2226
AWBS13,XO1820
AWBS13,XO1618
AWBS13,XO1214
IMM110A,IMM100A
IMM110A,IMM120A
IMM110A,IMM130A
IMM110A,IMM140A
IMM110A,IMM160A
IMM110A,KRSC46HPBO
IMM110A,ECHDD012A
IMM110A,CTB8174
IMM110A,PH3050BR
IMM110A,YA438B
FA10E,FA4.5E
FA10E,FA4E
FA10E,FA5E
FA10E,FA6E
FA10E,FA7E
FA10E,FA8E
FA10E,FA12E
FA10E,FA12LE
FA10E,FRX181
FA10E,GF22
ECHDF042O,ECPNJ032
ECHDF042O,PBFT50R
ECHDF042O,GLOVE300BL
ECHDF042O,ECPNI032R
ECHDF042O,ECPNH012
ECHDF042O,UIM2RSLT
ECHDF042O,ECARL032R
ECHDF042O,CTNN13KF
ECHDF042O,GA265A
ECHDF042O,CT825DB
ASGP102BG,A161B
ASGP102BG,A177A
ASGP102BG,A179A
ASGP102BG,UTS105A
ASGP102BG,PSN500
ASGP102BG,EECT400
ASGP102BG,KRSC46HPBO
ASGP102BG,ECHDD012A
ASGP102BG,CTB8174
ASGP102BG,PH3050BR
KRA2422PJJ,KRWT2411
KRA2422PJJ,KWSN2455AST
KRA2422PJJ,SRPCR4700O
KRA2422PJJ,SEPAMTSET
KRA2422PJJ,KWSP2455ABL
KRA2422PJJ,PG160
KRA2422PJJ,EFPHANNIBALB
KRA2422PJJ,UPT35R
KRA2422PJJ,ACT1370
KRA2422PJJ,SEPPREHD
BB9008,ADHW8A
BB9008,AEM444
BB9008,AEM5530
BB9008,AEM6530
BB9008,AN850811B
BB9008,HDM1236
BB9008,LP10WC
BB9008,S7100
BB9008,VO3234B
BB9008,XO2022
AWBCG1624,AWBCG1620
AWBCG1624,FU8A
AWBCG1624,91ACP
AWBCG1624,SGDX80BR
AWBCG1624,ATECH2FR125B
AWBCG1624,EECT400
AWBCG1624,KRSC46HPBO
AWBCG1624,ECHDD012A
AWBCG1624,CTB8174
AWBCG1624,PH3050BR
SW221,SW121A
SW221,SW141A
SW221,SW261
SW221,SW241
SW221,SW181A
SW221,SW161A
SW221,S141A
SW221,S121A
SW221,FB322
SW221,FB307D
AWBPH13,SGA175BO
AWBPH13,AWMBPH9
AWBPH13,S9704KMAG
AWBPH13,OXIM6B
AWBPH13,AWBMXL9
AWBPH13,SFSM21
AWBPH13,STMM4
AWBPH13,GLOVEORIGPLUSL
AWBPH13,S9706KMAG
AWBPH13,YA249
SHD6G,SHD8R
SHD6G,SHD2R
SHD6G,SHDP31IRR
SHD6G,SHD4R
SHD6G,SHDP42IRR
SHD6G,SHDP63IRR
SHD6G,PG160
SHD6G,SHDP22IRR
SHD6G,S121A
SHD6G,S9706KMAG
SHD6O,SHD8R
SHD6O,SHD2R
SHD6O,SHDP31IRR
SHD6O,SHD4R
SHD6O,SHDP42IRR
SHD6O,SHDP63IRR
SHD6O,PG160
SHD6O,SHDP22IRR
SHD6O,S121A
SHD6O,S9706KMAG
XB605A,XBM1012A
XB605A,XBM1214SA
XB605A,XBM1315SA
XB605A,XBM1618A
XB605A,XBM1719A
XB605A,XBM605A
XB605A,OXIM9B
XB605A,OXIM8B
XB605A,XO1214
XB605A,XO1618
AWTXL8-T15,PPC103A
AWTXL8-T15,FHLF80A
AWTXL8-T15,47ACF
AWTXL8-T15,SRPCR4700
AWTXL8-T15,A2A
AWTXL8-T15,EECT400
AWTXL8-T15,KRSC46HPBO
AWTXL8-T15,ECHDD012A
AWTXL8-T15,CTB8174
AWTXL8-T15,PH3050BR
YA427B,VSG9R
YA427B,BF710B
YA427B,BF712B
YA427B,PSO4512
YA427B,YA109C
YA427B,VGP22418
YA427B,GA243
YA427B,BLP15HVLP
YA427B,PK50A
YA427B,A159
KCP1422PDG,KWSP2455AST
KCP1422PDG,KWSN2455ABL
KCP1422PDG,KWSN2455AST
KCP1422PDG,KWSP2455ABL
KCP1422PDG,KRWT2411
KCP1422PDG,UPT35R
KCP1422PDG,SR40K
KCP1422PDG,BTC7B
KCP1422PDG,OXIM7B
KCP1422PDG,AWMG9
MG325GMG,TR107AR
MG325GMG,PTR2500
MG325GMG,PTR72
MG325GMG,ACT73A
MG325GMG,MG725AG
MG325GMG,JCW62R
MG325GMG,PTR2505
MG325GMG,310SIMMADDON
MG325GMG,SRP3A
MG325GMG,SGDP64IRBR
LDH482,LDH442
LDH482,LDH362
LDH482,L872
LDH482,LDH462
LDH482,LDH342
LDH482,LDH402
LDH482,SFS261
LDH482,SFS101
LDH482,SFS081
LDH482,FADH12B
GLOVE400L,LP404
GLOVE400L,RTD48
GLOVE400L,FX1
GLOVE400L,SPBS12AR
GLOVE400L,SIMM240
GLOVE400L,SGD8BR
GLOVE400L,PL400B
GLOVE400L,ATECH3FR300B
GLOVE400L,PPC4A
GLOVE400L,F80
SWR1A,SWR2
SWR1A,415CF
SWR1A,BJP1
SWR1A,BJP1-13B
SWR1A,RKBJP
SWR1A,HCP10
SWR1A,SOEXM20
SWR1A,SOEXM21
SWR1A,SOEXM22
SWR1A,SOEXM23
MTTL433,MTTL750
MTTL433,MTTL7005PK
MTTL433,FZ4B
MTTL433,YA1175KIT
MTTL433,MTTL800
MTTL433,XOM1011
MTTL433,XOM1214
MTTL433,XOM1315
MTTL433,XOM1618
MTTL433,XOM1719
PPC816B,PPC812B
PPC816B,PPC112
PPC816B,PPC824C
PPC816B,PPC828C
PPC816B,PPC1A
PPC816B,PPC203A
PPC816B,PPC205A
PPC816B,PPC206A
PPC816B,PPC820B
PPC816B,UPT35R
STMD7,TPMC25GRN
STMD7,SGCP1CR
STMD7,XDH810B
STMD7,XS2024A
STMD7,FDS101
STMD7,FDS121
STMD7,FDS141
STMD7,FDS161
STMD7,FDS181
STMD7,FU12B
OEXL707B,OEXLM10B
OEXL707B,OEXLM11B
OEXL707B,OEXLM12B
OEXL707B,OEXLM13B
OEXL707B,OEXLM14B
OEXL707B,OEXLM15B
OEXL707B,OEXLM16B
OEXL707B,OEXLM17B
OEXL707B,OEXLM18B
OEXL707B,OEXLM19B
SFSM7,AB3042
SFSM7,BLP7
SFSM7,CT861K2
SFSM7,CTS561BITXL
SFSM7,EEDM604F
SFSM7,FSM201
SFSM7,FSM211
SFSM7,FSM221
SFSM7,IMM320
SFSM7,KDT3729
THRLX72O,FHOF80A
THRLX72O,THR72
THRLX72O,FHLX80B
THRLX72O,SHX80B
THRLX72O,FHR80
THRLX72O,STMMD14
THRLX72O,STMMD13
THRLX72O,STMMD12
THRLX72O,STMMD11
THRLX72O,STMMD10
TMMS13,TMMS5
TMMS13,TMMS9
TMMS13,TMMS5.5
TMMS13,TMMS11
TMMS13,TMMS6
TMMS13,TMS16
TMMS13,TMS14
TMMS13,TMS12
TMMS13,TMS11
TMMS13,TMS10
EECR5A,EEJP201MBKA-NA
EECR5A,ECPNH012UV
EECR5A,310SWMYA
EECR5A,BLPBTWKIT
EECR5A,MRB5B
EECR5A,ECHDG052
EECR5A,GLOVE309L
EECR5A,CTR862DB
EECR5A,SR80A
EECR5A,CT9010K2
AWTXL8-T9,ATECH3FR300B
AWTXL8-T9,SGD8BR
AWTXL8-T9,SGD6BR
AWTXL8-T9,SGD2BR
AWTXL8-T9,SPBS18AR
AWTXL8-T9,EECT400
AWTXL8-T9,KRSC46HPBO
AWTXL8-T9,ECHDD012A
AWTXL8-T9,CTB8174
AWTXL8-T9,PH3050BR
IMM140A,IMM120A
IMM140A,IMM110A
IMM140A,IMM100A
IMM140A,IMM130A
IMM140A,IMM160A
IMM140A,EECT400
IMM140A,KRSC46HPBO
IMM140A,ECHDD012A
IMM140A,CTB8174
IMM140A,PH3050BR
AWSGM2A,PPC106LA
AWSGM2A,SGDP42IRBR
AWSGM2A,FHLF80A
AWSGM2A,TMXK2
AWSGM2A,F80
AWSGM2A,EECT400
AWSGM2A,KRSC46HPBO
AWSGM2A,ECHDD012A
AWSGM2A,CTB8174
AWSGM2A,PH3050BR
AWL1010DHK,RULER6
AWL1010DHK,TMS4E
AWL1010DHK,DS1516A
AWL1010DHK,DS1615A
AWL1010DHK,DS1820A
AWL1010DHK,DS2018A
AWL1010DHK,DS2422A
AWL1010DHK,DS2224A
AWL1010DHK,211SFY
AWL1010DHK,SF081
110MGMM,106IPTMMA
110MGMM,IPTMM12A
110MGMM,IPTMM13A
110MGMM,IPTMM14A
110MGMM,IPTMM15A
110MGMM,IPTMM8A
110MGMM,IPTMM10A
110MGMM,112SIMTMM
110MGMM,SIMTMM11
110MGMM,SIMTMM12
SHLF80A,FHLLF80
SHLF80A,THLF72
SHLF80A,FHLF80A
SHLF80A,THLLF72
SHLF80A,FHBF80A
SHLF80A,IMMS190
SHLF80A,IMMS180
SHLF80A,IMMS150
SHLF80A,IMMS160
SHLF80A,IMMS170
DPT7A,GA243
DPT7A,14V
DPT7A,BF775C-A
DPT7A,OXIM7B
DPT7A,PDR3000A
DPT7A,PK50A
DPT7A,TPMA10
DPT7A,GA460B
DPT7A,DB121C
DPT7A,TPMA25EM
S6106KA,AD12B
S6106KA,AW1013DK
S6106KA,10R
S6106KA,PG160
S6106KA,107ATMPB
S6106KA,AVSNP01160
S6106KA,OEX080B
S6106KA,DS1010A
S6106KA,C0900A
S6106KA,FB302A
SR40K,10HR
SR40K,BP20B
SR40K,CHN410
SR40K,GA111D
SR40K,MT501C
SR40K,R40B
SR40K,SP32E
SR40K,YA3080
SR40K,AWTEF8K
SR40K,BTC7B
AWBSG09A,TMXK4
AWBSG09A,SIMM160A
AWBSG09A,SIMM200
AWBSG09A,SGD8BR
AWBSG09A,SGD2BR
AWBSG09A,EECT400
AWBSG09A,KRSC46HPBO
AWBSG09A,ECHDD012A
AWBSG09A,CTB8174
AWBSG09A,PH3050BR
FA12E,FA4.5E
FA12E,FA4E
FA12E,FA5E
FA12E,FA6E
FA12E,FA7E
FA12E,FA8E
FA12E,FA10E
FA12E,FA12LE
FA12E,FRX181
FA12E,GF22
AWBCG1616,SGD6BR
AWBCG1616,SIMM200
AWBCG1616,96ACF
AWBCG1616,FX1
AWBCG1616,SPBS12AR
AWBCG1616,EECT400
AWBCG1616,KRSC46HPBO
AWBCG1616,ECHDD012A
AWBCG1616,CTB8174
AWBCG1616,PH3050BR
AWBMCG1610,SPBS12AR
AWBMCG1610,PPC106LA
AWBMCG1610,SGDP31IRBR
AWBMCG1610,SIMM240
AWBMCG1610,SIMM220
AWBMCG1610,EECT400
AWBMCG1610,KRSC46HPBO
AWBMCG1610,ECHDD012A
AWBMCG1610,CTB8174
AWBMCG1610,PH3050BR
SGA102BR,SGAS102BR
SGA102BR,SGAS1713BR
SGA102BR,SGAS1714BR
SGA102BR,ACT407
SGA102BR,LDT40
SGA102BR,BRHC2PK
SGA102BR,PHP1A
SGA102BR,PLRK30
SGA102BR,SGTT4B
SGA102BR,SVTS264
SWM201,SWM231
SWM201,SWM221
SWM201,SWM211
SWM201,SWM241
SWM201,SWM161
SWM201,KRSC46HPBO
SWM201,ECHDD012A
SWM201,CTB8174
SWM201,PH3050BR
SWM201,FB303B
SWM221,SWM231
SWM221,SWM201
SWM221,SWM211
SWM221,SWM241
SWM221,SWM161
SWM221,KRSC46HPBO
SWM221,ECHDD012A
SWM221,CTB8174
SWM221,PH3050BR
SWM221,FB303B
911ACF,5CF
911ACF,ASG185BR
911ACF,ATECHMS80M
911ACF,CCY21508
911ACF,DANTG70
911ACF,FSNSS-508-BO
911ACF,JHW30012
911ACF,KNX8111250
911ACF,KNX8603125
911ACF,KNX8603150
KRA1421PWZ,FXK6
KRA1421PWZ,SIMM240
KRA1421PWZ,SIMM210
KRA1421PWZ,TMXK2
KRA1421PWZ,TMXK60
KRA1421PWZ,SPBS8AR
KRA1421PWZ,SIMM170
KRA1421PWZ,SIMM190
KRA1421PWZ,SGASA204CR
KRA1421PWZ,F80
TPGIF1600A,TTX40E
TPGIF1600A,BLPH14316
TPGIF1600A,TTX27E
TPGIF1600A,TTX30E
TPGIF1600A,TPMA10
TPGIF1600A,S9704KMAG
TPGIF1600A,PK500A
TPGIF1600A,AT118
TPGIF1600A,PPCS60BK
TPGIF1600A,YA8610B
PL330ACFG,PL803A
PL330ACFG,HBBD56
PL330ACFG,84CF
PL330ACFG,SGD146BR
PL330ACFG,SGD4160BR
PL330ACFG,SGD480BR
PL330ACFG,SGDP122BR
PL330ACFG,SGDP61BR
PL330ACFG,SGDP82BR
PL330ACFG,SGDXL80BR
YA4190FAR,YA4190A
YA4190FAR,LN46ACFG
YA4190FAR,CTNN13KF
YA4190FAR,IM1PT
YA4190FAR,CTB8174
YA4190FAR,PBMB5R
YA4190FAR,CTR861AK2
YA4190FAR,SVTS272A
YA4190FAR,CTR867AK2
YA4190FAR,ECHDD012A
EECT400R,GA236C
EECT400R,SPBS24A
EECT400R,AWM110DHK
EECT400R,TPM16
EECT400R,AC5C
EECT400R,EC-USB-C-3A
EECT400R,2004BSKA
EECT400R,KRA2007FPBO
EECT400R,FB360C
EECT400R,OC5A
TMU81B,5CF
TMU81B,ASG185BR
TMU81B,ATECHMS80M
TMU81B,CCY21508
TMU81B,DANTG70
TMU81B,FSNSS-508-BO
TMU81B,JHW30012
TMU81B,KNX8111250
TMU81B,KNX8603125
TMU81B,KNX8603150
SOEXM150,SOEXM170
SOEXM150,SOEXM140
SOEXM150,SOEXM120
SOEXM150,SOEXM130
SOEXM150,SOEXM110
SOEXM150,EECT400
SOEXM150,KRSC46HPBO
SOEXM150,ECHDD012A
SOEXM150,CTB8174
SOEXM150,PH3050BR
AWMBPH9,SGA175BO
AWMBPH9,AWBPH13
AWMBPH9,S9704KMAG
AWMBPH9,OXIM6B
AWMBPH9,SFSM21
AWMBPH9,STMM4
AWMBPH9,HSPD16
AWMBPH9,S9706KMAG
AWMBPH9,YA249
AWMBPH9,GLOVEORIGPLUSL
FCF72,FC72
FCF72,FZ80
FCF72,TFY72
FCF72,TRF72
FCF72,TF72
FCF72,PH3050BR
FCF72,LN44BCF
FCF72,HJ44BCF
FCF72,44BCF
FCF72,VWB8B
YA4609,SIMM180
YA4609,SRPCR3800
YA4609,FXK3
YA4609,SPBS12AR
YA4609,SGD2BR
YA4609,SGD6BR
YA4609,SIMM160A
YA4609,SGDP31IRBR
YA4609,T72
YA4609,SGDP42IRBR
205IPF,BPPC1878
205IPF,SW421
205IPF,310SIMMADDON
205IPF,307IPLY
205IPF,IPL22C
205IPF,IPL20C
205IPF,PH3050BR
205IPF,IPFM14C
205IPF,IPFM13C
205IPF,IPFM12C
209FUMY,TW421
209FUMY,AW1013DK
209FUMY,BP8B
209FUMY,ECFLD030
209FUMY,111TMUSMA
209FUMY,TMUSM5A
209FUMY,TMUSM6A
209FUMY,TMUSM7A
209FUMY,TMUSM9A
209FUMY,AWM110DHK
29ACFO,RTEMPB7
29ACFO,SS5A
29ACFO,S9711KA
29ACFO,PWCS9ACFO
29ACFO,CSA12CR
29ACFO,RC980
29ACFO,CAL6EA
29ACFO,EEPV503
29ACFO,MTTL300
29ACFO,TB10A
ATECH4RS600,429IM
ATECH4RS600,IM182A
ATECH4RS600,IM202A
ATECH4RS600,IM222A
ATECH4RS600,IM242A
ATECH4RS600,IM262A
ATECH4RS600,IM282A
ATECH4RS600,IM302A
ATECH4RS600,IM322A
ATECH4RS600,IM342A
SHLX80AG,FHLX80B
SHLX80AG,THLLF72
SHLX80AG,THLX72
SHLX80AG,FHLLF80
SHLX80AG,THRLX72
SHLX80AG,PL400BG
SHLX80AG,SPBS704AHV
SHLX80AG,PH3050BHV
SHLX80AG,FH80MPHV
SHLX80AG,SGASA204CHV
PLRK27,PLRK30
PLRK27,PLRK21
PLRK27,KAERNADD6RD
PLRK27,EPC160
PLRK27,612AEP
PLRK27,SGD146BR
PLRK27,SGD4160BR
PLRK27,SGD480BR
PLRK27,SGDP122BR
PLRK27,SGDP61BR
TMMS4.5,TMMS4
TMMS4.5,TMM4.5
TMMS4.5,STMM4.5
TMMS4.5,TMMS5
TMMS4.5,TMMS9
TMMS4.5,EECT400
TMMS4.5,KRSC46HPBO
TMMS4.5,ECHDD012A
TMMS4.5,CTB8174
TMMS4.5,PH3050BR
SRP2A,UPT35R
SRP2A,SRPCR4700O
SRP2A,DB121C
SRP2A,PPB826A
SRP2A,SRP3A
SRP2A,TPMA25EM
SRP2A,PK52A
SRP2A,MTTL300
SRP2A,YA4250
SRP2A,AWMG9
YA4606,SGASA204CR
YA4606,ATECH2FR125B
YA4606,47ACF
YA4606,SIMM200
YA4606,SPBS24AR
YA4606,SIMM170
YA4606,SGDP42IRBR
YA4606,ATECH3FR300B
YA4606,FU8A
YA4606,SRPCR4700
STMM4.5,TMM4.5
STMM4.5,STMM4
STMM4.5,TMMS4
STMM4.5,TMMS4.5
STMM4.5,SFSM6
STMM4.5,KRSC46HPBO
STMM4.5,ECHDD012A
STMM4.5,CTB8174
STMM4.5,PH3050BR
STMM4.5,ACT73A
112SIMTMM,106IPTMMA
112SIMTMM,IPTMM12A
112SIMTMM,IPTMM13A
112SIMTMM,IPTMM14A
112SIMTMM,IPTMM15A
112SIMTMM,IPTMM8A
112SIMTMM,IPTMM10A
112SIMTMM,110MGMM
112SIMTMM,MGMM12
112SIMTMM,MGMM13
OEX8B,5CF
OEX8B,ASG185BR
OEX8B,ATECHMS80M
OEX8B,CCY21508
OEX8B,DANTG70
OEX8B,FSNSS-508-BO
OEX8B,JHW30012
OEX8B,KNX8111250
OEX8B,KNX8603125
OEX8B,KNX8603150
MTEE6,CAL6V
MTEE6,GA1D
MTEE6,GA3634A
MTEE6,BCT1050
MTEE6,CAL6EA
MTEE6,GA3645A
MTEE6,RD8
MTEE6,EEPV503
MTEE6,TF528D
MTEE6,SEPHDSETAOB
OEXM320B,OEXM290B
OEXM320B,OEXM300B
OEXM320B,OEXM260B
OEXM320B,S9724RHS
OEXM320B,OEXM270B
OEXM320B,OXIM4SB
OEXM320B,TMAM3E
OEXM320B,TMAM2E
OEXM320B,TMAM2.5E
OEXM320B,TA32A
SOEXM110,SOEXM150
SOEXM110,SOEXM100
SOEXM110,FS241
SOEXM110,SIM200
SOEXM110,FS161
SOEXM110,ECHDD012A
SOEXM110,CTB8174
SOEXM110,PH3050BR
SOEXM110,FS101
SOEXM110,FS081
SIM180A,SIM160A
SIM180A,SIM220
SIM180A,SIM200
SIM180A,SIM320
SIM180A,SIM300
SIM180A,PH3050BR
SIM180A,YA438B
SIM180A,UPT35G
SIM180A,UPT35R
SIM180A,SRPCR4700O
CTLFD761,CTR861AK2
CTLFD761,CTB8174
CTLFD761,124STTMM
CTLFD761,THLF72
CTLFD761,SHD2R
CTLFD761,SHD4R
CTLFD761,SHDP42IRR
CTLFD761,112TMMY
CTLFD761,112STMMY
CTLFD761,SHD6R
KRBC100ABN,SEPPREMET
KRBC100ABN,TMXK60
KRBC100ABN,TMXK2
KRBC100ABN,KRA2411PBO
KRBC100ABN,PBMP703A
KRBC100ABN,PH3050BR
KRBC100ABN,ATECH3FR300B
KRBC100ABN,ATECH2FR125B
KRBC100ABN,SPBS24AR
KRBC100ABN,F80
AWML12D,SPBS704AR
AWML12D,SIMM170
AWML12D,F80
AWML12D,SIMM210
AWML12D,TMXK2
AWML12D,EECT400
AWML12D,KRSC46HPBO
AWML12D,ECHDD012A
AWML12D,CTB8174
AWML12D,PH3050BR
106BTMX,206AFX
106BTMX,120STTM
106BTMX,208AFX
106BTMX,FX18
106BTMX,FX24A
106BTMX,110ETMAY
106BTMX,FXK4
106BTMX,AT4135
106BTMX,SXK8
106BTMX,AT4124
124STTMM,222SFFSFR
124STTMM,TD1040A
124STTMM,TDM100A
124STTMM,120STTM
124STTMM,224SFFSMFR
124STTMM,110STMY
124STTMM,SGD155CG
124STTMM,110TMY
124STTMM,AT4135
124STTMM,AT4124
415CF,915CF
415CF,SWR1A
415CF,BEXD10A
415CF,AWPBX10
415CF,CTLMAG-BOOTM
415CF,912AEP
415CF,XO1820
415CF,XO1618
415CF,XO1214
415CF,FB307RNB
SWM261,SWM271
SWM261,SWM251
SWM261,SWM291
SWM261,SWM281
SWM261,AWEF6K
SWM261,EECT400
SWM261,KRSC46HPBO
SWM261,ECHDD012A
SWM261,CTB8174
SWM261,PH3050BR
S9538A,S6103A
S9538A,S9614A
S9538A,A179A
S9538A,A159
S9538A,GA243
S9538A,GA460B
S9538A,DB121C
S9538A,TPMA25EM
S9538A,TPMA10
S9538A,PDR3000A
SGA1713B,SGA1714B
SGA1713B,SGAS102BR
SGA1713B,SGAS1713BR
SGA1713B,SGAS1714BR
SGA1713B,SHP10
SGA1713B,SHP7
SGA1713B,206SFSUM
SGA1713B,SFSUM12
SGA1713B,SFSUM13
SGA1713B,SFSUM14
GLOVE600L,S9704KMAG
GLOVE600L,AWMBPH9
GLOVE600L,GLOVE505RL
GLOVE600L,AWBPH13
GLOVE600L,OXIM6B
GLOVE600L,SFSM21
GLOVE600L,GLOVE309L
GLOVE600L,HSPD16
GLOVE600L,STMM4
GLOVE600L,S9706KMAG
GLOVE600LO,S9704KMAG
GLOVE600LO,AWMBPH9
GLOVE600LO,GLOVE505RL
GLOVE600LO,AWBPH13
GLOVE600LO,OXIM6B
GLOVE600LO,SFSM21
GLOVE600LO,GLOVE309L
GLOVE600LO,HSPD16
GLOVE600LO,STMM4
GLOVE600LO,S9706KMAG
AWM110DHK,340SSDP
AWM110DHK,TPM16
AWM110DHK,EC-USB-C-3A
AWM110DHK,10SSD
AWM110DHK,AC5C
AWM110DHK,2004BSKA
AWM110DHK,KRA2007FPBO
AWM110DHK,FB322
AWM110DHK,FB360C
AWM110DHK,AD8B
CTPSK8174,SPBS12AR
CTPSK8174,FXK11
CTPSK8174,FXK6
CTPSK8174,SGDX80BR
CTPSK8174,SPBS24AR
CTPSK8174,F80
CTPSK8174,PL400B
CTPSK8174,47ACF
CTPSK8174,SGD6BR
CTPSK8174,96ACF
AWTR8-3,SGDP42IRBR
AWTR8-3,TMXK4
AWTR8-3,FHLF80A
AWTR8-3,A2A
AWTR8-3,F80
AWTR8-3,EECT400
AWTR8-3,KRSC46HPBO
AWTR8-3,ECHDD012A
AWTR8-3,CTB8174
AWTR8-3,PH3050BR
8R,6T
8R,8MA
8R,SGHF614BR
8R,SGHF615BR
8R,XS2024A
8R,XS1416A
8R,XS1820A
8R,XS1012A
8R,XS2226A
8R,PH3050BR
TM65,XS2024A
TM65,XS1416A
TM65,XS1820A
TM65,XS1012A
TM65,XS2226A
TM65,EECT400
TM65,KRSC46HPBO
TM65,ECHDD012A
TM65,CTB8174
TM65,PH3050BR
PPC210BK,PKB52A
PPC210BK,FB307D
PPC210BK,AWM140DK
PPC210BK,GA3645A
PPC210BK,VGP12509
PPC210BK,VGP104
PPC210BK,VGP12808
PPC210BK,PPB612A
PPC210BK,PPB408A
PPC210BK,AT4124
AWXL13-5/64,TMU8B
AWXL13-5/64,96ACF
AWXL13-5/64,PL400B
AWXL13-5/64,F80
AWXL13-5/64,SIMM240
AWXL13-5/64,EECT400
AWXL13-5/64,KRSC46HPBO
AWXL13-5/64,ECHDD012A
AWXL13-5/64,CTB8174
AWXL13-5/64,PH3050BR
PPSG206,PPSG205
PPSG206,PPSG203
PPSG206,PCSG812
PPSG206,PPSG106
PPSG206,PCSG820
PPSG206,PH3050BR
PPSG206,DBF3/32C
PPSG206,DBF1/8C
PPSG206,DBF1/16C
PPSG206,DBF5/32C
DBT25,PPC4A
DBT25,PPC105LA
DBT25,FX1
DBT25,SIMM240
DBT25,SIMM170
DBT25,EECT400
DBT25,KRSC46HPBO
DBT25,ECHDD012A
DBT25,CTB8174
DBT25,PH3050BR
CDR861GK2,SPBS8AR
CDR861GK2,SGASA204CR
CDR861GK2,SIMM150A
CDR861GK2,SPBS24AR
CDR861GK2,TMXK2
CDR861GK2,SGDX80BR
CDR861GK2,TMXK60
CDR861GK2,SPBS12AR
CDR861GK2,SGD4BR
CDR861GK2,SPBS704AR
MG725A,SN25A
MG725A,FB303B
MG725A,OFW3
MG725A,OFW2
MG725A,OEXM9B
MG725A,309SIMYA
MG725A,222AFSP
MG725A,OEXM8B
MG725A,TR107AR
MG725A,SIMM340
PPC205A,PPC812B
PPC205A,PPC112
PPC205A,PPC824C
PPC205A,PPC828C
PPC205A,PPC203A
PPC205A,PPC1A
PPC205A,PPC206A
PPC205A,PPC208A
PPC205A,PPC820B
PPC205A,FADH12B
ACT73A,SGDP64IRBG
ACT73A,TR107AR
ACT73A,R1618SC
ACT73A,SRP3A
ACT73A,FB303B
ACT73A,SGDP64IRBR
ACT73A,YA249
ACT73A,STMM4
ACT73A,OEXM7B
ACT73A,46ACFG
B260A,CJ92
B260A,GA236C
B260A,SPBS24A
B260A,AD8B
B260A,BTC10
B260A,208CCP
B260A,BTC7B
B260A,SGA173BO
B260A,PKNC125C2
B260A,SEPPT850KA
411CF,KAPL10RD
411CF,786CF
411CF,915CP
411CF,490CF
411CF,912AEP
411CF,908CF
411CF,97ACF
411CF,XO1618
411CF,XO1214
411CF,SRPCR7000
TRSLF72,FSLF80
TRSLF72,TXM72
TRSLF72,FHBF80A
TRSLF72,FHOF80A
TRSLF72,103TMXKLA
TRSLF72,TMXKL114A
TRSLF72,TMXKL240A
TRSLF72,TMXKL60A
TRSLF72,SF301
TRSLF72,SF191
PTC250O,SAG03S12
PTC250O,SDG10S25F
PTC250O,PTGR450
PTC250O,PSO4525
PTC250O,PDR5000A
PTC250O,PT338HV
PTC250O,VGP22418
PTC250O,VGP12406
PTC250O,VGP22412
PTC250O,VGP12808
210FRHMA,OFW4
210FRHMA,208EFTABMY
210FRHMA,FABM10E
210FRHMA,FABM7E
210FRHMA,FABM8E
210FRHMA,FABM9E
210FRHMA,TMABM3E
210FRHMA,TMABM4E
210FRHMA,TMABM5E
210FRHMA,TMABM6E
TMR4,S4
TMR4,303SXWKL
TMR4,SXWKL3
TMR4,SXWKL5
TMR4,SXWKL8
TMR4,OXIM4SB
TMR4,OXIM55SB
TMR4,OXIM5SB
TMR4,OXIM6SB
TMR4,OXIM707SBK
TMS4E,XS2024A
TMS4E,XS1416A
TMS4E,XS1820A
TMS4E,XS1012A
TMS4E,XS2226A
TMS4E,EECT400
TMS4E,KRSC46HPBO
TMS4E,ECHDD012A
TMS4E,CTB8174
TMS4E,PH3050BR
GAW1908,SGD2BR
GAW1908,ATECH3FR300B
GAW1908,SIMM150A
GAW1908,PPC103A
GAW1908,SPBS18AR
GAW1908,EECT400
GAW1908,KRSC46HPBO
GAW1908,ECHDD012A
GAW1908,CTB8174
GAW1908,PH3050BR
STMM14,STMM9
STMM14,STMM6
STMM14,STMM12
STMM14,STMM11
STMM14,STMM5
STMM14,STMM13
STMM14,STM16
STMM14,STM14
STMM14,STM12
STMM14,STM11
SWM231,SWM221
SWM231,SWM201
SWM231,SWM211
SWM231,SWM241
SWM231,SWM161
SWM231,KRSC46HPBO
SWM231,ECHDD012A
SWM231,CTB8174
SWM231,PH3050BR
SWM231,FB303B
208FRDHM,208FRDH
208FRDHM,FRDH101
208FRDHM,FRDH121
208FRDHM,FRDH201
208FRDHM,FRDH221
208FRDHM,SRES22
208FRDHM,SRES306
208FRDHM,FRDH141
208FRDHM,FRDH161
208FRDHM,FRDH181
SHDX60O,414AHD
SHDX60O,PKNC150
SHDX60O,UPTM65K
SHDX60O,L872
SHDX60O,LDH362
SHDX60O,LDH342
SHDX60O,ECHDD012A
SHDX60O,CTB8174
SHDX60O,PH3050BR
SHDX60O,AT5500
AWBMCG16025,SIMM240
AWBMCG16025,96ACF
AWBMCG16025,SPBS18AR
AWBMCG16025,SIMM210
AWBMCG16025,PPC106LA
AWBMCG16025,EECT400
AWBMCG16025,KRSC46HPBO
AWBMCG16025,ECHDD012A
AWBMCG16025,CTB8174
AWBMCG16025,PH3050BR
AWBMCG1604,AWBMCG1603
AWBMCG1604,SPBS12AR
AWBMCG1604,96ACF
AWBMCG1604,SRPCR4700
AWBMCG1604,TMXK60
AWBMCG1604,EECT400
AWBMCG1604,KRSC46HPBO
AWBMCG1604,ECHDD012A
AWBMCG1604,CTB8174
AWBMCG1604,PH3050BR
AWSG09A,FXK6
AWSG09A,SPBS8AR
AWSG09A,SIMM160A
AWSG09A,FXK3
AWSG09A,SRPCR4700
AWSG09A,EECT400
AWSG09A,KRSC46HPBO
AWSG09A,ECHDD012A
AWSG09A,CTB8174
AWSG09A,PH3050BR
F10LD,BHS7A
F10LD,FB303B
F10LD,R1618SC
F10LD,SN25A
F10LD,GA3645A
F10LD,ACT1370
F10LD,317MPC
F10LD,EFPHANNIBALB
F10LD,FB307D
F10LD,ACT83A
IPLM11C,IPLM10C
IPLM11C,IPLM12C
IPLM11C,IPLM13C
IPLM11C,IPLM16C
IPLM11C,IPL26C
IPLM11C,PH3050BR
IPLM11C,DR1615MASF
IPLM11C,DR1420MASF
IPLM11C,DR1415MASF
IPLM11C,DR1412MASF
MAGBOWLXL,PPC105LA
MAGBOWLXL,SPBS12AR
MAGBOWLXL,SGD8BR
MAGBOWLXL,SGD6BR
MAGBOWLXL,GFAT1E
MAGBOWLXL,TMXK2
MAGBOWLXL,F80
MAGBOWLXL,SGDP31IRBR
MAGBOWLXL,47ACF
MAGBOWLXL,SPBS24AR
211FSSY,110TMSY
211FSSY,TMS10
211FSSY,TMS11
211FSSY,TMS12
211FSSY,TMS14
211FSSY,TMS16
211FSSY,TMS18
211FSSY,TMS6
211FSSY,TMS7
211FSSY,TMS8
SHCP1B,BLPBSS40
SHCP1B,SHP2KT
SHCP1B,PHP2A
SHCP1B,RADKITULTRA
SHCP1B,HCP10
SHCP1B,SGRHT2BR
SHCP1B,LSR1510
SHCP1B,SVTSRAD272U
SHCP1B,SVTS264
SHCP1B,SVTS272A
GAW1907,SIMM160A
GAW1907,SPBS8AR
GAW1907,FX1
GAW1907,BLPTHC87
GAW1907,ATECH3FR300B
GAW1907,EECT400
GAW1907,KRSC46HPBO
GAW1907,ECHDD012A
GAW1907,CTB8174
GAW1907,PH3050BR
PTR72,FADH10B
PTR72,OC5A
PTR72,RXS12B
PTR72,RXS14B
PTR72,RXS16B
PTR72,RXS18B
PTR72,RXS20B
PTR72,RXS605B
PTR72,PTR2500
PTR72,GA460B
SGDEP21ESD,5CF
SGDEP21ESD,ASG185BR
SGDEP21ESD,ATECHMS80M
SGDEP21ESD,CCY21508
SGDEP21ESD,DANTG70
SGDEP21ESD,FSNSS-508-BO
SGDEP21ESD,JHW30012
SGDEP21ESD,KNX8111250
SGDEP21ESD,KNX8603125
SGDEP21ESD,KNX8603150
SIMM350,SIMM290
SIMM350,YA450B
SIMM350,SRPCR3800O
SIMM350,SIMM340
SIMM350,SIMM300
SIMM350,SIMM360
SIMM350,OFW1
SIMM350,MRB5B
SIMM350,TWM11A
SIMM350,TWM10A
FHBB18AG,SHBB24G
FHBB18AG,SHBB24
FHBB18AG,FHBB12A
FHBB18AG,SHN36
FHBB18AG,103UFTS
FHBB18AG,208AFX
FHBB18AG,FX18
FHBB18AG,FX24A
FHBB18AG,FTXR30E
FHBB18AG,FTXR27E
MAGMAT,MAGMINI
MAGMAT,MAGSTRIP
MAGMAT,MAGMICRO
MAGMAT,MAGTRAY
MAGMAT,MRB12B
MAGMAT,KASS13
MAGMAT,MAGDISH
MAGMAT,PLRK30
MAGMAT,KACKMCFIBER1
MAGMAT,AWBSG800A
AT4101O,UTV614A
AT4101O,TWM31
AT4101O,TWM29
AT4101O,UTV615A
AT4101O,1210B
AT4101O,AWCGT500
AT4101O,AT4124
AT4101O,TWM28
AT4101O,TMC105E
AT4101O,311IMFSY
PWZ0A,PWZ5
PWZ0A,PWZ3A
PWZ0A,PWZ1A
PWZ0A,PWZ4
PWZ0A,BLPPB704
PWZ0A,TFSY12A
PWZ0A,TFSY10A
PWZ0A,TPMB25EMGRN
PWZ0A,ACT407
PWZ0A,DBTB121
LTAM811,VS26B
LTAM811,VS28B
LTAM811,VS30B
LTAM811,VS32B
LTAM811,VS34B
LTAM811,VS36B
LTAM811,VS40B
LTAM811,VS814A
LTAM811,FB336
LTAM811,XFRM1214
PPC3A,PPC112
PPC3A,PPC824C
PPC3A,PPC828C
PPC3A,XS2024A
PPC3A,XS1416A
PPC3A,XS1820A
PPC3A,XS1012A
PPC3A,XS2226A
PPC3A,PH3050BR
PPC3A,UIM225RD
PL400B,FLX80B
PL400B,317AMMPC
PL400B,UIM225
PL400B,PK23A
PL400B,PK52A
PL400B,SN25A
PL400B,ACT83A
PL400B,FB303B
PL400B,TPMA25EM
PL400B,S9706KMAG
KRSC430APU1,AD12B
KRSC430APU1,S9704KMAG
KRSC430APU1,OXIM6B
KRSC430APU1,YA249
KRSC430APU1,AWMBPH9
KRSC430APU1,KRSC323PBO
KRSC430APU1,STMM4
KRSC430APU1,SEPPREMET
KRSC430APU1,YA2019
KRSC430APU1,SEPPREHD
SHX80B,THLX72
SHX80B,THRLX72
SHX80B,FHLX80B
SHX80B,SH80A
SHX80B,SHBB24
SHX80B,SXWP5
SHX80B,SXWP3
SHX80B,SXWP2
SHX80B,SXWP11
SHX80B,SXK8
IMX32B,IMX112
IMX32B,IMX52
IMX32B,A98A
IMX32B,A98M
IMX32B,IP80D
IMX32B,TF5A
IMX32B,AWCGT500
IMX32B,IMX31
IMX32B,IMX111
IMX32B,IMX11
STMD10,TPMC25GRN
STMD10,SGCP1CR
STMD10,XDH810B
STMD10,XS2024A
STMD10,FDS101
STMD10,FDS121
STMD10,FDS141
STMD10,FDS161
STMD10,FDS181
STMD10,FU12B
RADKITULTRA,SVTA9100
RADKITULTRA,SVTS264
RADKITULTRA,TA32A
RADKITULTRA,SVTS263A
RADKITULTRA,SVTS272A
RADKITULTRA,RD8
RADKITULTRA,CAL6EBR
RADKITULTRA,PH1038
RADKITULTRA,LDT40
RADKITULTRA,SBT26
AWBSGM6A,SIMM180
AWBSGM6A,SRPCR4700
AWBSGM6A,SGD8BR
AWBSGM6A,TMXK4
AWBSGM6A,47ACF
AWBSGM6A,EECT400
AWBSGM6A,KRSC46HPBO
AWBSGM6A,ECHDD012A
AWBSGM6A,CTB8174
AWBSGM6A,PH3050BR
10MA,6T
10MA,8MA
10MA,SGHF614BR
10MA,SGHF615BR
10MA,XS2024A
10MA,XS1416A
10MA,XS1820A
10MA,8R
10MA,XS1012A
10MA,PH3050BR
AWL18D,SRPCR3800
AWL18D,SPBS18AR
AWL18D,FX1
AWL18D,SPBS8AR
AWL18D,SGDX80BR
AWL18D,EECT400
AWL18D,KRSC46HPBO
AWL18D,ECHDD012A
AWL18D,CTB8174
AWL18D,PH3050BR
QD2R100A,AB3042
QD2R100A,BLP7
QD2R100A,CT861K2
QD2R100A,CTS561BITXL
QD2R100A,EEDM604F
QD2R100A,FSM201
QD2R100A,FSM211
QD2R100A,FSM221
QD2R100A,IMM320
QD2R100A,KDT3729
AWBSG08A,SIMM170
AWBSG08A,SGASA204CR
AWBSG08A,FXK11
AWBSG08A,96ACF
AWBSG08A,47ACF
AWBSG08A,EECT400
AWBSG08A,KRSC46HPBO
AWBSG08A,ECHDD012A
AWBSG08A,CTB8174
AWBSG08A,PH3050BR
IP80D,IMX112
IP80D,IMX52
IP80D,IMX32B
IP80D,222AFSP
IP80D,FB303B
IP80D,SN25A
IP80D,OFW2
IP80D,SIMM340
IP80D,IMX111
IP80D,IMX11
FHBF80A,FHOF80A
FHBF80A,TRSLF72
FHBF80A,PLRK30
FHBF80A,311IMFSY
FHBF80A,IMFS120
FHBF80A,IMFS140
FHBF80A,IMFS160
FHBF80A,IMFS180
FHBF80A,IMFS200
FHBF80A,IMFS220
BTCP600,BTCWSO16KT
BTCP600,BTCP400
BTCP600,BTCW800
BTCP600,BRHC2PK
BTCP600,CAL6EBR
BTCP600,OFSKIT
BTCP600,LSR1540
BTCP600,LSR1530
BTCP600,LSR1510
BTCP600,LSR1520
HBFE32G,HBFE48
HBFE32G,HBFE24
HBFE32G,QD3RN350A
HBFE32G,FZ7A
HBFE32G,309SIMYA
HBFE32G,CAL6EA
HBFE32G,SGD155CG
HBFE32G,GA296B
HBFE32G,RTEMPB7
HBFE32G,MTTL300
HBFE48,UPT35R
HBFE48,GA3645A
HBFE48,HBFE24
HBFE48,PPB826A
HBFE48,SR40K
HBFE48,HBFE32
HBFE48,PK52A
HBFE48,DB129C
HBFE48,FBBA325
HBFE48,TR107AR
AWSGT20A,SHBB24
AWSGT20A,IMM120A
AWSGT20A,IMM130A
AWSGT20A,IMM140A
AWSGT20A,IMM230
AWSGT20A,EECT400
AWSGT20A,KRSC46HPBO
AWSGT20A,ECHDD012A
AWSGT20A,CTB8174
AWSGT20A,PH3050BR
PTB32K,AB3042
PTB32K,BLP7
PTB32K,CT861K2
PTB32K,CTS561BITXL
PTB32K,EEDM604F
PTB32K,FSM201
PTB32K,FSM211
PTB32K,FSM221
PTB32K,IMM320
PTB32K,KDT3729
SGDMRC11A,112RTA
SGDMRC11A,WTRW9K
SGDMRC11A,BTWSMPK
SGDMRC11A,110ETMAY
SGDMRC11A,XO605
SGDMRC11A,BTWS
SGDMRC11A,BTWOS
SGDMRC11A,SDM211B
SGDMRC11A,SDMT15D
SGDMRC11A,FLX80B
STMD18,TPMC25GRN
STMD18,SGCP1CR
STMD18,XDH810B
STMD18,XS2024A
STMD18,FDS101
STMD18,FDS121
STMD18,FDS141
STMD18,FDS161
STMD18,FDS181
STMD18,FU12B
RXFS605B,340SSDP
RXFS605B,RXFS2836B
RXFS605B,10SSD
RXFS605B,BPPC1878
RXFS605B,317MPC
RXFS605B,RXFMS1314B
RXFS605B,GA3645A
RXFS605B,RXFMS1012B
RXFS605B,PGP120
RXFS605B,310SIMMADDON
BT4651,305SIMMY
BT4651,SIMM350
BT4651,SIMM290
BT4651,PKNC150
BT4651,OFW2
BT4651,SFS081
BT4651,SRPCR112G
BT4651,SOEX34
BT4651,TWM11A
BT4651,TWM10A
PGP50,10HR
PGP50,BP20B
PGP50,CHN410
PGP50,GA111D
PGP50,MT501C
PGP50,R40B
PGP50,SP32E
PGP50,YA3080
PGP50,BHS7A
PGP50,BLPHS1414
EECT413,PGP120
EECT413,EEDM596FK
EECT413,YA1050B
EECT413,JCK8
EECT413,EEPV509
EECT413,SG4ASHBR
EECT413,HBFE16
EECT413,AWP120
EECT413,SGASA104BR
EECT413,SG7ASABR
TMA8E,5CF
TMA8E,ASG185BR
TMA8E,ATECHMS80M
TMA8E,CCY21508
TMA8E,DANTG70
TMA8E,FSNSS-508-BO
TMA8E,JHW30012
TMA8E,KNX8111250
TMA8E,KNX8603125
TMA8E,KNX8603150
IPL26C,IPL32C
IPL26C,IPL16C
IPL26C,IPL34C
IPL26C,IPL38C
IPL26C,IPL22C
IPL26C,PH3050BR
IPL26C,IPF20C
IPL26C,IPF18C
IPL26C,IPF16C
IPL26C,IPF14C
IPL36C,IPL22C
IPL36C,IPL18C
IPL36C,IPL20C
IPL36C,IPL26C
IPL36C,IPL24C
IPL36C,KRSC46HPBO
IPL36C,ECHDD012A
IPL36C,CTB8174
IPL36C,PH3050BR
IPL36C,310SIMMADDON
IPLM12C,IPLM11C
IPLM12C,IPLM10C
IPLM12C,IPLM13C
IPLM12C,IPLM16C
IPLM12C,IPL26C
IPLM12C,PH3050BR
IPLM12C,DR1615MASF
IPLM12C,DR1420MASF
IPLM12C,DR1415MASF
IPLM12C,DR1412MASF
AWM3D,FU8A
AWM3D,TMXK2
AWM3D,SIMM210
AWM3D,SGD4BR
AWM3D,SIMM240
AWM3D,EECT400
AWM3D,KRSC46HPBO
AWM3D,ECHDD012A
AWM3D,CTB8174
AWM3D,PH3050BR
AWMXL10-7,T72
AWMXL10-7,F80
AWMXL10-7,47ACF
AWMXL10-7,SPBS8AR
AWMXL10-7,SIMM210
AWMXL10-7,EECT400
AWMXL10-7,KRSC46HPBO
AWMXL10-7,ECHDD012A
AWMXL10-7,CTB8174
AWMXL10-7,PH3050BR
CTR862K2,PKWLR53A
CTR862K2,CTSG861DB
CTR862K2,EECR5A
CTR862K2,CT9010K2
CTR862K2,LIL59000
CTR862K2,PGP120
CTR862K2,CT9080K2
CTR862K2,JCW62R
CTR862K2,KAPL10RD
CTR862K2,PL1000START
CT9038K2,FXK11
CT9038K2,A2A
CT9038K2,GFAT1E
CT9038K2,SPBS18AR
CT9038K2,PPC105LA
CT9038K2,TMU8B
CT9038K2,PPC4A
CT9038K2,SGDP42IRBR
CT9038K2,96ACF
CT9038K2,SPBS8AR
HSPD16,30SSD
HSPD16,S9704KMAG
HSPD16,TTX40E
HSPD16,TTX27E
HSPD16,AWMBPH9
HSPD16,AWBPH13
HSPD16,FB305A
HSPD16,GLOVEORIGPLUSL
HSPD16,S9706KMAG
HSPD16,MRB12B
AW1020DK,US712
AW1020DK,AWM140DK
AW1020DK,2420A
AW1020DK,SPBS12A
AW1020DK,SWM291
AW1020DK,KRA2055FPBO
AW1020DK,CSA14CR
AW1020DK,FLE160A
AW1020DK,TPMA10
AW1020DK,FB360C
310IMMYA,SEPPROK12PC
310IMMYA,YA438B
310IMMYA,BLPTE3816
310IMMYA,214SIMDFMYA
310IMMYA,BLPTE3814
310IMMYA,SEPPROK12PBO
310IMMYA,BLPTE3812
310IMMYA,BLPTE3810
310IMMYA,2420A
310IMMYA,SPBS12A
CT9050GK2,SPBS24AR
CT9050GK2,TMU8B
CT9050GK2,SIMM190
CT9050GK2,SRPCR3800
CT9050GK2,PPC4A
CT9050GK2,TMXK2
CT9050GK2,F80
CT9050GK2,SGD2BR
CT9050GK2,SGDP31IRBR
CT9050GK2,T72
KRSC46HPCM,SGA173BG
KRSC46HPCM,PKNC150
KRSC46HPCM,UPTM65K
KRSC46HPCM,317AMMPC
KRSC46HPCM,YA8610B
KRSC46HPCM,305SIMMY
KRSC46HPCM,SRPCR105G
KRSC46HPCM,BOERM712
KRSC46HPCM,MG725A
KRSC46HPCM,309SIMYA
SGDMRCE44,112RTA
SGDMRCE44,WTRW9K
SGDMRCE44,BTWSMPK
SGDMRCE44,110ETMAY
SGDMRCE44,XO605
SGDMRCE44,SSFP1
SGDMRCE44,FLX80B
SGDMRCE44,214SFY
SGDMRCE44,SDM215C
SGDMRCE44,SDM11A
SGDMRCE44O,112RTA
SGDMRCE44O,WTRW9K
SGDMRCE44O,BTWSMPK
SGDMRCE44O,110ETMAY
SGDMRCE44O,XO605
SGDMRCE44O,SSFP1
SGDMRCE44O,FLX80B
SGDMRCE44O,214SFY
SGDMRCE44O,SDM215C
SGDMRCE44O,SDM11A
CTR825HVDB,47ACF
CTR825HVDB,91ACP
CTR825HVDB,SRPCR4700
CTR825HVDB,SIMM160A
CTR825HVDB,PPC105LA
CTR825HVDB,A2A
CTR825HVDB,TMU8B
CTR825HVDB,SIMM220
CTR825HVDB,SIMM240
CTR825HVDB,SPBS704AR
CSA12CR,218AFSP
CSA12CR,FADH10B
CSA12CR,OC5A
CSA12CR,PKNC200
CSA12CR,FB322
CSA12CR,SS5A
CSA12CR,RTEMPB7
CSA12CR,TF5A
CSA12CR,RXS12B
CSA12CR,RXS14B
CTLAR761,CAL6EA
CTLAR761,CTB8174
CTLAR761,CTC772A
CTLAR761,PTGR110
CTLAR761,CT9010K2
CTLAR761,CT9080K2
CTLAR761,EEDM525F
CTLAR761,EECT400
CTLAR761,CTR867AK2
CTLAR761,GLA12B
SRP400B,BLPPB704
SRP400B,LDT40
SRP400B,GA3634A
SRP400B,ACT413A
SRP400B,SRPCR112
SRP400B,SRPCR3845
SRP400B,SRPCR4745
SRP400B,SRPCR4790
SRP400B,SRPCR9000
SRP400B,PHP2A
112RTMA,210RAFSMA
112RTMA,RFSM10
112RTMA,RFSM12
112RTMA,RFSM13
112RTMA,RFSM14
112RTMA,RFSM15
112RTMA,RFSM16
112RTMA,RFSM17
112RTMA,RFSM18
112RTMA,RFSM8
CTR869DB,47ACF
CTR869DB,SPBS24AR
CTR869DB,PPC4A
CTR869DB,SPBS12AR
CTR869DB,FXK6
CTR869DB,SIMM200
CTR869DB,SGD2BR
CTR869DB,SIMM180
CTR869DB,SRPCR3800
CTR869DB,FHLF80A
CTR869GMDB,PPC106LA
CTR869GMDB,TMXK60
CTR869GMDB,PL400B
CTR869GMDB,SIMM220
CTR869GMDB,SGDP31IRBR
CTR869GMDB,BLPTHC87
CTR869GMDB,96ACF
CTR869GMDB,SGD2BR
CTR869GMDB,SRPCR4700
CTR869GMDB,SIMM170
SGDMRC103AG,TZERO
SGDMRC103AG,SGDMRC11A
SGDMRC103AG,BTWSMPK
SGDMRC103AG,WTG10A
SGDMRC103AG,BLPBTWSET
SGDMRC103AG,SDM253IRC
SGDMRC103AG,SDM252IRB
SGDMRC103AG,SDM11A
SGDMRC103AG,SDM215C
SGDMRC103AG,SDM251IRC
S9614A,S6103A
S9614A,S9538A
S9614A,A179A
S9614A,A159
S9614A,GA243
S9614A,GA460B
S9614A,DB121C
S9614A,TPMA25EM
S9614A,TPMA10
S9614A,PDR3000A
TM408,XS2024A
TM408,XS1416A
TM408,XS1820A
TM408,TM412
TM408,XS1012A
TM408,ECHDD012A
TM408,CTB8174
TM408,PH3050BR
TM408,PTGR100HV
TM408,PTGR110HV
TWM30,TWM31
TWM30,TWM32
TWM30,TWM29
TWM30,TWM28
TWM30,TW461
TWM30,FABLM4E
TWM30,FABLM10E
TWM30,AD10B
TWM30,SEPSTARTER
TWM30,EEBM600
SGDX60BG,FLX80B
SGDX60BG,112RTA
SGDX60BG,206EAU
SGDX60BG,317AMMPC
SGDX60BG,117TMM
SGDX60BG,UIM225
SGDX60BG,LP10WR
SGDX60BG,PH3050BR
SGDX60BG,WTRW9K
SGDX60BG,SEPIMMSIMM
SGDX60BO,FLX80B
SGDX60BO,112RTA
SGDX60BO,206EAU
SGDX60BO,317AMMPC
SGDX60BO,117TMM
SGDX60BO,UIM225
SGDX60BO,LP10WR
SGDX60BO,PH3050BR
SGDX60BO,WTRW9K
SGDX60BO,SEPIMMSIMM
GLOVE900XLO,GLOVE900LG
GLOVE900XLO,GLOVE505RL
GLOVE900XLO,OXRM710
GLOVE900XLO,GLOVE300BL
GLOVE900XLO,YA427B
GLOVE900XLO,GLOVE309L
GLOVE900XLO,GLOVE1100L
GLOVE900XLO,TB50W
GLOVE900XLO,YA9350B
GLOVE900XLO,AWMCG1600B
SIMM190,SIMM250
SIMM190,SIMM270
SIMM190,SIMM160A
SIMM190,SIMM150A
SIMM190,SIMM100A
SIMM190,SIMM130A
SIMM190,SIMM110A
SIMM190,ECHDD012A
SIMM190,CTB8174
SIMM190,PH3050BR
KRA2407POT,AB3042
KRA2407POT,BLP7
KRA2407POT,CT861K2
KRA2407POT,CTS561BITXL
KRA2407POT,EEDM604F
KRA2407POT,FSM201
KRA2407POT,FSM211
KRA2407POT,FSM221
KRA2407POT,IMM320
KRA2407POT,KDT3729
GLOVE307XL,SHD1R
GLOVE307XL,FHLF80A
GLOVE307XL,SPBS704AR
GLOVE307XL,SIMM160A
GLOVE307XL,SGDP31IRBR
GLOVE307XL,ATECH2FR125B
GLOVE307XL,TMXK2
GLOVE307XL,SRPCR4700
GLOVE307XL,SIMM220
GLOVE307XL,SPBS12AR
SHDP31IRO,SHD8R
SHDP31IRO,SHD2R
SHDP31IRO,SHD4R
SHDP31IRO,SHD6R
SHDP31IRO,SHDP42IRR
SHDP31IRO,SHDP63IRR
SHDP31IRO,PG160
SHDP31IRO,ECFB200BL
SHDP31IRO,S9706KMAG
SHDP31IRO,SHDP22IRR
TQSG4R600,96ACF
TQSG4R600,TMXK2
TQSG4R600,ATECH3FR300B
TQSG4R600,SGD2BR
TQSG4R600,91ACP
TQSG4R600,T72
TQSG4R600,TMXK4
TQSG4R600,F80
TQSG4R600,SPBS24AR
TQSG4R600,SPBS704AR
2006IT,TM65
2006IT,VO2628B
2006IT,VO1416B
2006IT,VO1012B
2006IT,TM84
2006IT,EECT400
2006IT,KRSC46HPBO
2006IT,ECHDD012A
2006IT,CTB8174
2006IT,PH3050BR
AWCGT45,AWCGT40
AWCGT45,AWCGT27
AWCGT45,AWCGT500
AWCGT45,SGDP31IRBR
AWCGT45,SPBS24AR
AWCGT45,EECT400
AWCGT45,KRSC46HPBO
AWCGT45,ECHDD012A
AWCGT45,CTB8174
AWCGT45,PH3050BR
AWEF11K,AWMEF10K
AWEF11K,SGDMRC11A
AWEF11K,HBBD16
AWEF11K,47ACF
AWEF11K,BLPHL145
AWEF11K,EECT400
AWEF11K,KRSC46HPBO
AWEF11K,ECHDD012A
AWEF11K,CTB8174
AWEF11K,PH3050BR
SGD8BR,59CF
SGD8BR,EECT110-AC
SGD8BR,HCLSB16
SGD8BR,HSG325
SGD8BR,SGDDP42IRBR
SGD8BR,TL900LA
SGD8BR,ECF35
SGD8BR,SGDP64IRBR
SGD8BR,SHDP22IRR
SGD8BR,UTK100
SGDE220ESD,5CF
SGDE220ESD,ASG185BR
SGDE220ESD,ATECHMS80M
SGDE220ESD,CCY21508
SGDE220ESD,DANTG70
SGDE220ESD,FSNSS-508-BO
SGDE220ESD,JHW30012
SGDE220ESD,KNX8111250
SGDE220ESD,KNX8603125
SGDE220ESD,KNX8603150
AWEF9K,10HR
AWEF9K,BP20B
AWEF9K,CHN410
AWEF9K,GA111D
AWEF9K,MT501C
AWEF9K,R40B
AWEF9K,SP32E
AWEF9K,YA3080
AWEF9K,AWTEF8K
AWEF9K,PKB52A
AWT55A,SIMM200
AWT55A,SGD8BR
AWT55A,SPBS12AR
AWT55A,SGDP31IRBR
AWT55A,SIMM190
AWT55A,EECT400
AWT55A,KRSC46HPBO
AWT55A,ECHDD012A
AWT55A,CTB8174
AWT55A,PH3050BR
786CFO,KAPL10RD
786CFO,411CF
786CFO,YA2019
786CFO,10R
786CFO,AW1013DK
786CFO,UIM225RD
786CFO,ST50A
786CFO,TR107AR
786CFO,TB40
786CFO,SRPCR7000
KRA2411POT,KRA6210FPBO
KRA2411POT,BHS7A
KRA2411POT,EFPHANNIBALB
KRA2411POT,KRWT2411
KRA2411POT,KWSN2455AST
KRA2411POT,PG160
KRA2411POT,AWM140DK
KRA2411POT,PTGR450
KRA2411POT,SEPPREHD
KRA2411POT,TWM26
AW4D,AW4-1/2D
AW4D,AW6D
AW4D,AW7D
AW4D,AW8D
AW4D,AW12D
AW4D,TS161A
AW4D,TS141A
AW4D,TS121A
AW4D,RULER602
AW4D,GLASS30BK
AWCGT20,SGD2BR
AWCGT20,SGDX80BR
AWCGT20,SIMM170
AWCGT20,SPBS24AR
AWCGT20,47ACF
AWCGT20,EECT400
AWCGT20,KRSC46HPBO
AWCGT20,ECHDD012A
AWCGT20,CTB8174
AWCGT20,PH3050BR
KRA2411PU,KRA6210FPBO
KRA2411PU,BHS7A
KRA2411PU,EFPHANNIBALB
KRA2411PU,KRWT2411
KRA2411PU,KWSN2455AST
KRA2411PU,PG160
KRA2411PU,AWM140DK
KRA2411PU,PTGR450
KRA2411PU,SEPPREHD
KRA2411PU,TWM26
SOEXM130,SOEXM120
SOEXM130,SOEXM170
SOEXM130,SOEXM150
SOEXM130,SOEXM140
SOEXM130,SOEXM100
SOEXM130,EECT400
SOEXM130,KRSC46HPBO
SOEXM130,ECHDD012A
SOEXM130,CTB8174
SOEXM130,PH3050BR
313SWMYA,AWEF6K
313SWMYA,340SSDP
313SWMYA,SWM251
313SWMYA,SWM261
313SWMYA,218AFSP
313SWMYA,KRSC46HPBO
313SWMYA,ECHDD012A
313SWMYA,CTB8174
313SWMYA,PH3050BR
313SWMYA,FB303B
CT861GDB,AB3042
CT861GDB,BLP7
CT861GDB,CTS561BITXL
CT861GDB,EEDM604F
CT861GDB,FSM201
CT861GDB,FSM211
CT861GDB,FSM221
CT861GDB,IMM320
CT861GDB,KDT3729
CT861GDB,KDT3977
KRSC430APC7,SEPPREMETA
KRSC430APC7,SEPPREMET
KRSC430APC7,FLX80B
KRSC430APC7,SEPPRECOMB
KRSC430APC7,SEPSTARTER
KRSC430APC7,YA2019
KRSC430APC7,PK23A
KRSC430APC7,317AMMPC
KRSC430APC7,UIM225
KRSC430APC7,117TMM
PWCS9ACFO,SGDP64IRBO
PWCS9ACFO,TPMB25ORG
PWCS9ACFO,ACT413A
PWCS9ACFO,29ACF
PWCS9ACFO,SRP3A
PWCS9ACFO,218AFP
PWCS9ACFO,206AFSA
PWCS9ACFO,FS14B
PWCS9ACFO,FS16B
PWCS9ACFO,FS18B
FA12LE,ADHW8A
FA12LE,AEM444
FA12LE,AEM5530
FA12LE,AEM6530
FA12LE,AN850811B
FA12LE,HDM1236
FA12LE,LP10WC
FA12LE,S7100
FA12LE,VO3234B
FA12LE,XO2022
JCW80AR,JCW62R
JCW80AR,VAC201
JCW80AR,MRB12B
JCW80AR,BL1B
JCW80AR,ASTFUN19KIT
JCW80AR,KASS13
JCW80AR,310SWMYA
JCW80AR,PW18C
JCW80AR,AT118
JCW80AR,YA427B
FB336,FB307RNB
FB336,GA3634A
FB336,MTEE6
FB336,PKNC300
FB336,208FRDHM
FB336,FRDHM13
FB336,FRDHM14
FB336,FRDHM15
FB336,FRDHM16
FB336,FRDHM18
BTCP400,BTCWSO16KT
BTCP400,PK70
BTCP400,BTCP600
BTCP400,VAC201
BTCP400,GA3634A
BTCP400,BRHC2PK
BTCP400,TR107AR
BTCP400,S6111
BTCP400,ACT407
BTCP400,ASTFUN19KIT
AWMG9-4,96ACF
AWMG9-4,PPC4A
AWMG9-4,SIMM220
AWMG9-4,SIMM200
AWMG9-4,SGDP42IRBR
AWMG9-4,EECT400
AWMG9-4,KRSC46HPBO
AWMG9-4,ECHDD012A
AWMG9-4,CTB8174
AWMG9-4,PH3050BR
BOERM16,BOERM17
BOERM16,BOERM14
BOERM16,BOERM12
BOERM16,BOERM10
BOERM16,SIM220
BOERM16,EECT400
BOERM16,KRSC46HPBO
BOERM16,ECHDD012A
BOERM16,CTB8174
BOERM16,PH3050BR
CDR9050DB,SIMM200
CDR9050DB,SGDP31IRBR
CDR9050DB,FXK11
CDR9050DB,91ACP
CDR9050DB,TMU8B
CDR9050DB,SPBS704AR
CDR9050DB,FXK3
CDR9050DB,SGDP42IRBR
CDR9050DB,SIMM190
CDR9050DB,96ACF
ACTUVLITE4,ECPNH012UV
ACTUVLITE4,BLPTL146
ACTUVLITE4,BLPTL147
ACTUVLITE4,BLPTL149
ACTUVLITE4,BLPTL148
ACTUVLITE4,BLPHL3810
ACTUVLITE4,BLPHL388
ACTUVLITE4,BLPTL1410
ACTUVLITE4,BLPTL3850
ACTUVLITE4,BLPTL1415
ACTUVPROKT,ACT1297
ACTUVPROKT,ACT925
ACTUVPROKT,ACT407
ACTUVPROKT,ACT1290A
ACTUVPROKT,ACT51234A
ACTUVPROKT,96ACF
ACTUVPROKT,SHD1R
ACTUVPROKT,LN47ACF
ACTUVPROKT,SHDP22IRR
ACTUVPROKT,PL400B
109STMML,BLPTHC87
109STMML,TMU8B
109STMML,SGDP42IRBR
109STMML,SIMM150A
109STMML,TMXK2
109STMML,EECT400
109STMML,KRSC46HPBO
109STMML,ECHDD012A
109STMML,CTB8174
109STMML,PH3050BR
CDR4P32L3DB,FU8A
CDR4P32L3DB,FXK6
CDR4P32L3DB,96ACF
CDR4P32L3DB,SIMM200
CDR4P32L3DB,SIMM190
CDR4P32L3DB,91ACP
CDR4P32L3DB,SPBS12AR
CDR4P32L3DB,TMXK2
CDR4P32L3DB,SHD1R
CDR4P32L3DB,SIMM180
CDR4P63K3DB,SIMM200
CDR4P63K3DB,SGASA204CR
CDR4P63K3DB,PL400B
CDR4P63K3DB,SPBS18AR
CDR4P63K3DB,SPBS704AR
CDR4P63K3DB,SGDP31IRBR
CDR4P63K3DB,SGD2BR
CDR4P63K3DB,TMXK4
CDR4P63K3DB,SIMM220
CDR4P63K3DB,SIMM190
TMXK2,TMXK80
TMXK2,TPMC25GRN
TMXK2,FDS101
TMXK2,FDS121
TMXK2,FDS141
TMXK2,FDS161
TMXK2,FDS181
TMXK2,FU12B
TMXK2,FU14B
TMXK2,XDH1214A
CTR825DB,SRPCR3800
CTR825DB,SIMM240
CTR825DB,SPBS704AR
CTR825DB,SGDP42IRBR
CTR825DB,T72
CTR825DB,PL400B
CTR825DB,F80
CTR825DB,SGDP31IRBR
CTR825DB,SPBS24AR
CTR825DB,SPBS18AR
CSA14CO,2420A
CSA14CO,AW1020DK
CSA14CO,AWM140DK
CSA14CO,SPBS12A
CSA14CO,207EFTXY
CSA14CO,310IMMYA
CSA14CO,FB360C
CSA14CO,TMMD13
CSA14CO,ECFB200BL
CSA14CO,FB300A
CSSD50O,CSSD1R
CSSD50O,PKNC300
CSSD50O,CSA14CR
CSSD50O,AWPBX10
CSSD50O,SGRHT6BG
CSSD50O,SGAS102BG
CSSD50O,SGAS1713BG
CSSD50O,SGAS1714BG
CSSD50O,SGAS1713BR
CSSD50O,RADKITULTRA
ECFLD030,97ACFG
ECFLD030,UPT35G
ECFLD030,UIM225GR
ECFLD030,TMU181A
ECFLD030,209FUMY
ECFLD030,FUM10A
ECFLD030,FUM12A
ECFLD030,FUM13A
ECFLD030,FUM14A
ECFLD030,FUM15A
FTX45E,FTX27E
FTX45E,FTX30E
FTX45E,FTX47E
FTX45E,FTX55E
FTX45E,FTX50E
FTX45E,TTX8E
FTX45E,TTX10E
FTX45E,TTX15E
FTX45E,TTX25E
FTX45E,FBSM325
GLAS1F,GLA12B
GLAS1F,TA3
GLAS1F,GSAF1F
GLAS1F,SOEX38
GLAS1F,AWM140DK
GLAS1F,SR40K
GLAS1F,TMMD14
GLAS1F,TMMD13
GLAS1F,DB129C
GLAS1F,SOEX34
ASGP2BR,ASGP1BR
ASGP2BR,A161B
ASGP2BR,A177A
ASGP2BR,A179A
ASGP2BR,UTS105A
ASGP2BR,EECT400
ASGP2BR,KRSC46HPBO
ASGP2BR,ECHDD012A
ASGP2BR,CTB8174
ASGP2BR,PH3050BR
1412A,2420A
1412A,A50A
1412A,PPC210A
1412A,PPC208A
1412A,OEX714KB
1412A,OEX34B
1412A,OEX36B
1412A,OEX40B
1412A,OEX32B
1412A,OEX30B
TMS70A,XS2024A
TMS70A,XS1416A
TMS70A,XS1820A
TMS70A,XS1012A
TMS70A,XS2226A
TMS70A,EECT400
TMS70A,KRSC46HPBO
TMS70A,ECHDD012A
TMS70A,CTB8174
TMS70A,PH3050BR
10SSD,AW4-1/2D
10SSD,AW4D
10SSD,AW6D
10SSD,AW7D
10SSD,AW8D
10SSD,SW121A
10SSD,EEDM504F
10SSD,TPMB25EM
10SSD,RULER600
10SSD,PGP120
30SSD,HSPD16
30SSD,120SSDP
30SSD,BLPTXK4
30SSD,AW1013DK
30SSD,ECF35
30SSD,SF191
30SSD,SF301
30SSD,SF321
30SSD,GA98A
30SSD,RULER601
FCOM9A,FXK6
FCOM9A,ATECH3FR300B
FCOM9A,SPBS24AR
FCOM9A,SIMM210
FCOM9A,A2A
FCOM9A,EECT400
FCOM9A,KRSC46HPBO
FCOM9A,ECHDD012A
FCOM9A,CTB8174
FCOM9A,PH3050BR
KRA6200FPBO,ACT51234A
KRA6200FPBO,IPL22C
KRA6200FPBO,IPL20C
KRA6200FPBO,IPL18C
KRA6200FPBO,IPL28C
KRA6200FPBO,IPL24C
KRA6200FPBO,IPL36C
KRA6200FPBO,IPL30C
KRA6200FPBO,ECSPH271
KRA6200FPBO,SGDTX310BR
SHDP63IRO,SHD6R
SHDP63IRO,SHDP31IRR
SHDP63IRO,SHD2R
SHDP63IRO,SHDP42IRR
SHDP63IRO,SHD4R
SHDP63IRO,PG160
SHDP63IRO,L872
SHDP63IRO,PH3050BR
SHDP63IRO,EFPHANNIBALB
SHDP63IRO,ECFB200BL
FS201,FS081
FS201,FS101
FS201,FS261
FS201,FS281
FS201,FS241
FS201,FS221
FS201,FS121
FS201,FS181
FS201,FS141
FS201,UPT35R
SH80A,THL72
SH80A,FHR80
SH80A,THR72
SH80A,SN15B
SH80A,THLL72
SH80A,SM16
SH80A,SM15A
SH80A,SM14A
SH80A,SM13A
SH80A,SM12B
SH80AO,THL72
SH80AO,FHR80
SH80AO,THR72
SH80AO,SN15B
SH80AO,THLL72
SH80AO,SM16
SH80AO,SM15A
SH80AO,SM14A
SH80AO,SM13A
SH80AO,SM12B
GLOVE900XXB,GLOVE900LG
GLOVE900XXB,GLOVE505RL
GLOVE900XXB,OXRM710
GLOVE900XXB,GLOVE300BL
GLOVE900XXB,YA427B
GLOVE900XXB,GLOVE309L
GLOVE900XXB,GLOVE1100L
GLOVE900XXB,TB50W
GLOVE900XXB,YA9350B
GLOVE900XXB,AWMCG1600B
GLOVE900XXR,GLOVE900LG
GLOVE900XXR,GLOVE505RL
GLOVE900XXR,OXRM710
GLOVE900XXR,GLOVE300BL
GLOVE900XXR,YA427B
GLOVE900XXR,GLOVE309L
GLOVE900XXR,GLOVE1100L
GLOVE900XXR,TB50W
GLOVE900XXR,YA9350B
GLOVE900XXR,AWMCG1600B
IMM150A,IMM250
IMM150A,IMM270
IMM150A,IMM160A
IMM150A,IMM180
IMM150A,IMM170A
IMM150A,IMM110A
IMM150A,IMM120A
IMM150A,ECHDD012A
IMM150A,CTB8174
IMM150A,PH3050BR
KRA2407PBO,AB3042
KRA2407PBO,BLP7
KRA2407PBO,CT861K2
KRA2407PBO,CTS561BITXL
KRA2407PBO,EEDM604F
KRA2407PBO,FSM201
KRA2407PBO,FSM211
KRA2407PBO,FSM221
KRA2407PBO,IMM320
KRA2407PBO,KDT3729
S9704KA,BHS7A
S9704KA,FLX80B
S9704KA,AWM110DHK
S9704KA,S9706KA
S9704KA,TPM16
S9704KA,EC-USB-C-3A
S9704KA,KRA2007FPBO
S9704KA,AC5C
S9704KA,PK23A
S9704KA,FB303B
310TWMYA,305SIMMY
310TWMYA,SIMM350
310TWMYA,SIMM290
310TWMYA,PKNC150
310TWMYA,OFW2
310TWMYA,ECHDD012A
310TWMYA,PG160
310TWMYA,CTB8174
310TWMYA,EFPHANNIBALB
310TWMYA,PH3050BR
SIM320,SIM160A
SIM320,SIM180A
SIM320,SIM220
SIM320,SIM200
SIM320,SIM300
SIM320,PH3050BR
SIM320,YA438B
SIM320,UPT35G
SIM320,UPT35R
SIM320,SRPCR4700O
SIM340,SIM360
SIM340,SIM400
SIM340,SIM380
SIM340,SRPCR4700O
SIM340,SIM160A
SIM340,SIM180A
SIM340,CTB8174
SIM340,PH3050BR
SIM340,YA438B
SIM340,UPT35R
AWMG9-1,SPBS12AR
AWMG9-1,FXK6
AWMG9-1,SGD8BR
AWMG9-1,SPBS704AR
AWMG9-1,SIMM170
AWMG9-1,EECT400
AWMG9-1,KRSC46HPBO
AWMG9-1,ECHDD012A
AWMG9-1,CTB8174
AWMG9-1,PH3050BR
TM82,XS2024A
TM82,XS1416A
TM82,XS1820A
TM82,XS1012A
TM82,XS2226A
TM82,EECT400
TM82,KRSC46HPBO
TM82,ECHDD012A
TM82,CTB8174
TM82,PH3050BR
TMC105E,XS2024A
TMC105E,XS1416A
TMC105E,XS1820A
TMC105E,XS1012A
TMC105E,XS2226A
TMC105E,EECT400
TMC105E,KRSC46HPBO
TMC105E,ECHDD012A
TMC105E,CTB8174
TMC105E,PH3050BR
LP7WR,10HR
LP7WR,BP20B
LP7WR,CHN410
LP7WR,GA111D
LP7WR,MT501C
LP7WR,R40B
LP7WR,SP32E
LP7WR,YA3080
LP7WR,AWTEF8K
LP7WR,AWMEF6K
BLP14CONV,SGD4BR
BLP14CONV,SHD1R
BLP14CONV,F80
BLP14CONV,TMXK60
BLP14CONV,ATECH3FR300B
BLP14CONV,SIMM210
BLP14CONV,SGASA204CR
BLP14CONV,91ACP
BLP14CONV,SIMM180
BLP14CONV,SPBS24AR
PBMS5,PBMA5
PBMS5,PBMA5G
PBMS5,PBMB5O
PBMS5,PBMA5O
PBMS5,PBMA5R
PBMS5,RKBJP
PBMS5,BJP1-13B
PBMS5,FBBA325
PBMS5,MTTL300
PBMS5,SPBS12A
TECH3FR250,TECH2FR100
TECH3FR250,TECH1FR240
TECH3FR250,SBT26
TECH3FR250,L872
TECH3FR250,LDH362
TECH3FR250,LDH342
TECH3FR250,XB2426A
TECH3FR250,XB2022A
TECH3FR250,XB1618A
TECH3FR250,XB1214A
TTX40E,TTX30E
TTX40E,TTX27E
TTX40E,S9704KMAG
TTX40E,PPCS60BK
TTX40E,HSPD16
TTX40E,S9706KMAG
TTX40E,TPGIF1600A
TTX40E,FTX60E
TTX40E,MRB5B
TTX40E,AT5500
XS2024A,XS1416A
XS2024A,XS1820A
XS2024A,XS1012A
XS2024A,XS2226A
XS2024A,XS1618A
XS2024A,EECT400
XS2024A,KRSC46HPBO
XS2024A,ECHDD012A
XS2024A,CTB8174
XS2024A,PH3050BR
YA450B,OFW1
YA450B,MRB5B
YA450B,TPMA25EM
YA450B,SIMM350
YA450B,SIMM290
YA450B,YA438B
YA450B,STMM4
YA450B,SIMM340
YA450B,ACT1290A
YA450B,OFW2
DBBPT13,MTTL310
DBBPT13,AW1020DK
DBBPT13,UTV617A
DBBPT13,PSO4525
DBBPT13,PTB32K
DBBPT13,CTS561CHUCK
DBBPT13,UTV616A
DBBPT13,TM05
DBBPT13,PDR3000A
DBBPT13,ECFD0102
GAW1912,SGDP42IRBR
GAW1912,SPBS18AR
GAW1912,FXK11
GAW1912,PPC103A
GAW1912,SRPCR3800
GAW1912,EECT400
GAW1912,KRSC46HPBO
GAW1912,ECHDD012A
GAW1912,CTB8174
GAW1912,PH3050BR
AWBSGM800A,AWBSG800A
AWBSGM800A,AWSGT800A
AWBSGM800A,AWSG800A
AWBSGM800A,XB1214A
AWBSGM800A,XB1618A
AWBSGM800A,XB2022A
AWBSGM800A,XB2426A
AWBSGM800A,XB2830A
AWBSGM800A,XB605A
AWBSGM800A,PALMRAT
AWTEFBH11K,AWMEFBH10K
AWTEFBH11K,AWEFBH11K
AWTEFBH11K,R404
AWTEFBH11K,LBUK1
AWTEFBH11K,RBYA605
AWTEFBH11K,TLLF72
AWTEFBH11K,TMXW1
AWTEFBH11K,TMXWK110
AWTEFBH11K,TMXWK2
AWTEFBH11K,TMXWK4
9000GS3O,KAERNADD6RD
9000GS3O,SHBB24
9000GS3O,IMM120A
9000GS3O,IMM130A
9000GS3O,IMM140A
9000GS3O,IMM230
9000GS3O,KRSC46HPBO
9000GS3O,ECHDD012A
9000GS3O,CTB8174
9000GS3O,PH3050BR
GLOVE505RL,GLOVEORIGPLUSL
GLOVE505RL,SOSG01BKCL01
GLOVE505RL,GLOVE900LR
GLOVE505RL,GLOVE1100L
GLOVE505RL,GLOVE300BL
GLOVE505RL,UIM2FL
GLOVE505RL,UPT2FL
GLOVE505RL,UPT35
GLOVE505RL,SHD2R
GLOVE505RL,SHD6R
313SWYA,340SSDP
313SWYA,AWEF6K
313SWYA,218AFSP
313SWYA,SWM251
313SWYA,FB322
313SWYA,AWMEF8K
313SWYA,S161A
313SWYA,S141A
313SWYA,FB307D
313SWYA,S121A
KRA4107FPBO,KRA4114FPBO
KRA4107FPBO,KRA4810FPBO
KRA4107FPBO,BLPBSS40
KRA4107FPBO,SEPSTARTER
KRA4107FPBO,S9706KMAG
KRA4107FPBO,SEPPRECOMB
KRA4107FPBO,FB360C
KRA4107FPBO,SWM111A
KRA4107FPBO,SWM101A
KRA4107FPBO,AW1013DK
PWCSS7ACF,PWCH7
PWCSS7ACF,PWCHHD7
PWCSS7ACF,PWCS9ACF
PWCSS7ACF,TF5A
PWCSS7ACF,ECFLD030
PWCSS7ACF,309SIMYA
PWCSS7ACF,PWCS7ACF
PWCSS7ACF,UPTM65K
PWCSS7ACF,YA249
PWCSS7ACF,BTC10
AW7D,AW4-1/2D
AW7D,AW4D
AW7D,AW6D
AW7D,AW8D
AW7D,AW12D
AW7D,TS161A
AW7D,TS141A
AW7D,TS121A
AW7D,RULER602
AW7D,GLASS30BK
KRSC430APJJ7,SEPPREMETA
KRSC430APJJ7,SEPPREMET
KRSC430APJJ7,FLX80B
KRSC430APJJ7,SEPPRECOMB
KRSC430APJJ7,SEPSTARTER
KRSC430APJJ7,YA2019
KRSC430APJJ7,PK23A
KRSC430APJJ7,317AMMPC
KRSC430APJJ7,UIM225
KRSC430APJJ7,117TMM
KRSC430APWZ1,SEPPREMETA
KRSC430APWZ1,SEPPREMET
KRSC430APWZ1,FLX80B
KRSC430APWZ1,SEPPRECOMB
KRSC430APWZ1,SEPSTARTER
KRSC430APWZ1,YA2019
KRSC430APWZ1,PK23A
KRSC430APWZ1,317AMMPC
KRSC430APWZ1,UIM225
KRSC430APWZ1,117TMM
KRA62D,ACT1297
KRA62D,ACTR4151A
KRA62D,ACT1290A
KRA62D,ACT51234A
KRA62D,ACT413A
KRA62D,XFRM1214
KRA62D,XFRM1315
KRA62D,XFRM1618A
KRA62D,XFRM1719A
KRA62D,XFRM705
IMFLE180A,IMFLE80A
IMFLE180A,IMSLE242A
IMFLE180A,IMSLEPL240
IMFLE180A,STX60E
IMFLE180A,XLE1012A
IMFLE180A,XLE1416
IMFLE180A,XLE1820
IMFLE180A,XLE56
IMFLE180A,XLE605
IMFLE180A,XLE78
GA1D,MTEE6
GA1D,CAL6DA
GA1D,YA824C
GA1D,AWM110DK
GA1D,CJ2001P
GA1D,PHP3A
GA1D,HBFE16
GA1D,6T
GA1D,8MA
GA1D,SGHF614BR
106ATMXW,112RTA
106ATMXW,WTRW9K
106ATMXW,305SXWP
106ATMXW,SXWP11
106ATMXW,SXWP2
106ATMXW,SXWP3
106ATMXW,SXWP5
106ATMXW,SXWP8
106ATMXW,BTWSMPK
106ATMXW,206AFXW
BOERM9,BOERM8
BOERM9,IP80D
BOERM9,SOXRRM11A
BOERM9,SOXRRM12A
BOERM9,SOXRRM13A
BOERM9,SOXRRM14A
BOERM9,SOXRRM15A
BOERM9,SOXRRM16A
BOERM9,SOXRRM17A
BOERM9,SOXRRM18A
BT101,AF102
BT101,BTC8A
BT101,SSDMR4B
BT101,212SIMFYA
BT101,SIMF100A
BT101,SIMF120A
BT101,SIMF140A
BT101,SIMF160
BT101,SIMF180
BT101,SIMF200
BOER708,UTV614A
BOER708,UTV615A
BOER708,BOERM712
BOER708,PG160
BOER708,309SIMYA
BOER708,BP8B
BOER708,ECARL032BLK
BOER708,EEDM525F
BOER708,SRPCR105G
BOER708,FB302A
CLRPW75,KACKFLTCLNR
CLRPW75,KACKMCFIBER1
CLRPW75,ASTFUN19KIT
CLRPW75,SPRG625R
CLRPW75,GLOVE1100L
CLRPW75,GLOVEORIGPLUSL
CLRPW75,MAGDISH
CLRPW75,BTCP400
CLRPW75,HCP48BCF
CLRPW75,BTCP2SA
61CF,5CF
61CF,ASG185BR
61CF,ATECHMS80M
61CF,CCY21508
61CF,DANTG70
61CF,FSNSS-508-BO
61CF,JHW30012
61CF,KNX8111250
61CF,KNX8603125
61CF,KNX8603150
AT4124,222SFFSFR
AT4124,TD1040A
AT4124,TDM100A
AT4124,SEPPROCORE2A
AT4124,224SFFSMFR
AT4124,AT4135
AT4124,FB307D
AT4124,BLPT1255
AT4124,AWM140DK
AT4124,OXIM7B
2004BSKA,SGA175BO
2004BSKA,AC5C
2004BSKA,TPM16
2004BSKA,AWM110DHK
2004BSKA,EC-USB-C-3A
2004BSKA,KRA2007FPBO
2004BSKA,FB360C
2004BSKA,TPMC25
2004BSKA,PK53A
2004BSKA,MAGML300L-S2016
144TMPB,US712
144TMPB,222AFSP
144TMPB,SN25A
144TMPB,FB303B
144TMPB,ACT1370
144TMPB,TTX40E
144TMPB,TR107AR
144TMPB,CTB8174
144TMPB,PH3050BR
144TMPB,CTTOTEAO
XS1618A,XS2024A
XS1618A,XS1416A
XS1618A,XS1820A
XS1618A,XS1012A
XS1618A,XS2226A
XS1618A,KRSC46HPBO
XS1618A,ECHDD012A
XS1618A,CTB8174
XS1618A,PH3050BR
XS1618A,SPBS704AMB
SFSM6,AB3042
SFSM6,BLP7
SFSM6,CT861K2
SFSM6,CTS561BITXL
SFSM6,EEDM604F
SFSM6,FSM201
SFSM6,FSM211
SFSM6,FSM221
SFSM6,IMM320
SFSM6,KDT3729
SW361,SW261
SW361,SW121A
SW361,SW221
SW361,SW141A
SW361,SW181A
SW361,SW161A
SW361,KRSC46HPBO
SW361,ECHDD012A
SW361,CTB8174
SW361,PH3050BR
AT109,DBBPC21
AT109,HR-26
AT109,BHS7A
AT109,VGP12418
AT109,PSO4525
AT109,AT408
AT109,TTX27E
AT109,PDR3000A
AT109,AT425R
AT109,BLP14HVLP
303SXWKL,103TMXKLA
303SXWKL,TMXKL114A
303SXWKL,TMXKL240A
303SXWKL,TMXKL60A
303SXWKL,204FXKLA
303SXWKL,FXKL11A
303SXWKL,FXKL24A
303SXWKL,FXKL3A
303SXWKL,S4
303SXWKL,SX24
KRA6200FPC,ACT51234A
KRA6200FPC,IPL22C
KRA6200FPC,IPL20C
KRA6200FPC,IPL18C
KRA6200FPC,IPL28C
KRA6200FPC,IPL24C
KRA6200FPC,IPL36C
KRA6200FPC,IPL30C
KRA6200FPC,ECSPH271
KRA6200FPC,SGDTX310BR
304IMX,AWCGT500
304IMX,SIMM350
304IMX,204IMXA
304IMX,IMX11
304IMX,IMX111
304IMX,IMX31
304IMX,IMX61
304IMX,305SIMMY
304IMX,SIMM290
304IMX,SEPIMMSIMM
TMM14,TMM9
TMM14,TMM6
TMM14,TMM11
TMM14,TMM12
TMM14,TMM13
TMM14,ECHDD012A
TMM14,CTB8174
TMM14,PH3050BR
TMM14,FADH12B
TMM14,STMM9
FB361A,AC5C
FB361A,TPM16
FB361A,2004BSKA
FB361A,YA450B
FB361A,AWM110DHK
FB361A,EC-USB-C-3A
FB361A,PKWLR53A
FB361A,VGP104
FB361A,KRA2007FPBO
FB361A,AWMEF6K
SIMM200,SIMM250
SIMM200,SIMM270
SIMM200,SIMM230
SIMM200,SIMM240
SIMM200,SIMM220
SIMM200,SIMM160A
SIMM200,SIMM110A
SIMM200,CTB8174
SIMM200,PH3050BR
SIMM200,UPT35R
PPCSG710,AWMCG1600B
PPCSG710,AWM140DK
PPCSG710,TF528D
PPCSG710,103TMXKLA
PPCSG710,TMXKL114A
PPCSG710,TMXKL240A
PPCSG710,TMXKL60A
PPCSG710,S9711KA
PPCSG710,S9706KMAG
PPCSG710,CAL6EBR
TMMS6,TMMS5
TMMS6,TMMS5.5
TMMS6,TMMS9
TMMS6,TMMS11
TMMS6,TMMS7
TMMS6,TMS16
TMMS6,TMS14
TMMS6,TMS12
TMMS6,TMS11
TMMS6,TMS10
QD1RN25B,QD2RN100A
QD1RN25B,UTV617A
QD1RN25B,QD3RN350A
QD1RN25B,UTV616A
QD1RN25B,FAMXS10E
QD1RN25B,FAMXS7E
QD1RN25B,FAMXS8E
QD1RN25B,FAMXS9E
QD1RN25B,TMAMXS3E
QD1RN25B,TMAMXS4E
PWCS7ACFO,KAPL10RD
PWCS7ACFO,PWCH7
PWCS7ACFO,PWCHHD7
PWCS7ACFO,UPT35R
PWCS7ACFO,FLX80B
PWCS7ACFO,EC-USB-C-3A
PWCS7ACFO,AWM110DHK
PWCS7ACFO,PK52A
PWCS7ACFO,AC5C
PWCS7ACFO,TPM16
SOEXM710,FLX80B
SOEXM710,SOEXM9
SOEXM710,SOEX38
SOEXM710,SOEXM8
SOEXM710,317AMMPC
SOEXM710,SOEX707
SOEXM710,SOEXM20
SOEXM710,SEPIMMSIMM
SOEXM710,SGA173BG
SOEXM710,SOEX34
STMM7,STMM9
STMM7,STMM6
STMM7,STMM14
STMM7,STMM11
STMM7,STMM12
STMM7,STMM13
STMM7,STM16
STMM7,STM14
STMM7,STM12
STMM7,STM11
STMM8,STMM9
STMM8,STMM6
STMM8,STMM12
STMM8,STMM14
STMM8,STMM11
STMM8,STMM13
STMM8,STM14
STMM8,STM12
STMM8,STM11
STMM8,STM10
SW421,SW381
SW421,SW401
SW421,OEX42B
SW421,218AFP
SW421,MS800
SW421,SW121A
SW421,ACT83A
SW421,YA160A
SW421,PGP120
SW421,SEPPROK12POT
SWM101A,SWM111A
SWM101A,SWM261
SWM101A,SWM251
SWM101A,AWEF6K
SWM101A,SWM271
SWM101A,CTB8174
SWM101A,PH3050BR
SWM101A,FB303B
SWM101A,ACT83A
SWM101A,FB307D
SWM181,SWM161
SWM181,SWM131A
SWM181,SWM151A
SWM181,SWM191
SWM181,SWM171
SWM181,KRSC46HPBO
SWM181,ECHDD012A
SWM181,CTB8174
SWM181,PH3050BR
SWM181,FB303B
SWM161,SWM131A
SWM161,SWM151A
SWM161,SWM191
SWM161,SWM181
SWM161,SWM171
SWM161,KRSC46HPBO
SWM161,ECHDD012A
SWM161,CTB8174
SWM161,PH3050BR
SWM161,FB303B
VO2224B,XS2024A
VO2224B,VO2628B
VO2224B,XS1416A
VO2224B,XS1820A
VO2224B,XS1012A
VO2224B,EECT400
VO2224B,KRSC46HPBO
VO2224B,ECHDD012A
VO2224B,CTB8174
VO2224B,PH3050BR
TMM9,TMM11
TMM9,TMM6
TMM9,TMM12
TMM9,TMM13
TMM9,TMM5
TMM9,ECHDD012A
TMM9,CTB8174
TMM9,PH3050BR
TMM9,FADH12B
TMM9,STMM9
IM1PT,KRSC323POT
IM1PT,VGP12406
IM1PT,KRSC323PBO
IM1PT,PTR2505
IM1PT,PT850
IM1PT,YA4190DIS
IM1PT,PT850HV
IM1PT,MG725A
IM1PT,PT338
IM1PT,PTR72
OEXM270B,OEXM290B
OEXM270B,OEXM260B
OEXM270B,OEXM300B
OEXM270B,OEXM320B
OEXM270B,BOERM18
OEXM270B,TMAMXS3E
OEXM270B,FAMXS9E
OEXM270B,FAMXS8E
OEXM270B,FAMXS7E
OEXM270B,FAMXS10E
XFR704,XFRM1214
XFR704,XFRM1315
XFR704,XFRM1618A
XFR704,XFRM1719A
XFR704,XFRM705
XFR704,XFRM810A
XFR704,AWCG1600B
XFR704,BDGPL412HG
XFR704,TFY72
XFR704,WTG10A
OXRM710A,OXKRM15
OXRM710A,OXKRM16
OXRM710A,OXKRM17
OXRM710A,OXKRM18
OXRM710A,OXKRM19
OXRM710A,OXKRM705
OXRM710A,SFSM21
OXRM710A,SFSM20
OXRM710A,BEXD10A
OXRM710A,310IMMYA
786CFG,KAPL10RD
786CFG,411CF
786CFG,YA2019
786CFG,10R
786CFG,AW1013DK
786CFG,UIM225RD
786CFG,ST50A
786CFG,TR107AR
786CFG,TB40
786CFG,SRPCR7000
KRA2411PBO,KRA6210FPBO
KRA2411PBO,BHS7A
KRA2411PBO,EFPHANNIBALB
KRA2411PBO,KRWT2411
KRA2411PBO,KWSN2455AST
KRA2411PBO,PG160
KRA2411PBO,AWM140DK
KRA2411PBO,PTGR450
KRA2411PBO,SEPPREHD
KRA2411PBO,TWM26
GAW1914,PPC4A
GAW1914,TMU8B
GAW1914,SIMM170
GAW1914,SPBS8AR
GAW1914,96ACF
GAW1914,EECT400
GAW1914,KRSC46HPBO
GAW1914,ECHDD012A
GAW1914,CTB8174
GAW1914,PH3050BR
AW24D,PPC4A
AW24D,SRPCR3800
AW24D,SIMM240
AW24D,FU8A
AW24D,SPBS18AR
AW24D,EECT400
AW24D,KRSC46HPBO
AW24D,ECHDD012A
AW24D,CTB8174
AW24D,PH3050BR
IM300,IM220
IM300,IM320
IM300,IM160A
IM300,IM120A
IM300,IM260
IM300,PH3050BR
IM300,UIM225GR
IM300,214SIMDFMYA
IM300,YA438B
IM300,UPT35G
KRA2411PWZ,KRA6210FPBO
KRA2411PWZ,BHS7A
KRA2411PWZ,EFPHANNIBALB
KRA2411PWZ,KRWT2411
KRA2411PWZ,KWSN2455AST
KRA2411PWZ,PG160
KRA2411PWZ,AWM140DK
KRA2411PWZ,PTGR450
KRA2411PWZ,SEPPREHD
KRA2411PWZ,TWM26
ACTR1234YF,ACT51234A
ACTR1234YF,ACTR4151A
ACTR1234YF,OEX714KB
ACTR1234YF,OEX34B
ACTR1234YF,OEX36B
ACTR1234YF,OEX40B
ACTR1234YF,124STTMM
ACTR1234YF,OEX30B
ACTR1234YF,OEX32B
ACTR1234YF,OEX26B
KRA4107FPJJ,KRA4114FPBO
KRA4107FPJJ,KRA4810FPBO
KRA4107FPJJ,BLPBSS40
KRA4107FPJJ,SEPSTARTER
KRA4107FPJJ,S9706KMAG
KRA4107FPJJ,SEPPRECOMB
KRA4107FPJJ,FB360C
KRA4107FPJJ,SWM111A
KRA4107FPJJ,SWM101A
KRA4107FPJJ,AW1013DK
B1458C,B1467A
B1458C,S6112
B1458C,B1461
B1458C,B3404B
B1458C,BT11
B1458C,S9704KMAG
B1458C,FBM320
B1458C,OC5A
B1458C,CAL6EBR
B1458C,GA460B
B1461,B1458C
B1461,B1467A
B1461,S6110A
B1461,S6112
B1461,BHS7A
B1461,YA450B
B1461,FB303B
B1461,YA249
B1461,SGA173BO
B1461,FBM320
AWCG1600B,AWCG1624B
AWCG1600B,AWCG1620B
AWCG1600B,AWCGT30
AWCG1600B,AWMCG1600B
AWCG1600B,AWCGT27
AWCG1600B,XFR1822
AWCG1600B,XFR1416
AWCG1600B,XFR1012
AWCG1600B,SGAS1714BR
AWCG1600B,SGAS1713BR
AWCGT15,FXK6
AWCGT15,91ACP
AWCGT15,SGD8BR
AWCGT15,FHLF80A
AWCGT15,SIMM200
AWCGT15,EECT400
AWCGT15,KRSC46HPBO
AWCGT15,ECHDD012A
AWCGT15,CTB8174
AWCGT15,PH3050BR
KRSC430APET7,SEPPREMETA
KRSC430APET7,SEPPREMET
KRSC430APET7,FLX80B
KRSC430APET7,SEPPRECOMB
KRSC430APET7,SEPSTARTER
KRSC430APET7,YA2019
KRSC430APET7,PK23A
KRSC430APET7,317AMMPC
KRSC430APET7,UIM225
KRSC430APET7,117TMM
ECFB200BL,AD6B
ECFB200BL,PL307ACFO
ECFB200BL,FB322
ECFB200BL,AD10B
ECFB200BL,AW1015DHK
ECFB200BL,S9706KMAG
ECFB200BL,LBUK1
ECFB200BL,TPMA12
ECFB200BL,AD12B
ECFB200BL,BF620C
ECFLJ092,LP404
ECFLJ092,IPLM17C
ECFLJ092,IPLM19C
ECFLJ092,IPLM14C
ECFLJ092,IMM160A
ECFLJ092,IPLM12C
ECFLJ092,IPLM21C
ECFLJ092,IPLM10C
ECFLJ092,IMM170A
ECFLJ092,IPLM11C
AC5C,AW4-1/2D
AC5C,AW4D
AC5C,AW6D
AC5C,AW7D
AC5C,AW8D
AC5C,HR-26
AC5C,TPM16
AC5C,SGA173BO
AC5C,KRA2007FPBO
AC5C,EC-USB-C-3A
ECPRN062,KACKMCFIBER1
ECPRN062,SGA1714B
ECPRN062,MAGMAT
ECPRN062,ECARL032R
ECPRN062,SDDDM1AR
ECPRN062,911ACF
ECPRN062,FHLLF80
ECPRN062,UPT35
ECPRN062,312CF
ECPRN062,LN47ACF
ECSPN108,CTLMAG-BOOTM
ECSPN108,CTNN13KF
ECSPN108,87BCF
ECSPN108,91ACP
ECSPN108,47ACF
ECSPN108,AW028D
ECSPN108,BLPTHC87
ECSPN108,SRPCR3800
ECSPN108,PPC106LA
ECSPN108,FHLF80A
BLPTS1447,ATECH2FR125B
BLPTS1447,SRPCR4700
BLPTS1447,SGDX80BR
BLPTS1447,SGASA204CR
BLPTS1447,91ACP
BLPTS1447,EECT400
BLPTS1447,KRSC46HPBO
BLPTS1447,ECHDD012A
BLPTS1447,CTB8174
BLPTS1447,PH3050BR
BLPBTW8,BLPBTW4
BLPBTW8,BLPBTW6
BLPBTW8,BTWROS
BLPBTW8,BTWOS
BLPBTW8,BTWS
BLPBTW8,FRDH121
BLPBTW8,SOXRR702A
BLPBTW8,FRDH101
BLPBTW8,PPB408A
BLPBTW8,PPB612A
BLPBTWKIT,SDMEXT19K
BLPBTWKIT,AWMCG1600B
BLPBTWKIT,222AFSP
BLPBTWKIT,TNF72
BLPBTWKIT,PL803A
BLPBTWKIT,XOM1011
BLPBTWKIT,EECR5A
BLPBTWKIT,RAT72A
BLPBTWKIT,RTMBS8
BLPBTWKIT,PTB32K
BLPEXTF146,BLPEXTF388
BLPEXTF146,MRB15B
BLPEXTF146,PBMMA5G
BLPEXTF146,206SFSUM
BLPEXTF146,SFSUM12
BLPEXTF146,SFSUM13
BLPEXTF146,SFSUM14
BLPEXTF146,SFSUM15
BLPEXTF146,SFSUM17
BLPEXTF146,SFSUM10
BLPEXTF388,BLPEXTF146
BLPEXTF388,206SFSUM
BLPEXTF388,SFSUM12
BLPEXTF388,SFSUM13
BLPEXTF388,SFSUM14
BLPEXTF388,SFSUM15
BLPEXTF388,SFSUM17
BLPEXTF388,TM61A
BLPEXTF388,SFSUM10
BLPEXTF388,LDT40
BLPH14732,BLPH1418
BLPH14732,BLPH14316
BLPH14732,BLPH14964
BLPH14732,BLPH1414
BLPH14732,BLPH14532
BLPH14732,EECT400
BLPH14732,KRSC46HPBO
BLPH14732,ECHDD012A
BLPH14732,CTB8174
BLPH14732,PH3050BR
BLPHL14316,BLPHL1418
BLPHL14316,BLPHL14532
BLPHL14316,BLPT1430
BLPHL14316,BLPH1418
BLPHL14316,BLPH14316
BLPHL14316,EECT400
BLPHL14316,KRSC46HPBO
BLPHL14316,ECHDD012A
BLPHL14316,CTB8174
BLPHL14316,PH3050BR
FCT706,SGD4BR
FCT706,PPC103A
FCT706,SPBS704AR
FCT706,SHD1R
FCT706,SGD6BR
FCT706,EECT400
FCT706,KRSC46HPBO
FCT706,ECHDD012A
FCT706,CTB8174
FCT706,PH3050BR
BLPSM1410,BLPSM149
BLPSM1410,BLPSM1413
BLPSM1410,BLPSM146
BLPSM1410,BLPSM1411
BLPSM1410,BLPSM145
BLPSM1410,PH3050BR
BLPSM1410,CTB8174
BLPSM1410,ECHDF042
BLPSM1410,BTG8
BLPSM1410,ECPNI032R
BLPSM145,BLPSM146
BLPSM145,BLPSM144
BLPSM145,BLPSM149
BLPSM145,BLPSM1411
BLPSM145,BLPSM147
BLPSM145,SG3ASHCR
BLPSM145,SG3ASH90CR
BLPSM145,SG3ASH45CR
BLPSM145,SG3ASACR
BLPSM145,GLA12B
BLPT1260,BLPT1255
BLPT1260,BLPT1427
BLPT1260,BLPT3845
BLPT1260,BLPT3850
BLPT1260,BLPT1410
BLPT1260,OEXM170B
BLPT1260,OEXM110B
BLPT1260,OEXM180B
BLPT1260,OEXM160B
BLPT1260,OEXM190B
BLPTL1260,BLPTL3850
BLPTL1260,BLPTL3845
BLPTL1260,BLPTL1427
BLPTL1260,BLPTL1420
BLPTL1260,BLPTL1425
BLPTL1260,EECT400
BLPTL1260,KRSC46HPBO
BLPTL1260,ECHDD012A
BLPTL1260,CTB8174
BLPTL1260,PH3050BR
BLPTL146,BLPTL147
BLPTL146,BLPTL148
BLPTL146,BLPTL149
BLPTL146,BLPTL1427
BLPTL146,BLPTL1415
BLPTL146,EECT400
BLPTL146,KRSC46HPBO
BLPTL146,ECHDD012A
BLPTL146,CTB8174
BLPTL146,PH3050BR
BLPTL3850,BLPTL1260
BLPTL3850,BLPTL1255
BLPTL3850,BLPTL148
BLPTL3850,BLPTL3845
BLPTL3850,BLPTL3840
BLPTL3850,EECT400
BLPTL3850,KRSC46HPBO
BLPTL3850,ECHDD012A
BLPTL3850,CTB8174
BLPTL3850,PH3050BR
BLPBTW6,BLPBTW8
BLPBTW6,BLPBTW4
BLPBTW6,SSR7
BLPBTW6,BTWOS
BLPBTW6,SSDMRT8A
BLPBTW6,PTGR110
BLPBTW6,SDM222IRB
BLPBTW6,SDM221IRB
BLPBTW6,SDM211B
BLPBTW6,SDMT15D
BLPH1219,BLPHS1414
BLPH1219,BLPH1217
BLPH1219,BLPH1214
BLPH1219,SEPU12TW
BLPH1219,TWM28
BLPH1219,SN25A
BLPH1219,EEPV503
BLPH1219,TMAM2.5E
BLPH1219,TMAM2E
BLPH1219,TMAM3E
BLPH14316,BLPH14732
BLPH14316,BLPH1418
BLPH14316,BLPH14964
BLPH14316,BLPH1414
BLPH14316,BLPH14532
BLPH14316,KRSC46HPBO
BLPH14316,ECHDD012A
BLPH14316,CTB8174
BLPH14316,PH3050BR
BLPH14316,TPGIF1600A
BLPH389,BLPH387
BLPH389,BLPH38516
BLPH389,BLPH38732
BLPH389,BLPH386
BLPH389,BLPH388
BLPH389,TS181A
BLPH389,TS161A
BLPH389,TS141A
BLPH389,TS121A
BLPH389,KRA2007FPBO
BLPHS1418,SPBS18AR
BLPHS1418,SIMM240
BLPHS1418,47ACF
BLPHS1418,GFAT1E
BLPHS1418,PPC106LA
BLPHS1418,EECT400
BLPHS1418,KRSC46HPBO
BLPHS1418,ECHDD012A
BLPHS1418,CTB8174
BLPHS1418,PH3050BR
IND25HAT,KACKCAREKIT
IND25HAT,GLOVE300BL
IND25HAT,AD10C
IND25HAT,CTNN13KF
IND25HAT,MAGSTRIP
IND25HAT,GLOVEORIGPLUSL
IND25HAT,LP7WR
IND25HAT,ECHDF042
IND25HAT,GLASS50R
IND25HAT,EECT200
KRA25D,SHD2R
KRA25D,SHDP42IRR
KRA25D,TMXK60
KRA25D,SRPCR4700
KRA25D,96ACF
KRA25D,SIMM240
KRA25D,SGDP42IRBR
KRA25D,TMU8B
KRA25D,TMXK2
KRA25D,FXK6
KRSC343PCM,RULER600
KRSC343PCM,C0900A
KRSC343PCM,DS1010A
KRSC343PCM,DS1212A
KRSC343PCM,DS809K
KRSC343PCM,DS88A
KRSC343PCM,WTG8A
KRSC343PCM,DS2224A
KRSC343PCM,HBFE16
KRSC343PCM,DS1516A
KRSC343PDG,RULER600
KRSC343PDG,C0900A
KRSC343PDG,DS1010A
KRSC343PDG,DS1212A
KRSC343PDG,DS809K
KRSC343PDG,DS88A
KRSC343PDG,WTG8A
KRSC343PDG,DS2224A
KRSC343PDG,HBFE16
KRSC343PDG,DS1516A
IMFLE100A,IMFLE80A
IMFLE100A,IMSLE242A
IMFLE100A,IMSLEPL240
IMFLE100A,STX60E
IMFLE100A,XLE1012A
IMFLE100A,XLE1416
IMFLE100A,XLE1820
IMFLE100A,XLE56
IMFLE100A,XLE605
IMFLE100A,XLE78
IMFLE120A,IMFLE80A
IMFLE120A,IMSLE242A
IMFLE120A,IMSLEPL240
IMFLE120A,STX60E
IMFLE120A,XLE1012A
IMFLE120A,XLE1416
IMFLE120A,XLE1820
IMFLE120A,XLE56
IMFLE120A,XLE605
IMFLE120A,XLE78
KRSC4130POT,SIMM200
KRSC4130POT,SGASA204CR
KRSC4130POT,FXK3
KRSC4130POT,F80
KRSC4130POT,SGD2BR
KRSC4130POT,SIMM170
KRSC4130POT,SIMM240
KRSC4130POT,ATECH3FR300B
KRSC4130POT,SPBS8AR
KRSC4130POT,TMXK2
EFPBONEHEDB,SPBS18AR
EFPBONEHEDB,SIMM150A
EFPBONEHEDB,F80
EFPBONEHEDB,SGDP42IRBR
EFPBONEHEDB,SPBS8AR
EFPBONEHEDB,PPC103A
EFPBONEHEDB,SIMM200
EFPBONEHEDB,SRPCR4700
EFPBONEHEDB,SGD2BR
EFPBONEHEDB,47ACF
GA3634A,MTEE6
GA3634A,TR107AR
GA3634A,CAL6EBR
GA3634A,AT4135
GA3634A,B1467A
GA3634A,LIL59000
GA3634A,CAL6EA
GA3634A,S6112
GA3634A,208CCP
GA3634A,HBBT16
YA4282,FXK3
YA4282,SRPCR4700
YA4282,SGD6BR
YA4282,PPC103A
YA4282,SIMM200
YA4282,A2A
YA4282,F80
YA4282,SIMM240
YA4282,PPC4A
YA4282,SPBS704AR
A106,A129
A106,A127
A106,S3624
A106,YA8610B
A106,S3625
A106,FBM320
A106,206ESSPKPLG2
A106,S9718KA
A106,LSR1510
A106,S9716KA
A129,A106
A129,A127
A129,S3624
A129,YA8610B
A129,S3625
A129,FBM320
A129,206ESSPKPLG2
A129,S9718KA
A129,LSR1510
A129,S9716KA
AWL5D,FHLF80A
AWL5D,96ACF
AWL5D,FX1
AWL5D,SGDX80BR
AWL5D,SGD4BR
AWL5D,EECT400
AWL5D,KRSC46HPBO
AWL5D,ECHDD012A
AWL5D,CTB8174
AWL5D,PH3050BR
BOERM15,BOERM13
BOERM15,BOERM14
BOERM15,BOERM12
BOERM15,BOERM17
BOERM15,SIM200
BOERM15,EECT400
BOERM15,KRSC46HPBO
BOERM15,ECHDD012A
BOERM15,CTB8174
BOERM15,PH3050BR
BOERM712,BOER708
BOERM712,UPT35G
BOERM712,BOERM704
BOERM712,UIM225GR
BOERM712,309SIMYA
BOERM712,SGA173BG
BOERM712,MG725AG
BOERM712,SRPCR105G
BOERM712,BOERM22
BOERM712,317AMMPC
BTC7B,CJ92
BTC7B,SPBS24A
BTC7B,GA236C
BTC7B,10HR
BTC7B,BP20B
BTC7B,CHN410
BTC7B,GA111D
BTC7B,MT501C
BTC7B,R40B
BTC7B,SP32E
BTG8,SEPIMMSIMM
BTG8,QD3RN350A
BTG8,KRSC326FBCD
BTG8,TWM27
BTG8,OFW1
BTG8,AWCGT500
BTG8,LSR1450
BTG8,SEPIMMSIMMA
BTG8,LSRM2000
BTG8,BTCP500
LDTF2,FXK3
LDTF2,SIMM160A
LDTF2,FX1
LDTF2,TMXK4
LDTF2,SGASA204CR
LDTF2,EECT400
LDTF2,KRSC46HPBO
LDTF2,ECHDD012A
LDTF2,CTB8174
LDTF2,PH3050BR
FZ4B,FZ7A
FZ4B,FB305A
FZ4B,MTTL433
FZ4B,ACT407
FZ4B,YA389A
FZ4B,UIM2RSLT
FZ4B,KACKMCFIBER1
FZ4B,YA824C
FZ4B,SSF1
FZ4B,AT4101
HP650M,FXK6
HP650M,TMXK2
HP650M,SGDP31IRBR
HP650M,SIMM240
HP650M,SPBS18AR
HP650M,EECT400
HP650M,KRSC46HPBO
HP650M,ECHDD012A
HP650M,CTB8174
HP650M,PH3050BR
SEPDIESELADDA,SGD2BR
SEPDIESELADDA,PL400B
SEPDIESELADDA,GFAT1E
SEPDIESELADDA,SPBS18AR
SEPDIESELADDA,SRPCR4700
SEPDIESELADDA,EECT400
SEPDIESELADDA,KRSC46HPBO
SEPDIESELADDA,ECHDD012A
SEPDIESELADDA,CTB8174
SEPDIESELADDA,PH3050BR
SEPKCAMETPOTA,SPBS8AR
SEPKCAMETPOTA,SIMM210
SEPKCAMETPOTA,SGASA204CR
SEPKCAMETPOTA,SGD4BR
SEPKCAMETPOTA,SRPCR4700
SEPKCAMETPOTA,EECT400
SEPKCAMETPOTA,KRSC46HPBO
SEPKCAMETPOTA,ECHDD012A
SEPKCAMETPOTA,CTB8174
SEPKCAMETPOTA,PH3050BR
SDMEXT19K,SDM11A
SDMEXT19K,SDM215C
SDMEXT19K,SDM251IRC
SDMEXT19K,SDM252IRB
SDMEXT19K,SDM253IRC
SDMEXT19K,SDM2704D
SDMEXT19K,SDM2705D
SDMEXT19K,SDM2706D
SDMEXT19K,SDM2707D
SDMEXT19K,SDMT27D
GA295,PT5CBL
GA295,SEPHDSETAOB
GA295,AWM110DHK
GA295,FA12LE
GA295,AC5C
GA295,MAGML300L-S2016
GA295,TPMB10
GA295,EC-USB-C-3A
GA295,TPM16
GA295,TPM16EM
GMB3041,SEPSTARTERA
GMB3041,GM3046
GMB3041,FBSM325
GMB3041,TPMB10
GMB3041,TM10G
GMB3041,SSDMR4BR
GMB3041,TR107AR
GMB3041,SOSG01BKCL01
GMB3041,PSN500
GMB3041,SEPSTARTER
SEPPMSER,SPBS12AR
SEPPMSER,PL400B
SEPPMSER,FXK3
SEPPMSER,FU8A
SEPPMSER,BLPTHC87
SEPPMSER,EECT400
SEPPMSER,KRSC46HPBO
SEPPMSER,ECHDD012A
SEPPMSER,CTB8174
SEPPMSER,PH3050BR
SEPPROK1PCA,FXK11
SEPPROK1PCA,A2A
SEPPROK1PCA,SIMM200
SEPPROK1PCA,SGDP42IRBR
SEPPROK1PCA,GFAT1E
SEPPROK1PCA,EECT400
SEPPROK1PCA,KRSC46HPBO
SEPPROK1PCA,ECHDD012A
SEPPROK1PCA,CTB8174
SEPPROK1PCA,PH3050BR
E1020,TW461
E1020,RTEMPB7
E1020,TW441
E1020,TW421
E1020,EEBM600
E1020,ACT413A
E1020,SAG03S20
E1020,SS5A
E1020,PTGR450
E1020,MTEE6
ASTFUN19KIT,VAC201
ASTFUN19KIT,LIL59000
ASTFUN19KIT,VSC4KT
ASTFUN19KIT,OFC14KT
ASTFUN19KIT,MSKM10
ASTFUN19KIT,SBT26
ASTFUN19KIT,BTC8A
ASTFUN19KIT,CLRPW75
ASTFUN19KIT,JCW80AR
ASTFUN19KIT,GLOVE309L
BLPPKM5-7,ATECH3FR300B
BLPPKM5-7,96ACF
BLPPKM5-7,SPBS8AR
BLPPKM5-7,SPBS12AR
BLPPKM5-7,PPC106LA
BLPPKM5-7,EECT400
BLPPKM5-7,KRSC46HPBO
BLPPKM5-7,ECHDD012A
BLPPKM5-7,CTB8174
BLPPKM5-7,PH3050BR
BLPSM148,BLPSM149
BLPSM148,BLPSM146
BLPSM148,BLPSM1411
BLPSM148,BLPSM145
BLPSM148,BLPSM147
BLPSM148,ECHDD012A
BLPSM148,PH3050BR
BLPSM148,GLA12B
BLPSM148,CTB8174
BLPSM148,MAGMICRO
BLPT148,BLPT149
BLPT148,BLPT147
BLPT148,BLPT146
BLPT148,BLPT1410
BLPT148,BLPT1427
BLPT148,EECT400
BLPT148,KRSC46HPBO
BLPT148,ECHDD012A
BLPT148,CTB8174
BLPT148,PH3050BR
BLPT149,BLPT147
BLPT149,BLPT146
BLPT149,BLPT148
BLPT149,BLPT1410
BLPT149,BLPT1415
BLPT149,EECT400
BLPT149,KRSC46HPBO
BLPT149,ECHDD012A
BLPT149,CTB8174
BLPT149,PH3050BR
BLPTE1224,BLPTE1222
BLPTE1224,BLPTE1220
BLPTE1224,BLPTE1218
BLPTE1224,BLPTE144
BLPTE1224,BLPTE146
BLPTE1224,EECT400
BLPTE1224,KRSC46HPBO
BLPTE1224,ECHDD012A
BLPTE1224,CTB8174
BLPTE1224,PH3050BR
BLPTL148,BLPTL146
BLPTL148,BLPTL147
BLPTL148,BLPTL149
BLPTL148,BLPTL3850
BLPTL148,BLPTL1410
BLPTL148,EECT400
BLPTL148,KRSC46HPBO
BLPTL148,ECHDD012A
BLPTL148,CTB8174
BLPTL148,PH3050BR
BLPTS1430,BLPTS1425
BLPTS1430,BLPTS1420
BLPTS1430,BLPTS1415
BLPTS1430,BLPTS1410
BLPTS1430,RTD48
BLPTS1430,PH3050BR
BLPTS1430,SG3ASACR
BLPTS1430,SG3ASH45CR
BLPTS1430,SG3ASH90CR
BLPTS1430,SG3ASHCR
BDGPL300HG,SVTS263A
BDGPL300HG,PHP2A
BDGPL300HG,915CP
BDGPL300HG,490CF
BDGPL300HG,HCP10
BDGPL300HG,SHP2KT
BDGPL300HG,SDMV208
BDGPL300HG,FRHM10
BDGPL300HG,YA1175KIT
BDGPL300HG,YA1050B
BLPH1234,F80
BLPH1234,SGDP31IRBR
BLPH1234,ATECH2FR125B
BLPH1234,FHLF80A
BLPH1234,SIMM170
BLPH1234,EECT400
BLPH1234,KRSC46HPBO
BLPH1234,ECHDD012A
BLPH1234,CTB8174
BLPH1234,PH3050BR
BLPH386,BLPH389
BLPH386,BLPH387
BLPH386,BLPH38516
BLPH386,BLPH38732
BLPH386,BLPH388
BLPH386,CTB8174
BLPH386,PH3050BR
BLPH386,TS141A
BLPH386,TS121A
BLPH386,KRA2007FPBO
BLPHS1414,BLPH1219
BLPHS1414,SEPU12TW
BLPHS1414,TWM28
BLPHS1414,SN25A
BLPHS1414,STX70E
BLPHS1414,210EFTAMY
BLPHS1414,TMAM2.5E
BLPHS1414,TMAM2E
BLPHS1414,TMAM3E
BLPHS1414,EEPV503
SRES306,208FRDHM
SRES306,FRDHM13
SRES306,FRDHM14
SRES306,FRDHM15
SRES306,FRDHM16
SRES306,FRDHM18
SRES306,FRDHM19
SRES306,FRDHM10
SRES306,FRDHM12
SRES306,208FRDH
TF1124B,TF1127B
TF1124B,TFM7530B
TF1124B,FB307RNB
TF1124B,EXDL10A
TF1124B,SGTT4B
TF1124B,HBBT16
TF1124B,SGDTX645BR
TF1124B,SGDTX310BR
TF1124B,SGDTX38BR
TF1124B,SGDTX640BR
TF5A,AWMG9-7
TF5A,TC15A
TF5A,YA249
TF5A,FADH12B
TF5A,UPTM65K
TF5A,SR40K
TF5A,HBPT24
TF5A,GLASS30BK
TF5A,DB129C
TF5A,EECT424HD
TFTFM932A,BLPPB704
TFTFM932A,MSK10
TFTFM932A,GCP10
TFTFM932A,PWZ5
TFTFM932A,CAL6V
TFTFM932A,SBT26
TFTFM932A,SGHF614BR
TFTFM932A,8MA
TFTFM932A,MTEE6
TFTFM932A,6T
SRES22,SRES18
SRES22,SRES28
SRES22,SRES26
SRES22,SRES20
SRES22,SRES24
SRES22,FRDHM18
SRES22,FRDHM13
SRES22,FRDHM14
SRES22,FRDHM15
SRES22,FRDHM16
OFWHD2,OFWHD1
OFWHD2,OFW3
OFWHD2,OFW4KT
OFWHD2,BLPTHC87
OFWHD2,SPBS704AR
OFWHD2,EECT400
OFWHD2,KRSC46HPBO
OFWHD2,ECHDD012A
OFWHD2,CTB8174
OFWHD2,PH3050BR
PH1038,PH1050
PH1038,PPCL60BK
PH1038,PH3050BG
PH1038,RADKITULTRA
PH1038,ACT51234A
PH1038,VWB8B
PH1038,PHG1055BK
PH1038,L872RM
PH1038,YA1175KIT
PH1038,PBMP703A
TB50C,PPC105LA
TB50C,FXK11
TB50C,SIMM240
TB50C,SIMM160A
TB50C,SIMM220
TB50C,SGD4BR
TB50C,FU8A
TB50C,SGDP42IRBR
TB50C,SGD6BR
TB50C,FXK6
TDTDM117B,BF775C-A
TDTDM117B,SDG10S25F
TDTDM117B,AT425R
TDTDM117B,GA243
TDTDM117B,PDR3000A
TDTDM117B,PTR2505
TDTDM117B,PTC250
TDTDM117B,PTR2500
TDTDM117B,AT109
TDTDM117B,PTGR100
TD9902C,DR1412MASF
TD9902C,DR1415MASF
TD9902C,DR1420MASF
TD9902C,DR1615MASF
TD9902C,DR1620MASF
TD9902C,DR1815MASF
TD9902C,DR1825MASF
TD9902C,DR2015MASF
TD9902C,DR2025MASF
TD9902C,DR2215MASF
PK500A,UTV614A
PK500A,UTV615A
PK500A,14V
PK500A,AT118
PK500A,BF775C-A
PK500A,YA8610B
PK500A,TPMA10
PK500A,206EFAML
PK500A,FAML10E
PK500A,FAML4E
PK52A,222SFFSFR
PK52A,TD1040A
PK52A,TDM100A
PK52A,SRPCR4700O
PK52A,UPT35R
PK52A,SEPPROCORE2A
PK52A,AWEF6K
PK52A,224SFFSMFR
PK52A,AWMEF8K
PK52A,DB121C
TF275A,TC15A
TF275A,TBS200A
TF275A,R404
TF275A,PW18C
TF275A,ACT1290A
TF275A,YA339A
TF275A,EECT200
TF275A,CTB8174
TF275A,PH3050BR
TF275A,ACT1297
R2630C,SIMM160A
R2630C,SHD1R
R2630C,SGD6BR
R2630C,SIMM200
R2630C,SIMM240
R2630C,EECT400
R2630C,KRSC46HPBO
R2630C,ECHDD012A
R2630C,CTB8174
R2630C,PH3050BR
MSKM10,MSK10
MSKM10,A50A
MSKM10,208EFTABMY
MSKM10,FABM10E
MSKM10,FABM7E
MSKM10,FABM8E
MSKM10,FABM9E
MSKM10,TMABM3E
MSKM10,TMABM4E
MSKM10,TMABM5E
OFC14KT,YA8610B
OFC14KT,ASTFUN19KIT
OFC14KT,BCS70A
OFC14KT,OFSKIT
OFC14KT,A129
OFC14KT,A106
OFC14KT,A127
OFC14KT,VAC201
OFC14KT,S9716KA
OFC14KT,S9718KA
OFCA2,OFCADPTR
OFCA2,OFSKIT
OFCA2,A129
OFCA2,A127
OFCA2,A106
OFCA2,LSR1540
OFCA2,YA8610B
OFCA2,LSR1530
OFCA2,LSR1520
OFCA2,LSR1510
PBMA5R,PBMA5O
PBMA5R,PBMA5G
PBMA5R,PBMMB5R
PBMA5R,PBMMA5R
PBMA5R,PBMMS5R
PBMA5R,SGD146BR
PBMA5R,RKBJP
PBMA5R,BJP1-13B
PBMA5R,SGAS1714BR
PBMA5R,SGAS1713BR
PBMMA5R,PBMMA5
PBMMA5R,PBMA5
PBMMA5R,PBMMS5R
PBMMA5R,PBMMB5R
PBMMA5R,PBMA5R
PBMMA5R,ECHDF042
PBMMA5R,FB336
PBMMA5R,SGDMRC1A
PBMMA5R,RKBJP
PBMMA5R,BJP1-13B
RBM1213SC,FX1
RBM1213SC,SRPCR3800
RBM1213SC,SIMM150A
RBM1213SC,FHLF80A
RBM1213SC,SIMM210
RBM1213SC,EECT400
RBM1213SC,KRSC46HPBO
RBM1213SC,ECHDD012A
RBM1213SC,CTB8174
RBM1213SC,PH3050BR
R3436A,T72
R3436A,SGD8BR
R3436A,FHLF80A
R3436A,ATECH2FR125B
R3436A,SPBS704AR
R3436A,EECT400
R3436A,KRSC46HPBO
R3436A,ECHDD012A
R3436A,CTB8174
R3436A,PH3050BR
KA2422SETPJJ,214SIMFMYA
KA2422SETPJJ,214IMFMYA
KA2422SETPJJ,1250
KA2422SETPJJ,IMFM11A
KA2422SETPJJ,IMFM16
KA2422SETPJJ,IMFM17
KA2422SETPJJ,IMFM18
KA2422SETPJJ,IMFM19
KA2422SETPJJ,IMFM21
KA2422SETPJJ,IMFM24
SWG10S1245,SPBS704AR
SWG10S1245,BLPTHC87
SWG10S1245,SGD2BR
SWG10S1245,TMXK4
SWG10S1245,SIMM160A
SWG10S1245,PPC103A
SWG10S1245,SIMM180
SWG10S1245,SHD1R
SWG10S1245,47ACF
SWG10S1245,PPC4A
UPTLP2,UIM2LT
UPTLP2,UIM2RSLT
UPTLP2,GLASS50R
UPTLP2,TDG1
UPTLP2,ECHDD012A
UPTLP2,OFW4KT
UPTLP2,F101
UPTLP2,LP404
UPTLP2,SG3ASH45CR
UPTLP2,SG3ASACR
UTV618A,SIMM170
UTV618A,F80
UTV618A,FHLF80A
UTV618A,SIMM150A
UTV618A,TMXK4
UTV618A,EECT400
UTV618A,KRSC46HPBO
UTV618A,ECHDD012A
UTV618A,CTB8174
UTV618A,PH3050BR
YA6160,915CP
YA6160,SHCP1B
YA6160,ASGP2BR
YA6160,6T
YA6160,8MA
YA6160,SGHF614BR
YA6160,SGHF615BR
YA6160,SGHBF500A
YA6160,EECT400
YA6160,SGA1710BR
WTG8A,10R
WTG8A,GA98A
WTG8A,AW1013DK
WTG8A,8HR
WTG8A,ATKIFL
WTG8A,ECHDD012A
WTG8A,CTB8174
WTG8A,PH3050BR
WTG8A,KRA2422PBO
WTG8A,95ACFP
TPMB25EMORG,TPMB25EMGRN
TPMB25EMORG,FB316B
TPMB25EMORG,PHP1A
TPMB25EMORG,UTK150
TPMB25EMORG,PL330ACF
TPMB25EMORG,49ACF
TPMB25EMORG,29ACF
TPMB25EMORG,FB336
TPMB25EMORG,ECHDF042
TPMB25EMORG,SSDMR4BR
KRA1421PC,96ACF
KRA1421PC,FX1
KRA1421PC,SPBS24AR
KRA1421PC,91ACP
KRA1421PC,SPBS704AR
KRA1421PC,47ACF
KRA1421PC,SGASA204CR
KRA1421PC,SRPCR4700
KRA1421PC,TMXK60
KRA1421PC,SGD8BR
KRA1421POT,FXK3
KRA1421POT,FXK11
KRA1421POT,SIMM180
KRA1421POT,SPBS8AR
KRA1421POT,ATECH2FR125B
KRA1421POT,BLPTHC87
KRA1421POT,PL400B
KRA1421POT,SIMM150A
KRA1421POT,SIMM240
KRA1421POT,PPC103A
VGP12509,PKB52A
VGP12509,VGP12808
VGP12509,VGP12418
VGP12509,VGP12412
VGP12509,VGP104
VGP12509,PSO4625
VGP12509,PPC828C
VGP12509,PPC824C
VGP12509,PPC112
VGP12509,YA160A
YA7646,TMXK4
YA7646,ATECH2FR125B
YA7646,FU8A
YA7646,SGASA204CR
YA7646,SPBS704AR
YA7646,EECT400
YA7646,KRSC46HPBO
YA7646,ECHDD012A
YA7646,CTB8174
YA7646,PH3050BR
YA4050B,MTTL310
YA4050B,YA4250
YA4050B,YA4275
YA4050B,A106
YA4050B,S3624
YA4050B,OFSKIT
YA4050B,DBBPT13
YA4050B,FXWP6
YA4050B,FXWP1
YA4050B,TPGIF1600A
SAG03S20,PTC250
SAG03S20,YA105013
SAG03S20,VWB8B
SAG03S20,PTR72
SAG03S20,210EFTXRY
SAG03S20,FTXR27E
SAG03S20,FTXR30E
SAG03S20,FTXR40E
SAG03S20,FTXR45E
SAG03S20,FTXR50E
XDHF605,XDHFM1214
XDHF605,XDHFM1315
XDHF605,XDHFM1618
XDHF605,XDHFM1719
XDHF605,XDHFM606K1
XDHF605,XDHFM810
XDHF605,XDHFM911
XDHF605,XO1214
XDHF605,XO1618
XDHF605,XO1820
222SFFS,TD1040A
222SFFS,TDM100A
222SFFS,SEPPROCORE2A
222SFFS,224SFFSMFR
222SFFS,AT4124
222SFFS,ACT1290A
222SFFS,AT4135
222SFFS,EC-USB-C-3A
222SFFS,PK52A
222SFFS,PTIM5
FRW10,SEPIMMSIMMA
FRW10,QD3RN350A
FRW10,AWCGT500
FRW10,BFCR708A
FRW10,BFCRM712A
FRW10,SEPIMMSIMM
FRW10,FAMXS10E
FRW10,FAMXS7E
FRW10,FAMXS8E
FRW10,FAMXS9E
HBBD24G,FLX80B
HBBD24G,UPT35R
HBBD24G,112RTA
HBBD24G,PK23A
HBBD24G,317AMMPC
HBBD24G,117TMM
HBBD24G,UIM225
HBBD24G,LP10WR
HBBD24G,DB121C
HBBD24G,WTRW9K
FKF80A,TKF72
FKF80A,FZ80
FKF80A,FK80
FKF80A,OXKRM15
FKF80A,OXKRM16
FKF80A,OXKRM17
FKF80A,OXKRM18
FKF80A,OXKRM19
FKF80A,OXKRM705
FKF80A,PKNC150
HBFE48O,UPT35R
HBFE48O,GA3645A
HBFE48O,HBFE24
HBFE48O,PPB826A
HBFE48O,SR40K
HBFE48O,HBFE32
HBFE48O,PK52A
HBFE48O,DB129C
HBFE48O,FBBA325
HBFE48O,TR107AR
S8,TWM31
S8,TWM29
S8,218AFP
S8,S9704KMAG
S8,GA3645A
S8,317MPC
S8,TWM25
S8,FS18B
S8,FS16B
S8,FS14B
ECSPH271,SEPMG31K
ECSPH271,PLRK30
ECSPH271,PPCSG710
ECSPH271,MS3000
ECSPH271,PTM30
ECSPH271,CJ2001P
ECSPH271,VWB8B
ECSPH271,PBMP703A
ECSPH271,MG1250
ECSPH271,RADKITULTRA
TMMDS8,TMMDS5
TMMDS8,TMMDS5.5
TMMDS8,TMMDS13
TMMDS8,TMMDS6
TMMDS8,TMMDS7
TMMDS8,STMMD14
TMMDS8,STMMD13
TMMDS8,STMMD12
TMMDS8,STMMD11
TMMDS8,STMMD10
TM410,TM408
TM410,TM412
TM410,XS2024A
TM410,XS1416A
TM410,XS1820A
TM410,ECHDD012A
TM410,CTB8174
TM410,PH3050BR
TM410,PTGR100HV
TM410,PTGR110HV
SIMM110A,SIMM100A
SIMM110A,SIMM130A
SIMM110A,SIMM120A
SIMM110A,SIMM140A
SIMM110A,UPT35R
SIMM110A,SIMM160A
SIMM110A,KRSC46HPBO
SIMM110A,ECHDD012A
SIMM110A,CTB8174
SIMM110A,PH3050BR
TMUSM13A,TMUSM8A
TMUSM13A,TMUSM5A
TMUSM13A,TMUSM6A
TMUSM13A,TMUSM7A
TMUSM13A,TMUSM9A
TMUSM13A,OFC7374-14
TMUSM13A,206SFSUM
TMUSM13A,SFSUM12
TMUSM13A,SFSUM13
TMUSM13A,SFSUM14
106TMUSMA,OFC7374-14
106TMUSMA,FADH12B
106TMUSMA,206FSUMA
106TMUSMA,FSUM10A
106TMUSMA,FSUM12A
106TMUSMA,FSUM13A
106TMUSMA,FSUM14A
106TMUSMA,FSUM15A
106TMUSMA,FSUM17A
106TMUSMA,DBTB121
SGTT1B,SGTT9B
SGTT1B,SGTT2B
SGTT1B,SGTT8B
SGTT1B,SGTT10B
SGTT1B,SGTT3B
SGTT1B,YA1175KIT
SGTT1B,YAKS42
SGTT1B,MTTL800
SGTT1B,ACT407
SGTT1B,ACT413A
MTTL7005PK,MTTL433
MTTL7005PK,OFW4
MTTL7005PK,MTTL750
MTTL7005PK,SFSM21
MTTL7005PK,YA1175KIT
MTTL7005PK,SFSM20
MTTL7005PK,FTX60E
MTTL7005PK,OFW3
MTTL7005PK,PPB826A
MTTL7005PK,SIMM350
AWTXL8-T30,SRPCR4700
AWTXL8-T30,SGD4BR
AWTXL8-T30,SPBS18AR
AWTXL8-T30,PPC105LA
AWTXL8-T30,SGD6BR
AWTXL8-T30,EECT400
AWTXL8-T30,KRSC46HPBO
AWTXL8-T30,ECHDD012A
AWTXL8-T30,CTB8174
AWTXL8-T30,PH3050BR
AWML5D,FX1
AWML5D,FU8A
AWML5D,SGD2BR
AWML5D,TMXK4
AWML5D,SGDX80BR
AWML5D,EECT400
AWML5D,KRSC46HPBO
AWML5D,ECHDD012A
AWML5D,CTB8174
AWML5D,PH3050BR
211FY,112RTA
211FY,AWEF6K
211FY,214SFY
211FY,211SFY
211FY,AW1013DK
211FY,SF081
211FY,10SSD
211FY,PH3050BR
211FY,PT5CBL
211FY,SF191
SGAS102BR,PBMA5R
SGAS102BR,SGA1713B
SGAS102BR,SGA1714B
SGAS102BR,SGA102BR
SGAS102BR,SGDP242BR
SGAS102BR,SGDXXL20BR
SGAS102BR,SGD424BR
SGAS102BR,PH3050BR
SGAS102BR,SDD244
SGAS102BR,SVTS264
SSFP1,5CF
SSFP1,ASG185BR
SSFP1,ATECHMS80M
SSFP1,CCY21508
SSFP1,DANTG70
SSFP1,FSNSS-508-BO
SSFP1,JHW30012
SSFP1,KNX8111250
SSFP1,KNX8603125
SSFP1,KNX8603150
TBS100,SIMM180
TBS100,FXK11
TBS100,SIMM150A
TBS100,SHD1R
TBS100,SGD2BR
TBS100,EECT400
TBS100,KRSC46HPBO
TBS100,ECHDD012A
TBS100,CTB8174
TBS100,PH3050BR
TDTDM500B,TMMD8
TDTDM500B,TMMD11
TDTDM500B,111TMMDY
TDTDM500B,TMMD13
TDTDM500B,TMMD14
TDTDM500B,TMMD6
TDTDM500B,TMMD9
TDTDM500B,CTB8174
TDTDM500B,PH3050BR
TDTDM500B,STMMD10
LSR2503,SIMM220
LSR2503,SGD6BR
LSR2503,FX1
LSR2503,96ACF
LSR2503,SGDX80BR
LSR2503,EECT400
LSR2503,KRSC46HPBO
LSR2503,ECHDD012A
LSR2503,CTB8174
LSR2503,PH3050BR
LSRM2000,SEPIMMSIMM
LSRM2000,KRSC326FBCD
LSRM2000,BTG8
LSRM2000,S3624
LSRM2000,A3042
LSRM2000,GAX36
LSRM2000,CAL6EBR
LSRM2000,FXWP1
LSRM2000,FXWP6
LSRM2000,BTCP500
OFC93-15,SGD4BR
OFC93-15,SIMM220
OFC93-15,FX1
OFC93-15,SPBS704AR
OFC93-15,SIMM190
OFC93-15,EECT400
OFC93-15,KRSC46HPBO
OFC93-15,ECHDD012A
OFC93-15,CTB8174
OFC93-15,PH3050BR
OFW4KT,UPT35G
OFW4KT,UIM225GR
OFW4KT,OFWHD3KT
OFW4KT,SGD155CG
OFW4KT,SGD153BR
OFW4KT,MG725AG
OFW4KT,309SIMYA
OFW4KT,SRPCR105G
OFW4KT,FZ7A
OFW4KT,SGA173BG
PPC5A,PPC112
PPC5A,PPC824C
PPC5A,PPC828C
PPC5A,PPC210A
PPC5A,TWM31
PPC5A,FB307D
PPC5A,PPC110LA
PPC5A,TWM29
PPC5A,1210B
PPC5A,IMFS120
PPK15,PPN4050
PPK15,OXIM4SB
PPK15,OXIM55SB
PPK15,OXIM5SB
PPK15,OXIM6SB
PPK15,OXIM707SBK
PPK15,OXIM7SB
PPK15,OXIM8SB
PPK15,OXIM9SB
PPK15,TMR4
RBPK5,BLPH14732
RBPK5,BLPH14964
RBPK5,BLPH14316
RBPK5,BLPH1414
RBPK5,BLPH14532
RBPK5,BLPH3838
RBPK5,BLPH124
RBPK5,BLPH387
RBPK5,BLPH125
RBPK5,BLPT1255
RC980,ADHW8A
RC980,AEM444
RC980,AEM5530
RC980,AEM6530
RC980,AN850811B
RC980,HDM1236
RC980,LP10WC
RC980,S7100
RC980,VO3234B
RC980,XO2022
R2426C,R2830C
R2426C,R2022C
R2426C,R1618C
R2426C,R1011C
R2426C,R1214C
R2426C,CTB8174
R2426C,TMUS101A
R2426C,TMUS121A
R2426C,TMUS81A
R2426C,PH3050BR
CT9080DB,214SIMDFMYA
CT9080DB,YA438B
CT9080DB,BLPTE3816
CT9080DB,BLPTE3814
CT9080DB,BLPTE3812
CT9080DB,BLPTE3810
CT9080DB,OXIM6B
CT9080DB,SEPIMMSIMMA
CT9080DB,CT9010K2
CT9080DB,CTB185
CDR4P63L3DB,91ACP
CDR4P63L3DB,FHLF80A
CDR4P63L3DB,SHD1R
CDR4P63L3DB,FX1
CDR4P63L3DB,SGDP42IRBR
CDR4P63L3DB,SIMM170
CDR4P63L3DB,SPBS24AR
CDR4P63L3DB,SGD8BR
CDR4P63L3DB,TMXK60
CDR4P63L3DB,PPC106LA
KRSC46HPJK,SGA173BG
KRSC46HPJK,PKNC150
KRSC46HPJK,UPTM65K
KRSC46HPJK,317AMMPC
KRSC46HPJK,YA8610B
KRSC46HPJK,305SIMMY
KRSC46HPJK,SRPCR105G
KRSC46HPJK,BOERM712
KRSC46HPJK,MG725A
KRSC46HPJK,309SIMYA
CSA12CG,218AFSP
CSA12CG,FADH10B
CSA12CG,OC5A
CSA12CG,PKNC200
CSA12CG,FB322
CSA12CG,SS5A
CSA12CG,RTEMPB7
CSA12CG,TF5A
CSA12CG,RXS12B
CSA12CG,RXS14B
CSA12CO,218AFSP
CSA12CO,FADH10B
CSA12CO,OC5A
CSA12CO,PKNC200
CSA12CO,FB322
CSA12CO,SS5A
CSA12CO,RTEMPB7
CSA12CO,TF5A
CSA12CO,RXS12B
CSA12CO,RXS14B
CSA14CG,2420A
CSA14CG,AW1020DK
CSA14CG,AWM140DK
CSA14CG,SPBS12A
CSA14CG,207EFTXY
CSA14CG,310IMMYA
CSA14CG,FB360C
CSA14CG,TMMD13
CSA14CG,ECFB200BL
CSA14CG,FB300A
A98M,A98A
A98M,IMX32B
A98M,YAKS42
A98M,PPCSG710
A98M,BTG8
A98M,JCK7DBL
A98M,LSR1580
A98M,HBFE16
A98M,IMX112
A98M,TDG1
CTR827HVDB,SGDP42IRBR
CTR827HVDB,47ACF
CTR827HVDB,SIMM220
CTR827HVDB,PL400B
CTR827HVDB,PPC106LA
CTR827HVDB,SIMM240
CTR827HVDB,BLPTHC87
CTR827HVDB,SIMM190
CTR827HVDB,FHLF80A
CTR827HVDB,SPBS12AR
THLF72,FHLF80A
THLF72,SHLF80A
THLF72,THLL72
THLF72,SHX80B
THLF72,103TMXKLA
THLF72,TMXKL114A
THLF72,TMXKL240A
THLF72,TMXKL60A
THLF72,FX24A
THLF72,FX18
SGDE225ESD,5CF
SGDE225ESD,ASG185BR
SGDE225ESD,ATECHMS80M
SGDE225ESD,CCY21508
SGDE225ESD,DANTG70
SGDE225ESD,FSNSS-508-BO
SGDE225ESD,JHW30012
SGDE225ESD,KNX8111250
SGDE225ESD,KNX8603125
SGDE225ESD,KNX8603150
EFPADFLENSA,47ACF
EFPADFLENSA,TMXK60
EFPADFLENSA,SHD1R
EFPADFLENSA,SGD4BR
EFPADFLENSA,SPBS8AR
EFPADFLENSA,ATECH3FR300B
EFPADFLENSA,SIMM150A
EFPADFLENSA,SIMM200
EFPADFLENSA,FU8A
EFPADFLENSA,ATECH2FR125B
FADH704CG,SGRHT6BG
FADH704CG,120STTM
FADH704CG,THL72
FADH704CG,FHR80
FADH704CG,103UFTS
FADH704CG,SH80A
FADH704CG,TWM15A
FADH704CG,TWM14A
FADH704CG,TWM13A
FADH704CG,TWM12A
SHDP63IRG,SHD6R
SHDP63IRG,SHDP31IRR
SHDP63IRG,SHD2R
SHDP63IRG,SHDP42IRR
SHDP63IRG,SHD4R
SHDP63IRG,PG160
SHDP63IRG,L872
SHDP63IRG,PH3050BR
SHDP63IRG,EFPHANNIBALB
SHDP63IRG,ECFB200BL
IMSLE200,IMFLE80A
IMSLE200,IMFLE120A
IMSLE200,IMSLEPL240
IMSLE200,XLE1012A
IMSLE200,XLE1416
IMSLE200,XLE1820
IMSLE200,XLE56
IMSLE200,XLE605
IMSLE200,XLE78
IMSLE200,WHM1
GLOVE900LO,GLOVE900LG
GLOVE900LO,GLOVE505RL
GLOVE900LO,OXRM710
GLOVE900LO,GLOVE300BL
GLOVE900LO,YA427B
GLOVE900LO,GLOVE309L
GLOVE900LO,GLOVE1100L
GLOVE900LO,TB50W
GLOVE900LO,YA9350B
GLOVE900LO,AWMCG1600B
GLOVE900XXG,GLOVE900LG
GLOVE900XXG,GLOVE505RL
GLOVE900XXG,OXRM710
GLOVE900XXG,GLOVE300BL
GLOVE900XXG,YA427B
GLOVE900XXG,GLOVE309L
GLOVE900XXG,GLOVE1100L
GLOVE900XXG,TB50W
GLOVE900XXG,YA9350B
GLOVE900XXG,AWMCG1600B
KRA2407PC,AB3042
KRA2407PC,BLP7
KRA2407PC,CT861K2
KRA2407PC,CTS561BITXL
KRA2407PC,EEDM604F
KRA2407PC,FSM201
KRA2407PC,FSM211
KRA2407PC,FSM221
KRA2407PC,IMM320
KRA2407PC,KDT3729
S9704RHS,BHS7A
S9704RHS,FLX80B
S9704RHS,AWM110DHK
S9704RHS,S9706KA
S9704RHS,TPM16
S9704RHS,EC-USB-C-3A
S9704RHS,KRA2007FPBO
S9704RHS,AC5C
S9704RHS,PK23A
S9704RHS,FB303B
TMMD8,TMMD13
TMMD8,TMMD14
TMMD8,TMMD12
TMMD8,TMMD11
TMMD8,TMMD5
TMMD8,TMMD7
TMMD8,TMMD6
TMMD8,STMMD12
TMMD8,STMMD11
TMMD8,STMMD10
TMP23E,XS2024A
TMP23E,XS1416A
TMP23E,XS1820A
TMP23E,XS1012A
TMP23E,XS2226A
TMP23E,EECT400
TMP23E,KRSC46HPBO
TMP23E,ECHDD012A
TMP23E,CTB8174
TMP23E,PH3050BR
SHDP31IRG,SHD8R
SHDP31IRG,SHD2R
SHDP31IRG,SHD4R
SHDP31IRG,SHD6R
SHDP31IRG,SHDP42IRR
SHDP31IRG,SHDP63IRR
SHDP31IRG,PG160
SHDP31IRG,ECFB200BL
SHDP31IRG,S9706KMAG
SHDP31IRG,SHDP22IRR
SHDP31IRR,SHD8R
SHDP31IRR,SHD2R
SHDP31IRR,SHD4R
SHDP31IRR,SHD6R
SHDP31IRR,SHDP42IRR
SHDP31IRR,SHDP63IRR
SHDP31IRR,PG160
SHDP31IRR,ECFB200BL
SHDP31IRR,S9706KMAG
SHDP31IRR,SHDP22IRR
FABLM5E,FABLM10E
FABLM5E,FABLM4E
FABLM5E,FABLM6E
FABLM5E,FABLM7E
FABLM5E,FABLM8E
FABLM5E,ADHW8A
FABLM5E,AEM444
FABLM5E,AEM5530
FABLM5E,AEM6530
FABLM5E,AN850811B
XO605,112RTA
XO605,WTRW9K
XO605,BTWSMPK
XO605,110ETMAY
XO605,XOM1011
XO605,XOM1214
XO605,XOM1315
XO605,XOM1618
XO605,XOM1719
XO605,XOM605
SGASA104BR,SR80A
SGASA104BR,PHP2A
SGASA104BR,PPK15
SGASA104BR,SGD146BR
SGASA104BR,SGD4160BR
SGASA104BR,SGD480BR
SGASA104BR,SGDP122BR
SGASA104BR,SGDP61BR
SGASA104BR,SGDP82BR
SGASA104BR,SGDXL80BR
AWT30A,FU8A
AWT30A,SPBS18AR
AWT30A,SGD6BR
AWT30A,SIMM200
AWT30A,TMU8B
AWT30A,EECT400
AWT30A,KRSC46HPBO
AWT30A,ECHDD012A
AWT30A,CTB8174
AWT30A,PH3050BR
GLOVE505RM,GLOVEORIGPLUSL
GLOVE505RM,SOSG01BKCL01
GLOVE505RM,GLOVE900LR
GLOVE505RM,GLOVE1100L
GLOVE505RM,GLOVE300BL
GLOVE505RM,UIM2FL
GLOVE505RM,UPT2FL
GLOVE505RM,UPT35
GLOVE505RM,SHD2R
GLOVE505RM,SHD6R
SIMM150A,SIMM250
SIMM150A,SIMM270
SIMM150A,SIMM160A
SIMM150A,SIMM130A
SIMM150A,SIMM110A
SIMM150A,SIMM100A
SIMM150A,SIMM120A
SIMM150A,ECHDD012A
SIMM150A,CTB8174
SIMM150A,PH3050BR
PDR5000AG,OXIM7B
PDR5000AG,PTGR450
PDR5000AG,PTR2505
PDR5000AG,PK50A
PDR5000AG,OXIM6B
PDR5000AG,AT4124
PDR5000AG,AT4135
PDR5000AG,PTC250
PDR5000AG,PSO4625
PDR5000AG,OEX707B
IM320,IM220
IM320,IM120A
IM320,IM280
IM320,IM140A
IM320,IM160A
IM320,PH3050BR
IM320,UIM225GR
IM320,214SIMDFMYA
IM320,YA438B
IM320,UPT35G
KRA6210FPC,KRA2411PBO
KRA6210FPC,PBMP703A
KRA6210FPC,PH3050BR
KRA6210FPC,ATECH3FR300B
KRA6210FPC,ATECH2FR125B
KRA6210FPC,SPBS24AR
KRA6210FPC,BLPTHC87
KRA6210FPC,TMXK2
KRA6210FPC,SIMM220
KRA6210FPC,SGASA204CR
KRA6210FPJK,KRA2411PBO
KRA6210FPJK,PBMP703A
KRA6210FPJK,PH3050BR
KRA6210FPJK,ATECH3FR300B
KRA6210FPJK,ATECH2FR125B
KRA6210FPJK,SPBS24AR
KRA6210FPJK,BLPTHC87
KRA6210FPJK,FXK3
KRA6210FPJK,96ACF
KRA6210FPJK,SPBS18AR
BJP1,ATECHFSET02CHR
BJP1,PBMA5
BJP1,PBMMA5R
BJP1,LDT40
BJP1,PBMA5R
BJP1,SWR1A
BJP1,D1212MASF
BJP1,PH1050
BJP1,SVTA9100
BJP1,SEPMG31K
BST103R,BCT1050
BST103R,SPRG625R
BST103R,BTCW800
BST103R,AT4135
BST103R,131A
BST103R,BT518
BST103R,PH3050BR
BST103R,FB336
BST103R,EECT200
BST103R,SXK8
AWCGT25,AWCGT27
AWCGT25,SPBS8AR
AWCGT25,SGD6BR
AWCGT25,FU8A
AWCGT25,ATECH2FR125B
AWCGT25,EECT400
AWCGT25,KRSC46HPBO
AWCGT25,ECHDD012A
AWCGT25,CTB8174
AWCGT25,PH3050BR
AWXL13-7/64,A2A
AWXL13-7/64,SIMM180
AWXL13-7/64,SIMM210
AWXL13-7/64,SGD4BR
AWXL13-7/64,ATECH3FR300B
AWXL13-7/64,EECT400
AWXL13-7/64,KRSC46HPBO
AWXL13-7/64,ECHDD012A
AWXL13-7/64,CTB8174
AWXL13-7/64,PH3050BR
BOERM12,BOERM14
BOERM12,BOERM17
BOERM12,BOERM10
BOERM12,BOERM8
BOERM12,BOERM19
BOERM12,EECT400
BOERM12,KRSC46HPBO
BOERM12,ECHDD012A
BOERM12,CTB8174
BOERM12,PH3050BR
BP24B,UTV614A
BP24B,AWM12D
BP24B,TWM31
BP24B,PKB52A
BP24B,TWM29
BP24B,IMFS140
BP24B,IMFS120
BP24B,TPMB10
BP24B,AT425R
BP24B,VWB5B
TPGDL2000HD,SEPPRECOMB
TPGDL2000HD,OFWHD3KT
TPGDL2000HD,313SIMA
TPGDL2000HD,312SIMM
TPGDL2000HD,SIMM250
TPGDL2000HD,SIMM270
TPGDL2000HD,OFW4KT
TPGDL2000HD,304IMX
TPGDL2000HD,IMX112
TPGDL2000HD,IMX52
UTV614A,UTV615A
UTV614A,14V
UTV614A,BF775C-A
UTV614A,PK500A
UTV614A,AT118
UTV614A,BP24B
UTV614A,GLASS30BK
UTV614A,SFS101
UTV614A,AT4101
UTV614A,SFS081
VSC4KT-1,SGDP42IRBR
VSC4KT-1,SGD2BR
VSC4KT-1,SHD1R
VSC4KT-1,SIMM170
VSC4KT-1,SIMM190
VSC4KT-1,EECT400
VSC4KT-1,KRSC46HPBO
VSC4KT-1,ECHDD012A
VSC4KT-1,CTB8174
VSC4KT-1,PH3050BR
YA4250,1210B
YA4250,OEXM320B
YA4250,PG160
YA4250,YA4275
YA4250,TIF160
YA4250,YA4050B
YA4250,218AFP
YA4250,AT4101
YA4250,ACT83A
YA4250,TPGIF1600A
YA1050B,FADH10B
YA1050B,OC5A
YA1050B,SW421
YA1050B,RXS12B
YA1050B,RXS14B
YA1050B,RXS16B
YA1050B,RXS18B
YA1050B,RXS20B
YA1050B,RXS605B
YA1050B,VGP12412
YA109C,ECARA052A
YA109C,VSG9R
YA109C,BF710B
YA109C,BF712B
YA109C,PSO4512
YA109C,VGP22418
YA109C,GA243
YA109C,BLP15HVLP
YA109C,HR-26
YA109C,PK50A
ECARN052,SGA1711BR
ECARN052,SGA1710BR
ECARN052,SGA174BR
ECARN052,SGA175BR
ECARN052,SGA173BR
ECARN052,SGRHT6BR
ECARN052,BOER708
ECARN052,211FCOA
ECARN052,FCO12A
ECARN052,FCO14A
ECF35,59CF
ECF35,EECT110-AC
ECF35,HCLSB16
ECF35,HSG325
ECF35,SGDDP42IRBR
ECF35,TL900LA
ECF35,30SSD
ECF35,SNA-TBP14
ECF35,TPMC25
ECF35,AWEF6K
ECSPH271O-L,ECSPH271G-L
ECSPH271O-L,ECPRA072
ECSPH271O-L,SHL80A
ECSPH271O-L,SH80A
ECSPH271O-L,CTB8174
ECSPH271O-L,FHLX80B
ECSPH271O-L,RTD48
ECSPH271O-L,THLF72
ECSPH271O-L,SHLX80A
ECSPH271O-L,LN47ACF
AD6C,S9724RHS
AD6C,AWL1010DK
AD6C,AD8C
AD6C,AD10C
AD6C,PPC905B
AD6C,SF321
AD6C,SF301
AD6C,SF191
AD6C,CAL6DA
AD6C,JT17A
ATI590RGK-4X,SF191
ATI590RGK-4X,SF301
ATI590RGK-4X,SF321
ATI590RGK-4X,214SFY
ATI590RGK-4X,211FCOA
ATI590RGK-4X,FCO12A
ATI590RGK-4X,FCO14A
ATI590RGK-4X,FCO16A
ATI590RGK-4X,FCO18A
ATI590RGK-4X,FCO20A
BLPPKTX5-T45,SPBS24AR
BLPPKTX5-T45,SPBS18AR
BLPPKTX5-T45,FHLF80A
BLPPKTX5-T45,SGDP31IRBR
BLPPKTX5-T45,SGD8BR
BLPPKTX5-T45,EECT400
BLPPKTX5-T45,KRSC46HPBO
BLPPKTX5-T45,ECHDD012A
BLPPKTX5-T45,CTB8174
BLPPKTX5-T45,PH3050BR
BLPPKTX5-T47,SGDP31IRBR
BLPPKTX5-T47,ATECH2FR125B
BLPPKTX5-T47,SPBS18AR
BLPPKTX5-T47,PPC4A
BLPPKTX5-T47,TMU8B
BLPPKTX5-T47,EECT400
BLPPKTX5-T47,KRSC46HPBO
BLPPKTX5-T47,ECHDD012A
BLPPKTX5-T47,CTB8174
BLPPKTX5-T47,PH3050BR
BLPT1425,BLPT1427
BLPT1425,BLPT146
BLPT1425,BLPT1420
BLPT1425,BLPT147
BLPT1425,BLPT149
BLPT1425,EECT400
BLPT1425,KRSC46HPBO
BLPT1425,ECHDD012A
BLPT1425,CTB8174
BLPT1425,PH3050BR
BLPTL147,BLPTL146
BLPTL147,BLPTL148
BLPTL147,BLPTL149
BLPTL147,BLPTL1427
BLPTL147,BLPTL1415
BLPTL147,EECT400
BLPTL147,KRSC46HPBO
BLPTL147,ECHDD012A
BLPTL147,CTB8174
BLPTL147,PH3050BR
BLPH1210,BLPHL145
BLPH1210,BLPHL146
BLPH1210,BLPHL387
BLPH1210,BLPHL3810
BLPH1210,BLPHL388
BLPH1210,EECT400
BLPH1210,KRSC46HPBO
BLPH1210,ECHDD012A
BLPH1210,CTB8174
BLPH1210,PH3050BR
BLPH1258,GFAT1E
BLPH1258,TMXK60
BLPH1258,FXK11
BLPH1258,SIMM170
BLPH1258,SGD4BR
BLPH1258,EECT400
BLPH1258,KRSC46HPBO
BLPH1258,ECHDD012A
BLPH1258,CTB8174
BLPH1258,PH3050BR
BLPH1414,BLPH14732
BLPH1414,BLPH1418
BLPH1414,BLPH14964
BLPH1414,BLPH14316
BLPH1414,BLPH14532
BLPH1414,EECT400
BLPH1414,KRSC46HPBO
BLPH1414,ECHDD012A
BLPH1414,CTB8174
BLPH1414,PH3050BR
LIL81200,SRP1C
LIL81200,SRP2B
LIL81200,SRP400B
LIL81200,SRP5C
LIL81200,SRP3B
LIL81200,GLA12B
LIL81200,1206GS
LIL81200,GLAS1F
LIL81200,SRPCR3890
LIL81200,TA3
GLOVEORIGPLUSL,S9704KMAG
GLOVEORIGPLUSL,AWMBPH9
GLOVEORIGPLUSL,GLOVE505RL
GLOVEORIGPLUSL,AWBPH13
GLOVEORIGPLUSL,OXIM6B
GLOVEORIGPLUSL,SFSM21
GLOVEORIGPLUSL,GLOVE309L
GLOVEORIGPLUSL,HSPD16
GLOVEORIGPLUSL,STMM4
GLOVEORIGPLUSL,S9706KMAG
SEPACTEST,SIMM210
SEPACTEST,SIMM240
SEPACTEST,PPC103A
SEPACTEST,SGD6BR
SEPACTEST,PPC105LA
SEPACTEST,TPGDL2000
SEPACTEST,KRSC46HPBO
SEPACTEST,ECHDD012A
SEPACTEST,CTB8174
SEPACTEST,PH3050BR
SGDP63IRBG,SGDP64IRBG
SGDP63IRBG,46ACFG
SGDP63IRBG,96ACFG
SGDP63IRBG,SRPCR105G
SGDP63IRBG,TPM16GRN
SGDP63IRBG,MG725AG
SGDP63IRBG,SGDP64IRBR
SGDP63IRBG,PPB826A
SGDP63IRBG,AT4124
SGDP63IRBG,SRP3A
SEPHDSETAOBA,BLPH1418
SEPHDSETAOBA,BLPH14316
SEPHDSETAOBA,BLPH14732
SEPHDSETAOBA,BLPH14964
SEPHDSETAOBA,BLPH1414
SEPHDSETAOBA,EECT400
SEPHDSETAOBA,KRSC46HPBO
SEPHDSETAOBA,ECHDD012A
SEPHDSETAOBA,CTB8174
SEPHDSETAOBA,PH3050BR
SEPKCAMETPCA,FHLF80A
SEPKCAMETPCA,PL400B
SEPKCAMETPCA,91ACP
SEPKCAMETPCA,SGASA204CR
SEPKCAMETPCA,PPC103A
SEPKCAMETPCA,EECT400
SEPKCAMETPCA,KRSC46HPBO
SEPKCAMETPCA,ECHDD012A
SEPKCAMETPCA,CTB8174
SEPKCAMETPCA,PH3050BR
SEPMG31KA,S6112
SEPMG31KA,B1467A
SEPMG31KA,S6110A
SEPMG31KA,S6111
SEPMG31KA,BT11
SEPMG31KA,EECT400
SEPMG31KA,KRSC46HPBO
SEPMG31KA,ECHDD012A
SEPMG31KA,CTB8174
SEPMG31KA,PH3050BR
SEPPMINP,SGD2BR
SEPPMINP,FXK3
SEPPMINP,SGDP42IRBR
SEPPMINP,FHLF80A
SEPPMINP,FXK11
SEPPMINP,EECT400
SEPPMINP,KRSC46HPBO
SEPPMINP,ECHDD012A
SEPPMINP,CTB8174
SEPPMINP,PH3050BR
SEPPREENTRY,TMU8B
SEPPREENTRY,PL400B
SEPPREENTRY,T72
SEPPREENTRY,SPBS704AR
SEPPREENTRY,96ACF
SEPPREENTRY,EECT400
SEPPREENTRY,KRSC46HPBO
SEPPREENTRY,ECHDD012A
SEPPREENTRY,CTB8174
SEPPREENTRY,PH3050BR
SEPPREHDA,FXK4
SEPPREHDA,FXK8
SEPPREHDA,FX1
SEPPREHDA,TMXK2
SEPPREHDA,FXK3
SEPPREHDA,KRSC46HPBO
SEPPREHDA,SHDP22IRR
SEPPREHDA,ECHDD012A
SEPPREHDA,CTB8174
SEPPREHDA,PH3050BR
SEPPROK1PCMA,FXK3
SEPPROK1PCMA,SIMM190
SEPPROK1PCMA,SGASA204CR
SEPPROK1PCMA,SIMM150A
SEPPROK1PCMA,PPC4A
SEPPROK1PCMA,EECT400
SEPPROK1PCMA,KRSC46HPBO
SEPPROK1PCMA,ECHDD012A
SEPPROK1PCMA,CTB8174
SEPPROK1PCMA,PH3050BR
SEPU38TWA,QD3R250A
SEPU38TWA,QD1R200A
SEPU38TWA,GSAF1F
SEPU38TWA,FXK4
SEPU38TWA,FXK8
SEPU38TWA,KRSC46HPBO
SEPU38TWA,ECHDD012A
SEPU38TWA,CTB8174
SEPU38TWA,PH3050BR
SEPU38TWA,SHDP22IRR
SNA-TBP14,59CF
SNA-TBP14,EECT110-AC
SNA-TBP14,HCLSB16
SNA-TBP14,HSG325
SNA-TBP14,SGDDP42IRBR
SNA-TBP14,TL900LA
SNA-TBP14,ECF35
SNA-TBP14,TPMC25
SNA-TBP14,UTK100
SNA-TBP14,AWP120
SS5A,TPMC25GRN
SS5A,FDS101
SS5A,FDS121
SS5A,FDS141
SS5A,FDS161
SS5A,FDS181
SS5A,FU12B
SS5A,FU14B
SS5A,XDH1214A
SS5A,XDH1618A
TB20AC,PT5CBL
TB20AC,BPTOTE
TB20AC,VO806B
TB20AC,VO2022B
TB20AC,VO2426B
TB20AC,VO2830B
TB20AC,RULER600
TB20AC,VO1214B
TB20AC,VO1618B
TB20AC,VO810B
OFC86-16,IMM180
OFC86-16,IMM210
OFC86-16,IMM240
OFC86-16,IMM160A
OFC86-16,IMM150A
OFC86-16,EECT400
OFC86-16,KRSC46HPBO
OFC86-16,ECHDD012A
OFC86-16,CTB8174
OFC86-16,PH3050BR
OFW4,OFW1
OFW4,OFW3
OFW4,SWM291
OFW4,AD12B
OFW4,OFW2
OFW4,SWM281
OFW4,MTTL300
OFW4,KRA2055FPBO
OFW4,ITHE100
OFW4,MTTL7005PK
PKRS1,FBSM325
PKRS1,HR-26
PKRS1,TR107AO
PKRS1,VGP12418
PKRS1,14V
PKRS1,FBM320
PKRS1,GA243
PKRS1,TPMA25EM
PKRS1,VGP12808
PKRS1,BF775C-A
PBMMA5,PBMA5
PBMMA5,PBMMS5
PBMMA5,PBMMB5
PBMMA5,PBMMA5R
PBMMA5,PBMMA5G
PBMMA5,ECHDD012A
PBMMA5,CTB8174
PBMMA5,PH3050BR
PBMMA5,87BCF
PBMMA5,SRPCR7000
PBMMB5G,PBMMA5G
PBMMB5G,PBMMS5G
PBMMB5G,PBMMS5O
PBMMB5G,PBMA5G
PBMMB5G,PBMMB5O
PBMMB5G,PH3050BR
PBMMB5G,FB336
PBMMB5G,KAPL10RD
PBMMB5G,SGAS1714BG
PBMMB5G,SGAS1713BG
PK50A,ECARA052A
PK50A,VSG9R
PK50A,BF710B
PK50A,BF712B
PK50A,PSO4512
PK50A,YA109C
PK50A,GA243
PK50A,VGP22418
PK50A,AWM12D
PK50A,14V
PTIM5,222SFFSFR
PTIM5,TD1040A
PTIM5,TDM100A
PTIM5,SEPPROCORE2A
PTIM5,FADH6B
PTIM5,224SFFSMFR
PTIM5,AT4124
PTIM5,AT4135
PTIM5,PK52A
PTIM5,120STTM
RBYAM605,RBYA605
RBYAM605,AT700F
RBYAM605,XLE1012A
RBYAM605,XLE1416
RBYAM605,XLE1820
RBYAM605,XLE56
RBYAM605,XLE605
RBYAM605,XLE78
RBYAM605,PTR2505
RBYAM605,XBM1012A
R2022C,R2428C
R2022C,R2830C
R2022C,R2426C
R2022C,R1618C
R2022C,R1214C
R2022C,CTB8174
R2022C,PH3050BR
R2022C,TMUS81A
R2022C,TMUS121A
R2022C,TMUS101A
R2428C,R2022C
R2428C,R1618C
R2428C,R1214C
R2428C,R810C
R2428C,R2830C
R2428C,EECT400
R2428C,KRSC46HPBO
R2428C,ECHDD012A
R2428C,CTB8174
R2428C,PH3050BR
R2830C,R2426C
R2830C,R2022C
R2830C,R1618C
R2830C,R1214C
R2830C,R810C
R2830C,TMUS101A
R2830C,TMUS121A
R2830C,TMUS81A
R2830C,CTB8174
R2830C,PH3050BR
KACKMCFIBER1,KACKFLTCLNR
KACKMCFIBER1,CLRPW75
KACKMCFIBER1,ECPRN062
KACKMCFIBER1,UKBU10
KACKMCFIBER1,YA389A
KACKMCFIBER1,MAGMICRO
KACKMCFIBER1,TPM16GRN
KACKMCFIBER1,MTTL750
KACKMCFIBER1,MAGMINI
KACKMCFIBER1,FZ4B
US710,SGDP42IRBR
US710,FXK3
US710,SIMM240
US710,47ACF
US710,SGASA204CR
US710,EECT400
US710,KRSC46HPBO
US710,ECHDD012A
US710,CTB8174
US710,PH3050BR
UTV617A,UTV616A
UTV617A,QD1RN25B
UTV617A,FAMXS10E
UTV617A,FAMXS7E
UTV617A,FAMXS8E
UTV617A,FAMXS9E
UTV617A,TMAMXS3E
UTV617A,TMAMXS4E
UTV617A,TMAMXS5E
UTV617A,TMAMXS6E
VSC4KT,S61112
VSC4KT,ASTFUN19KIT
VSC4KT,QDTPMS
VSC4KT,LSR1500
VSC4KT,LSR1510
VSC4KT,LSR1520
VSC4KT,LSR1530
VSC4KT,LSR1540
VSC4KT,LSR1550
VSC4KT,ACT73A
XDSG606K1,VGP12808
XDSG606K1,VGP12418
XDSG606K1,VGP12412
XDSG606K1,VGP12406
XDSG606K1,PKB52A
XDSG606K1,SGDP122BR
XDSG606K1,SGD480BR
XDSG606K1,SGD4160BR
XDSG606K1,SGD146BR
XDSG606K1,YA160A
